month,month_index,region,therapy,observed_sales_units,latent_demand_units,unmet_demand_units,new_starts,active_patients_end,patient_months,supply_constrained,supply_fill_rate,supply_known_from_month,market_regime,launch_month,launch_known_from_month,therapy_launched,access_rate_truth,access_regime,access_known_from_month,population,new_diagnosed_nsclc_cases,new_metastatic_diagnoses,epidemiology_regime,epidemiology_known_from_month,eligible_new_1l_patient_pool,eligible_initial_active_pool,competitor_overlap_pressure_truth,competitor_overlap_known_from_month
2014-01-01,1,East,Therapy A,63.76152530320744,63.76152530320744,0.0,7.506362161963289,58.66060327895084,63.76152530320744,0,1.0,,early_market_before_b_launch,1,1,True,0.55,baseline,1.0,9000000.0,289.87875,138.915,baseline,1,41.6745,224.8722,0.0,
2014-02-01,2,East,Therapy A,67.0843566049969,67.0843566049969,0.0,8.423753326046057,61.717608076597145,67.0843566049969,0,1.0,,early_market_before_b_launch,1,1,True,0.55,baseline,1.0,9003741.43360256,289.9992568995464,138.9727490276555,baseline,1,41.69182470829665,0.0,0.0,
2014-03-01,3,East,Therapy A,71.09887387477927,71.09887387477927,0.0,9.381265798182126,65.41096396479693,71.09887387477927,0,1.0,,early_market_before_b_launch,1,1,True,0.55,baseline,1.0,9007484.422574611,290.11981389560003,139.03052206243916,baseline,1,41.70915661873175,0.0,0.0,
2014-04-01,4,East,Therapy A,75.77623990190378,75.77623990190378,0.0,10.365275937106846,69.71414070975148,75.77623990190378,0,1.0,,early_market_before_b_launch,1,1,True,0.55,baseline,1.0,9011228.96756274,290.2404210089864,139.08831911433091,baseline,1,41.72649573429927,0.0,0.0,
2014-05-01,5,East,Therapy A,81.0746931421247,81.0746931421247,0.0,11.360552432373224,74.58871769075472,81.0746931421247,0,1.0,,early_market_before_b_launch,1,1,True,0.55,baseline,1.0,9014975.06921381,290.3610782605403,139.14614019331518,baseline,1,41.74384205799455,0.0,0.0,
2014-06-01,6,East,Therapy A,86.93989397082198,86.93989397082198,0.0,12.351176280067268,79.98470245315623,86.93989397082198,0,1.0,,early_market_before_b_launch,1,1,True,0.55,baseline,1.0,9018722.728174943,290.4817856711047,139.20398530938027,baseline,1,41.76119559281408,0.0,0.0,
2014-07-01,7,East,Therapy A,93.30625297351853,93.30625297351853,0.0,13.321550520362292,85.84175273563704,93.30625297351853,0,1.0,,early_market_before_b_launch,1,1,True,0.55,baseline,1.0,9022471.94509354,290.60254326153154,139.2618544725188,baseline,1,41.77855634175564,0.0,0.0,
2014-08-01,8,East,Therapy A,100.09911898075576,100.09911898075576,0.0,14.257366245118696,92.09118946229528,100.09911898075576,0,1.0,,early_market_before_b_launch,1,1,True,0.55,baseline,1.0,9026222.720617265,290.72335105268127,139.31974769272747,baseline,1,41.79592430781824,0.0,0.0,
2014-09-01,9,East,Therapy A,107.23759068086814,107.23759068086814,0.0,15.146401218572851,98.65858342639868,107.23759068086814,0,1.0,,early_market_before_b_launch,1,1,True,0.55,baseline,1.0,9029975.055394055,290.8442090654233,139.37766498000727,baseline,1,41.81329949400218,0.0,0.0,
2014-10-01,10,East,Therapy A,114.6376469865674,114.6376469865674,0.0,15.979063560168695,105.466635227642,114.6376469865674,0,1.0,,early_market_before_b_launch,1,1,True,0.55,baseline,1.0,9033728.950072115,290.9651173206353,139.43560634436312,baseline,1,41.830681903308935,0.0,0.0,
2014-11-01,11,East,Therapy A,122.21527907425512,122.21527907425512,0.0,16.748643846613124,112.43805674831472,122.21527907425512,0,1.0,,early_market_before_b_launch,1,1,True,0.55,baseline,1.0,9037484.40529992,291.0860758392037,139.49357179580423,baseline,1,41.84807153874127,0.0,0.0,
2014-12-01,12,East,Therapy A,129.88934673537585,129.88934673537585,0.0,17.45128998706113,119.49819899654578,129.88934673537585,0,1.0,,early_market_before_b_launch,1,1,True,0.55,baseline,1.0,9041241.42172621,291.2070846420241,139.5515613443441,baseline,1,41.86546840330322,0.0,0.0,
2015-01-01,13,East,Therapy A,137.5839570274724,137.5839570274724,0.0,18.085758030926613,126.5772404652746,137.5839570274724,0,1.0,,early_market_before_b_launch,1,1,True,0.55,baseline,1.0,9044999.999999998,291.3281437499999,139.60957499999998,baseline,1,41.88287249999999,0.0,0.0,
2015-02-01,14,East,Therapy A,145.23025293849264,145.23025293849264,0.0,18.65301247321803,133.61183270341323,145.23025293849264,0,1.0,,early_market_before_b_launch,1,1,True,0.55,baseline,1.0,9048760.140770571,291.4492531840441,139.66761277279377,baseline,1,41.90028383183813,0.0,0.0,
2015-03-01,15,East,Therapy A,152.76758464679898,152.76758464679898,0.0,19.15575194338575,140.54617787505506,152.76758464679898,0,1.0,,early_market_before_b_launch,1,1,True,0.55,baseline,1.0,9052521.844687482,291.57041296507794,139.7256746727513,baseline,1,41.91770240182539,0.0,0.0,
2015-04-01,16,East,Therapy A,160.1441030888504,160.1441030888504,0.0,19.597925213795317,147.33257484174234,160.1441030888504,0,1.0,,early_market_before_b_launch,1,1,True,0.55,baseline,1.0,9056285.112400554,291.6916231140313,139.78376070990254,baseline,1,41.93512821297076,0.0,0.0,
2015-05-01,17,East,Therapy A,167.31685950699375,167.31685950699375,0.0,19.984284665251405,153.93151074643424,167.31685950699375,0,1.0,,early_market_before_b_launch,1,1,True,0.55,baseline,1.0,9060049.944559876,291.81288365184287,139.84187089428167,baseline,1,41.9525612682845,0.0,0.0,
2015-06-01,18,East,Therapy A,174.2515161330392,174.2515161330392,0.0,20.320005386604954,160.31139484239606,174.2515161330392,0,1.0,,early_market_before_b_launch,1,1,True,0.55,baseline,1.0,9063816.341815814,291.93419459946006,139.90000523592707,baseline,1,41.97000157077812,0.0,0.0,
2015-07-01,19,East,Therapy A,179.274489416976,179.274489416976,0.0,18.96309457457995,164.9325302636179,179.274489416976,0,1.0,,b_launch_growth,1,1,True,0.55,baseline,1.0,9067584.304819006,292.0555559778392,139.95816374488138,baseline,1,41.98744912346441,0.0,0.5,12.0
2015-08-01,20,East,Therapy A,183.9136307760991,183.9136307760991,0.0,18.981100512481188,169.20054031401116,183.9136307760991,0,1.0,,b_launch_growth,1,1,True,0.55,baseline,1.0,9071353.834220352,292.1769678079447,140.01634643119112,baseline,1,42.00490392935733,0.0,0.5,12.0
2015-09-01,21,East,Therapy A,188.14000089519504,188.14000089519504,0.0,18.93946058118385,173.08880082357942,188.14000089519504,0,1.0,,b_launch_growth,1,1,True,0.55,baseline,1.0,9075124.930671023,292.2984301107504,140.07455330490728,baseline,1,42.022365991472185,0.0,0.5,12.0
2015-10-01,22,East,Therapy A,191.93171501251024,191.93171501251024,0.0,18.84291418893082,176.57717781150942,191.93171501251024,0,1.0,,b_launch_growth,1,1,True,0.55,baseline,1.0,9078897.594822476,292.4199429072384,140.1327843760849,baseline,1,42.039835312825474,0.0,0.5,12.0
2015-11-01,23,East,Therapy A,195.27390221813087,195.27390221813087,0.0,18.696724406621467,179.6519900406804,195.27390221813087,0,1.0,,b_launch_growth,1,1,True,0.55,baseline,1.0,9082671.82732642,292.5415062183998,140.19103965478328,baseline,1,42.05731189643498,0.0,0.5,12.0
2015-12-01,24,East,Therapy A,198.158756803582,198.158756803582,0.0,18.506766762901595,182.30605625929545,198.158756803582,0,1.0,,b_launch_growth,1,1,True,0.55,baseline,1.0,9086447.628834838,292.6631200652341,140.24931915106575,baseline,1,42.074795745319726,0.0,0.5,12.0
2016-01-01,25,East,Therapy A,200.58561902943484,200.58561902943484,0.0,18.27956277013939,184.53876950708005,200.58561902943484,0,1.0,,b_launch_growth,1,1,True,0.55,baseline,1.0,9090224.999999998,292.78478446874993,140.307622875,baseline,1,42.0922868625,0.0,0.5,12.0
2016-02-01,26,East,Therapy A,202.560998346974,202.560998346974,0.0,18.02222883989395,186.3561184792161,202.560998346974,0,1.0,,b_launch_growth,1,1,True,0.55,baseline,1.0,9094003.941474425,292.9064994499643,140.36595083665773,baseline,1,42.10978525099732,0.0,0.5,12.0
2016-03-01,27,East,Therapy A,204.0984447958548,204.0984447958548,0.0,17.742326316638703,187.7705692121864,204.0984447958548,0,1.0,,b_launch_growth,1,1,True,0.55,baseline,1.0,9097784.45391092,293.0282650299033,140.42430304611506,baseline,1,42.127290913834514,0.0,0.5,12.0
2016-04-01,28,East,Therapy A,205.2181874662504,205.2181874662504,0.0,17.44761825406396,188.80073246895037,205.2181874662504,0,1.0,,b_launch_growth,1,1,True,0.55,baseline,1.0,9101566.537962556,293.1500812296015,140.48267951345207,baseline,1,42.14480385403562,0.0,0.5,12.0
2016-05-01,29,East,Therapy A,205.9464914745064,205.9464914745064,0.0,17.145759005556044,189.47077215654588,205.9464914745064,0,1.0,,b_launch_growth,1,1,True,0.55,baseline,1.0,9105350.194282675,293.27194807010216,140.54108024875313,baseline,1,42.162324074625936,0.0,0.5,12.0
2016-06-01,30,East,Therapy A,206.3147304574285,206.3147304574285,0.0,16.84395830088267,189.80955202083425,206.3147304574285,0,1.0,,b_launch_growth,1,1,True,0.55,baseline,1.0,9109135.423524894,293.3938655724574,140.59950526210673,baseline,1,42.17985157863202,0.0,0.5,12.0
2016-07-01,31,East,Therapy A,206.35821972584532,206.35821972584532,0.0,16.548667705011095,189.8495621477777,206.35821972584532,0,1.0,,b_launch_growth,1,1,True,0.55,baseline,1.0,9112922.2263431,293.5158337577284,140.65795456360576,baseline,1,42.19738636908173,0.0,0.5,12.0
2016-08-01,32,East,Therapy A,206.1148946140556,206.1148946140556,0.0,16.265332466277894,189.6257030449312,206.1148946140556,0,1.0,,b_launch_growth,1,1,True,0.55,baseline,1.0,9116710.603391452,293.6378526469844,140.71642816334705,baseline,1,42.21492844900411,0.0,0.5,12.0
2016-09-01,33,East,Therapy A,205.6239406491352,205.6239406491352,0.0,15.998237604204055,189.1740253972044,205.6239406491352,0,1.0,,b_launch_growth,1,1,True,0.55,baseline,1.0,9120500.55532438,293.75992226130404,140.77492607143176,baseline,1,42.232477821429526,0.0,0.5,12.0
2016-10-01,34,East,Therapy A,204.92448366691076,204.92448366691076,0.0,15.750458269706332,188.53052497355787,204.92448366691076,0,1.0,,b_launch_growth,1,1,True,0.55,baseline,1.0,9124292.082796589,293.8820426217746,140.83344829796533,baseline,1,42.2500344893896,0.0,0.5,12.0
2016-11-01,35,East,Therapy A,204.05443132645095,204.05443132645095,0.0,15.52390635289311,187.7300768203349,204.05443132645095,0,1.0,,b_launch_growth,1,1,True,0.55,baseline,1.0,9128085.186463049,294.0042137494917,140.89199485305718,baseline,1,42.26759845591715,0.0,0.5,12.0
2016-12-01,36,East,Therapy A,203.04952905318288,203.04952905318288,0.0,15.319452232848006,186.80556672892823,203.04952905318288,0,1.0,,b_launch_growth,1,1,True,0.55,baseline,1.0,9131879.866979012,294.1264356655603,140.95056574682107,baseline,1,42.28516972404632,0.0,0.5,12.0
2017-01-01,37,East,Therapy A,201.9426610583358,201.9426610583358,0.0,15.137094329407535,185.78724817366893,201.9426610583358,0,1.0,,b_launch_growth,1,1,True,0.55,baseline,1.0,9135676.124999996,294.24870839109366,141.00916098937498,baseline,1,42.30274829681249,0.0,0.5,12.0
2017-02-01,38,East,Therapy A,200.7633974491796,200.7633974491796,0.0,14.976149275510704,184.70232565324525,200.7633974491796,0,1.0,,b_launch_growth,1,1,True,0.55,baseline,1.0,9139473.961181795,294.37103194721414,141.067780590841,baseline,1,42.3203341772523,0.0,0.5,12.0
2017-03-01,39,East,Therapy A,199.53776580131088,199.53776580131088,0.0,14.83544014806562,183.574744537206,199.53776580131088,0,1.0,,b_launch_growth,1,1,True,0.55,baseline,1.0,9143273.376180472,294.4934063550528,141.1264245613456,baseline,1,42.33792736840368,0.0,0.5,12.0
2017-04-01,40,East,Therapy A,198.2882114587252,198.2882114587252,0.0,14.713466921519208,182.4251545420272,198.2882114587252,0,1.0,,b_launch_growth,1,1,True,0.55,baseline,1.0,9147074.370652366,294.61583163574943,141.1850929110193,baseline,1,42.35552787330579,0.0,0.5,12.0
2017-05-01,41,East,Therapy A,197.03370470333,197.03370470333,0.0,14.608550161302825,181.2710083270636,197.03370470333,0,1.0,,b_launch_growth,1,1,True,0.55,baseline,1.0,9150876.945254087,294.73830781045257,141.24378564999685,baseline,1,42.37313569499906,0.0,0.5,12.0
2017-06-01,42,East,Therapy A,195.7899530348876,195.7899530348876,0.0,14.51894470782395,180.12675679209656,195.7899530348876,0,1.0,,b_launch_growth,1,1,True,0.55,baseline,1.0,9154681.100642515,294.8608349003197,141.30250278841726,baseline,1,42.39075083652518,0.0,0.5,12.0
2017-07-01,43,East,Therapy A,194.56968099043127,194.56968099043127,0.0,14.442924198334763,179.00410651119682,194.56968099043127,0,1.0,,b_launch_growth,1,1,True,0.55,baseline,1.0,9158486.837474816,294.98341292651696,141.3612443364238,baseline,1,42.40837330092714,0.0,0.5,12.0
2017-08-01,44,East,Therapy A,193.38294625663613,193.38294625663613,0.0,14.3788397454393,177.91231055610524,193.38294625663613,0,1.0,,b_launch_growth,1,1,True,0.55,baseline,1.0,9162294.156408409,295.10604191021923,141.42001030416375,baseline,1,42.42600309124912,0.0,0.5,12.0
2017-09-01,45,East,Therapy A,192.23746779246235,192.23746779246235,0.0,14.32515723635708,176.85847036906534,192.23746779246235,0,1.0,,b_launch_growth,1,1,True,0.55,baseline,1.0,9166103.058101002,295.2287218726106,141.47880070178897,baseline,1,42.44364021053669,0.0,0.5,12.0
2017-10-01,46,East,Therapy A,191.1389482978075,191.1389482978075,0.0,14.280477928742169,175.8478324339829,191.1389482978075,0,1.0,,b_launch_growth,1,1,True,0.55,baseline,1.0,9169913.54321057,295.35145283488345,141.53761553945515,baseline,1,42.46128466183655,0.0,0.5,12.0
2017-11-01,47,East,Therapy A,190.09137909683247,190.09137909683247,0.0,14.243546662849589,174.88406876908587,190.09137909683247,0,1.0,,b_launch_growth,1,1,True,0.55,baseline,1.0,9173725.612395365,295.4742348182391,141.59645482732242,baseline,1,42.47893644819673,0.0,0.5,12.0
2017-12-01,48,East,Therapy A,189.0973201408933,189.0973201408933,0.0,14.213251371807392,173.9695345296218,189.0973201408933,0,1.0,,b_launch_growth,1,1,True,0.55,baseline,1.0,9177539.266313909,295.597067843888,141.65531857555513,baseline,1,42.496595572666536,0.0,0.5,12.0
2018-01-01,49,East,Therapy A,188.15815137648087,188.15815137648087,0.0,14.188616846859082,173.1054992663624,188.15815137648087,0,1.0,,b_launch_growth,1,1,True,0.55,baseline,1.0,9181354.505624996,295.7199519330491,141.71420679432185,baseline,1,42.51426203829654,0.0,0.5,12.0
2018-02-01,50,East,Therapy A,187.2742942861448,187.2742942861448,0.0,14.168795019782369,172.29235074325322,187.2742942861448,0,1.0,,b_launch_growth,1,1,True,0.55,baseline,1.0,9185171.330987705,295.84288710695023,141.77311949379524,baseline,1,42.531935848138566,0.0,0.5,12.0
2018-03-01,51,East,Therapy A,186.44540416277104,186.44540416277104,0.0,14.153053419517814,171.52977182974936,186.44540416277104,0,1.0,,b_launch_growth,1,1,True,0.55,baseline,1.0,9188989.743061377,295.96587338682804,141.83205668415232,baseline,1,42.54961700524569,0.0,0.5,12.0
2018-04-01,52,East,Therapy A,185.6705347952308,185.6705347952308,0.0,14.140762965481406,170.8168920116123,185.6705347952308,0,1.0,,b_launch_growth,1,1,True,0.55,baseline,1.0,9192809.742505629,296.08891079392816,141.8910183755744,baseline,1,42.56730551267231,0.0,0.5,12.0
2018-05-01,53,East,Therapy A,184.94827788645395,184.94827788645395,0.0,14.131385874841646,170.15241565553762,184.94827788645395,0,1.0,,b_launch_growth,1,1,True,0.55,baseline,1.0,9196631.329980357,296.2119993495048,141.95000457824682,baseline,1,42.58500137347404,0.0,0.5,12.0
2018-06-01,54,East,Therapy A,184.27687982820825,184.27687982820825,0.0,14.12446417267064,169.53472944195158,184.27687982820825,0,1.0,,b_launch_growth,1,1,True,0.55,baseline,1.0,9200454.506145729,296.33513907482126,142.00901530235933,baseline,1,42.6027045907078,0.0,0.5,12.0
2018-07-01,55,East,Therapy A,183.6543385274821,183.6543385274821,0.0,14.119609085530564,168.96199144528356,183.6543385274821,0,1.0,,b_launch_growth,1,1,True,0.55,baseline,1.0,9204279.271662189,296.4583299911494,142.06805055810585,baseline,1,42.62041516743175,0.0,0.5,12.0
2018-08-01,56,East,Therapy A,183.0784828989916,183.0784828989916,0.0,14.116491453708026,168.43220426707225,183.0784828989916,0,1.0,,b_launch_growth,1,1,True,0.55,baseline,1.0,9208105.627190448,296.58157211977027,142.12711035568455,baseline,1,42.63813310670536,0.0,0.5,12.0
2018-09-01,57,East,Therapy A,182.54703746679235,182.54703746679235,0.0,14.114833199720085,167.94327446944897,182.54703746679235,0,1.0,,b_launch_growth,1,1,True,0.55,baseline,1.0,9211933.573391505,296.7048654819736,142.18619470529785,baseline,1,42.65585841158936,0.0,0.5,12.0
2018-10-01,58,East,Therapy A,182.05767429765424,182.05767429765424,0.0,14.11439982820529,167.4930603538419,182.05767429765424,0,1.0,,b_launch_growth,1,1,True,0.55,baseline,1.0,9215763.11092662,296.8282100990578,142.24530361715242,baseline,1,42.67359108514572,0.0,0.5,12.0
2018-11-01,59,East,Therapy A,181.60805424867624,181.60805424867624,0.0,14.114993894834331,167.07940990878214,181.60805424867624,0,1.0,,b_launch_growth,1,1,True,0.55,baseline,1.0,9219594.24045734,296.9516059923303,142.30443710145903,baseline,1,42.69133113043771,0.0,0.5,12.0
2018-12-01,60,East,Therapy A,181.19585927053677,181.19585927053677,0.0,14.116449361754594,166.7001905288938,181.19585927053677,0,1.0,,b_launch_growth,1,1,True,0.55,baseline,1.0,9223426.962645477,297.07505318310746,142.36359516843294,baseline,1,42.70907855052988,0.0,0.5,12.0
2019-01-01,61,East,Therapy A,178.82310615774355,178.82310615774355,0.0,12.122915628849734,164.51725766512408,178.82310615774355,0,1.0,,access_expansion,1,1,True,0.55,baseline,1.0,9227261.27815312,297.19855169271426,142.4227778282934,baseline,1,42.726833348488015,0.0,0.72,55.0
2019-02-01,62,East,Therapy A,176.64191705717178,176.64191705717178,0.0,12.124659392047702,162.51056369259803,176.64191705717178,0,1.0,,access_expansion,1,1,True,0.55,baseline,1.0,9231097.18764264,297.3221015424849,142.48198509126416,baseline,1,42.744595527379246,0.0,0.72,55.0
2019-03-01,63,East,Therapy A,174.6375075658165,174.6375075658165,0.0,12.126943873218464,160.66650696055115,174.6375075658165,0,1.0,,access_expansion,1,1,True,0.55,baseline,1.0,9234934.69177668,297.44570275376213,142.54121696757306,baseline,1,42.76236509027192,0.0,0.72,55.0
2019-04-01,64,East,Therapy A,172.79618803407774,172.79618803407774,0.0,12.12968107352658,158.97249299135152,172.79618803407774,0,1.0,,access_expansion,1,1,True,0.55,baseline,1.0,9238773.791218154,297.5693553478977,142.60047346745222,baseline,1,42.78014204023567,0.0,0.72,55.0
2019-05-01,65,East,Therapy A,171.1052902881341,171.1052902881341,0.0,12.13279729678261,157.41686706508338,171.1052902881341,0,1.0,,access_expansion,1,1,True,0.55,baseline,1.0,9242614.486630255,297.69305934625226,142.65975460113802,baseline,1,42.7979263803414,0.0,0.72,55.0
2019-06-01,66,East,Therapy A,169.5530979124557,169.5530979124557,0.0,12.136230847372316,155.98885007945927,169.5530979124557,0,1.0,,access_expansion,1,1,True,0.55,baseline,1.0,9246456.778676456,297.81681477019526,142.7190603788711,baseline,1,42.815718113661326,0.0,0.72,55.0
2019-07-01,67,East,Therapy A,168.12878017133357,168.12878017133357,0.0,12.139930091874266,154.6784777576269,168.12878017133357,0,1.0,,access_expansion,1,1,True,0.55,baseline,1.0,9250300.668020498,297.9406216411052,142.77839081089638,baseline,1,42.83351724326892,0.0,0.72,55.0
2019-08-01,68,East,Therapy A,166.8223295866256,166.8223295866256,0.0,12.143851828998736,153.47654321969557,166.8223295866256,0,1.0,,access_expansion,1,1,True,0.55,baseline,1.0,9254146.1553264,298.0644799803692,142.837745907463,baseline,1,42.85132377223889,0.0,0.72,55.0
2019-09-01,69,East,Therapy A,165.62450313995743,165.62450313995743,0.0,12.147959920261854,152.37454288876083,165.62450313995743,0,1.0,,access_expansion,1,1,True,0.55,baseline,1.0,9257993.24125846,298.18838980938347,142.89712567882435,baseline,1,42.8691377036473,0.0,0.72,55.0
2019-10-01,70,East,Therapy A,164.52676702946445,164.52676702946445,0.0,12.152224140703629,151.3646256671073,164.52676702946445,0,1.0,,access_expansion,1,1,True,0.55,baseline,1.0,9261841.926481253,298.312351149553,142.95653013523813,baseline,1,42.88695904057143,0.0,0.72,55.0
2019-11-01,71,East,Therapy A,163.52124488210444,163.52124488210444,0.0,12.156619214997145,150.4395452915361,163.52124488210444,0,1.0,,access_expansion,1,1,True,0.55,baseline,1.0,9265692.211659623,298.4363640222919,143.0159592869663,baseline,1,42.90478778608989,0.0,0.72,55.0
2019-12-01,72,East,Therapy A,162.60066930107251,162.60066930107251,0.0,12.161124009536426,149.5926157569867,162.60066930107251,0,1.0,,access_expansion,1,1,True,0.55,baseline,1.0,9269544.097458702,298.56042844902294,143.07541314427507,baseline,1,42.92262394328253,0.0,0.72,55.0
2020-01-01,73,East,Therapy A,161.75833661259284,161.75833661259284,0.0,12.165720855606136,148.81766968358542,161.75833661259284,0,1.0,,access_expansion,1,1,True,0.55,baseline,1.0,9273397.584543886,298.6845444511779,143.1348917174349,baseline,1,42.94046751523047,0.0,0.72,55.0
2020-02-01,74,East,Therapy A,160.98806466619052,160.98806466619052,0.0,12.170394982605105,148.10901949289527,160.98806466619052,0,1.0,,access_expansion,1,1,True,0.55,baseline,1.0,9277252.673580855,298.80871205019736,143.1943950167205,baseline,1,42.95831850501615,0.0,0.72,55.0
2020-03-01,75,East,Therapy A,160.28415353649137,160.28415353649137,0.0,12.175134043596096,147.46142125357207,160.28415353649137,0,1.0,,access_expansion,1,1,True,0.55,baseline,1.0,9281109.365235562,298.9329312675309,143.2539230524109,baseline,1,42.97617691572327,0.0,0.72,55.0
2020-04-01,76,East,Therapy A,159.64134897183095,159.64134897183095,0.0,12.179927718258885,146.87004105408448,159.64134897183095,0,1.0,,access_expansion,1,1,True,0.55,baseline,1.0,9284967.660174243,299.05720212463723,143.3134758347895,baseline,1,42.99404275043685,0.0,0.72,55.0
2020-05-01,77,East,Therapy A,159.05480843478455,159.05480843478455,0.0,12.184767380700078,146.3304237600018,159.05480843478455,0,1.0,,access_expansion,1,1,True,0.55,baseline,1.0,9288827.559063409,299.18152464298345,143.37305337414367,baseline,1,43.0119160122431,0.0,0.72,55.0
2020-06-01,78,East,Therapy A,158.52006958158432,158.52006958158432,0.0,12.18964582158254,145.83846401505758,158.52006958158432,0,1.0,,access_expansion,1,1,True,0.55,baseline,1.0,9292689.062569838,299.3058988440462,143.43265568076544,baseline,1,43.02979670422963,0.0,0.72,55.0
2020-07-01,79,East,Therapy A,158.03302103078906,158.03302103078906,0.0,12.19455701573148,145.39037934832592,158.03302103078906,0,1.0,,access_expansion,1,1,True,0.55,baseline,1.0,9296552.1713606,299.4303247493107,143.4922827649509,baseline,1,43.04768482948526,0.0,0.72,55.0
2020-08-01,80,East,Therapy A,157.5898752761282,157.5898752761282,0.0,12.199495927802287,144.98268525403793,157.5898752761282,0,1.0,,access_expansion,1,1,True,0.55,baseline,1.0,9300416.886103032,299.554802380271,143.5519346370003,baseline,1,43.06558039110009,0.0,0.72,55.0
2020-09-01,81,East,Therapy A,157.18714360383348,157.18714360383348,0.0,12.204458349795535,144.6121721155268,157.18714360383348,0,1.0,,access_expansion,1,1,True,0.55,baseline,1.0,9304283.207464753,299.67933175843035,143.61161130721848,baseline,1,43.08348339216554,0.0,0.72,55.0
2020-10-01,82,East,Therapy A,156.8216128807403,156.8216128807403,0.0,12.20944076521351,144.27588385028108,156.8216128807403,0,1.0,,access_expansion,1,1,True,0.55,baseline,1.0,9308151.136113657,299.8039129053007,143.6713127859143,baseline,1,43.10139383577429,0.0,0.72,55.0
2020-11-01,83,East,Therapy A,156.49032408578054,156.49032408578054,0.0,12.214440235499472,143.9710981589181,156.49032408578054,0,1.0,,access_expansion,1,1,True,0.55,baseline,1.0,9312020.67271792,299.92854584240337,143.73103908340113,baseline,1,43.11931172502034,0.0,0.72,55.0
2020-12-01,84,East,Therapy A,156.19055246402917,156.19055246402917,0.0,12.219454305111066,143.69530826690684,156.19055246402917,0,1.0,,access_expansion,1,1,True,0.55,baseline,1.0,9315891.817945993,300.053230591268,143.7907902099964,baseline,1,43.13723706299892,0.0,0.72,55.0
2021-01-01,85,East,Therapy A,155.31477050701753,155.31477050701753,0.0,11.619462240110686,142.88958886645614,155.31477050701753,0,1.0,,overlapping_competitor_launch,1,1,True,0.55,baseline,1.0,9319764.572466604,300.17796717343373,143.85056617602206,baseline,1,43.155169852806615,0.0,1.22,78.0
2021-02-01,86,East,Therapy A,154.41728379561823,154.41728379561823,0.0,11.527694929162092,142.06390109196877,154.41728379561823,0,1.0,,overlapping_competitor_launch,1,1,True,0.55,baseline,1.0,9323638.936948758,300.3027556104483,143.91036699180407,baseline,1,43.17311009754122,0.0,1.22,78.0
2021-03-01,87,East,Therapy A,153.48841603547197,153.48841603547197,0.0,11.42451494350321,141.2093427526342,153.48841603547197,0,1.0,,overlapping_competitor_launch,1,1,True,0.55,baseline,1.0,9327514.912061742,300.4275959238686,143.97019266767296,baseline,1,43.19105780030189,0.0,1.22,78.0
2021-04-01,88,East,Therapy A,152.51918690187665,152.51918690187665,0.0,11.30984414924244,140.31765194972652,152.51918690187665,0,1.0,,overlapping_competitor_launch,1,1,True,0.55,baseline,1.0,9331392.498475116,300.5524881352603,144.03004321396338,baseline,1,43.20901296418901,0.0,1.22,78.0
2021-05-01,89,East,Therapy A,151.5016477884913,151.5016477884913,0.0,11.18399583876478,139.381515965412,151.5016477884913,0,1.0,,overlapping_competitor_launch,1,1,True,0.55,baseline,1.0,9335271.696858725,300.6774322661984,144.0899186410144,baseline,1,43.22697559230432,0.0,1.22,78.0
2021-06-01,90,East,Therapy A,150.42925212349903,150.42925212349903,0.0,11.047736158087018,138.3949119536191,150.42925212349903,0,1.0,,overlapping_competitor_launch,1,1,True,0.55,baseline,1.0,9339152.507882686,300.8024283382665,144.1498189591693,baseline,1,43.24494568775079,0.0,1.22,78.0
2021-07-01,91,East,Therapy A,149.29722850469528,149.29722850469528,0.0,10.902316551076195,137.35345022431966,149.29722850469528,0,1.0,,overlapping_competitor_launch,1,1,True,0.55,baseline,1.0,9343034.932217402,300.9274763730573,144.20974417877562,baseline,1,43.262923253632685,0.0,1.22,78.0
2021-08-01,92,East,Therapy A,148.1029157542659,148.1029157542659,0.0,10.749465529946214,136.2546824939246,148.1029157542659,0,1.0,,overlapping_competitor_launch,1,1,True,0.55,baseline,1.0,9346918.970533544,301.0525763921723,144.26969431018526,baseline,1,43.280908293055575,0.0,1.22,78.0
2021-09-01,93,East,Therapy A,146.84601495559815,146.84601495559815,0.0,10.591332461673549,135.0983337591503,146.84601495559815,0,1.0,,overlapping_competitor_launch,1,1,True,0.55,baseline,1.0,9350804.623502076,301.1777284172225,144.32966936375456,baseline,1,43.298900809126366,0.0,1.22,78.0
2021-10-01,94,East,Therapy A,145.52871709638202,145.52871709638202,0.0,10.430383337231726,133.88641972867146,145.52871709638202,0,1.0,,overlapping_competitor_launch,1,1,True,0.55,baseline,1.0,9354691.891794223,301.3029324698273,144.3896693498439,baseline,1,43.31690080495317,0.0,1.22,78.0
2021-11-01,95,East,Therapy A,144.15567701185796,144.15567701185796,0.0,10.269257283186514,132.62322285090931,144.15567701185796,0,1.0,,overlapping_competitor_launch,1,1,True,0.55,baseline,1.0,9358580.77608151,301.4281885716153,144.4496942788181,baseline,1,43.33490828364543,0.0,1.22,78.0
2021-12-01,96,East,Therapy A,142.73382346583543,142.73382346583543,0.0,10.110600614926105,131.3151175885686,142.73382346583543,0,1.0,,overlapping_competitor_launch,1,1,True,0.55,baseline,1.0,9362471.277035724,301.5534967442243,144.50974416104637,baseline,1,43.35292324831391,0.0,1.22,78.0
2022-01-01,97,East,Therapy A,141.27201770154724,141.27201770154724,0.0,9.956900112978657,129.97025628542346,141.27201770154724,0,1.0,,overlapping_competitor_launch,1,1,True,0.55,baseline,1.0,9366363.395328935,301.6788570093009,144.56981900690215,baseline,1,43.37094570207064,0.0,1.22,78.0
2022-02-01,98,East,Therapy A,139.78059364273508,139.78059364273508,0.0,9.810337357311628,128.59814615131629,139.78059364273508,0,1.0,,overlapping_competitor_launch,1,1,True,0.55,baseline,1.0,9370257.1316335,301.8042693885005,144.6299188267631,baseline,1,43.388975648028925,0.0,1.22,78.0
2022-03-01,99,East,Therapy A,138.27082748401384,138.27082748401384,0.0,9.672681332697548,127.20916128529272,138.27082748401384,0,1.0,,overlapping_competitor_launch,1,1,True,0.55,baseline,1.0,9374152.486622049,301.92973390348783,144.6900436310113,baseline,1,43.40701308930338,0.0,1.22,78.0
2022-04-01,100,East,Therapy A,136.75438990437772,136.75438990437772,0.0,9.545228619084982,125.8140387120275,136.75438990437772,0,1.0,,overlapping_competitor_launch,1,1,True,0.55,baseline,1.0,9378049.46096749,302.0552505759366,144.7501934300332,baseline,1,43.42505802900995,0.0,1.22,78.0
2022-05-01,101,East,Therapy A,135.2428303961049,135.2428303961049,0.0,9.428791684077392,124.42340396441652,135.2428303961049,0,1.0,,overlapping_competitor_launch,1,1,True,0.55,baseline,1.0,9381948.055343015,302.18081942752934,144.81036823421945,baseline,1,43.44311047026584,0.0,1.22,78.0
2022-06-01,102,East,Therapy A,133.7471323591862,133.7471323591862,0.0,9.32372839476968,123.0473617704513,133.7471323591862,0,1.0,,overlapping_competitor_launch,1,1,True,0.55,baseline,1.0,9385848.2704221,302.3064404799578,144.87056805396512,baseline,1,43.46117041618953,0.0,1.22,78.0
2022-07-01,103,East,Therapy A,132.27736307319554,132.27736307319554,0.0,9.230001302744254,117.72685313514404,132.27736307319554,0,1.0,,persistence_change,1,1,True,0.55,baseline,1.0,9389750.106878487,302.43211375492245,144.93079289966946,baseline,1,43.47923786990084,0.0,1.22,78.0
2022-08-01,104,East,Therapy A,126.87410698060349,126.87410698060349,0.0,9.14725384545943,112.91795521273708,126.87410698060349,0,1.0,,persistence_change,1,1,True,0.55,baseline,1.0,9393653.565386211,302.5578392741332,144.99104278173618,baseline,1,43.497312834520855,0.0,1.22,78.0
2022-09-01,105,East,Therapy A,121.99284697346056,121.99284697346056,0.0,9.074891760723492,108.57363380637992,121.99284697346056,0,1.0,,persistence_change,1,1,True,0.55,baseline,1.0,9397558.646619584,302.6836170593086,145.05131771057333,baseline,1,43.515395313172,0.0,1.22,78.0
2022-10-01,106,East,Therapy A,117.58579450412508,117.58579450412508,0.0,9.012160697745156,104.65135710867132,117.58579450412508,0,1.0,,persistence_change,1,1,True,0.55,baseline,1.0,9401465.351253197,302.8094471321764,145.11161769659307,baseline,1,43.53348530897792,0.0,1.22,78.0
2022-11-01,107,East,Therapy A,113.60957130854752,113.60957130854752,0.0,8.95821419987621,101.1125184646073,113.60957130854752,0,1.0,,persistence_change,1,1,True,0.55,baseline,1.0,9405373.679961916,302.9353295144734,145.1719427502122,baseline,1,43.551582825063655,0.0,1.22,78.0
2022-12-01,108,East,Therapy A,110.0246876394972,110.0246876394972,0.0,8.912169174889897,97.9219719991525,110.0246876394972,0,1.0,,persistence_change,1,1,True,0.55,baseline,1.0,9409283.6334209,303.0612642279454,145.2322928818516,baseline,1,43.56968786455548,0.0,1.22,78.0
2023-01-01,109,East,Therapy A,106.79512025205725,106.79512025205725,0.0,8.873148252904734,95.04765702433096,106.79512025205725,0,1.0,,persistence_change,1,1,True,0.55,baseline,1.0,9413195.212305576,303.1872512943473,145.2926681019366,baseline,1,43.58780043058098,0.0,1.22,78.0
2023-02-01,110,East,Therapy A,103.88796697457396,103.88796697457396,0.0,8.840309950243014,92.46029060737082,103.88796697457396,0,1.0,,persistence_change,1,1,True,0.55,baseline,1.0,9417108.417291664,303.3132907354429,145.35306842089685,baseline,1,43.60592052626905,0.0,1.22,78.0
2023-03-01,111,East,Therapy A,101.27315899615336,101.27315899615336,0.0,8.812868388782539,90.13311150657648,101.27315899615336,0,1.0,,persistence_change,1,1,True,0.55,baseline,1.0,9421023.249055156,303.4393825730052,145.41349384916631,baseline,1,43.62404815474989,0.0,1.22,78.0
2023-04-01,112,East,Therapy A,98.9232161361674,98.9232161361674,0.0,8.790104629590935,88.041662361189,98.9232161361674,0,1.0,,persistence_change,1,1,True,0.55,baseline,1.0,9424939.708272329,303.5655268288163,145.47394439718337,baseline,1,43.64218331915501,0.0,1.22,78.0
2023-05-01,113,East,Therapy A,96.81303400570042,96.81303400570042,0.0,8.771371644511422,86.16360026507337,96.81303400570042,0,1.0,,persistence_change,1,1,True,0.55,baseline,1.0,9428857.79561973,303.69172352466694,145.53442007539053,baseline,1,43.66032602261716,0.0,1.22,78.0
2023-06-01,114,East,Therapy A,94.91969498604416,94.91969498604416,0.0,8.75609472097079,84.47852853757931,94.91969498604416,0,1.0,,persistence_change,1,1,True,0.55,baseline,1.0,9432777.511774208,303.81797268235755,145.59492089423492,baseline,1,43.67847626827047,0.0,1.22,78.0
2023-07-01,115,East,Therapy A,94.27154957581944,94.27154957581944,0.0,9.793021038240148,83.90167912247931,94.27154957581944,0,1.0,,epidemiology_change,1,1,True,0.55,baseline,1.0,9436698.857412878,340.4175872425407,163.13410048786793,epidemiology_change,109,48.94023014636038,0.0,1.22,78.0
2023-08-01,116,East,Therapy A,93.68370737617636,93.68370737617636,0.0,9.782028253697057,83.37849956479695,93.68370737617636,0,1.0,,epidemiology_change,1,1,True,0.55,baseline,1.0,9440621.833213145,340.55910388696435,163.2019177551223,epidemiology_change,109,48.96057532653669,0.0,1.22,78.0
2023-09-01,117,East,Therapy A,93.15192097024484,93.15192097024484,0.0,9.77342140544788,82.9052096635179,93.15192097024484,0,1.0,,epidemiology_change,1,1,True,0.55,baseline,1.0,9444546.43985268,340.7006793619576,163.26976321502127,epidemiology_change,109,48.98092896450638,0.0,1.22,78.0
2023-10-01,118,East,Therapy A,92.67204352205796,92.67204352205796,0.0,9.766833858540062,82.47811873463158,92.67204352205796,0,1.0,,epidemiology_change,1,1,True,0.55,baseline,1.0,9448472.67800946,340.8423136919777,163.33763687928518,epidemiology_change,109,49.00129106378555,0.0,1.22,78.0
2023-11-01,119,East,Therapy A,92.2400705723156,92.2400705723156,0.0,9.761951837684006,82.09366280936088,92.2400705723156,0,1.0,,epidemiology_change,1,1,True,0.55,baseline,1.0,9452400.548361726,340.9840069014912,163.40553875963883,epidemiology_change,109,49.021661627891646,0.0,1.22,78.0
2023-12-01,120,East,Therapy A,91.85217069067777,91.85217069067777,0.0,9.758507881316882,81.74843191470322,91.85217069067777,0,1.0,,epidemiology_change,1,1,True,0.55,baseline,1.0,9456330.051588004,341.12575901497536,163.47346886781216,epidemiology_change,109,49.042040660343645,0.0,1.22,78.0
2024-01-01,121,East,Therapy A,91.5047066774768,91.5047066774768,0.0,9.756274762773588,81.43918894295436,91.5047066774768,0,1.0,,epidemiology_change,1,1,True,0.55,baseline,1.0,9460261.188367106,341.2675700569173,163.54142721553987,epidemiology_change,109,49.06242816466196,0.0,1.22,78.0
2024-02-01,122,East,Therapy A,91.19424891312818,91.19424891312818,0.0,9.75505997017382,81.16288153268408,91.19424891312818,0,1.0,,epidemiology_change,1,1,True,0.55,baseline,1.0,9464193.959378123,341.40944005181456,163.60941381456152,epidemiology_change,109,49.08282414436845,0.0,1.22,78.0
2024-03-01,123,East,Therapy A,90.91758230962505,90.91758230962505,0.0,9.754700776940943,80.91664825556629,90.91758230962505,0,1.0,,epidemiology_change,1,1,True,0.55,baseline,1.0,9468128.365300432,341.55136902417473,163.67742867662164,epidemiology_change,109,49.10322860298649,0.0,1.22,78.0
2024-04-01,124,East,Therapy A,90.67170815156275,90.67170815156275,0.0,9.755059895996483,80.69782025489087,90.67170815156275,0,1.0,,epidemiology_change,1,1,True,0.55,baseline,1.0,9472064.406813689,341.69335699851564,163.7454718134696,epidemiology_change,109,49.12364154404088,0.0,1.22,78.0
2024-05-01,125,East,Therapy A,90.45384194173572,90.45384194173572,0.0,9.756021686844845,80.50391932814479,90.45384194173572,0,1.0,,epidemiology_change,1,1,True,0.55,baseline,1.0,9476002.084597828,341.8354039993652,163.8135432368596,epidemiology_change,109,49.14406297105788,0.0,1.22,78.0
2024-06-01,126,East,Therapy A,90.2614081996307,90.2614081996307,0.0,9.757488871485908,80.33265329767131,90.2614081996307,0,1.0,,epidemiology_change,1,1,True,0.55,baseline,1.0,9479941.399333078,341.9775100512616,163.8816429585508,epidemiology_change,109,49.16449288756524,0.0,1.22,78.0
2024-07-01,127,East,Therapy A,90.09203300666364,90.09203300666364,0.0,9.759379708992329,80.18190937593064,90.09203300666364,0,1.0,,epidemiology_change,1,1,True,0.55,baseline,1.0,9483882.35169994,342.1196751787533,163.94977099030723,epidemiology_change,109,49.18493129709217,0.0,1.22,78.0
2024-08-01,128,East,Therapy A,89.94353495312633,89.94353495312633,0.0,9.761625577195684,80.04974610828243,89.94353495312633,0,1.0,,epidemiology_change,1,1,True,0.55,baseline,1.0,9487824.942379206,342.2618994063991,164.01792734389787,epidemiology_change,109,49.20537820316936,0.0,1.22,78.0
2024-09-01,129,East,Therapy A,89.81391501976171,89.81391501976171,0.0,9.764168911479276,79.93438436758792,89.81391501976171,0,1.0,,epidemiology_change,1,1,True,0.55,baseline,1.0,9491769.172051944,342.40418275876743,164.08611203109638,epidemiology_change,109,49.22583360932891,0.0,1.22,78.0
2024-10-01,130,East,Therapy A,89.70134582153754,89.70134582153754,0.0,9.766961453949618,79.83419778116841,89.70134582153754,0,1.0,,epidemiology_change,1,1,True,0.55,baseline,1.0,9495715.041399509,342.54652526043753,164.15432506368157,epidemiology_change,109,49.24629751910447,0.0,1.22,78.0
2024-11-01,131,East,Therapy A,89.60416055158858,89.60416055158858,0.0,9.76996277042016,79.74770289091383,89.60416055158858,0,1.0,,epidemiology_change,1,1,True,0.55,baseline,1.0,9499662.551103532,342.68892693599867,164.22256645343705,epidemiology_change,109,49.2667699360311,0.0,1.22,78.0
2024-12-01,132,East,Therapy A,89.52084188805544,89.52084188805544,0.0,9.77313899714161,79.67354928036934,89.52084188805544,0,1.0,,epidemiology_change,1,1,True,0.55,baseline,1.0,9503611.701845942,342.8313878100502,164.29083621215122,epidemiology_change,109,49.28725086364536,0.0,1.22,78.0
2025-01-01,133,East,Therapy A,89.45001106407375,89.45001106407375,0.0,9.776461783704407,79.61050984702564,89.45001106407375,0,1.0,,epidemiology_change,1,1,True,0.55,baseline,1.0,9507562.49430894,342.9739079072019,164.35913435161757,epidemiology_change,109,49.30774030548527,0.0,1.22,78.0
2025-02-01,134,East,Therapy A,89.3904172498371,89.3904172498371,0.0,9.77990740281146,79.55747135235502,89.3904172498371,0,1.0,,epidemiology_change,1,1,True,0.55,baseline,1.0,9511514.929175014,343.1164872520736,164.42746088363432,epidemiology_change,109,49.3282382650903,0.0,1.22,78.0
2025-03-01,135,East,Therapy A,89.34092735391295,89.34092735391295,0.0,9.783456001557925,79.51342534498252,89.34092735391295,0,1.0,,epidemiology_change,1,1,True,0.55,baseline,1.0,9515469.007126931,343.2591258692955,164.49581582000468,epidemiology_change,109,49.3487447460014,0.0,1.22,78.0
2025-04-01,136,East,Therapy A,89.30051631738883,89.30051631738883,0.0,9.7870909724063,79.47745952247605,89.30051631738883,0,1.0,,epidemiology_change,1,1,True,0.55,baseline,1.0,9519424.728847751,343.4018237835081,164.56419917253692,epidemiology_change,109,49.36925975176107,0.0,1.22,78.0
2025-05-01,137,East,Therapy A,89.2682579476728,89.2682579476728,0.0,9.79079842519674,79.44874957342878,89.2682579476728,0,1.0,,epidemiology_change,1,1,True,0.55,baseline,1.0,9523382.095020816,343.54458101936194,164.6326109530439,epidemiology_change,109,49.38978328591316,0.0,1.22,78.0
2025-06-01,138,East,Therapy A,89.2433163177242,89.2433163177242,0.0,9.79456674429541,79.42655152277453,89.2433163177242,0,1.0,,epidemiology_change,1,1,True,0.55,baseline,1.0,9527341.106329745,343.6873976015179,164.70105117334356,epidemiology_change,109,49.41031535200307,0.0,1.22,78.0
2025-07-01,139,East,Therapy A,89.22493774015798,89.22493774015798,0.0,9.798386217383454,79.41019458874061,89.22493774015798,0,1.0,,epidemiology_change,1,1,True,0.55,baseline,1.0,9531301.76345844,343.8302735546471,164.76951984525877,epidemiology_change,109,49.43085595357763,0.0,1.22,78.0
2025-08-01,140,East,Therapy A,89.21244331319883,89.21244331319883,0.0,9.802248724458227,79.39907454874697,89.21244331319883,0,1.0,,epidemiology_change,1,1,True,0.55,baseline,1.0,9535264.067091102,343.973208903431,164.8380169806173,epidemiology_change,109,49.45140509418519,0.0,1.22,78.0
2025-09-01,141,East,Therapy A,89.2052220261395,89.2052220261395,0.0,9.806147477392528,79.39264760326415,89.2052220261395,0,1.0,,epidemiology_change,1,1,True,0.55,baseline,1.0,9539228.017912202,344.11620367256126,164.90654259125185,epidemiology_change,109,49.47196277737555,0.0,1.22,78.0
2025-10-01,142,East,Therapy A,89.2027244051753,89.2027244051753,0.0,9.810076801911157,79.39042472060602,89.2027244051753,0,1.0,,epidemiology_change,1,1,True,0.55,baseline,1.0,9543193.616606504,344.25925788673976,164.975096689,epidemiology_change,109,49.4925290067,0.0,1.22,78.0
2025-11-01,143,East,Therapy A,89.20445667573709,89.20445667573709,0.0,9.814031955131076,79.39196644140601,89.20445667573709,0,1.0,,epidemiology_change,1,1,True,0.55,baseline,1.0,9547160.86385905,344.4023715706786,165.0436792857042,epidemiology_change,109,49.51310378571126,0.0,1.22,78.0
2025-12-01,144,East,Therapy A,89.20997541430832,89.20997541430832,0.0,9.818008972902303,79.3968781187344,89.20997541430832,0,1.0,,epidemiology_change,1,1,True,0.55,baseline,1.0,9551129.76035517,344.5455447491004,165.11229039321194,epidemiology_change,109,49.53368711796358,0.0,1.22,78.0
2014-01-01,1,North,Therapy A,99.0365487618382,99.0365487618382,0.0,13.886758528259833,91.11362486089116,99.0365487618382,0,1.0,,early_market_before_b_launch,1,1,True,0.74,baseline,1.0,11000000.0,433.02875,207.515,baseline,1,62.2545,274.8438,0.0,
2014-02-01,2,North,Therapy A,106.54807824072682,106.54807824072682,0.0,15.43445337983568,98.02423198146867,106.54807824072682,0,1.0,,early_market_before_b_launch,1,1,True,0.74,baseline,1.0,11004572.86329202,433.2087664795696,207.60126706600403,baseline,1,62.28038011980121,0.0,0.0,
2014-03-01,3,North,Therapy A,115.0428281958108,115.0428281958108,0.0,17.01859621434213,105.83940194014592,115.0428281958108,0,1.0,,early_market_before_b_launch,1,1,True,0.74,baseline,1.0,11009147.627591193,433.3888577946619,207.6875699945079,baseline,1,62.30627099835237,0.0,0.0,
2014-04-01,4,North,Therapy A,124.45374675357589,124.45374675357589,0.0,18.61434481342993,114.4974470132898,124.45374675357589,0,1.0,,early_market_before_b_launch,1,1,True,0.74,baseline,1.0,11013724.293687792,433.5690239763871,207.77390880042023,baseline,1,62.33217264012607,0.0,0.0,
2014-05-01,5,North,Therapy A,134.6936082467654,134.6936082467654,0.0,20.196161233475586,123.91811958702417,134.6936082467654,0,1.0,,early_market_before_b_launch,1,1,True,0.74,baseline,1.0,11018302.862372434,433.7492650558688,207.860283498656,baseline,1,62.35808504959679,0.0,0.0,
2014-06-01,6,North,Therapy A,145.657552458983,145.657552458983,0.0,21.73943287195884,134.00494826226435,145.657552458983,0,1.0,,early_market_before_b_launch,1,1,True,0.74,baseline,1.0,11022883.33443604,433.9295810642428,207.94669410413596,baseline,1,62.38400823124078,0.0,0.0,
2014-07-01,7,North,Therapy A,157.22691788985978,157.22691788985978,0.0,23.221969627595424,144.648764458671,157.22691788985978,0,1.0,,early_market_before_b_launch,1,1,True,0.74,baseline,1.0,11027465.710669884,434.1099720326582,208.0331406317873,baseline,1,62.4099421895362,0.0,0.0,
2014-08-01,8,North,Therapy A,169.2739546991563,169.2739546991563,0.0,24.62519024048529,155.73203832322378,169.2739546991563,0,1.0,,early_market_before_b_launch,1,1,True,0.74,baseline,1.0,11032049.991865547,434.2904379922771,208.1196230965436,baseline,1,62.435886928963065,0.0,0.0,
2014-09-01,9,North,Therapy A,181.66691524459924,181.66691524459924,0.0,25.93487692137546,167.1335620250313,181.66691524459924,0,1.0,,early_market_before_b_launch,1,1,True,0.74,baseline,1.0,11036636.178814957,434.4709789742744,208.20614151334425,baseline,1,62.46184245400326,0.0,0.0,
2014-10-01,10,North,Therapy A,194.27502326234907,194.27502326234907,0.0,27.141461237317767,178.73302140136113,194.27502326234907,0,1.0,,early_market_before_b_launch,1,1,True,0.74,baseline,1.0,11041224.272310363,434.65159500983793,208.29269589713508,baseline,1,62.48780876914052,0.0,0.0,
2014-11-01,11,North,Therapy A,206.97290393014836,206.97290393014836,0.0,28.23988252878721,190.41507161573645,206.97290393014836,0,1.0,,early_market_before_b_launch,1,1,True,0.74,baseline,1.0,11045814.273144346,434.8322861301687,208.3792862628681,baseline,1,62.51378587886044,0.0,0.0,
2014-12-01,12,North,Therapy A,219.6441869438594,219.6441869438594,0.0,29.229115328122955,202.07265198835063,219.6441869438594,0,1.0,,early_market_before_b_launch,1,1,True,0.74,baseline,1.0,11050406.18210981,435.01305236648034,208.4659126255016,baseline,1,62.53977378765048,0.0,0.0,
2015-01-01,13,North,Therapy A,232.18413915593092,232.18413915593092,0.0,30.111487167580297,213.60940802345647,232.18413915593092,0,1.0,,early_market_before_b_launch,1,1,True,0.74,baseline,1.0,11054999.999999998,435.19389375,208.552575,baseline,1,62.5657725,0.0,0.0,
2015-02-01,14,North,Therapy A,244.50131358232855,244.50131358232855,0.0,30.89190555887212,224.9412084957423,244.50131358232855,0,1.0,,early_market_before_b_launch,1,1,True,0.74,baseline,1.0,11059595.727608478,435.3748103119673,208.639273401334,baseline,1,62.59178202040019,0.0,0.0,
2015-03-01,15,North,Therapy A,256.51830009656675,256.51830009656675,0.0,31.57709160082445,235.9968360888414,256.51830009656675,0,1.0,,early_market_before_b_launch,1,1,True,0.74,baseline,1.0,11064193.365729146,435.5558020836351,208.7260078444804,baseline,1,62.61780235334412,0.0,0.0,
2015-04-01,16,North,Therapy A,268.1717239989206,268.1717239989206,0.0,32.174887910079164,246.71798607900692,268.1717239989206,0,1.0,,early_market_before_b_launch,1,1,True,0.74,baseline,1.0,11068792.915156232,435.73686909626906,208.8127783444224,baseline,1,62.643833503326704,0.0,0.0,
2015-05-01,17,North,Therapy A,279.411664886762,279.411664886762,0.0,32.6936788077551,257.05873169582105,279.411664886762,0,1.0,,early_market_before_b_launch,1,1,True,0.74,baseline,1.0,11073394.376684291,435.9180113811479,208.89958491614917,baseline,1,62.66987547484474,0.0,0.0,
2015-06-01,18,North,Therapy A,290.2006678031421,290.2006678031421,0.0,33.14193610732104,266.98461437889074,290.2006678031421,0,1.0,,early_market_before_b_launch,1,1,True,0.74,baseline,1.0,11077997.751108218,436.099228969564,208.9864275746566,baseline,1,62.695928272396976,0.0,0.0,
2015-07-01,19,North,Therapy A,297.5863554275927,297.5863554275927,0.0,30.601741048701943,273.7794469933853,297.5863554275927,0,1.0,,b_launch_growth,1,1,True,0.74,baseline,1.0,11082603.03922323,436.2805218928215,209.07330633494624,baseline,1,62.72199190048387,0.0,0.68,12.0
2015-08-01,20,North,Therapy A,304.3176131446726,304.3176131446726,0.0,30.53816615128726,279.97220409309875,304.3176131446726,0,1.0,,b_launch_growth,1,1,True,0.74,baseline,1.0,11087210.241824873,436.4618901822385,209.16022121202627,baseline,1,62.74806636360788,0.0,0.68,12.0
2015-09-01,21,North,Therapy A,310.35855651907065,310.35855651907065,0.0,30.3863524259719,285.529871997545,310.35855651907065,0,1.0,,b_launch_growth,1,1,True,0.74,baseline,1.0,11091819.359709032,436.6433338691457,209.24717222091093,baseline,1,62.77415166627328,0.0,0.68,12.0
2015-10-01,22,North,Therapy A,315.68315054513096,315.68315054513096,0.0,30.153278547585963,290.4284985015205,315.68315054513096,0,1.0,,b_launch_growth,1,1,True,0.74,baseline,1.0,11096430.393671917,436.8248529848871,209.3341593766207,baseline,1,62.80024781298621,0.0,0.68,12.0
2015-11-01,23,North,Therapy A,320.27533850482234,320.27533850482234,0.0,29.846840003301867,294.65331142443654,320.27533850482234,0,1.0,,b_launch_growth,1,1,True,0.74,baseline,1.0,11101043.344510067,437.0064475608194,209.4211826941824,baseline,1,62.82635480825472,0.0,0.68,12.0
2015-12-01,24,North,Therapy A,324.1293363535678,324.1293363535678,0.0,29.47602492913126,298.1989894452824,324.1293363535678,0,1.0,,b_launch_growth,1,1,True,0.74,baseline,1.0,11105658.213020358,437.1881176283127,209.50824218862908,baseline,1,62.85247265658872,0.0,0.68,12.0
2016-01-01,25,North,Therapy A,327.2499629812145,327.2499629812145,0.0,29.0509735359321,301.0699659427173,327.2499629812145,0,1.0,,b_launch_growth,1,1,True,0.74,baseline,1.0,11110274.999999996,437.3698632187499,209.595337875,baseline,1,62.87860136249999,0.0,0.68,12.0
2016-02-01,26,North,Therapy A,329.6528450536249,329.6528450536249,0.0,28.5828791109076,303.2806174493349,329.6528450536249,0,1.0,,b_launch_growth,1,1,True,0.74,baseline,1.0,11114893.70624652,437.55168436352704,209.6824697683406,baseline,1,62.90474093050218,0.0,0.68,12.0
2016-03-01,27,North,Therapy A,331.36433227968763,331.36433227968763,0.0,28.083714830352747,304.8551856973126,331.36433227968763,0,1.0,,b_launch_growth,1,1,True,0.74,baseline,1.0,11119514.33255779,437.73358109405314,209.7696378837028,baseline,1,62.93089136511082,0.0,0.68,12.0
2016-04-01,28,North,Therapy A,332.4209896629864,332.4209896629864,0.0,27.565803965673748,305.8273104899474,332.4209896629864,0,1.0,,b_launch_growth,1,1,True,0.74,baseline,1.0,11124136.879732013,437.9155534417503,209.8568422361444,baseline,1,62.957052670843325,0.0,0.68,12.0
2016-05-01,29,North,Therapy A,332.8685944752482,332.8685944752482,0.0,27.04128398530074,306.2391069172284,332.8685944752482,0,1.0,,b_launch_growth,1,1,True,0.74,baseline,1.0,11128761.348567711,438.09760143805374,209.94408284072992,baseline,1,62.983224852218974,0.0,0.68,12.0
2016-06-01,30,North,Therapy A,332.76064547181903,332.76064547181903,0.0,26.52153855459069,306.1397938340735,332.76064547181903,0,1.0,,b_launch_growth,1,1,True,0.74,baseline,1.0,11133387.73986376,438.2797251144117,210.03135971252985,baseline,1,63.00940791375894,0.0,0.68,12.0
2016-07-01,31,North,Therapy A,332.1564723432687,332.1564723432687,0.0,26.016678509195238,305.5839545558072,332.1564723432687,0,1.0,,b_launch_growth,1,1,True,0.74,baseline,1.0,11138016.054419344,438.4619245022856,210.11867286662095,baseline,1,63.03560185998629,0.0,0.68,12.0
2016-08-01,32,North,Therapy A,331.1190961050984,331.1190961050984,0.0,25.535141549291176,304.6295684166905,331.1190961050984,0,1.0,,b_launch_growth,1,1,True,0.74,baseline,1.0,11142646.293033997,438.6441996331495,210.20602231808635,baseline,1,63.0618066954259,0.0,0.68,12.0
2016-09-01,33,North,Therapy A,329.71302305530264,329.71302305530264,0.0,25.083454638612125,303.33598121087846,329.71302305530264,0,1.0,,b_launch_growth,1,1,True,0.74,baseline,1.0,11147278.456507573,438.82655053849135,210.29340808201545,baseline,1,63.088022424604624,0.0,0.68,12.0
2016-10-01,34,North,Therapy A,328.0021522580517,328.0021522580517,0.0,24.666171047173226,301.76198007740754,328.0021522580517,0,1.0,,b_launch_growth,1,1,True,0.74,baseline,1.0,11151912.545640271,439.0089772498113,210.3808301735037,baseline,1,63.11424905205112,0.0,0.68,12.0
2016-11-01,35,North,Therapy A,326.04794466283363,326.04794466283363,0.0,24.285964585426107,299.9641090898069,326.04794466283363,0,1.0,,b_launch_growth,1,1,True,0.74,baseline,1.0,11156548.561232615,439.19147979862345,210.4682886076533,baseline,1,63.14048658229599,0.0,0.68,12.0
2016-12-01,36,North,Therapy A,323.9079524236733,323.9079524236733,0.0,23.94384333386645,297.99531622977946,323.9079524236733,0,1.0,,b_launch_growth,1,1,True,0.74,baseline,1.0,11161186.50408546,439.3740582164542,210.55578339957225,baseline,1,63.16673501987167,0.0,0.68,12.0
2017-01-01,37,North,Therapy A,321.63475275516925,321.63475275516925,0.0,23.639436525389797,295.9039725347557,321.63475275516925,0,1.0,,b_launch_growth,1,1,True,0.74,baseline,1.0,11165826.374999996,439.55671253484365,210.64331456437495,baseline,1,63.19299436931249,0.0,0.68,12.0
2017-02-01,38,North,Therapy A,319.2752824462332,319.2752824462332,0.0,23.371309911477454,293.7332598505345,319.2752824462332,0,1.0,,b_launch_growth,1,1,True,0.74,baseline,1.0,11170468.17477775,439.7394427853446,210.73088211718223,baseline,1,63.21926463515467,0.0,0.68,12.0
2017-03-01,39,North,Therapy A,316.8705333230423,316.8705333230423,0.0,23.137273472507808,291.52089065719895,316.8705333230423,0,1.0,,b_launch_growth,1,1,True,0.74,baseline,1.0,11175111.904220575,439.9222489995234,210.81848607312125,baseline,1,63.245545821936375,0.0,0.68,12.0
2017-04-01,40,North,Therapy A,314.45554746007264,314.45554746007264,0.0,22.934656802873672,289.2991036632668,314.45554746007264,0,1.0,,b_launch_growth,1,1,True,0.74,baseline,1.0,11179757.56413067,440.1051312089591,210.90612644732516,baseline,1,63.271837934197535,0.0,0.68,12.0
2017-05-01,41,North,Therapy A,312.0596424340709,312.0596424340709,0.0,22.760538770804143,287.09487103934526,312.0596424340709,0,1.0,,b_launch_growth,1,1,True,0.74,baseline,1.0,11184405.15531055,440.288089445244,210.99380325493357,baseline,1,63.298140976480056,0.0,0.68,12.0
2017-06-01,42,North,Therapy A,309.7067982795052,309.7067982795052,0.0,22.611927240159915,284.93025441714474,309.7067982795052,0,1.0,,b_launch_growth,1,1,True,0.74,baseline,1.0,11189054.678563075,440.4711237399838,211.0815165110925,baseline,1,63.32445495332775,0.0,0.68,12.0
2017-07-01,43,North,Therapy A,307.41614546454247,307.41614546454247,0.0,22.485891047397708,282.82285382737905,307.41614546454247,0,1.0,,b_launch_growth,1,1,True,0.74,baseline,1.0,11193706.13469144,440.654234124797,211.1692662309541,baseline,1,63.35077986928623,0.0,0.68,12.0
2017-08-01,44,North,Therapy A,305.20250399975043,305.20250399975043,0.0,22.37965017237136,280.7863036797704,305.20250399975043,0,1.0,,b_launch_growth,1,1,True,0.74,baseline,1.0,11198359.524499165,440.8374206313153,211.2570524296768,baseline,1,63.37711572890303,0.0,0.68,12.0
2017-09-01,45,North,Therapy A,303.0769353496408,303.0769353496408,0.0,22.29063166987036,278.8307805216695,303.0769353496408,0,1.0,,b_launch_growth,1,1,True,0.74,baseline,1.0,11203014.848790113,441.0206832911838,211.3448751224255,baseline,1,63.403462536727645,0.0,0.68,12.0
2017-10-01,46,North,Therapy A,301.0472796206165,301.0472796206165,0.0,22.21649909894701,276.9634972509672,301.0472796206165,0,1.0,,b_launch_growth,1,1,True,0.74,baseline,1.0,11207672.108368471,441.2040221360604,211.43273432437124,baseline,1,63.429820297311366,0.0,0.68,12.0
2017-11-01,47,North,Therapy A,299.118659744412,299.118659744412,0.0,22.155162493444827,275.18916696485906,299.118659744412,0,1.0,,b_launch_growth,1,1,True,0.74,baseline,1.0,11212331.304038778,441.3874371976165,211.52063005069155,baseline,1,63.45618901520746,0.0,0.68,12.0
2017-12-01,48,North,Therapy A,297.29394177801674,297.29394177801674,0.0,22.104774813157672,273.5104264357754,297.29394177801674,0,1.0,,b_launch_growth,1,1,True,0.74,baseline,1.0,11216992.436605886,441.5709285075365,211.60856231657004,baseline,1,63.48256869497101,0.0,0.68,12.0
2018-01-01,49,North,Therapy A,295.57414604018,295.57414604018,0.0,22.063719604404568,271.92821435696555,295.57414604018,0,1.0,,b_launch_growth,1,1,True,0.74,baseline,1.0,11221655.506874995,441.7544960975178,211.6965311371968,baseline,1,63.50895934115904,0.0,0.68,12.0
2018-02-01,50,North,Therapy A,293.9588078165845,293.9588078165845,0.0,22.030593459618967,270.44210319125773,293.9588078165845,0,1.0,,b_launch_growth,1,1,True,0.74,baseline,1.0,11226320.515651638,441.9381399992712,211.78453652776813,baseline,1,63.53536095833044,0.0,0.68,12.0
2018-03-01,51,North,Therapy A,292.44628907599224,292.44628907599224,0.0,22.00418588473452,269.0505859499129,292.44628907599224,0,1.0,,b_launch_growth,1,1,True,0.74,baseline,1.0,11230987.46374168,442.1218602445209,211.8725785034868,baseline,1,63.56177355104604,0.0,0.68,12.0
2018-04-01,52,North,Therapy A,291.0340443384713,291.0340443384713,0.0,21.98345838855841,267.7513207913936,291.0340443384713,0,1.0,,b_launch_growth,1,1,True,0.74,baseline,1.0,11235656.351951323,442.30565686500375,211.9606570795617,baseline,1,63.58819712386851,0.0,0.68,12.0
2018-05-01,53,North,Therapy A,289.7188447852493,289.7188447852493,0.0,21.96752399385573,266.54133720242936,289.7188447852493,0,1.0,,b_launch_growth,1,1,True,0.74,baseline,1.0,11240327.181087105,442.48952989247016,212.0487722712082,baseline,1,63.61463168136246,0.0,0.68,12.0
2018-06-01,54,North,Therapy A,288.4969651152386,288.4969651152386,0.0,21.955627912809213,265.4172079060195,288.4969651152386,0,1.0,,b_launch_growth,1,1,True,0.74,baseline,1.0,11244999.95195589,442.6734793586836,212.13692409364788,baseline,1,63.64107722809436,0.0,0.68,12.0
2018-07-01,55,North,Therapy A,287.36433770741945,287.36433770741945,0.0,21.947129801399942,264.3751906908259,287.36433770741945,0,1.0,,b_launch_growth,1,1,True,0.74,baseline,1.0,11249674.665364897,442.8575052954208,212.2251125621088,baseline,1,63.66753376863262,0.0,0.68,12.0
2018-08-01,56,North,Therapy A,286.3166784707772,286.3166784707772,0.0,21.941487779951306,263.41134419311504,286.3166784707772,0,1.0,,b_launch_growth,1,1,True,0.74,baseline,1.0,11254351.32212166,443.04160773447177,212.31333769182515,baseline,1,63.69400130754754,0.0,0.68,12.0
2018-09-01,57,North,Therapy A,285.3495884488814,285.3495884488814,0.0,21.938244255766357,262.52162137297086,285.3495884488814,0,1.0,,b_launch_growth,1,1,True,0.74,baseline,1.0,11259029.92303406,443.2257867076396,212.4015994980376,baseline,1,63.72047984941127,0.0,0.68,12.0
2018-10-01,58,North,Therapy A,284.4586348609684,284.4586348609684,0.0,21.937013487997564,261.7019440720909,284.4586348609684,0,1.0,,b_launch_growth,1,1,True,0.74,baseline,1.0,11263710.468910314,443.4100422467407,212.48989799599312,baseline,1,63.74696939879793,0.0,0.68,12.0
2018-11-01,59,North,Therapy A,283.6394148505988,283.6394148505988,0.0,21.9374707785078,260.94826166255086,283.6394148505988,0,1.0,,b_launch_growth,1,1,True,0.74,baseline,1.0,11268392.96055897,443.5943743836046,212.578233200945,baseline,1,63.77346996028349,0.0,0.68,12.0
2018-12-01,60,North,Therapy A,282.88760480582704,282.88760480582704,0.0,21.93934314327615,260.2565964213609,282.88760480582704,0,1.0,,b_launch_growth,1,1,True,0.74,baseline,1.0,11273077.398788914,443.7787831500741,212.6666051281529,baseline,1,63.79998153844586,0.0,0.68,12.0
2019-01-01,61,North,Therapy A,282.1989977291983,282.1989977291983,0.0,21.942401307837446,259.62307791086243,282.1989977291983,0,1.0,,access_expansion,1,1,True,0.74,baseline,1.0,11277763.784409368,443.9632685780054,212.7550137928828,baseline,1,63.82650413786484,0.0,0.68,12.0
2019-02-01,62,North,Therapy A,281.5695307816779,281.5695307816779,0.0,21.94645287081545,259.04396831914363,281.5695307816779,0,1.0,,access_expansion,1,1,True,0.74,baseline,1.0,11282452.118229896,444.1478306992677,212.84345921040705,baseline,1,63.8530377631221,0.0,0.68,12.0
2019-03-01,63,North,Therapy A,280.99530480638657,280.99530480638657,0.0,21.951336487242948,258.51568042187563,280.99530480638657,0,1.0,,access_expansion,1,1,True,0.74,baseline,1.0,11287142.401060386,444.3324695457435,212.93194139600425,baseline,1,63.87958241880127,0.0,0.68,12.0
2019-04-01,64,North,Therapy A,280.47259735679023,280.47259735679023,0.0,21.956916934914627,258.034789568247,280.47259735679023,0,1.0,,access_expansion,1,1,True,0.74,baseline,1.0,11291834.63371108,444.5171851493288,213.02046036495955,baseline,1,63.90613810948786,0.0,0.68,12.0
2019-05-01,65,North,Therapy A,279.9978705086392,279.9978705086392,0.0,21.963080940392235,257.59804086794804,279.9978705086392,0,1.0,,access_expansion,1,1,True,0.74,baseline,1.0,11296528.816992538,444.7019775419325,213.10901613256425,baseline,1,63.93270483976927,0.0,0.68,12.0
2019-06-01,66,North,Therapy A,279.5677745230639,279.5677745230639,0.0,21.969733655115856,257.2023525612188,279.5677745230639,0,1.0,,access_expansion,1,1,True,0.74,baseline,1.0,11301224.951715669,444.886846755477,213.19760871411611,baseline,1,63.95928261423484,0.0,0.68,12.0
2019-07-01,67,North,Therapy A,279.1791482467478,279.1791482467478,0.0,21.976795685529,256.84481638700794,279.1791482467478,0,1.0,,access_expansion,1,1,True,0.74,baseline,1.0,11305923.03869172,445.071792821898,213.28623812491932,baseline,1,63.9858714374758,0.0,0.68,12.0
2019-08-01,68,North,Therapy A,278.8290169807196,278.8290169807196,0.0,21.98420059371161,256.52269562226195,278.8290169807196,0,1.0,,access_expansion,1,1,True,0.74,baseline,1.0,11310623.078732269,445.2568157731442,213.37490438028428,baseline,1,64.01247131408527,0.0,0.68,12.0
2019-09-01,69,North,Therapy A,278.5145884187454,278.5145884187454,0.0,21.991892796483437,256.2334213452458,278.5145884187454,0,1.0,,access_expansion,1,1,True,0.74,baseline,1.0,11315325.072649231,445.4419156411778,213.46360749552773,baseline,1,64.03908224865832,0.0,0.68,12.0
2019-10-01,70,North,Therapy A,278.23324714644025,278.23324714644025,0.0,21.999825801194447,255.97458737472505,278.23324714644025,0,1.0,,access_expansion,1,1,True,0.74,baseline,1.0,11320029.021254864,445.6270924579743,213.55234748597303,baseline,1,64.0657042457919,0.0,0.68,12.0
2019-11-01,71,North,Therapy A,277.98254810018614,277.98254810018614,0.0,22.007960725461118,255.74394425217125,277.98254810018614,0,1.0,,access_expansion,1,1,True,0.74,baseline,1.0,11324734.925361764,445.8123462555225,213.6411243669497,baseline,1,64.0923373100849,0.0,0.68,12.0
2019-12-01,72,North,Therapy A,277.76020930816685,277.76020930816685,0.0,22.01626505599561,255.5393925635135,277.76020930816685,0,1.0,,access_expansion,1,1,True,0.74,baseline,1.0,11329442.785782857,445.9976770658244,213.72993815379365,baseline,1,64.11898144613808,0.0,0.68,12.0
2020-01-01,73,North,Therapy A,277.56410417201414,277.56410417201414,0.0,22.024711608500613,255.358975838253,277.56410417201414,0,1.0,,access_expansion,1,1,True,0.74,baseline,1.0,11334152.603331417,446.1830849208953,213.81878886184717,baseline,1,64.14563665855414,0.0,0.68,12.0
2020-02-01,74,North,Therapy A,277.3922534947229,277.3922534947229,0.0,22.03327765646991,255.2008732151451,277.3922534947229,0,1.0,,access_expansion,1,1,True,0.74,baseline,1.0,11338864.378821043,446.3685698527639,213.907676506459,baseline,1,64.1723029519377,0.0,0.68,12.0
2020-03-01,75,North,Therapy A,277.2428174168983,277.2428174168983,0.0,22.041944201753168,255.0633920235464,277.2428174168983,0,1.0,,access_expansion,1,1,True,0.74,baseline,1.0,11343578.113065686,446.554131893472,213.99660110298416,baseline,1,64.19898033089524,0.0,0.68,12.0
2020-04-01,76,North,Therapy A,277.11408738756364,277.11408738756364,0.0,22.050695364017248,254.9449603965585,277.11408738756364,0,1.0,,access_expansion,1,1,True,0.74,baseline,1.0,11348293.806879632,446.73977107507534,214.08556266678428,baseline,1,64.22566880003528,0.0,0.68,12.0
2020-05-01,77,North,Therapy A,277.00447826642244,277.00447826642244,0.0,22.05951786986389,254.84412000510864,277.00447826642244,0,1.0,,access_expansion,1,1,True,0.74,baseline,1.0,11353011.461077496,446.925487429642,214.174561213227,baseline,1,64.2523683639681,0.0,0.68,12.0
2020-06-01,78,North,Therapy A,276.91252063054367,276.91252063054367,0.0,22.06840062543505,254.75951898010015,276.91252063054367,0,1.0,,access_expansion,1,1,True,0.74,baseline,1.0,11357731.076474246,447.1112809892544,214.26359675768668,baseline,1,64.279079027306,0.0,0.68,12.0
2020-07-01,79,North,Therapy A,276.83685333903054,276.83685333903054,0.0,22.07733435893035,254.6899050719081,276.83685333903054,0,1.0,,access_expansion,1,1,True,0.74,baseline,1.0,11362452.653885176,447.29715178600736,214.3526693155439,baseline,1,64.30580079466317,0.0,0.68,12.0
2020-08-01,80,North,Therapy A,276.77621639355635,276.77621639355635,0.0,22.086311321648232,254.63411908207183,276.77621639355635,0,1.0,,access_expansion,1,1,True,0.74,baseline,1.0,11367176.194125928,447.4830998520098,214.4417789021857,baseline,1,64.33253367065569,0.0,0.68,12.0
2020-09-01,81,North,Therapy A,276.7294441200749,276.7294441200749,0.0,22.09532503800305,254.5910885904689,276.7294441200749,0,1.0,,access_expansion,1,1,True,0.74,baseline,1.0,11371901.698012477,447.6691252193836,214.53092553300536,baseline,1,64.35927765990161,0.0,0.68,12.0
2020-10-01,82,North,Therapy A,276.69545868698674,276.69545868698674,0.0,22.10437009651786,254.5598219920278,276.69545868698674,0,1.0,,access_expansion,1,1,True,0.74,baseline,1.0,11376629.166361136,447.85522792026416,214.6201092234029,baseline,1,64.38603276702086,0.0,0.68,12.0
2020-11-01,83,North,Therapy A,276.6732639671204,276.6732639671204,0.0,22.11344197509261,254.5394028497508,276.6732639671204,0,1.0,,access_expansion,1,1,True,0.74,baseline,1.0,11381358.59998857,448.0414079868,214.7093299887844,baseline,1,64.41279899663532,0.0,0.68,12.0
2020-12-01,84,North,Therapy A,276.66193974468894,276.66193974468894,0.0,22.12253689493815,254.52898456511383,276.66193974468894,0,1.0,,access_expansion,1,1,True,0.74,baseline,1.0,11386089.999711769,448.2276654511534,214.79858784456252,baseline,1,64.43957635336876,0.0,0.68,12.0
2021-01-01,85,North,Therapy A,275.38874649392494,275.38874649392494,0.0,20.859761928811107,253.3576467744109,275.38874649392494,0,1.0,,overlapping_competitor_launch,1,1,True,0.74,baseline,1.0,11390823.366348073,448.4140003454997,214.88788280615637,baseline,1,64.4663648418469,0.0,1.33,78.0
2021-02-01,86,North,Therapy A,274.0250056901898,274.0250056901898,0.0,20.66735891577889,252.1030052349746,274.0250056901898,0,1.0,,overlapping_competitor_launch,1,1,True,0.74,baseline,1.0,11395558.700715149,448.6004127020277,214.97721488899128,baseline,1,64.49316446669738,0.0,1.33,78.0
2021-03-01,87,North,Therapy A,272.55483267690903,272.55483267690903,0.0,20.451827441934416,250.7504460627563,272.55483267690903,0,1.0,,overlapping_competitor_launch,1,1,True,0.74,baseline,1.0,11400296.003631016,448.78690255293947,215.06658410849911,baseline,1,64.51997523254973,0.0,1.33,78.0
2021-04-01,88,North,Therapy A,270.96366128273587,270.96366128273587,0.0,20.21321521997956,249.286568380117,270.96366128273587,0,1.0,,overlapping_competitor_launch,1,1,True,0.74,baseline,1.0,11405035.27591403,448.9734699304507,215.1559904801182,baseline,1,64.54679714403545,0.0,1.33,78.0
2021-05-01,89,North,Therapy A,269.2389662938929,269.2389662938929,0.0,19.952397913775886,247.69984899038144,269.2389662938929,0,1.0,,overlapping_competitor_launch,1,1,True,0.74,baseline,1.0,11409776.518382885,449.1601148667903,215.2454340192932,baseline,1,64.57363020578795,0.0,1.33,78.0
2021-06-01,90,North,Therapy A,267.3710383548842,267.3710383548842,0.0,19.67118936450275,245.98135528649345,267.3710383548842,0,1.0,,overlapping_competitor_launch,1,1,True,0.74,baseline,1.0,11414519.731856618,449.34683739420063,215.33491474147516,baseline,1,64.60047442244253,0.0,1.33,78.0
2021-07-01,91,North,Therapy A,265.3537415974552,265.3537415974552,0.0,19.372386310961748,244.1254422696588,265.3537415974552,0,1.0,,overlapping_competitor_launch,1,1,True,0.74,baseline,1.0,11419264.917154605,449.5336375449374,215.4244326621216,baseline,1,64.62732979863648,0.0,1.33,78.0
2021-08-01,92,North,Therapy A,263.1851681038736,263.1851681038736,0.0,19.05972583421476,242.1303546555637,263.1851681038736,0,1.0,,overlapping_competitor_launch,1,1,True,0.74,baseline,1.0,11424012.075096557,449.72051535126974,215.5139877966965,baseline,1,64.65419633900895,0.0,1.33,78.0
2021-09-01,93,North,Therapy A,260.8680990156124,260.8680990156124,0.0,18.737744360048666,239.99865109436337,260.8680990156124,0,1.0,,overlapping_competitor_launch,1,1,True,0.74,baseline,1.0,11428761.206502536,449.9074708454804,215.60358016067036,baseline,1,64.6810740482011,0.0,1.33,78.0
2021-10-01,94,North,Therapy A,258.4101940445102,258.4101940445102,0.0,18.411542950146828,237.7373785209494,258.4101940445102,0,1.0,,overlapping_competitor_launch,1,1,True,0.74,baseline,1.0,11433512.31219294,450.09450405986536,215.69320976951985,baseline,1,64.70796293085596,0.0,1.33,78.0
2021-11-01,95,North,Therapy A,255.8238599455364,255.8238599455364,0.0,18.08648142458699,235.35795114989347,255.8238599455364,0,1.0,,overlapping_competitor_launch,1,1,True,0.74,baseline,1.0,11438265.392988512,450.281615026734,215.7828766387283,baseline,1,64.73486299161848,0.0,1.33,78.0
2021-12-01,96,North,Therapy A,253.1257898973384,253.1257898973384,0.0,17.767838747444948,232.87572670555136,253.1257898973384,0,1.0,,overlapping_competitor_launch,1,1,True,0.74,baseline,1.0,11443020.449710326,450.4688037784092,215.8725807837853,baseline,1,64.7617742351356,0.0,1.33,78.0
2022-01-01,97,North,Therapy A,250.33621120679348,250.33621120679348,0.0,17.460484501242128,230.30931431025,250.33621120679348,0,1.0,,overlapping_competitor_launch,1,1,True,0.74,baseline,1.0,11447777.483179811,450.6560703472273,215.9623222201872,baseline,1,64.78869666605615,0.0,1.33,78.0
2022-02-01,98,North,Therapy A,247.47791808076008,247.47791808076008,0.0,17.168603770510096,227.6796846342993,247.47791808076008,0,1.0,,overlapping_competitor_launch,1,1,True,0.74,baseline,1.0,11452536.494218722,450.8434147655377,216.05210096343615,baseline,1,64.81563028903085,0.0,1.33,78.0
2022-03-01,99,North,Therapy A,244.5751908189065,244.5751908189065,0.0,16.89550618460722,225.009175553394,244.5751908189065,0,1.0,,overlapping_competitor_launch,1,1,True,0.74,baseline,1.0,11457297.483649168,451.0308370657041,216.1419170290416,baseline,1,64.84257510871248,0.0,1.33,78.0
2022-04-01,100,North,Therapy A,241.6527084824983,241.6527084824983,0.0,16.64353292910434,222.32049180389845,241.6527084824983,0,1.0,,overlapping_competitor_launch,1,1,True,0.74,baseline,1.0,11462060.4522936,451.2183372801029,216.23177043251877,baseline,1,64.86953112975561,0.0,1.33,78.0
2022-05-01,101,North,Therapy A,238.7345499738536,238.7345499738536,0.0,16.41405816995516,219.6357859759453,238.7345499738536,0,1.0,,overlapping_competitor_launch,1,1,True,0.74,baseline,1.0,11466825.4009748,451.4059154411242,216.3216611893896,baseline,1,64.89649835681688,0.0,1.33,78.0
2022-06-01,102,North,Therapy A,235.84335378665216,235.84335378665216,0.0,16.207567810706852,216.97588548372,235.84335378665216,0,1.0,,overlapping_competitor_launch,1,1,True,0.74,baseline,1.0,11471592.3305159,451.5935715811715,216.41158931518245,baseline,1,64.92347679455473,0.0,1.33,78.0
2022-07-01,103,North,Therapy A,232.9996765827448,232.9996765827448,0.0,16.0237910990248,207.36971215864287,232.9996765827448,0,1.0,,persistence_change,1,1,True,0.74,baseline,1.0,11476361.241740374,451.781305732662,216.50155482543212,baseline,1,64.95046644762964,0.0,1.33,78.0
2022-08-01,104,North,Therapy A,223.23157152761723,223.23157152761723,0.0,15.861859368974372,198.6760986595793,223.23157152761723,0,1.0,,persistence_change,1,1,True,0.74,baseline,1.0,11481132.135472037,451.969117928026,216.59155773567997,baseline,1,64.97746732070398,0.0,1.33,78.0
2022-09-01,105,North,Therapy A,214.3965682735284,214.3965682735284,0.0,15.720469613949058,190.81294576344027,214.3965682735284,0,1.0,,persistence_change,1,1,True,0.74,baseline,1.0,11485905.012535049,452.1570081997079,216.6815980614737,baseline,1,65.00447941844212,0.0,1.33,78.0
2022-10-01,106,North,Therapy A,206.41098224021752,206.41098224021752,0.0,15.598036476777263,183.7057741937936,206.41098224021752,0,1.0,,persistence_change,1,1,True,0.74,baseline,1.0,11490679.873753903,452.3449765801647,216.77167581836744,baseline,1,65.03150274551022,0.0,1.33,78.0
2022-11-01,107,North,Therapy A,199.19859685452303,199.19859685452303,0.0,15.49282266072943,177.2867512005255,199.19859685452303,0,1.0,,persistence_change,1,1,True,0.74,baseline,1.0,11495456.719953451,452.5330231018676,216.8617910219219,baseline,1,65.05853730657657,0.0,1.33,78.0
2022-12-01,108,North,Therapy A,192.689794579792,192.689794579792,0.0,15.403043379266544,171.4939171760149,192.689794579792,0,1.0,,persistence_change,1,1,True,0.74,baseline,1.0,11500235.551958878,452.7211477973012,216.95194368770424,baseline,1,65.08558310631128,0.0,1.33,78.0
2023-01-01,109,North,Therapy A,186.8208618159898,186.8208618159898,0.0,15.326944639974904,166.2705670162309,186.8208618159898,0,1.0,,persistence_change,1,1,True,0.74,baseline,1.0,11505016.370595708,452.9093506989633,217.04213383128808,baseline,1,65.11264014938641,0.0,1.33,78.0
2023-02-01,110,North,Therapy A,181.5334248232444,181.5334248232444,0.0,15.262857807013472,161.56474809268747,181.5334248232444,0,1.0,,persistence_change,1,1,True,0.74,baseline,1.0,11509799.176689817,453.0976318393654,217.13236146825335,baseline,1,65.13970844047601,0.0,1.33,78.0
2023-03-01,111,North,Therapy A,176.773982325714,176.773982325714,0.0,15.209234233026525,157.32884426988545,176.773982325714,0,1.0,,persistence_change,1,1,True,0.74,baseline,1.0,11514583.971067414,453.28599125103256,217.2226266141868,baseline,1,65.16678798425603,0.0,1.33,78.0
2023-04-01,112,North,Therapy A,172.49350841705774,172.49350841705774,0.0,15.164664147172276,153.51922249118138,172.49350841705774,0,1.0,,persistence_change,1,1,True,0.74,baseline,1.0,11519370.754555063,453.4744289665033,217.3129292846813,baseline,1,65.1938787854044,0.0,1.33,78.0
2023-05-01,113,North,Therapy A,168.6471062705968,168.6471062705968,0.0,15.127883779415424,150.09592458083114,168.6471062705968,0,1.0,,persistence_change,1,1,True,0.74,baseline,1.0,11524159.52797967,453.6629450183297,217.4032694953365,baseline,1,65.22098084860095,0.0,1.33,78.0
2023-06-01,114,North,Therapy A,165.19369875636772,165.19369875636772,0.0,15.097774175536577,147.02239189316728,165.19369875636772,0,1.0,,persistence_change,1,1,True,0.74,baseline,1.0,11528950.292168476,453.85153943907727,217.49364726175835,baseline,1,65.2480941785275,0.0,1.33,78.0
2023-07-01,115,North,Therapy A,163.9045489467788,163.9045489467788,0.0,16.88215705361152,145.8750485626331,163.9045489467788,0,1.0,,epidemiology_change,1,1,True,0.74,baseline,1.0,11533743.047949074,508.5250377326844,243.69415011150647,epidemiology_change,109,73.10824503345194,0.0,1.33,78.0
2023-08-01,116,North,Therapy A,162.73527329284428,162.73527329284428,0.0,16.860224730211186,144.8343932306314,162.73527329284428,0,1.0,,epidemiology_change,1,1,True,0.74,baseline,1.0,11538537.796149395,508.7364391397861,243.79545738728137,epidemiology_change,109,73.1386372161844,0.0,1.33,78.0
2023-09-01,117,North,Therapy A,161.67727863365644,161.67727863365644,0.0,16.842885403025033,143.89277798395423,161.67727863365644,0,1.0,,epidemiology_change,1,1,True,0.74,baseline,1.0,11543334.53759772,508.9479284295911,243.8968067779948,epidemiology_change,109,73.16904203339843,0.0,1.33,78.0
2023-10-01,118,North,Therapy A,160.72220884750274,160.72220884750274,0.0,16.829430863548502,143.04276587427745,160.72220884750274,0,1.0,,epidemiology_change,1,1,True,0.74,baseline,1.0,11548133.273122674,509.1595056386334,243.9981983011544,epidemiology_change,109,73.19945949034633,0.0,1.33,78.0
2023-11-01,119,North,Therapy A,159.86202160614846,159.86202160614846,0.0,16.819255731871007,142.27719922947213,159.86202160614846,0,1.0,,epidemiology_change,1,1,True,0.74,baseline,1.0,11552934.00355322,509.3711708034623,244.09963197427533,epidemiology_change,109,73.2298895922826,0.0,1.33,78.0
2023-12-01,120,North,Therapy A,159.08904372242878,159.08904372242878,0.0,16.81184449295665,141.5892489129616,159.08904372242878,0,1.0,,epidemiology_change,1,1,True,0.74,baseline,1.0,11557736.729718672,509.5829239606423,244.20110781487995,epidemiology_change,109,73.26033234446398,0.0,1.33,78.0
2024-01-01,121,North,Therapy A,158.39600845411098,158.39600845411098,0.0,16.80675954114938,140.97244752415878,158.39600845411098,0,1.0,,epidemiology_change,1,1,True,0.74,baseline,1.0,11562541.452448685,509.7947651467531,244.30262584049785,epidemiology_change,109,73.29078775214934,0.0,1.33,78.0
2024-02-01,122,North,Therapy A,157.77607790329125,157.77607790329125,0.0,16.803630379132475,140.4207093339292,157.77607790329125,0,1.0,,epidemiology_change,1,1,True,0.74,baseline,1.0,11567348.17257326,510.0066943983897,244.404186068666,epidemiology_change,109,73.32125582059979,0.0,1.33,78.0
2024-03-01,123,North,Therapy A,157.222853344152,157.222853344152,0.0,16.80214401022276,139.92833947629526,157.222853344152,0,1.0,,epidemiology_change,1,1,True,0.74,baseline,1.0,11572156.89092275,510.2187117521623,244.50578851692865,epidemiology_change,109,73.35173655507859,0.0,1.33,78.0
2024-04-01,124,North,Therapy A,156.73037597029125,156.73037597029125,0.0,16.802036493995992,139.4900346135592,156.73037597029125,0,1.0,,epidemiology_change,1,1,True,0.74,baseline,1.0,11576967.60832784,510.4308172446962,244.6074332028373,epidemiology_change,109,73.38222996085119,0.0,1.33,78.0
2024-05-01,125,North,Therapy A,156.2931202074777,156.2931202074777,0.0,16.803085593918485,139.10087698465514,156.2931202074777,0,1.0,,epidemiology_change,1,1,True,0.74,baseline,1.0,11581780.325619567,510.643010912632,244.7091201439508,epidemiology_change,109,73.41273604318523,0.0,1.33,78.0
2024-06-01,126,North,Therapy A,155.90598140816817,155.90598140816817,0.0,16.805104423513026,138.7563234532697,155.90598140816817,0,1.0,,epidemiology_change,1,1,True,0.74,baseline,1.0,11586595.043629318,510.8552927926255,244.8108493578352,epidemiology_change,109,73.44325480735056,0.0,1.33,78.0
2024-07-01,127,North,Therapy A,155.56425944162842,155.56425944162842,0.0,16.80793598835874,138.45219090304928,155.56425944162842,0,1.0,,epidemiology_change,1,1,True,0.74,baseline,1.0,11591411.763188817,511.0676629213476,244.91262086206396,epidemiology_change,109,73.47378625861917,0.0,1.33,78.0
2024-08-01,128,North,Therapy A,155.26363942342314,155.26363942342314,0.0,16.811448520373855,138.1846390868466,155.26363942342314,0,1.0,,epidemiology_change,1,1,True,0.74,baseline,1.0,11596230.48513014,511.280121335485,245.01443467421777,epidemiology_change,109,73.50433040226532,0.0,1.33,78.0
2024-09-01,129,North,Therapy A,155.000170591984,155.000170591984,0.0,16.815531505137372,137.95015182686575,155.000170591984,0,1.0,,epidemiology_change,1,1,True,0.74,baseline,1.0,11601051.21028571,511.4926680717392,245.1162908118848,epidemiology_change,109,73.53488724356544,0.0,1.33,78.0
2024-10-01,130,North,Therapy A,154.77024413711126,154.77024413711126,0.0,16.82009231024551,137.74551728202903,154.77024413711126,0,1.0,,epidemiology_change,1,1,True,0.74,baseline,1.0,11605873.939488284,511.70530316682647,245.21818929266013,epidemiology_change,109,73.56545678779804,0.0,1.33,78.0
2024-11-01,131,North,Therapy A,154.57057061340006,154.57057061340006,0.0,16.82505333137104,137.56780784592607,154.57057061340006,0,1.0,,epidemiology_change,1,1,True,0.74,baseline,1.0,11610698.673570983,511.9180266574795,245.3201301341467,epidemiology_change,109,73.59603904024401,0.0,1.33,78.0
2024-12-01,132,North,Therapy A,154.39815742774508,154.39815742774508,0.0,16.830349581819007,137.4143601106931,154.39815742774508,0,1.0,,epidemiology_change,1,1,True,0.74,baseline,1.0,11615525.413367262,512.1308385804455,245.42211335395436,epidemiology_change,109,73.6266340061863,0.0,1.33,78.0
2025-01-01,133,North,Therapy A,154.25028677103165,154.25028677103165,0.0,16.83592666033852,137.28275522621814,154.25028677103165,0,1.0,,epidemiology_change,1,1,True,0.74,baseline,1.0,11620354.159710929,512.3437389724868,245.5241389697003,epidemiology_change,109,73.65724169091008,0.0,1.33,78.0
2025-02-01,134,North,Therapy A,154.12449426661212,154.12449426661212,0.0,16.841739040393982,137.17079989728478,154.12449426661212,0,1.0,,epidemiology_change,1,1,True,0.74,baseline,1.0,11625184.913436128,512.5567278703817,245.62620699900933,epidemiology_change,109,73.6878620997028,0.0,1.33,78.0
2025-03-01,135,North,Therapy A,154.01854852911475,154.01854852911475,0.0,16.847748631829987,137.07650819091214,154.01854852911475,0,1.0,,epidemiology_change,1,1,True,0.74,baseline,1.0,11630017.67537736,512.7698053109231,245.72831745951328,epidemiology_change,109,73.71849523785399,0.0,1.33,78.0
2025-04-01,136,North,Therapy A,153.93043176371302,153.93043176371302,0.0,16.853923572800884,136.99808426970458,153.93043176371302,0,1.0,,epidemiology_change,1,1,True,0.74,baseline,1.0,11634852.446369477,512.9829713309197,245.8304703688515,epidemiology_change,109,73.74914111065544,0.0,1.33,78.0
2025-05-01,137,North,Therapy A,153.85832148567263,153.85832148567263,0.0,16.860237215968063,136.93390612224863,153.85832148567263,0,1.0,,epidemiology_change,1,1,True,0.74,baseline,1.0,11639689.227247665,513.196225967195,245.9326657446705,epidemiology_change,109,73.77979972340114,0.0,1.33,78.0
2025-06-01,138,North,Therapy A,153.80057340057806,153.80057340057806,0.0,16.866667278329437,136.88251032651448,153.80057340057806,0,1.0,,epidemiology_change,1,1,True,0.74,baseline,1.0,11644528.018847464,513.4095692565886,246.0349036046244,epidemiology_change,109,73.81047108138732,0.0,1.33,78.0
2025-07-01,139,North,Therapy A,153.75570545520586,153.75570545520586,0.0,16.873195128691382,136.8425778551332,153.75570545520586,0,1.0,,epidemiology_change,1,1,True,0.74,baseline,1.0,11649368.822004762,513.6230012359545,246.1371839663743,epidemiology_change,109,73.84115518991229,0.0,1.33,78.0
2025-08-01,140,North,Therapy A,153.7223830459261,153.7223830459261,0.0,16.879805190792894,136.81292091087423,153.7223830459261,0,1.0,,epidemiology_change,1,1,True,0.74,baseline,1.0,11654211.637555793,513.8365219421624,246.23950684758887,epidemiology_change,109,73.87185205427666,0.0,1.33,78.0
2025-09-01,141,North,Therapy A,153.69940535438917,153.69940535438917,0.0,16.88648444351493,136.79247076540636,153.69940535438917,0,1.0,,epidemiology_change,1,1,True,0.74,baseline,1.0,11659056.466337137,514.0501314120976,246.3418722659441,epidemiology_change,109,73.90256167978322,0.0,1.33,78.0
2025-10-01,142,North,Therapy A,153.68569276793303,153.68569276793303,0.0,16.893222002526677,136.7802665634604,153.68569276793303,0,1.0,,epidemiology_change,1,1,True,0.74,baseline,1.0,11663903.309185728,514.2638296826606,246.44428023912343,epidemiology_change,109,73.93328407173702,0.0,1.33,78.0
2025-11-01,143,North,Therapy A,153.68027533365927,153.68027533365927,0.0,16.900008770198852,136.77544504695675,153.68027533365927,0,1.0,,epidemiology_change,1,1,True,0.74,baseline,1.0,11668752.166938838,514.4776167907669,246.5467307848174,epidemiology_change,109,73.96401923544522,0.0,1.33,78.0
2025-12-01,144,North,Therapy A,153.68228218967076,153.68228218967076,0.0,16.906837142714,136.77723114880698,153.68228218967076,0,1.0,,epidemiology_change,1,1,True,0.74,baseline,1.0,11673603.040434098,514.6914927733475,246.649223920724,epidemiology_change,109,73.9947671762172,0.0,1.33,78.0
2014-01-01,1,South,Therapy A,74.72084002176172,74.72084002176172,0.0,8.049032172970552,68.74317282002077,74.72084002176172,0,1.0,,early_market_before_b_launch,1,1,True,0.6,baseline,1.0,10000000.0,291.4125,139.65,baseline,1,41.895,249.858,0.0,
2014-02-01,2,South,Therapy A,77.75153054472385,77.75153054472385,0.0,9.008357724703076,71.53140810114594,77.75153054472385,0,1.0,,early_market_before_b_launch,1,1,True,0.6,baseline,1.0,10004157.14844729,291.5336445021896,139.7080545780664,baseline,1,41.91241637341992,0.0,0.0,
2014-03-01,3,South,Therapy A,81.53555598934228,81.53555598934228,0.0,10.004147888196345,75.0127115101949,81.53555598934228,0,1.0,,early_market_before_b_launch,1,1,True,0.6,baseline,1.0,10008316.0250829,291.65483936594705,139.7661332902827,baseline,1,41.92983998708481,0.0,0.0,
2014-04-01,4,South,Therapy A,86.03441904445481,86.03441904445481,0.0,11.021707534259908,79.15166552089842,86.03441904445481,0,1.0,,early_market_before_b_launch,1,1,True,0.6,baseline,1.0,10012476.630625268,291.77608461220854,139.82423614668184,baseline,1,41.94727084400455,0.0,0.0,
2014-05-01,5,South,Therapy A,91.19667475767208,91.19667475767208,0.0,12.04500923677366,83.90094077705831,91.19667475767208,0,1.0,,early_market_before_b_launch,1,1,True,0.6,baseline,1.0,10016638.965793122,291.8973802619188,139.88236315730094,baseline,1,41.96470894719028,0.0,0.0,
2014-06-01,6,South,Therapy A,96.95862797780757,96.95862797780757,0.0,13.057687200749257,89.20193773958296,96.95862797780757,0,1.0,,early_market_before_b_launch,1,1,True,0.6,baseline,1.0,10020803.031305492,292.0187263360311,139.94051433218115,baseline,1,41.98215429965435,0.0,0.0,
2014-07-01,7,South,Therapy A,103.2460127937976,103.2460127937976,0.0,14.04407505421463,94.9863317702938,103.2460127937976,0,1.0,,early_market_before_b_launch,1,1,True,0.6,baseline,1.0,10024968.82788171,292.1401228555079,139.99868968136812,baseline,1,41.99960690441044,0.0,0.0,
2014-08-01,8,South,Therapy A,109.97648213675733,109.97648213675733,0.0,14.990150366463538,101.17836356581674,109.97648213675733,0,1.0,,early_market_before_b_launch,1,1,True,0.6,baseline,1.0,10029136.356241409,292.2615698413199,140.05688921491125,baseline,1,42.01706676447338,0.0,0.0,
2014-09-01,9,South,Therapy A,117.0626330175632,117.0626330175632,0.0,15.88426945174647,107.69762237615814,117.0626330175632,0,1.0,,early_market_before_b_launch,1,1,True,0.6,baseline,1.0,10033305.617104506,292.3830673144467,140.11511294286444,baseline,1,42.03453388285933,0.0,0.0,
2014-10-01,10,South,Therapy A,124.41524262641776,124.41524262641776,0.0,16.717620250259607,114.46202321630432,124.41524262641776,0,1.0,,early_market_before_b_launch,1,1,True,0.6,baseline,1.0,10037476.61119124,292.5046152958768,140.1733608752857,baseline,1,42.05200826258571,0.0,0.0,
2014-11-01,11,South,Therapy A,131.9463983827543,131.9463983827543,0.0,17.48437516644998,121.39068651213395,131.9463983827543,0,1.0,,early_market_before_b_launch,1,1,True,0.6,baseline,1.0,10041649.339222131,292.6262138066069,140.23163302223708,baseline,1,42.06948990667112,0.0,0.0,
2014-12-01,12,South,Therapy A,139.57226136156848,139.57226136156848,0.0,18.181574849434533,128.406480452643,139.57226136156848,0,1.0,,early_market_before_b_launch,1,1,True,0.6,baseline,1.0,10045823.80191801,292.7478628676431,140.28992939378497,baseline,1,42.08697881813549,0.0,0.0,
2015-01-01,13,South,Therapy A,147.21528782505573,147.21528782505573,0.0,18.80880737241273,135.43806479905126,147.21528782505573,0,1.0,,early_market_before_b_launch,1,1,True,0.6,baseline,1.0,10049999.999999998,292.8695624999999,140.34824999999998,baseline,1,42.104475,0.0,0.0,
2015-02-01,14,South,Therapy A,154.80582603847137,154.80582603847137,0.0,19.36776123942011,142.42135995539363,154.80582603847137,0,1.0,,early_market_before_b_launch,1,1,True,0.6,baseline,1.0,10054177.934189526,292.9913127247005,140.40659485095676,baseline,1,42.12197845528703,0.0,0.0,
2015-03-01,15,South,Therapy A,162.283087379939,162.283087379939,0.0,19.86172742454534,149.3004403895439,162.283087379939,0,1.0,,early_market_before_b_launch,1,1,True,0.6,baseline,1.0,10058357.605208317,293.1131135627768,140.46496395673412,baseline,1,42.13948918702024,0.0,0.0,
2015-04-01,16,South,Therapy A,169.59555149740743,169.59555149740743,0.0,20.29511110786356,156.02790737761484,169.59555149740743,0,1.0,,early_market_before_b_launch,1,1,True,0.6,baseline,1.0,10062539.013778394,293.2349650352696,140.52335732741528,baseline,1,42.15700719822458,0.0,0.0,
2015-05-01,17,South,Therapy A,176.70090184195817,176.70090184195817,0.0,20.67299446434332,162.5648296946015,176.70090184195817,0,1.0,,early_market_before_b_launch,1,1,True,0.6,baseline,1.0,10066722.160622085,293.35686716322823,140.5817749730874,baseline,1,42.174532491926215,0.0,0.0,
2015-06-01,18,South,Therapy A,183.5656026964,183.5656026964,0.0,21.000773001798457,168.88035448068797,183.5656026964,0,1.0,,early_market_before_b_launch,1,1,True,0.6,baseline,1.0,10070907.046462016,293.4788199677112,140.64021690384203,baseline,1,42.192065071152605,0.0,0.0,
2015-07-01,19,South,Therapy A,188.4072346150148,188.4072346150148,0.0,19.526880134326813,173.3346558458136,188.4072346150148,0,1.0,,b_launch_growth,1,1,True,0.6,baseline,1.0,10075093.67202112,293.6008234697854,140.6986831297749,baseline,1,42.20960493893247,0.0,0.55,12.0
2015-08-01,20,South,Therapy A,192.86086804507863,192.86086804507863,0.0,19.526212199265085,177.43199860147237,192.86086804507863,0,1.0,,b_launch_growth,1,1,True,0.6,baseline,1.0,10079282.038022611,293.72287769052645,140.7571736609858,baseline,1,42.22715209829573,0.0,0.55,12.0
2015-09-01,21,South,Therapy A,196.89753724230303,196.89753724230303,0.0,19.465538640830697,181.1457342629188,196.89753724230303,0,1.0,,b_launch_growth,1,1,True,0.6,baseline,1.0,10083472.145190028,293.8449826510189,140.81568850757876,baseline,1,42.24470655227363,0.0,0.55,12.0
2015-10-01,22,South,Therapy A,200.4953688231741,200.4953688231741,0.0,19.34963456025526,184.4557393173201,200.4953688231741,0,1.0,,b_launch_growth,1,1,True,0.6,baseline,1.0,10087663.994247196,293.9671383723561,140.8742276796621,baseline,1,42.26226830389863,0.0,0.55,12.0
2015-11-01,23,South,Therapy A,203.6395685455286,203.6395685455286,0.0,19.18382922820845,187.3484030618863,203.6395685455286,0,1.0,,b_launch_growth,1,1,True,0.6,baseline,1.0,10091857.585918242,294.08934487563994,140.93279118734824,baseline,1,42.27983735620448,0.0,0.55,12.0
2015-12-01,24,South,Therapy A,206.32250775422304,206.32250775422304,0.0,18.97410469233674,189.8167071338852,206.32250775422304,0,1.0,,b_launch_growth,1,1,True,0.6,baseline,1.0,10096052.9209276,294.2116021819814,140.99137904075394,baseline,1,42.29741371222618,0.0,0.55,12.0
2016-01-01,25,South,Therapy A,208.5438385461053,208.5438385461053,0.0,18.727131412220125,191.8603314624169,208.5438385461053,0,1.0,,b_launch_growth,1,1,True,0.6,baseline,1.0,10100249.999999998,294.3339103124999,141.04999124999995,baseline,1,42.31499737499998,0.0,0.55,12.0
2016-02-01,26,South,Therapy A,210.31054319543156,210.31054319543156,0.0,18.45021173301463,193.485699739797,210.31054319543156,0,1.0,,b_launch_growth,1,1,True,0.6,baseline,1.0,10104448.823860472,294.456269288324,141.1086278252115,baseline,1,42.33258834756345,0.0,0.55,12.0
2016-03-01,27,South,Therapy A,211.6368177925166,211.6368177925166,0.0,18.151118052719585,194.70587236911527,211.6368177925166,0,1.0,,b_launch_growth,1,1,True,0.6,baseline,1.0,10108649.393234355,294.5786791305906,141.16728877651775,baseline,1,42.35018663295532,0.0,0.55,12.0
2016-04-01,28,South,Therapy A,212.5437057662301,212.5437057662301,0.0,17.837833397114856,195.5402093049317,212.5437057662301,0,1.0,,b_launch_growth,1,1,True,0.6,baseline,1.0,10112851.708847284,294.70113986044595,141.22597411405235,baseline,1,42.367792234215706,0.0,0.55,12.0
2016-05-01,29,South,Therapy A,213.05843253742935,213.05843253742935,0.0,17.518223232497704,196.01375793443503,213.05843253742935,0,1.0,,b_launch_growth,1,1,True,0.6,baseline,1.0,10117055.771425191,294.8236514990444,141.28468384795283,baseline,1,42.38540515438585,0.0,0.55,12.0
2016-06-01,30,South,Therapy A,213.213441013219,213.213441013219,0.0,17.199683078783977,196.15636573216148,213.213441013219,0,1.0,,b_launch_growth,1,1,True,0.6,baseline,1.0,10121261.581694327,294.9462140675498,141.3434179883613,baseline,1,42.40302539650839,0.0,0.55,12.0
2016-07-01,31,South,Therapy A,213.04517796047003,213.04517796047003,0.0,16.88881222830854,196.0015637236324,213.04517796047003,0,1.0,,b_launch_growth,1,1,True,0.6,baseline,1.0,10125469.140381224,295.0688275871342,141.40217654542374,baseline,1,42.42065296362712,0.0,0.55,12.0
2016-08-01,32,South,Therapy A,212.59272175394835,212.59272175394835,0.0,16.59115803031595,195.58530401363248,212.59272175394835,0,1.0,,b_launch_growth,1,1,True,0.6,baseline,1.0,10129678.448212724,295.1914920789791,141.46095952929073,baseline,1,42.43828785878722,0.0,0.55,12.0
2016-09-01,33,South,Therapy A,211.8963639194967,211.8963639194967,0.0,16.311059905864237,194.94465480593695,211.8963639194967,0,1.0,,b_launch_growth,1,1,True,0.6,baseline,1.0,10133889.505915975,295.31420756427394,141.51976695011663,baseline,1,42.455930085034986,0.0,0.55,12.0
2016-10-01,34,South,Therapy A,210.99625724688917,210.99625724688917,0.0,16.051602440952166,194.116556667138,210.99625724688917,0,1.0,,b_launch_growth,1,1,True,0.6,baseline,1.0,10138102.31421843,295.4369740642178,141.5785988180604,baseline,1,42.47357964541811,0.0,0.55,12.0
2016-11-01,35,South,Therapy A,209.93122487677653,209.93122487677653,0.0,15.814668209638551,193.1367268866344,209.93122487677653,0,1.0,,b_launch_growth,1,1,True,0.6,baseline,1.0,10142316.873847833,295.5597916000182,141.637455143285,baseline,1,42.4912365429855,0.0,0.55,12.0
2016-12-01,36,South,Therapy A,208.7377945711117,208.7377945711117,0.0,15.601067684477286,192.03877100542277,208.7377945711117,0,1.0,,b_launch_growth,1,1,True,0.6,baseline,1.0,10146533.185532236,295.68266019289126,141.69633593595768,baseline,1,42.5089007807873,0.0,0.55,12.0
2017-01-01,37,South,Therapy A,207.4494884998248,207.4494884998248,0.0,15.410717494402036,190.8535294198388,207.4494884998248,0,1.0,,b_launch_growth,1,1,True,0.6,baseline,1.0,10150751.249999996,295.80557986406234,141.7552412062499,baseline,1,42.526572361874976,0.0,0.55,12.0
2017-02-01,38,South,Therapy A,206.0963682122436,206.0963682122436,0.0,15.24283879240481,189.6086587552641,206.0963682122436,0,1.0,,b_launch_growth,1,1,True,0.6,baseline,1.0,10154971.067979772,295.9285506347655,141.8141709643375,baseline,1,42.54425128930125,0.0,0.55,12.0
2017-03-01,39,South,Therapy A,204.70481127470188,204.70481127470188,0.0,15.09615251943776,188.32842637272572,204.70481127470188,0,1.0,,b_launch_growth,1,1,True,0.6,baseline,1.0,10159192.640200526,296.05157252624355,141.87312522040034,baseline,1,42.5619375661201,0.0,0.55,12.0
2017-04-01,40,South,Therapy A,203.29748181215285,203.29748181215285,0.0,14.969055439427104,187.03368326718063,203.29748181215285,0,1.0,,b_launch_growth,1,1,True,0.6,baseline,1.0,10163415.96739152,296.1746455597481,141.9321039846226,baseline,1,42.57963119538677,0.0,0.55,12.0
2017-05-01,41,South,Therapy A,201.89345120924,201.89345120924,0.0,14.859767942059372,185.7419751125008,201.89345120924,0,1.0,,b_launch_growth,1,1,True,0.6,baseline,1.0,10167641.050282318,296.2977697565396,141.99110726719258,baseline,1,42.59733218015777,0.0,0.55,12.0
2017-06-01,42,South,Therapy A,200.50842562274696,200.50842562274696,0.0,14.766450510246171,184.4677515729272,200.50842562274696,0,1.0,,b_launch_growth,1,1,True,0.6,baseline,1.0,10171867.889602795,296.42094513788754,142.0501350783031,baseline,1,42.615040523490926,0.0,0.55,12.0
2017-07-01,43,South,Therapy A,199.15504149952875,199.15504149952875,0.0,14.687289926601553,183.22263817956645,199.15504149952875,0,1.0,,b_launch_growth,1,1,True,0.6,baseline,1.0,10176096.486083128,296.54417172507,142.10918742815088,baseline,1,42.63275622844526,0.0,0.55,12.0
2017-08-01,44,South,Therapy A,197.84319696412703,197.84319696412703,0.0,14.620558784560622,182.0157412069969,197.84319696412703,0,1.0,,b_launch_growth,1,1,True,0.6,baseline,1.0,10180326.840453789,296.6674495393738,142.1682643269371,baseline,1,42.65047929808113,0.0,0.55,12.0
2017-09-01,45,South,Therapy A,196.58039420526387,196.58039420526387,0.0,14.564652998266984,180.8539626688428,196.58039420526387,0,1.0,,b_launch_growth,1,1,True,0.6,baseline,1.0,10184558.953445558,296.7907786020954,142.22736578486723,baseline,1,42.66820973546017,0.0,0.55,12.0
2017-10-01,46,South,Therapy A,195.372074851098,195.372074851098,0.0,14.518112182255202,179.74230886301015,195.372074851098,0,1.0,,b_launch_growth,1,1,True,0.6,baseline,1.0,10188792.82578952,296.9141589345388,142.28649181215064,baseline,1,42.68594754364519,0.0,0.55,12.0
2017-11-01,47,South,Therapy A,194.2219362388028,194.2219362388028,0.0,14.479627375792658,178.6841813396986,194.2219362388028,0,1.0,,b_launch_growth,1,1,True,0.6,baseline,1.0,10193028.458217071,297.03759055801817,142.3456424190014,baseline,1,42.703692725700414,0.0,0.55,12.0
2017-12-01,48,South,Therapy A,193.1322212501459,193.1322212501459,0.0,14.448039910447308,177.68164355013425,193.1322212501459,0,1.0,,b_launch_growth,1,1,True,0.6,baseline,1.0,10197265.851459896,297.16107349385567,142.40481761563746,baseline,1,42.72144528469124,0.0,0.55,12.0
2018-01-01,49,South,Therapy A,192.1039780117863,192.1039780117863,0.0,14.42233446165208,176.7356597708434,192.1039780117863,0,1.0,,b_launch_growth,1,1,True,0.6,baseline,1.0,10201505.006249996,297.28460776338267,142.46401741228118,baseline,1,42.73920522368435,0.0,0.55,12.0
2018-02-01,50,South,Therapy A,191.13728837476984,191.13728837476984,0.0,14.401628603926442,175.84630530478825,191.13728837476984,0,1.0,,b_launch_growth,1,1,True,0.6,baseline,1.0,10205745.923319671,297.4081933879393,142.5232418191592,baseline,1,42.756972545747765,0.0,0.55,12.0
2018-03-01,51,South,Therapy A,190.2314658687987,190.2314658687987,0.0,14.385160564010452,175.0129485992948,190.2314658687987,0,1.0,,b_launch_growth,1,1,True,0.6,baseline,1.0,10209988.603401529,297.5318303888747,142.5824908465023,baseline,1,42.77474725395069,0.0,0.55,12.0
2018-04-01,52,South,Therapy A,189.3852249560457,189.3852249560457,0.0,14.372276356750904,174.23440695956205,189.3852249560457,0,1.0,,b_launch_growth,1,1,True,0.6,baseline,1.0,10214233.047228476,297.6555187875468,142.64176450454565,baseline,1,42.79252935136369,0.0,0.55,12.0
2018-05-01,53,South,Therapy A,188.59682405243524,188.59682405243524,0.0,14.362417092873196,173.50907812824042,188.59682405243524,0,1.0,,b_launch_growth,1,1,True,0.6,baseline,1.0,10218479.25553373,297.7792586053223,142.70106280352854,baseline,1,42.81031884105856,0.0,0.55,12.0
2018-06-01,54,South,Therapy A,187.86418508047797,187.86418508047797,0.0,14.355106952237527,172.8350502740397,187.86418508047797,0,1.0,,b_launch_growth,1,1,True,0.6,baseline,1.0,10222727.22905081,297.9030498635769,142.76038575369455,baseline,1,42.828115726108365,0.0,0.55,12.0
2018-07-01,55,South,Therapy A,187.1849923771925,187.1849923771925,0.0,14.349942103152795,172.21019298701708,187.1849923771925,0,1.0,,b_launch_growth,1,1,True,0.6,baseline,1.0,10226976.96851354,298.02689258369526,142.81973336529165,baseline,1,42.84592000958749,0.0,0.55,12.0
2018-08-01,56,South,Therapy A,186.5567736871028,186.5567736871028,0.0,14.346580700085726,171.63223179213458,186.5567736871028,0,1.0,,b_launch_growth,1,1,True,0.6,baseline,1.0,10231228.474656053,298.1507867870707,142.87910564857177,baseline,1,42.86373169457153,0.0,0.55,12.0
2018-09-01,57,South,Therapy A,185.97696578501447,185.97696578501447,0.0,14.344733992879904,171.09880852221332,185.97696578501447,0,1.0,,b_launch_growth,1,1,True,0.6,baseline,1.0,10235481.748212785,298.2747324951057,142.93850261379148,baseline,1,42.881550784137445,0.0,0.55,12.0
2018-10-01,58,South,Therapy A,185.4429670395171,185.4429670395171,0.0,14.344158517303772,170.60752967635574,185.4429670395171,0,1.0,,b_launch_growth,1,1,True,0.6,baseline,1.0,10239736.789918467,298.3987297292115,142.9979242712114,baseline,1,42.89937728136341,0.0,0.55,12.0
2018-11-01,59,South,Therapy A,184.95217897539692,184.95217897539692,0.0,14.344649299041215,170.1560046573652,184.95217897539692,0,1.0,,b_launch_growth,1,1,True,0.6,baseline,1.0,10243993.600508155,298.5227785108083,143.0573706310964,baseline,1,42.91721118932892,0.0,0.55,12.0
2018-12-01,60,South,Therapy A,184.50203864060504,184.50203864060504,0.0,14.346033983239838,169.74187554935662,184.50203864060504,0,1.0,,b_launch_growth,1,1,True,0.6,baseline,1.0,10248252.180717194,298.6468788613249,143.11684170371564,baseline,1,42.93505251111469,0.0,0.55,12.0
2019-01-01,61,South,Therapy A,184.09004334296537,184.09004334296537,0.0,14.34816779360875,169.36283987552815,184.09004334296537,0,1.0,,access_expansion,1,1,True,0.6,baseline,1.0,10252512.531281244,298.7710308021996,143.1763374993426,baseline,1,42.95290124980278,0.0,0.55,12.0
2019-02-01,62,South,Therapy A,183.7137691001232,183.7137691001232,0.0,14.350929224595053,169.01666757211336,183.7137691001232,0,1.0,,access_expansion,1,1,True,0.6,baseline,1.0,10256774.652936269,298.895234354879,143.235858028255,baseline,1,42.970757408476494,0.0,0.55,12.0
2019-03-01,63,South,Therapy A,183.3708839465104,183.3708839465104,0.0,14.354216374396987,168.7012132307895,183.3708839465104,0,1.0,,access_expansion,1,1,True,0.6,baseline,1.0,10261038.546418533,299.01948954081905,143.29540330073482,baseline,1,42.98862099022045,0.0,0.55,12.0
2019-04-01,64,South,Therapy A,183.0591570642349,183.0591570642349,0.0,14.357943833445402,168.41442449909613,183.0591570642349,0,1.0,,access_expansion,1,1,True,0.6,baseline,1.0,10265304.212464616,299.1437963814845,143.35497332706836,baseline,1,43.00649199812051,0.0,0.55,12.0
2019-05-01,65,South,Therapy A,182.7764645502268,182.7764645502268,0.0,14.36204005113064,168.15434738620863,182.7764645502268,0,1.0,,access_expansion,1,1,True,0.6,baseline,1.0,10269571.6518114,299.26815489834894,143.4145681175462,baseline,1,43.024370435263855,0.0,0.55,12.0
2019-06-01,66,South,Therapy A,182.52079249828537,182.52079249828537,0.0,14.36644511207674,167.91912909842256,182.52079249828537,0,1.0,,access_expansion,1,1,True,0.6,baseline,1.0,10273840.865196062,299.3925651128948,143.47418768246305,baseline,1,43.042256304738906,0.0,0.55,12.0
2019-07-01,67,South,Therapy A,182.290237960035,182.290237960035,0.0,14.371108861612448,167.7070189232322,182.290237960035,0,1.0,,access_expansion,1,1,True,0.6,baseline,1.0,10278111.853356108,299.51702704661363,143.53383203211803,baseline,1,43.06014960963541,0.0,0.55,12.0
2019-08-01,68,South,Therapy A,182.0830082511647,182.0830082511647,0.0,14.375989327932508,167.5163675910715,182.0830082511647,0,1.0,,access_expansion,1,1,True,0.6,baseline,1.0,10282384.617029332,299.64154072100604,143.59350117681464,baseline,1,43.07805035304439,0.0,0.55,12.0
2019-09-01,69,South,Therapy A,181.89741898668413,181.89741898668413,0.0,14.381051395612628,167.3456254677494,181.89741898668413,0,1.0,,access_expansion,1,1,True,0.6,baseline,1.0,10286659.156953843,299.76610615758125,143.65319512686045,baseline,1,43.09595853805813,0.0,0.55,12.0
2019-10-01,70,South,Therapy A,181.73189115931612,181.73189115931612,0.0,14.386265691566722,167.19333986657085,181.73189115931612,0,1.0,,access_expansion,1,1,True,0.6,baseline,1.0,10290935.47386806,299.8907233778576,143.71291389256746,baseline,1,43.11387416777024,0.0,0.55,12.0
2019-11-01,71,South,Therapy A,181.5849475167813,181.5849475167813,0.0,14.391607650210464,167.0581517154388,181.5849475167813,0,1.0,,access_expansion,1,1,True,0.6,baseline,1.0,10295213.568510694,300.0153924033623,143.77265748425185,baseline,1,43.13179724527556,0.0,0.55,12.0
2019-12-01,72,South,Therapy A,181.45520844499157,181.45520844499157,0.0,14.397056729552736,166.93879176939222,181.45520844499157,0,1.0,,access_expansion,1,1,True,0.6,baseline,1.0,10299493.44162078,300.14011325563155,143.8324259122342,baseline,1,43.14972777367026,0.0,0.55,12.0
2020-01-01,73,South,Therapy A,181.34138752362296,181.34138752362296,0.0,14.402595754230758,166.83407652173315,181.34138752362296,0,1.0,,access_expansion,1,1,True,0.6,baseline,1.0,10303775.09393765,300.2648859562105,143.89221918683927,baseline,1,43.16766575605178,0.0,0.55,12.0
2020-02-01,74,South,Therapy A,181.2422868869321,181.2422868869321,0.0,14.40821036519895,166.74290393597755,181.2422868869321,0,1.0,,access_expansion,1,1,True,0.6,baseline,1.0,10308058.52620095,300.3897105266534,143.95203731839626,baseline,1,43.18561119551888,0.0,0.55,12.0
2020-03-01,75,South,Therapy A,181.1567924949208,181.1567924949208,0.0,14.41388855894323,166.6642490953271,181.1567924949208,0,1.0,,access_expansion,1,1,True,0.6,baseline,1.0,10312343.739150625,300.5145869885231,144.01188031723845,baseline,1,43.20356409517154,0.0,0.55,12.0
2020-04-01,76,South,Therapy A,181.0838693971137,181.0838693971137,0.0,14.41962030178657,166.5971598453446,181.0838693971137,0,1.0,,access_expansion,1,1,True,0.6,baseline,1.0,10316630.73352694,300.63951536339187,144.07174819370368,baseline,1,43.22152445811111,0.0,0.55,12.0
2020-05-01,77,South,Therapy A,181.0225570524838,181.0225570524838,0.0,14.425397207139175,166.54075248828508,181.0225570524838,0,1.0,,access_expansion,1,1,True,0.6,baseline,1.0,10320919.510070452,300.7644956728405,144.1316409581339,baseline,1,43.23949228744016,0.0,0.55,12.0
2020-06-01,78,South,Therapy A,180.97196475376927,180.97196475376927,0.0,14.431212265484197,166.49420757346772,180.97196475376927,0,1.0,,access_expansion,1,1,True,0.6,baseline,1.0,10325210.069522042,300.8895279384592,144.19155862087533,baseline,1,43.2574675862626,0.0,0.55,12.0
2020-07-01,79,South,Therapy A,180.93126719199395,180.93126719199395,0.0,14.437059618526249,166.45676581663443,180.93126719199395,0,1.0,,access_expansion,1,1,True,0.6,baseline,1.0,10329502.412622888,301.0146121818467,144.25150119227862,baseline,1,43.27545035768359,0.0,0.55,12.0
2020-08-01,80,South,Therapy A,180.89970018694493,180.89970018694493,0.0,14.44293437031053,166.42772417198935,180.89970018694493,0,1.0,,access_expansion,1,1,True,0.6,baseline,1.0,10333796.54011448,301.13974842461107,144.31146868269872,baseline,1,43.29344060480961,0.0,0.55,12.0
2020-09-01,81,South,Therapy A,180.87655660127132,180.87655660127132,0.0,14.448832429281993,166.40643207316964,180.87655660127132,0,1.0,,access_expansion,1,1,True,0.6,baseline,1.0,10338092.452738617,301.2649366883691,144.37146110249475,baseline,1,43.31143833074842,0.0,0.55,12.0
2020-10-01,82,South,Therapy A,180.86118244940107,180.86118244940107,0.0,14.454750376231434,166.39228785344898,180.86118244940107,0,1.0,,access_expansion,1,1,True,0.6,baseline,1.0,10342390.151237397,301.39017699474675,144.43147846203024,baseline,1,43.32944353860907,0.0,0.55,12.0
2020-11-01,83,South,Therapy A,180.85297320734503,180.85297320734503,0.0,14.460685353896045,166.38473535075744,180.85297320734503,0,1.0,,access_expansion,1,1,True,0.6,baseline,1.0,10346689.636353243,301.515469365379,144.49152077167307,baseline,1,43.34745623150192,0.0,0.55,12.0
2020-12-01,84,South,Therapy A,180.8513703254281,180.8513703254281,0.0,14.466634974670692,166.38326069939387,180.8513703254281,0,1.0,,access_expansion,1,1,True,0.6,baseline,1.0,10350990.90882888,301.6408138219096,144.55158804179533,baseline,1,43.3654764125386,0.0,0.55,12.0
2021-01-01,85,South,Therapy A,180.01310180187386,180.01310180187386,0.0,13.629841102479997,165.61205365772395,180.01310180187386,0,1.0,,overlapping_competitor_launch,1,1,True,0.6,baseline,1.0,10355293.969407337,301.7662103859915,144.61168028277345,baseline,1,43.38350408483203,0.0,1.1,78.0
2021-02-01,86,South,Therapy A,179.11445502389765,179.11445502389765,0.0,13.5024013661737,164.78529862198585,179.11445502389765,0,1.0,,overlapping_competitor_launch,1,1,True,0.6,baseline,1.0,10359598.818831952,301.8916590792866,144.67179750498823,baseline,1,43.40153925149647,0.0,1.1,78.0
2021-03-01,87,South,Therapy A,178.144989288047,178.144989288047,0.0,13.359690666061168,163.89339014500325,178.144989288047,0,1.0,,overlapping_competitor_launch,1,1,True,0.6,baseline,1.0,10363905.45784638,302.0171599234657,144.73193971882466,baseline,1,43.4195819156474,0.0,1.1,78.0
2021-04-01,88,South,Therapy A,177.09514376693286,177.09514376693286,0.0,13.201753621929605,162.92753226557824,177.09514376693286,0,1.0,,overlapping_competitor_launch,1,1,True,0.6,baseline,1.0,10368213.887194572,302.14271294020887,144.79210693467223,baseline,1,43.43763208040167,0.0,1.1,78.0
2021-05-01,89,South,Therapy A,175.9567158844972,175.9567158844972,0.0,13.029183618918966,161.88017861373743,175.9567158844972,0,1.0,,overlapping_competitor_launch,1,1,True,0.6,baseline,1.0,10372524.107620804,302.2683181512047,144.8522991629245,baseline,1,43.45568974887736,0.0,1.1,78.0
2021-06-01,90,South,Therapy A,174.72337326047216,174.72337326047216,0.0,12.84319464673472,160.74550339963437,174.72337326047216,0,1.0,,overlapping_competitor_launch,1,1,True,0.6,baseline,1.0,10376836.119869651,302.3939755781515,144.91251641397972,baseline,1,43.47375492419391,0.0,1.1,78.0
2021-07-01,91,South,Therapy A,173.39115287470435,173.39115287470435,0.0,12.645649475069977,159.519860644728,173.39115287470435,0,1.0,,overlapping_competitor_launch,1,1,True,0.6,baseline,1.0,10381149.924686002,302.51968524275594,144.97275869824003,baseline,1,43.491827609472,0.0,1.1,78.0
2021-08-01,92,South,Therapy A,171.9588905701797,171.9588905701797,0.0,12.439029925451694,158.20217932456532,171.9588905701797,0,1.0,,overlapping_competitor_launch,1,1,True,0.6,baseline,1.0,10385465.522815049,302.6454471667341,145.0330260261122,baseline,1,43.509907807833656,0.0,1.1,78.0
2021-09-01,93,South,Therapy A,170.428521430024,170.428521430024,0.0,12.226342105458682,156.7942397156221,170.428521430024,0,1.0,,overlapping_competitor_launch,1,1,True,0.6,baseline,1.0,10389782.915002303,302.7712613718109,145.0933184080072,baseline,1,43.52799552240216,0.0,1.1,78.0
2021-10-01,94,South,Therapy A,168.80519974679976,168.80519974679976,0.0,12.010960031177673,155.30078376705578,168.80519974679976,0,1.0,,overlapping_competitor_launch,1,1,True,0.6,baseline,1.0,10394102.101993583,302.89712787972053,145.15363585434042,baseline,1,43.54609075630213,0.0,1.1,78.0
2021-11-01,95,South,Therapy A,167.09720657927767,167.09720657927767,0.0,11.7964228122219,153.72943005293544,167.09720657927767,0,1.0,,overlapping_competitor_launch,1,1,True,0.6,baseline,1.0,10398423.084535012,303.0230467122059,145.21397837553144,baseline,1,43.56419351265943,0.0,1.1,78.0
2021-12-01,96,South,Therapy A,165.31564035929114,165.31564035929114,0.0,11.586210306355683,152.09038913054783,165.31564035929114,0,1.0,,overlapping_competitor_launch,1,1,True,0.6,baseline,1.0,10402745.863373024,303.1490178910191,145.2743459820043,baseline,1,43.58230379460129,0.0,1.1,78.0
2022-01-01,97,South,Therapy A,163.47391600262077,163.47391600262077,0.0,11.383526872072949,150.3960027224111,163.47391600262077,0,1.0,,overlapping_competitor_launch,1,1,True,0.6,baseline,1.0,10407070.439254371,303.2750414379215,145.33473868418733,baseline,1,43.600421605256194,0.0,1.1,78.0
2022-02-01,98,South,Therapy A,161.58712374345694,161.58712374345694,0.0,11.19112102104584,148.6601538439804,161.58712374345694,0,1.0,,overlapping_competitor_launch,1,1,True,0.6,baseline,1.0,10411396.81292611,303.401117374683,145.39515649251314,baseline,1,43.61854694775394,0.0,1.1,78.0
2022-03-01,99,South,Therapy A,159.67131484991455,159.67131484991455,0.0,11.011161005934149,146.8976096619214,159.67131484991455,0,1.0,,overlapping_competitor_launch,1,1,True,0.6,baseline,1.0,10415724.985135607,303.527245723083,145.45559941741877,baseline,1,43.63667982522563,0.0,1.1,78.0
2022-04-01,100,South,Therapy A,157.7427848101721,157.7427848101721,0.0,10.845175148250732,145.12336202535835,157.7427848101721,0,1.0,,overlapping_competitor_launch,1,1,True,0.6,baseline,1.0,10420054.956630545,303.6534265049099,145.5160674693456,baseline,1,43.65482024080367,0.0,1.1,78.0
2022-05-01,101,South,Therapy A,155.8174163097698,155.8174163097698,0.0,10.694054284411475,143.3520230049882,155.8174163097698,0,1.0,,overlapping_competitor_launch,1,1,True,0.6,baseline,1.0,10424386.728158908,303.7796597419608,145.57656065873914,baseline,1,43.67296819762174,0.0,1.1,78.0
2022-06-01,102,South,Therapy A,153.9101278799271,153.9101278799271,0.0,10.5581048749389,141.59731764953293,153.9101278799271,0,1.0,,overlapping_competitor_launch,1,1,True,0.6,baseline,1.0,10428720.300468998,303.90594545604216,145.63707899604955,baseline,1,43.69112369881486,0.0,1.1,78.0
2022-07-01,103,South,Therapy A,152.0344541962374,152.0344541962374,0.0,10.437136546704464,135.31066423465128,152.0344541962374,0,1.0,,persistence_change,1,1,True,0.6,baseline,1.0,10433055.67430943,304.0322836689697,145.6976224917312,baseline,1,43.70928674751936,0.0,1.1,78.0
2022-08-01,104,South,Therapy A,145.6412313569831,145.6412313569831,0.0,10.330567122331829,129.62069590771495,145.6412313569831,0,1.0,,persistence_change,1,1,True,0.6,baseline,1.0,10437392.850429123,304.15867440256767,145.7581911562427,baseline,1,43.72745734687281,0.0,1.1,78.0
2022-09-01,105,South,Therapy A,139.8582264095015,139.8582264095015,0.0,10.237530501786564,124.47382150445634,139.8582264095015,0,1.0,,persistence_change,1,1,True,0.6,baseline,1.0,10441731.829577316,304.2851176786699,145.8187850000472,baseline,1,43.74563550001416,0.0,1.1,78.0
2022-10-01,106,South,Therapy A,134.6307981782967,134.6307981782967,0.0,10.156976673840337,119.82141037868404,134.6307981782967,0,1.0,,persistence_change,1,1,True,0.6,baseline,1.0,10446072.61250355,304.41161351911904,145.87940403361208,baseline,1,43.76382121008362,0.0,1.1,78.0
2022-11-01,107,South,Therapy A,129.9091677445136,129.9091677445136,0.0,10.087757365829551,115.61915929261713,129.9091677445136,0,1.0,,persistence_change,1,1,True,0.6,baseline,1.0,10450415.199957686,304.5381619457669,145.94004826740908,baseline,1,43.78201448022272,0.0,1.1,78.0
2022-12-01,108,South,Therapy A,125.64785381691652,125.64785381691652,0.0,10.028694524299397,111.8265898970557,125.64785381691652,0,1.0,,persistence_change,1,1,True,0.6,baseline,1.0,10454759.592689889,304.6647629804742,146.00071771191432,baseline,1,43.80021531357429,0.0,1.1,78.0
2023-01-01,109,South,Therapy A,121.80522144670432,121.80522144670432,0.0,9.978631549648606,108.40664708756684,121.80522144670432,0,1.0,,persistence_change,1,1,True,0.6,baseline,1.0,10459105.791450642,304.791416645111,146.0614123776082,baseline,1,43.81842371328246,0.0,1.1,78.0
2023-02-01,110,South,Therapy A,118.34311601885103,118.34311601885103,0.0,9.9364689312842,105.32537325677744,118.34311601885103,0,1.0,,persistence_change,1,1,True,0.6,baseline,1.0,10463453.79699074,304.9181229615564,146.12213227497568,baseline,1,43.8366396824927,0.0,1.1,78.0
2023-03-01,111,South,Therapy A,115.22656005591824,115.22656005591824,0.0,9.901186799140818,102.55163844976724,115.22656005591824,0,1.0,,persistence_change,1,1,True,0.6,baseline,1.0,10467803.610061286,305.04488195169847,146.1828774145059,baseline,1,43.85486322435177,0.0,1.1,78.0
2023-04-01,112,South,Therapy A,112.42349560518966,112.42349560518966,0.0,9.871857155422424,100.0569110886188,112.42349560518966,0,1.0,,persistence_change,1,1,True,0.6,baseline,1.0,10472155.231413696,305.1716936374344,146.24364780669228,baseline,1,43.87309434200768,0.0,1.1,78.0
2023-05-01,113,South,Therapy A,109.90455949510796,109.90455949510796,0.0,9.847648406489183,97.81505795064608,109.90455949510796,0,1.0,,persistence_change,1,1,True,0.6,baseline,1.0,10476508.6617997,305.29855804067046,146.3044434620328,baseline,1,43.89133303860984,0.0,1.1,78.0
2023-06-01,114,South,Therapy A,107.642882414991,107.642882414991,0.0,9.827824464344904,95.80216534934198,107.642882414991,0,1.0,,persistence_change,1,1,True,0.6,baseline,1.0,10480863.901971342,305.4254751833223,146.36526439102977,baseline,1,43.90957931730893,0.0,1.1,78.0
2023-07-01,115,South,Therapy A,106.7913144412068,106.7913144412068,0.0,10.989149091864826,95.04426985267406,106.7913144412068,0,1.0,,epidemiology_change,1,1,True,0.6,baseline,1.0,10485220.952680975,342.21873849779223,163.99724387669264,epidemiology_change,109,49.19917316300779,0.0,1.1,78.0
2023-08-01,116,South,Therapy A,106.01896515771998,106.01896515771998,0.0,10.974695305045906,94.35687899037076,106.01896515771998,0,1.0,,epidemiology_change,1,1,True,0.6,baseline,1.0,10489579.81468127,342.36100390753023,164.06541996546682,epidemiology_change,109,49.21962598964004,0.0,1.1,78.0
2023-09-01,117,South,Therapy A,105.32013882983864,105.32013882983864,0.0,10.963259839467868,93.7349235585564,105.32013882983864,0,1.0,,epidemiology_change,1,1,True,0.6,baseline,1.0,10493940.488725202,342.5033284591109,164.13362439605316,epidemiology_change,109,49.240087318815945,0.0,1.1,78.0
2023-10-01,118,South,Therapy A,104.68930070410968,104.68930070410968,0.0,10.954377145553275,93.1734776266576,104.68930070410968,0,1.0,,epidemiology_change,1,1,True,0.6,baseline,1.0,10498302.975566069,342.64571217712034,164.20185718023373,epidemiology_change,109,49.26055715407012,0.0,1.1,78.0
2023-11-01,119,South,Therapy A,104.12112693928276,104.12112693928276,0.0,10.94764931262515,92.66780297596164,104.12112693928276,0,1.0,,epidemiology_change,1,1,True,0.6,baseline,1.0,10502667.275957473,342.78815508615514,164.27011832979562,epidemiology_change,109,49.281035498938685,0.0,1.1,78.0
2023-12-01,120,South,Therapy A,103.61054050386235,103.61054050386235,0.0,10.942737527900713,92.21338104843753,103.61054050386235,0,1.0,,epidemiology_change,1,1,True,0.6,baseline,1.0,10507033.390653338,342.9306572108218,164.33840785653075,epidemiology_change,109,49.301522356959225,0.0,1.1,78.0
2024-01-01,121,South,Therapy A,103.15273525305868,103.15273525305868,0.0,10.93935420462115,91.8059343752222,103.15273525305868,0,1.0,,epidemiology_change,1,1,True,0.6,baseline,1.0,10511401.320407895,343.07321857573703,164.40672577223586,epidemiology_change,109,49.32201773167076,0.0,1.1,78.0
2024-02-01,122,South,Therapy A,102.74319024881191,102.74319024881191,0.0,10.937255873589702,91.4414393214426,102.74319024881191,0,1.0,,epidemiology_change,1,1,True,0.6,baseline,1.0,10515771.065975692,343.2158392055278,164.4750720887126,epidemiology_change,109,49.34252162661378,0.0,1.1,78.0
2024-03-01,123,South,Therapy A,102.37767618374858,102.37767618374858,0.0,10.936236862305972,91.11613180353623,102.37767618374858,0,1.0,,epidemiology_change,1,1,True,0.6,baseline,1.0,10520142.62811159,343.3585191248317,164.54344681776777,epidemiology_change,109,49.36303404533033,0.0,1.1,78.0
2024-04-01,124,South,Therapy A,102.05225554451428,102.05225554451428,0.0,10.936123740978042,90.82650743461772,102.05225554451428,0,1.0,,epidemiology_change,1,1,True,0.6,baseline,1.0,10524516.007570764,343.5012583582961,164.61184997121282,epidemiology_change,109,49.383554991363845,0.0,1.1,78.0
2024-05-01,125,South,Therapy A,101.76327792243252,101.76327792243252,0.0,10.936770487814805,90.56931735096494,101.76327792243252,0,1.0,,epidemiology_change,1,1,True,0.6,baseline,1.0,10528891.205108697,343.6440569305787,164.68028156086413,epidemiology_change,109,49.40408446825924,0.0,1.1,78.0
2024-06-01,126,South,Therapy A,101.50737166261764,101.50737166261764,0.0,10.938054311652692,90.34156077972968,101.50737166261764,0,1.0,,epidemiology_change,1,1,True,0.6,baseline,1.0,10533268.221481198,343.7869148663476,164.74874159854312,epidemiology_change,109,49.424622479562935,0.0,1.1,78.0
2024-07-01,127,South,Therapy A,101.28143284378804,101.28143284378804,0.0,10.939872064058362,90.14047523097136,101.28143284378804,0,1.0,,epidemiology_change,1,1,True,0.6,baseline,1.0,10537647.05744438,343.9298321902812,164.81723009607606,epidemiology_change,109,49.44516902882282,0.0,1.1,78.0
2024-08-01,128,South,Therapy A,101.08261240357098,101.08261240357098,0.0,10.942137172599615,89.96352503917817,101.08261240357098,0,1.0,,epidemiology_change,1,1,True,0.6,baseline,1.0,10542027.713754674,344.0728089270678,164.8857470652941,epidemiology_change,109,49.46572411958823,0.0,1.1,78.0
2024-09-01,129,South,Therapy A,100.9083020690649,100.9083020690649,0.0,10.944777029886742,89.80838884146776,100.9083020690649,0,1.0,,epidemiology_change,1,1,True,0.6,baseline,1.0,10546410.191168826,344.2158451014064,164.95429251803338,epidemiology_change,109,49.48628775541001,0.0,1.1,78.0
2024-10-01,130,South,Therapy A,100.75611961926784,100.75611961926784,0.0,10.947730777800096,89.67294646114838,100.75611961926784,0,1.0,,epidemiology_change,1,1,True,0.6,baseline,1.0,10550794.490443897,344.3589407380059,165.02286646613487,epidemiology_change,109,49.50685993984046,0.0,1.1,78.0
2024-11-01,131,South,Therapy A,100.62389389320693,100.62389389320693,0.0,10.950947432058546,89.55526556495417,100.62389389320693,0,1.0,,epidemiology_change,1,1,True,0.6,baseline,1.0,10555180.612337258,344.5020958615859,165.0914689214446,epidemiology_change,109,49.52744067643338,0.0,1.1,78.0
2024-12-01,132,South,Therapy A,100.5096498632622,100.5096498632622,0.0,10.95438429830804,89.45358837830337,100.5096498632622,0,1.0,,epidemiology_change,1,1,True,0.6,baseline,1.0,10559568.557606602,344.64531049687577,165.16009989581335,epidemiology_change,109,49.548029968744,0.0,1.1,78.0
2025-01-01,133,South,Therapy A,100.41159401512392,100.41159401512392,0.0,10.958005636820538,89.36631867346028,100.41159401512392,0,1.0,,epidemiology_change,1,1,True,0.6,baseline,1.0,10563958.327009937,344.7885846686156,165.228759401097,epidemiology_change,109,49.5686278203291,0.0,1.1,78.0
2025-02-01,134,South,Therapy A,100.32810021191614,100.32810021191614,0.0,10.961781538455856,89.29200918860536,100.32810021191614,0,1.0,,epidemiology_change,1,1,True,0.6,baseline,1.0,10568349.92130557,344.9319184015554,165.29744744915612,epidemiology_change,109,49.58923423474683,0.0,1.1,78.0
2025-03-01,135,South,Therapy A,100.25769616823357,100.25769616823357,0.0,10.965686979628204,89.22934958972787,100.25769616823357,0,1.0,,epidemiology_change,1,1,True,0.6,baseline,1.0,10572743.341252146,345.07531172045583,165.3661640518566,epidemiology_change,109,49.60984921555698,0.0,1.1,78.0
2025-04-01,136,South,Therapy A,100.19905061831123,100.19905061831123,0.0,10.969701028583357,89.177155050297,100.19905061831123,0,1.0,,epidemiology_change,1,1,True,0.6,baseline,1.0,10577138.587608617,345.2187646500875,165.43490922106884,epidemiology_change,109,49.63047276632065,0.0,1.1,78.0
2025-05-01,137,South,Therapy A,100.15096122962365,100.15096122962365,0.0,10.973806179326644,89.13435549436505,100.15096122962365,0,1.0,,epidemiology_change,1,1,True,0.6,baseline,1.0,10581535.66113424,345.3622772152316,165.5036829686684,epidemiology_change,109,49.65110489060052,0.0,1.1,78.0
2025-06-01,138,South,Therapy A,100.11234328743232,100.11234328743232,0.0,10.977987793067252,89.09998552581476,100.11234328743232,0,1.0,,epidemiology_change,1,1,True,0.6,baseline,1.0,10585934.562588604,345.50584944067936,165.57248530653584,epidemiology_change,109,49.67174559196075,0.0,1.1,78.0
2025-07-01,139,South,Therapy A,100.08221915591388,100.08221915591388,0.0,10.982233630099136,89.07317504876336,100.08221915591388,0,1.0,,epidemiology_change,1,1,True,0.6,baseline,1.0,10590335.2927316,345.6494813512325,165.6413162465564,epidemiology_change,109,49.692394873966926,0.0,1.1,78.0
2025-08-01,140,South,Therapy A,100.05970850643146,100.05970850643146,0.0,10.98653345766811,89.053140570724,100.05970850643146,0,1.0,,epidemiology_change,1,1,True,0.6,baseline,1.0,10594737.852323446,345.79317297170314,165.7101758006206,epidemiology_change,109,49.71305274018618,0.0,1.1,78.0
2025-09-01,141,South,Therapy A,100.04401929234874,100.04401929234874,0.0,10.990878721624735,89.03917717019037,100.04401929234874,0,1.0,,epidemiology_change,1,1,True,0.6,baseline,1.0,10599142.24212467,345.9369243269134,165.77906398062356,epidemiology_change,109,49.73371919418707,0.0,1.1,78.0
2025-10-01,142,South,Therapy A,100.03443944177135,100.03443944177135,0.0,10.995262271581003,89.03065110317652,100.03443944177135,0,1.0,,epidemiology_change,1,1,True,0.6,baseline,1.0,10603548.462896116,346.080735441696,165.84798079846558,epidemiology_change,109,49.75439423953967,0.0,1.1,78.0
2025-11-01,143,South,Therapy A,100.0303292340941,100.0303292340941,0.0,10.99967813091757,89.02699301834375,100.0303292340941,0,1.0,,epidemiology_change,1,1,True,0.6,baseline,1.0,10607956.515398944,346.2246063408938,165.9169262660518,epidemiology_change,109,49.77507787981554,0.0,1.1,78.0
2025-12-01,144,South,Therapy A,100.03111432271189,100.03111432271189,0.0,11.00412130436814,89.02769174721358,100.03111432271189,0,1.0,,epidemiology_change,1,1,True,0.6,baseline,1.0,10612366.400394635,346.3685370493602,165.98590039529245,epidemiology_change,109,49.79577011858773,0.0,1.1,78.0
2014-01-01,1,West,Therapy A,80.32408287490011,80.32408287490011,0.0,9.667451899294644,73.89815624490811,80.32408287490011,0,1.0,,early_market_before_b_launch,1,1,True,0.65,baseline,1.0,10000000.0,330.2675,158.27,baseline,1,47.481,249.858,0.0,
2014-02-01,2,West,Therapy A,84.68995553768565,84.68995553768565,0.0,10.791799292777544,77.9147590946708,84.68995553768565,0,1.0,,early_market_before_b_launch,1,1,True,0.65,baseline,1.0,10004157.14844729,330.40479710248155,158.3357951884753,baseline,1,47.500738556542586,0.0,0.0,
2014-03-01,3,West,Therapy A,89.86755454886136,89.86755454886136,0.0,11.952795454190571,82.67815018495246,89.86755454886136,0,1.0,,early_market_before_b_launch,1,1,True,0.65,baseline,1.0,10008316.0250829,330.5421512814067,158.40161772898708,baseline,1,47.520485318696124,0.0,0.0,
2014-04-01,4,West,Therapy A,95.81097477004585,95.81097477004585,0.0,13.132824585093392,88.14609678844218,95.81097477004585,0,1.0,,early_market_before_b_launch,1,1,True,0.65,baseline,1.0,10012476.630625268,330.679562560503,158.46746763290608,baseline,1,47.54024028987183,0.0,0.0,
2014-05-01,5,West,Therapy A,102.45919972553558,102.45919972553558,0.0,14.313102937093404,94.26246374749272,102.45919972553558,0,1.0,,early_market_before_b_launch,1,1,True,0.65,baseline,1.0,10016638.965793122,330.817030963508,158.53334491160774,baseline,1,47.56000347348232,0.0,0.0,
2014-06-01,6,West,Therapy A,109.737325749678,109.737325749678,0.0,15.474862002185285,100.95833968970376,109.737325749678,0,1.0,,early_market_before_b_launch,1,1,True,0.65,baseline,1.0,10020803.031305492,330.95455651416864,158.59924957647203,baseline,1,47.579774872941606,0.0,0.0,
2014-07-01,7,West,Therapy A,117.55886816586433,117.55886816586433,0.0,16.600528476160566,108.15415871259518,117.55886816586433,0,1.0,,early_market_before_b_launch,1,1,True,0.65,baseline,1.0,10024968.82788171,331.0921392362423,158.6651816388839,baseline,1,47.59955449166516,0.0,0.0,
2014-08-01,8,West,Therapy A,125.82890556711897,125.82890556711897,0.0,17.67474685452379,115.76259312174945,125.82890556711897,0,1.0,,early_market_before_b_launch,1,1,True,0.65,baseline,1.0,10029136.356241409,331.2297791534959,158.73114111023276,baseline,1,47.619342333069824,0.0,0.0,
2014-09-01,9,West,Therapy A,134.44771810273522,134.44771810273522,0.0,18.685124980985783,123.6919006545164,134.44771810273522,0,1.0,,early_market_before_b_launch,1,1,True,0.65,baseline,1.0,10033305.617104506,331.3674762897062,158.797128001913,baseline,1,47.6391384005739,0.0,0.0,
2014-10-01,10,West,Therapy A,143.31454044496476,143.31454044496476,0.0,19.62263979044836,131.8493772093676,143.31454044496476,0,1.0,,early_market_before_b_launch,1,1,True,0.65,baseline,1.0,10037476.61119124,331.5052306686603,158.8631423253238,baseline,1,47.65894269759713,0.0,0.0,
2014-11-01,11,West,Therapy A,152.33108003030145,152.33108003030145,0.0,20.481702820933847,140.14459362787733,152.33108003030145,0,1.0,,early_market_before_b_launch,1,1,True,0.65,baseline,1.0,10041649.339222131,331.6430423141545,158.92918409186868,baseline,1,47.6787552275606,0.0,0.0,
2014-12-01,12,West,Therapy A,161.4045303565812,161.4045303565812,0.0,21.25993672870388,148.4921679280547,161.4045303565812,0,1.0,,early_market_before_b_launch,1,1,True,0.65,baseline,1.0,10045823.80191801,331.7809112499956,158.99525331295635,baseline,1,47.698575993886905,0.0,0.0,
2015-01-01,13,West,Therapy A,170.44991315257278,170.44991315257278,0.0,21.95774522451809,156.81392010036694,170.44991315257278,0,1.0,,early_market_before_b_launch,1,1,True,0.65,baseline,1.0,10049999.999999998,331.91883749999994,159.06134999999998,baseline,1,47.71840499999999,0.0,0.0,
2015-02-01,14,West,Therapy A,179.3916878243378,179.3916878243378,0.0,22.577767723970844,165.04035279839076,179.3916878243378,0,1.0,,early_market_before_b_launch,1,1,True,0.65,baseline,1.0,10054177.934189526,332.05682108799385,159.1274741644176,baseline,1,47.73824224932528,0.0,0.0,
2015-03-01,15,West,Therapy A,188.1646538147081,188.1646538147081,0.0,23.124301016317325,173.11148150953144,188.1646538147081,0,1.0,,early_market_before_b_launch,1,1,True,0.65,baseline,1.0,10058357.605208317,332.19486203781366,159.19362581763198,baseline,1,47.75808774528959,0.0,0.0,
2015-04-01,16,West,Therapy A,196.71423230761675,196.71423230761675,0.0,23.6027507980853,180.9770937230074,196.71423230761675,0,1.0,,early_market_before_b_launch,1,1,True,0.65,baseline,1.0,10062539.013778394,332.3329603733055,159.25980497107062,baseline,1,47.77794149132119,0.0,0.0,
2015-05-01,17,West,Therapy A,204.99624694980977,204.99624694980977,0.0,24.01915322680235,188.596547193825,204.99624694980977,0,1.0,,early_market_before_b_launch,1,1,True,0.65,baseline,1.0,10066722.160622085,332.47111611832537,159.32601163616573,baseline,1,47.79780349084972,0.0,0.0,
2015-06-01,18,West,Therapy A,212.97633315611264,212.97633315611264,0.0,24.37978596228766,195.93822650362364,212.97633315611264,0,1.0,,early_market_before_b_launch,1,1,True,0.65,baseline,1.0,10070907.046462016,332.60932929673936,159.39224582435432,baseline,1,47.81767374730629,0.0,0.0,
2015-07-01,19,West,Therapy A,218.53349517151295,218.53349517151295,0.0,22.595268667889343,201.05081555779196,218.53349517151295,0,1.0,,b_launch_growth,1,1,True,0.65,baseline,1.0,10075093.67202112,332.74759993242344,159.45850754707823,baseline,1,47.83755226412347,0.0,0.6,12.0
2015-08-01,20,West,Therapy A,223.6256778411514,223.6256778411514,0.0,22.57486228335948,205.73562361385927,223.6256778411514,0,1.0,,b_launch_growth,1,1,True,0.65,baseline,1.0,10079282.038022611,332.8859280492633,159.5247968157839,baseline,1,47.857439044735166,0.0,0.6,12.0
2015-09-01,21,West,Therapy A,228.222154748128,228.222154748128,0.0,22.486531134268755,209.96438236827777,228.222154748128,0,1.0,,b_launch_growth,1,1,True,0.65,baseline,1.0,10083472.145190028,333.02431367115474,159.5911136419226,baseline,1,47.87733409257677,0.0,0.6,12.0
2015-10-01,22,West,Therapy A,232.30006257735675,232.30006257735675,0.0,22.33568020907897,213.7160575711682,232.30006257735675,0,1.0,,b_launch_growth,1,1,True,0.65,baseline,1.0,10087663.994247196,333.1627568220036,159.65745803695037,baseline,1,47.89723741108511,0.0,0.6,12.0
2015-11-01,23,West,Therapy A,235.84443148934085,235.84443148934085,0.0,22.128373918172645,216.9768769701936,235.84443148934085,0,1.0,,b_launch_growth,1,1,True,0.65,baseline,1.0,10091857.585918242,333.30125752572525,159.723830012328,baseline,1,47.9171490036984,0.0,0.6,12.0
2015-12-01,24,West,Therapy A,238.84833353686375,238.84833353686375,0.0,21.8714565666702,219.74046685391468,238.84833353686375,0,1.0,,b_launch_growth,1,1,True,0.65,baseline,1.0,10096052.9209276,333.43981580624563,159.79022957952114,baseline,1,47.93706887385634,0.0,0.6,12.0
2016-01-01,25,West,Therapy A,241.31306076143744,241.31306076143744,0.0,21.57259390752277,222.00801590052245,241.31306076143744,0,1.0,,b_launch_growth,1,1,True,0.65,baseline,1.0,10100249.999999998,333.5784316874999,159.85665674999998,baseline,1,47.95699702499999,0.0,0.6,12.0
2016-02-01,26,West,Therapy A,243.24821901542003,243.24821901542003,0.0,21.24020311489757,223.78836149418643,243.24821901542003,0,1.0,,b_launch_growth,1,1,True,0.65,baseline,1.0,10104448.823860472,333.71710519343384,159.9231115352397,baseline,1,47.97693346057192,0.0,0.6,12.0
2016-03-01,27,West,Therapy A,244.6716190815546,244.6716190815546,0.0,20.88325758736818,225.09788955503024,244.6716190815546,0,1.0,,b_launch_growth,1,1,True,0.65,baseline,1.0,10108649.393234355,333.85583634800275,159.98959394672016,baseline,1,47.99687818401605,0.0,0.6,12.0
2016-04-01,28,West,Therapy A,245.60886702667625,245.60886702667625,0.0,20.510977471645983,225.96015766454207,245.60886702667625,0,1.0,,b_launch_growth,1,1,True,0.65,baseline,1.0,10112851.708847284,333.994625175172,160.05610399592598,baseline,1,48.016831198777794,0.0,0.6,12.0
2016-05-01,29,West,Therapy A,246.0925989208354,246.0925989208354,0.0,20.132441256293266,226.40519100716855,246.0925989208354,0,1.0,,b_launch_growth,1,1,True,0.65,baseline,1.0,10117055.771425191,334.133471698917,160.12264169434656,baseline,1,48.03679250830397,0.0,0.6,12.0
2016-06-01,30,West,Therapy A,246.1613626258096,246.1613626258096,0.0,19.756171618641005,226.46845361574483,246.1613626258096,0,1.0,,b_launch_growth,1,1,True,0.65,baseline,1.0,10121261.581694327,334.2723759432231,160.1892070534761,baseline,1,48.05676211604283,0.0,0.6,12.0
2016-07-01,31,West,Therapy A,245.8582082721736,245.8582082721736,0.0,19.389754656428725,226.1895516103997,245.8582082721736,0,1.0,,b_launch_growth,1,1,True,0.65,baseline,1.0,10125469.140381224,334.4113379320856,160.2558000848136,baseline,1,48.07674002544408,0.0,0.6,12.0
2016-08-01,32,West,Therapy A,245.2290956579544,245.2290956579544,0.0,19.039544047554763,225.61076800531805,245.2290956579544,0,1.0,,b_launch_growth,1,1,True,0.65,baseline,1.0,10129678.448212724,334.55035768950955,160.32242079986278,baseline,1,48.096726239958834,0.0,0.6,12.0
2016-09-01,33,West,Therapy A,244.3212512780149,244.3212512780149,0.0,18.710483272696848,224.7755511757737,244.3212512780149,0,1.0,,b_launch_growth,1,1,True,0.65,baseline,1.0,10133889.505915975,334.68943523951054,160.38906921013222,baseline,1,48.11672076303967,0.0,0.6,12.0
2016-10-01,34,West,Therapy A,243.18160686348543,243.18160686348543,0.0,18.40605568771173,223.72707831440655,243.18160686348543,0,1.0,,b_launch_growth,1,1,True,0.65,baseline,1.0,10138102.31421843,334.82857060611354,160.4557453271351,baseline,1,48.13672359814053,0.0,0.6,12.0
2016-11-01,35,West,Therapy A,241.85542884020657,241.85542884020657,0.0,18.128350525799995,222.50699453299003,241.85542884020657,0,1.0,,b_launch_growth,1,1,True,0.65,baseline,1.0,10142316.873847833,334.96776381335394,160.52244916238968,baseline,1,48.1567347487169,0.0,0.6,12.0
2016-12-01,36,West,Therapy A,240.3852122588824,240.3852122588824,0.0,17.87821772589234,221.1543952781718,240.3852122588824,0,1.0,,b_launch_growth,1,1,True,0.65,baseline,1.0,10146533.185532236,335.10701488527684,160.58918072741875,baseline,1,48.176754218225625,0.0,0.6,12.0
2017-01-01,37,West,Therapy A,238.80987304452415,238.80987304452415,0.0,17.65547776635238,219.70508320096224,238.80987304452415,0,1.0,,b_launch_growth,1,1,True,0.65,baseline,1.0,10150751.249999996,335.2463238459373,160.65594003374994,baseline,1,48.19678201012498,0.0,0.6,12.0
2017-02-01,38,West,Therapy A,237.1642368093144,237.1642368093144,0.0,17.459153608352175,218.1910978645693,237.1642368093144,0,1.0,,b_launch_growth,1,1,True,0.65,baseline,1.0,10154971.067979772,335.3856907194008,160.72272709291582,baseline,1,48.216818127874745,0.0,0.6,12.0
2017-03-01,39,West,Therapy A,235.47879579635236,235.47879579635236,0.0,17.287697931783082,216.6404921326441,235.47879579635236,0,1.0,,b_launch_growth,1,1,True,0.65,baseline,1.0,10159192.640200526,335.5251155297427,160.78954191645374,baseline,1,48.23686257493612,0.0,0.6,12.0
2017-04-01,40,West,Therapy A,233.77968933733155,233.77968933733155,0.0,17.13919720468741,215.07731419034505,233.77968933733155,0,1.0,,b_launch_growth,1,1,True,0.65,baseline,1.0,10163415.96739152,335.6645983010478,160.85638451590555,baseline,1,48.25691535477167,0.0,0.6,12.0
2017-05-01,41,West,Therapy A,232.088856616124,232.088856616124,0.0,17.01154242577894,213.52174808683404,232.088856616124,0,1.0,,b_launch_growth,1,1,True,0.65,baseline,1.0,10167641.050282318,335.80413905741153,160.92325490281826,baseline,1,48.27697647084548,0.0,0.6,12.0
2017-06-01,42,West,Therapy A,230.4243112838581,230.4243112838581,0.0,16.90256319702409,211.99036638114947,230.4243112838581,0,1.0,,b_launch_growth,1,1,True,0.65,baseline,1.0,10171867.889602795,335.9437378229392,160.99015308874348,baseline,1,48.29704592662304,0.0,0.6,12.0
2017-07-01,43,West,Therapy A,228.8004929527705,228.8004929527705,0.0,16.810126571621023,210.49645351654885,228.8004929527705,0,1.0,,b_launch_growth,1,1,True,0.65,baseline,1.0,10176096.486083128,336.08339462174587,161.05707908523763,baseline,1,48.317123725571285,0.0,0.6,12.0
2017-08-01,44,West,Therapy A,227.22865846576727,227.22865846576727,0.0,16.732204949218474,209.05036578850596,227.22865846576727,0,1.0,,b_launch_growth,1,1,True,0.65,baseline,1.0,10180326.840453789,336.2231094779571,161.1240329038621,baseline,1,48.33720987115863,0.0,0.6,12.0
2017-09-01,45,West,Therapy A,225.71728433241765,225.71728433241765,0.0,16.666918543911706,207.65990158582423,225.71728433241765,0,1.0,,b_launch_growth,1,1,True,0.65,baseline,1.0,10184558.953445558,336.36288241570804,161.19101455618284,baseline,1,48.35730436685485,0.0,0.6,12.0
2017-10-01,46,West,Therapy A,224.27245969973157,224.27245969973157,0.0,16.612558113907298,206.330662923753,224.27245969973157,0,1.0,,b_launch_growth,1,1,True,0.65,baseline,1.0,10188792.82578952,336.50271345914405,161.25802405377075,baseline,1,48.377407216131225,0.0,0.6,12.0
2017-11-01,47,West,Therapy A,222.89825607780028,222.89825607780028,0.0,16.567593154047287,205.06639559157625,222.89825607780028,0,1.0,,b_launch_growth,1,1,True,0.65,baseline,1.0,10193028.458217071,336.6426026324206,161.32506140820158,baseline,1,48.39751842246047,0.0,0.6,12.0
2017-12-01,48,West,Therapy A,221.5970655426304,221.5970655426304,0.0,16.53066995105413,203.86930029922,221.5970655426304,0,1.0,,b_launch_growth,1,1,True,0.65,baseline,1.0,10197265.851459896,336.7825499597031,161.39212663105576,baseline,1,48.41763798931672,0.0,0.6,12.0
2018-01-01,49,West,Therapy A,220.3699033129534,220.3699033129534,0.0,16.500603013733446,202.74031104791712,220.3699033129534,0,1.0,,b_launch_growth,1,1,True,0.65,baseline,1.0,10201505.006249996,336.922555465167,161.45921973391867,baseline,1,48.4377659201756,0.0,0.6,12.0
2018-02-01,50,West,Therapy A,219.21667359862997,219.21667359862997,0.0,16.476362550712835,201.67933971073955,219.21667359862997,0,1.0,,b_launch_growth,1,1,True,0.65,baseline,1.0,10205745.923319671,337.0626191729979,161.52634072838043,baseline,1,48.45790221851413,0.0,0.6,12.0
2018-03-01,51,West,Therapy A,218.1363996535944,218.1363996535944,0.0,16.45705994285486,200.68548768130688,218.1363996535944,0,1.0,,b_launch_growth,1,1,True,0.65,baseline,1.0,10209988.603401529,337.2027411073914,161.593489626036,baseline,1,48.4780468878108,0.0,0.6,12.0
2018-04-01,52,West,Therapy A,217.12742024955656,217.12742024955656,0.0,16.441932568249698,199.75722662959203,217.12742024955656,0,1.0,,b_launch_growth,1,1,True,0.65,baseline,1.0,10214233.047228476,337.342921292553,161.66066643848507,baseline,1,48.49819993154552,0.0,0.6,12.0
2018-05-01,53,West,Therapy A,216.18755551063435,216.18755551063435,0.0,16.430328881042303,198.8925510697836,216.18755551063435,0,1.0,,b_launch_growth,1,1,True,0.65,baseline,1.0,10218479.25553373,337.4831597526986,161.72787117733236,baseline,1,48.51836135319971,0.0,0.6,12.0
2018-06-01,54,West,Therapy A,215.31424537478443,215.31424537478443,0.0,16.421694305000877,198.08910574480169,215.31424537478443,0,1.0,,b_launch_growth,1,1,True,0.65,baseline,1.0,10222727.22905081,337.6234565120538,161.79510385418718,baseline,1,48.53853115625615,0.0,0.6,12.0
2018-07-01,55,West,Therapy A,214.50466400271017,214.50466400271017,0.0,16.41555825790848,197.34429088249337,214.50466400271017,0,1.0,,b_launch_growth,1,1,True,0.65,baseline,1.0,10226976.96851354,337.76381159485453,161.8623644806638,baseline,1,48.55870934419914,0.0,0.6,12.0
2018-08-01,56,West,Therapy A,213.75581333536724,213.75581333536724,0.0,16.411522452873882,196.65534826853784,213.75581333536724,0,1.0,,b_launch_growth,1,1,True,0.65,baseline,1.0,10231228.474656053,337.9042250253468,161.92965306838138,baseline,1,48.57889592051441,0.0,0.6,12.0
2018-09-01,57,West,Therapy A,213.06459877772195,213.06459877772195,0.0,16.40925050918408,196.0194308755042,213.06459877772195,0,1.0,,b_launch_growth,1,1,True,0.65,baseline,1.0,10235481.748212785,338.0446968277865,161.9969696289637,baseline,1,48.59909088868911,0.0,0.6,12.0
2018-10-01,58,West,Therapy A,212.4278897087061,212.4278897087061,0.0,16.408458833201905,195.4336585320096,212.4278897087061,0,1.0,,b_launch_growth,1,1,True,0.65,baseline,1.0,10239736.789918467,338.18522702643975,162.0643141740396,baseline,1,48.61929425221188,0.0,0.6,12.0
2018-11-01,59,West,Therapy A,211.84256721910796,211.84256721910796,0.0,16.40890868709831,194.8951618415793,211.84256721910796,0,1.0,,b_launch_growth,1,1,True,0.65,baseline,1.0,10243993.600508155,338.3258156455827,162.13168671524258,baseline,1,48.63950601457277,0.0,0.6,12.0
2018-12-01,60,West,Therapy A,211.3055611823866,211.3055611823866,0.0,16.410399340807302,194.40111628779567,211.3055611823866,0,1.0,,b_launch_growth,1,1,True,0.65,baseline,1.0,10248252.180717194,338.4664627095016,162.19908726421104,baseline,1,48.65972617926331,0.0,0.6,12.0
2019-01-01,61,West,Therapy A,210.8138784815756,210.8138784815756,0.0,16.41276219377988,193.9487682030495,210.8138784815756,0,1.0,,access_expansion,1,1,True,0.65,baseline,1.0,10252512.531281244,338.60716824249283,162.26651583258823,baseline,1,48.67995474977648,0.0,0.6,12.0
2019-02-01,62,West,Therapy A,210.3646239560951,210.3646239560951,0.0,16.415855753045616,193.5354540396075,210.3646239560951,0,1.0,,access_expansion,1,1,True,0.65,baseline,1.0,10256774.652936269,338.7479322688629,162.33397243202234,baseline,1,48.7001917296067,0.0,0.6,12.0
2019-03-01,63,West,Therapy A,209.9550153989611,209.9550153989611,0.0,16.41956135935361,193.15861416704425,209.9550153989611,0,1.0,,access_expansion,1,1,True,0.65,baseline,1.0,10261038.546418533,338.88875481292825,162.40145707416613,baseline,1,48.72043712224984,0.0,0.6,12.0
2019-04-01,64,West,Therapy A,209.5823937284548,209.5823937284548,0.0,16.42377956141056,192.8158022301784,209.5823937284548,0,1.0,,access_expansion,1,1,True,0.65,baseline,1.0,10265304.212464616,339.0296358990157,162.46896977067746,baseline,1,48.74069093120324,0.0,0.6,12.0
2019-05-01,65,West,Therapy A,209.24422927806984,209.24422927806984,0.0,16.428427047891446,192.50469093582424,209.24422927806984,0,1.0,,access_expansion,1,1,True,0.65,baseline,1.0,10269571.6518114,339.1705755514621,162.536510533219,baseline,1,48.7609531599657,0.0,0.6,12.0
2019-06-01,66,West,Therapy A,208.93812499277092,208.93812499277092,0.0,16.433434056946723,192.2230749933493,208.93812499277092,0,1.0,,access_expansion,1,1,True,0.65,baseline,1.0,10273840.865196062,339.311573794614,162.60407937345806,baseline,1,48.78122381203742,0.0,0.6,12.0
2019-07-01,67,West,Therapy A,208.66181718608567,208.66181718608567,0.0,16.438742192736388,191.9688718111988,208.66181718608567,0,1.0,,access_expansion,1,1,True,0.65,baseline,1.0,10278111.853356108,339.4526306528289,162.67167630306716,baseline,1,48.80150289092015,0.0,0.6,12.0
2019-08-01,68,West,Therapy A,208.41317439891407,208.41317439891407,0.0,16.444302587715246,191.74012044700092,208.41317439891407,0,1.0,,access_expansion,1,1,True,0.65,baseline,1.0,10282384.617029332,339.5937461504735,162.73930133372326,baseline,1,48.821790400116974,0.0,0.6,12.0
2019-09-01,69,West,Therapy A,208.1901948047861,208.1901948047861,0.0,16.450074357785162,191.5349792204032,208.1901948047861,0,1.0,,access_expansion,1,1,True,0.65,baseline,1.0,10286659.156953843,339.7349203119253,162.8069544771085,baseline,1,48.84208634313254,0.0,0.6,12.0
2019-10-01,70,West,Therapy A,207.9910025253442,207.9910025253442,0.0,16.45602330494096,191.35172232331664,207.9910025253442,0,1.0,,access_expansion,1,1,True,0.65,baseline,1.0,10290935.47386806,339.8761531615719,162.87463574490977,baseline,1,48.86239072347293,0.0,0.6,12.0
2019-11-01,71,West,Therapy A,207.81384315198247,207.81384315198247,0.0,16.462120828665814,191.18873569982387,207.81384315198247,0,1.0,,access_expansion,1,1,True,0.65,baseline,1.0,10295213.568510694,340.0174447238105,162.94234514881873,baseline,1,48.882703544645615,0.0,0.6,12.0
2019-12-01,72,West,Therapy A,207.65707871294288,207.65707871294288,0.0,16.468343013119007,191.04451241590743,207.65707871294288,0,1.0,,access_expansion,1,1,True,0.65,baseline,1.0,10299493.44162078,340.15879502304904,163.01008270053208,baseline,1,48.90302481015962,0.0,0.6,12.0
2020-01-01,73,West,Therapy A,207.51918227807596,207.51918227807596,0.0,16.47466986216849,190.91764769582983,207.51918227807596,0,1.0,,access_expansion,1,1,True,0.65,baseline,1.0,10303775.09393765,340.30020408370524,163.07784841175118,baseline,1,48.92335452352536,0.0,0.6,12.0
2020-02-01,74,West,Therapy A,207.3987323544594,207.3987323544594,0.0,16.48108465862954,190.80683376610267,207.3987323544594,0,1.0,,access_expansion,1,1,True,0.65,baseline,1.0,10308058.52620095,340.44167193020724,163.1456422941825,baseline,1,48.943692688254735,0.0,0.6,12.0
2020-03-01,75,West,Therapy A,207.29440719385929,207.29440719385929,0.0,16.4875734277566,190.7108546183505,207.29440719385929,0,1.0,,access_expansion,1,1,True,0.65,baseline,1.0,10312343.739150625,340.58319858699286,163.21346435953694,baseline,1,48.96403930786108,0.0,0.6,12.0
2020-04-01,76,West,Therapy A,207.20497910652605,207.20497910652605,0.0,16.49412448817548,190.62858077800396,207.20497910652605,0,1.0,,access_expansion,1,1,True,0.65,baseline,1.0,10316630.73352694,340.7247840785108,163.28131461953086,baseline,1,48.98439438585925,0.0,0.6,12.0
2020-05-01,77,West,Therapy A,207.1293088541129,207.1293088541129,0.0,16.500728076108977,190.55896414578388,207.1293088541129,0,1.0,,access_expansion,1,1,True,0.65,baseline,1.0,10320919.510070452,340.8664284292193,163.34919308588505,baseline,1,49.00475792576551,0.0,0.6,12.0
2020-06-01,78,West,Therapy A,207.0663401767904,207.0663401767904,0.0,16.507376031006494,190.50103296264717,207.0663401767904,0,1.0,,access_expansion,1,1,True,0.65,baseline,1.0,10325210.069522042,341.0081316635871,163.41709977032536,baseline,1,49.02512993109761,0.0,0.6,12.0
2020-07-01,79,West,Therapy A,207.01509449524136,207.01509449524136,0.0,16.514061532594244,190.45388693562208,207.01509449524136,0,1.0,,access_expansion,1,1,True,0.65,baseline,1.0,10329502.412622888,341.14989380609296,163.48503468458247,baseline,1,49.04551040537474,0.0,0.6,12.0
2020-08-01,80,West,Therapy A,206.97466581659316,206.97466581659316,0.0,16.520778880971054,190.41669255126567,206.97466581659316,0,1.0,,access_expansion,1,1,True,0.65,baseline,1.0,10333796.54011448,341.29171488122586,163.55299784039187,baseline,1,49.06589935211756,0.0,0.6,12.0
2020-09-01,81,West,Therapy A,206.9442158639933,206.9442158639933,0.0,16.527523312727602,190.3886785948738,206.9442158639933,0,1.0,,access_expansion,1,1,True,0.65,baseline,1.0,10338092.452738617,341.433594913485,163.62098924949407,baseline,1,49.08629677484822,0.0,0.6,12.0
2020-10-01,82,West,Therapy A,206.922969442079,206.922969442079,0.0,16.53429084720519,190.3691318867127,206.922969442079,0,1.0,,access_expansion,1,1,True,0.65,baseline,1.0,10342390.151237397,341.5755339273797,163.6890089236343,baseline,1,49.10670267709029,0.0,0.6,12.0
2020-11-01,83,West,Therapy A,206.9102100446788,206.9102100446788,0.0,16.54107815796609,190.3573932411045,206.9102100446788,0,1.0,,access_expansion,1,1,True,0.65,baseline,1.0,10346689.636353243,341.7175319474296,163.75705687456283,baseline,1,49.127117062368846,0.0,0.6,12.0
2020-12-01,84,West,Therapy A,206.90527570645384,206.90527570645384,0.0,16.54788246534937,190.35285364993752,206.90527570645384,0,1.0,,access_expansion,1,1,True,0.65,baseline,1.0,10350990.90882888,341.8595889981642,163.82513311403468,baseline,1,49.14753993421041,0.0,0.6,12.0
2021-01-01,85,West,Therapy A,205.9287253414689,205.9287253414689,0.0,15.575871691531356,189.45442731415136,205.9287253414689,0,1.0,,overlapping_competitor_launch,1,1,True,0.65,baseline,1.0,10355293.969407337,342.0017051041237,163.8932376538099,baseline,1,49.16797129614297,0.0,1.2,78.0
2021-02-01,86,West,Therapy A,204.88234682908143,204.88234682908143,0.0,15.427919514930103,188.49175908275487,204.88234682908143,0,1.0,,overlapping_competitor_launch,1,1,True,0.65,baseline,1.0,10359598.818831952,342.14388028985815,163.96137050565332,baseline,1,49.188411151696,0.0,1.2,78.0
2021-03-01,87,West,Therapy A,203.75406388156784,203.75406388156784,0.0,15.26230479881288,187.4537387710424,203.75406388156784,0,1.0,,overlapping_competitor_launch,1,1,True,0.65,baseline,1.0,10363905.45784638,342.2861145799279,164.02953168133467,baseline,1,49.2088595044004,0.0,1.2,78.0
2021-04-01,88,West,Therapy A,202.5328357085631,202.5328357085631,0.0,15.079096937520708,186.33020885187807,202.5328357085631,0,1.0,,overlapping_competitor_launch,1,1,True,0.65,baseline,1.0,10368213.887194572,342.4284079989033,164.09772119262848,baseline,1,49.22931635778854,0.0,1.2,78.0
2021-05-01,89,West,Therapy A,201.209211743716,201.209211743716,0.0,14.87900289183792,185.11247480421872,201.209211743716,0,1.0,,overlapping_competitor_launch,1,1,True,0.65,baseline,1.0,10372524.107620804,342.5707605713654,164.16593905131447,baseline,1,49.24978171539434,0.0,1.2,78.0
2021-06-01,90,West,Therapy A,199.77592379556867,199.77592379556867,0.0,14.663448991349954,183.7938498919232,199.77592379556867,0,1.0,,overlapping_competitor_launch,1,1,True,0.65,baseline,1.0,10376836.119869651,342.71317232190506,164.234185269177,baseline,1,49.2702555807531,0.0,1.2,78.0
2021-07-01,91,West,Therapy A,198.2284615687343,198.2284615687343,0.0,14.434611676811144,182.37018464323555,198.2284615687343,0,1.0,,overlapping_competitor_launch,1,1,True,0.65,baseline,1.0,10381149.924686002,342.8556432751234,164.30245985800536,baseline,1,49.29073795740161,0.0,1.2,78.0
2021-08-01,92,West,Therapy A,196.5655655409411,196.5655655409411,0.0,14.19538089770556,180.8403202976658,196.5655655409411,0,1.0,,overlapping_competitor_launch,1,1,True,0.65,baseline,1.0,10385465.522815049,342.9981734556319,164.3707628295938,baseline,1,49.31122884887814,0.0,1.2,78.0
2021-09-01,93,West,Therapy A,194.78956853789705,194.78956853789705,0.0,13.949248240231247,179.2064030548653,194.78956853789705,0,1.0,,overlapping_competitor_launch,1,1,True,0.65,baseline,1.0,10389782.915002303,343.14076288805234,164.4390941957415,baseline,1,49.33172825872244,0.0,1.2,78.0
2021-10-01,94,West,Therapy A,192.9065272136965,192.9065272136965,0.0,13.700124158831253,177.4740050366008,192.9065272136965,0,1.0,,overlapping_competitor_launch,1,1,True,0.65,baseline,1.0,10394102.101993583,343.28341159701654,164.50745396825243,baseline,1,49.35223619047573,0.0,1.2,78.0
2021-11-01,95,West,Therapy A,190.92610729047007,190.92610729047007,0.0,13.452102253869276,175.65201870723246,190.92610729047007,0,1.0,,overlapping_competitor_launch,1,1,True,0.65,baseline,1.0,10398423.084535012,343.4261196071667,164.57584215893564,baseline,1,49.37275264768069,0.0,1.2,78.0
2021-12-01,96,West,Therapy A,188.8612183668621,188.8612183668621,0.0,13.209199659629611,173.7523208975131,188.8612183668621,0,1.0,,overlapping_competitor_launch,1,1,True,0.65,baseline,1.0,10402745.863373024,343.568886943155,164.64425877960483,baseline,1,49.39327763388145,0.0,1.2,78.0
2022-01-01,97,West,Therapy A,186.72742874612476,186.72742874612476,0.0,12.975107848611636,171.78923444643476,186.72742874612476,0,1.0,,overlapping_competitor_launch,1,1,True,0.65,baseline,1.0,10407070.439254371,343.7117136296444,164.712703842079,baseline,1,49.4138111526237,0.0,1.2,78.0
2022-02-01,98,West,Therapy A,184.5422202594372,184.5422202594372,0.0,12.752985813002423,169.77884263868222,184.5422202594372,0,1.0,,overlapping_competitor_launch,1,1,True,0.65,baseline,1.0,10411396.81292611,343.8545996913074,164.78117735818154,baseline,1,49.43435320745446,0.0,1.2,78.0
2022-03-01,99,West,Therapy A,182.3241610702286,182.3241610702286,0.0,12.54531843154637,167.7382281846103,182.3241610702286,0,1.0,,overlapping_competitor_launch,1,1,True,0.65,baseline,1.0,10415724.985135607,343.9975451528274,164.84967933974127,baseline,1,49.45490380192238,0.0,1.2,78.0
2022-04-01,100,West,Therapy A,180.09207796631077,180.09207796631077,0.0,12.35384978170046,165.6847117290059,180.09207796631077,0,1.0,,overlapping_competitor_launch,1,1,True,0.65,baseline,1.0,10420054.956630545,344.14055003889786,164.91820979859165,baseline,1,49.47546293957749,0.0,1.2,78.0
2022-05-01,101,West,Therapy A,177.8642997249358,177.8642997249358,0.0,12.17958799592988,163.63515574694094,177.8642997249358,0,1.0,,overlapping_competitor_launch,1,1,True,0.65,baseline,1.0,10424386.728158908,344.28361437422217,164.98676874657102,baseline,1,49.4960306239713,0.0,1.2,78.0
2022-06-01,102,West,Therapy A,175.65802392273184,175.65802392273184,0.0,12.022868175790892,161.6053820089133,175.65802392273184,0,1.0,,overlapping_competitor_launch,1,1,True,0.65,baseline,1.0,10428720.300468998,344.4267381835145,165.05535619552285,baseline,1,49.51660685865685,0.0,1.2,78.0
2022-07-01,103,West,Therapy A,173.48883651686305,173.48883651686305,0.0,11.883454507949743,154.4050645000081,173.48883651686305,0,1.0,,persistence_change,1,1,True,0.65,baseline,1.0,10433055.67430943,344.569921491499,165.12397215729536,baseline,1,49.53719164718861,0.0,1.2,78.0
2022-08-01,104,West,Therapy A,166.16572652765586,166.16572652765586,0.0,11.760662027647763,147.88749660961372,166.16572652765586,0,1.0,,persistence_change,1,1,True,0.65,baseline,1.0,10437392.850429123,344.7131643229101,165.19261664374176,baseline,1,49.557784993122524,0.0,1.2,78.0
2022-09-01,105,West,Therapy A,159.54097783804053,159.54097783804053,0.0,11.653481228426807,141.99147027585607,159.54097783804053,0,1.0,,persistence_change,1,1,True,0.65,baseline,1.0,10441731.829577316,344.85646670249264,165.26128966672022,baseline,1,49.57838690001606,0.0,1.2,78.0
2022-10-01,106,West,Therapy A,153.55216354775246,153.55216354775246,0.0,11.560693271896373,136.66142555749968,153.55216354775246,0,1.0,,persistence_change,1,1,True,0.65,baseline,1.0,10446072.61250355,344.9998286550016,165.32999123809367,baseline,1,49.5989973714281,0.0,1.2,78.0
2022-11-01,107,West,Therapy A,148.1423939929508,148.1423939929508,0.0,11.480968435451109,131.8467306537262,148.1423939929508,0,1.0,,persistence_change,1,1,True,0.65,baseline,1.0,10450415.199957686,345.14325020520243,165.39872136973028,baseline,1,49.619616410919086,0.0,1.2,78.0
2022-12-01,108,West,Therapy A,143.2596753198778,143.2596753198778,0.0,11.41294466615158,127.50111103469123,143.2596753198778,0,1.0,,persistence_change,1,1,True,0.65,baseline,1.0,10454759.592689889,345.28673137787075,165.46748007350286,baseline,1,49.64024402205086,0.0,1.2,78.0
2023-01-01,109,West,Therapy A,138.85639726428832,138.85639726428832,0.0,11.35528622959708,123.5821935652166,138.85639726428832,0,1.0,,persistence_change,1,1,True,0.65,baseline,1.0,10459105.791450642,345.4302721977925,165.5362673612893,baseline,1,49.66088020838679,0.0,1.2,78.0
2023-02-01,110,West,Therapy A,134.8889179667623,134.8889179667623,0.0,11.306724401545706,120.05113699041846,134.8889179667623,0,1.0,,persistence_change,1,1,True,0.65,baseline,1.0,10463453.79699074,345.573872689764,165.60508324497246,baseline,1,49.68152497349174,0.0,1.2,78.0
2023-03-01,111,West,Therapy A,131.317220119445,131.317220119445,0.0,11.266083129026544,116.87232590630606,131.317220119445,0,1.0,,persistence_change,1,1,True,0.65,baseline,1.0,10467803.610061286,345.7175328785916,165.67392773643996,baseline,1,49.70217832093199,0.0,1.2,78.0
2023-04-01,112,West,Therapy A,128.1046187631234,128.1046187631234,0.0,11.23229285681735,114.01311069917982,128.1046187631234,0,1.0,,persistence_change,1,1,True,0.65,baseline,1.0,10472155.231413696,345.86125278909225,165.74280084758456,baseline,1,49.72284025427537,0.0,1.2,78.0
2023-05-01,113,West,Therapy A,125.21750623776616,125.21750623776616,0.0,11.204395538586349,111.44358055161187,125.21750623776616,0,1.0,,persistence_change,1,1,True,0.65,baseline,1.0,10476508.6617997,346.0050324460932,165.81170259030384,baseline,1,49.74351077709115,0.0,1.2,78.0
2023-06-01,114,West,Therapy A,122.62512399380223,122.62512399380223,0.0,11.181543442190357,109.136360354484,122.62512399380223,0,1.0,,persistence_change,1,1,True,0.65,baseline,1.0,10480863.901971342,346.148871874432,165.8806329765004,baseline,1,49.76418989295012,0.0,1.2,78.0
2023-07-01,115,West,Therapy A,121.63891348267286,121.63891348267286,0.0,12.502553128188865,108.25863299957884,121.63891348267286,0,1.0,,epidemiology_change,1,1,True,0.65,baseline,1.0,10485220.952680975,387.8479036308312,185.86354306025163,epidemiology_change,109,55.759062918075486,0.0,1.2,78.0
2023-08-01,116,West,Therapy A,120.74450654971464,120.74450654971464,0.0,12.485873550135777,107.46261082924602,120.74450654971464,0,1.0,,epidemiology_change,1,1,True,0.65,baseline,1.0,10489579.81468127,388.0091377618675,185.9408092941957,epidemiology_change,109,55.78224278825871,0.0,1.2,78.0
2023-09-01,117,West,Therapy A,119.93527674155082,119.93527674155082,0.0,12.472665912304802,106.74239629998024,119.93527674155082,0,1.0,,epidemiology_change,1,1,True,0.65,baseline,1.0,10493940.488725202,388.1704389203257,186.01810764886025,epidemiology_change,109,55.80543229465808,0.0,1.2,78.0
2023-10-01,118,West,Therapy A,119.20479080374206,119.20479080374206,0.0,12.462394503761828,106.09226381533044,119.20479080374206,0,1.0,,epidemiology_change,1,1,True,0.65,baseline,1.0,10498302.975566069,388.3318071340698,186.09543813759828,epidemiology_change,109,55.82863144127949,0.0,1.2,78.0
2023-11-01,119,West,Therapy A,118.54686531944624,118.54686531944624,0.0,12.454601504115796,105.50671013430714,118.54686531944624,0,1.0,,epidemiology_change,1,1,True,0.65,baseline,1.0,10502667.275957473,388.4932424309759,186.1728007737684,epidemiology_change,109,55.85184023213052,0.0,1.2,78.0
2023-12-01,120,West,Therapy A,117.95560726394842,117.95560726394842,0.0,12.44889712964128,104.9804904649141,117.95560726394842,0,1.0,,epidemiology_change,1,1,True,0.65,baseline,1.0,10507033.390653338,388.6547448389314,186.2501955707349,epidemiology_change,109,55.87505867122046,0.0,1.2,78.0
2024-01-01,121,West,Therapy A,117.42544102284036,117.42544102284036,0.0,12.444950557926244,104.5086425103279,117.42544102284036,0,1.0,,epidemiology_change,1,1,True,0.65,baseline,1.0,10511401.320407895,388.81631438583526,186.32762254186727,epidemiology_change,109,55.89828676256018,0.0,1.2,78.0
2024-02-01,122,West,Therapy A,116.95112424736276,116.95112424736276,0.0,12.442481737034855,104.08650058015286,116.95112424736276,0,1.0,,epidemiology_change,1,1,True,0.65,baseline,1.0,10515771.065975692,388.9779510995982,186.40508170054096,epidemiology_change,109,55.921524510162286,0.0,1.2,78.0
2024-03-01,123,West,Therapy A,116.52775468533144,116.52775468533144,0.0,12.44125410517857,103.70970166994498,116.52775468533144,0,1.0,,epidemiology_change,1,1,True,0.65,baseline,1.0,10520142.62811159,389.1396550081426,186.4825730601368,epidemiology_change,109,55.94477191804104,0.0,1.2,78.0
2024-04-01,124,West,Therapy A,116.15076986566406,116.15076986566406,0.0,12.441068195719078,103.37418518044102,116.15076986566406,0,1.0,,epidemiology_change,1,1,True,0.65,baseline,1.0,10524516.007570764,389.3014261394023,186.5600966340412,epidemiology_change,109,55.96802899021236,0.0,1.2,78.0
2024-05-01,125,West,Therapy A,115.8159412522188,115.8159412522188,0.0,12.441756071777776,103.07618771447471,115.8159412522188,0,1.0,,epidemiology_change,1,1,True,0.65,baseline,1.0,10528891.205108697,389.4632645213225,186.637652435646,epidemiology_change,109,55.9912957306938,0.0,1.2,78.0
2024-06-01,126,West,Therapy A,115.5193642329735,115.5193642329735,0.0,12.44317651849877,102.81223416734642,115.5193642329735,0,1.0,,epidemiology_change,1,1,True,0.65,baseline,1.0,10533268.221481198,389.6251701818607,186.7152404783489,epidemiology_change,109,56.01457214350467,0.0,1.2,78.0
2024-07-01,127,West,Therapy A,115.2574450817607,115.2574450817607,0.0,12.44521091441427,102.57912612276702,115.2574450817607,0,1.0,,epidemiology_change,1,1,True,0.65,baseline,1.0,10537647.05744438,389.7871431489853,186.79286077555287,epidemiology_change,109,56.03785823266586,0.0,1.2,78.0
2024-08-01,128,West,Therapy A,115.02688582575988,115.02688582575988,0.0,12.447759702992853,102.37392838492627,115.02688582575988,0,1.0,,epidemiology_change,1,1,True,0.65,baseline,1.0,10542027.713754674,389.94918345067686,186.8705133406667,epidemiology_change,109,56.061154002200006,0.0,1.2,78.0
2024-09-01,129,West,Therapy A,114.82466777383,114.82466777383,0.0,12.450739388903711,102.1939543187087,114.82466777383,0,1.0,,epidemiology_change,1,1,True,0.65,baseline,1.0,10546410.191168826,390.11129111492727,186.9481981871045,epidemiology_change,109,56.08445945613136,0.0,1.2,78.0
2024-10-01,130,West,Therapy A,114.64803430785186,114.64803430785186,0.0,12.454079989143157,102.03675053398815,114.64803430785186,0,1.0,,epidemiology_change,1,1,True,0.65,baseline,1.0,10550794.490443897,390.2734661697401,187.02591532828623,epidemiology_change,109,56.10777459848587,0.0,1.2,78.0
2024-11-01,131,West,Therapy A,114.49447340981176,114.49447340981176,0.0,12.457722875823604,101.90008133473246,114.49447340981176,0,1.0,,epidemiology_change,1,1,True,0.65,baseline,1.0,10555180.612337258,390.4357086431307,187.1036647776372,epidemiology_change,109,56.13109943329116,0.0,1.2,78.0
2024-12-01,132,West,Therapy A,114.36170028912522,114.36170028912522,0.0,12.46161895439276,101.78191325732143,114.36170028912522,0,1.0,,epidemiology_change,1,1,True,0.65,baseline,1.0,10559568.557606602,390.5980185631259,187.18144654858847,epidemiology_change,109,56.15443396457654,0.0,1.2,78.0
2025-01-01,133,West,Therapy A,114.24764038519704,114.24764038519704,0.0,12.465727127875578,101.68039994282536,114.24764038519704,0,1.0,,epidemiology_change,1,1,True,0.65,baseline,1.0,10563958.327009937,390.7603959577644,187.2592606545766,epidemiology_change,109,56.17777819637298,0.0,1.2,78.0
2025-02-01,134,West,Therapy A,114.1504129469729,114.1504129469729,0.0,12.47001300414754,101.59386752280588,114.1504129469729,0,1.0,,epidemiology_change,1,1,True,0.65,baseline,1.0,10568349.92130557,390.9228408550962,187.3371071090437,epidemiology_change,109,56.20113213271311,0.0,1.2,78.0
2025-03-01,135,West,Therapy A,114.06831533191948,114.06831533191948,0.0,12.4744478091136,101.52080064540834,114.06831533191948,0,1.0,,epidemiology_change,1,1,True,0.65,baseline,1.0,10572743.341252146,391.0853532831833,187.4149859254375,epidemiology_change,109,56.22449577763125,0.0,1.2,78.0
2025-04-01,136,West,Therapy A,113.99980811933398,113.99980811933398,0.0,12.479007473925629,101.45982922620723,113.99980811933398,0,1.0,,epidemiology_change,1,1,True,0.65,baseline,1.0,10577138.587608617,391.2479332700991,187.49289711721133,epidemiology_change,109,56.2478691351634,0.0,1.2,78.0
2025-05-01,137,West,Therapy A,113.94350109522377,113.94350109522377,0.0,12.483671869016536,101.40971597474916,113.94350109522377,0,1.0,,epidemiology_change,1,1,True,0.65,baseline,1.0,10581535.66113424,391.4105808439292,187.57084069782425,epidemiology_change,109,56.27125220934728,0.0,1.2,78.0
2025-06-01,138,West,Therapy A,113.89814013653712,113.89814013653712,0.0,12.488424161787956,101.36934472151802,113.89814013653712,0,1.0,,epidemiology_change,1,1,True,0.65,baseline,1.0,10585934.562588604,391.57329603277,187.64881668074065,epidemiology_change,109,56.2946450042222,0.0,1.2,78.0
2025-07-01,139,West,Therapy A,113.86259499982268,113.86259499982268,0.0,12.493250278304664,101.33770954984216,113.86259499982268,0,1.0,,epidemiology_change,1,1,True,0.65,baseline,1.0,10590335.2927316,391.7360788647303,187.72682507943065,epidemiology_change,109,56.31804752382919,0.0,1.2,78.0
2025-08-01,140,West,Therapy A,113.83584800221615,113.83584800221615,0.0,12.498138452373995,101.3139047219724,113.83584800221615,0,1.0,,epidemiology_change,1,1,True,0.65,baseline,1.0,10594737.852323446,391.89892936793024,187.80486590737,epidemiology_change,109,56.341459772211,0.0,1.2,78.0
2025-09-01,141,West,Therapy A,113.81698356995048,113.81698356995048,0.0,12.503078847978085,101.29711537725592,113.81698356995048,0,1.0,,epidemiology_change,1,1,True,0.65,baseline,1.0,10599142.24212467,392.0618475705018,187.88293917804,epidemiology_change,109,56.364881753412,0.0,1.2,78.0
2025-10-01,142,West,Therapy A,113.80517862048916,113.80517862048916,0.0,12.50806324323324,101.28660897223536,113.80517862048916,0,1.0,,epidemiology_change,1,1,True,0.65,baseline,1.0,10603548.462896116,392.2248335005888,187.9610449049277,epidemiology_change,109,56.3883134714783,0.0,1.2,78.0
2025-11-01,143,West,Therapy A,113.7996937381602,113.7996937381602,0.0,12.51308476592485,101.28172742696258,113.7996937381602,0,1.0,,epidemiology_change,1,1,True,0.65,baseline,1.0,10607956.515398944,392.3878871863464,188.0391831015254,epidemiology_change,109,56.41175493045762,0.0,1.2,78.0
2025-12-01,144,West,Therapy A,113.79986509921564,113.79986509921564,0.0,12.518137672253076,101.28187993830193,113.79986509921564,0,1.0,,epidemiology_change,1,1,True,0.65,baseline,1.0,10612366.400394635,392.55100865594153,188.11735378133145,epidemiology_change,109,56.43520613439942,0.0,1.2,78.0
2014-01-01,1,East,Therapy B,0.0,0.0,0.0,0.0,0.0,0.0,0,1.0,,early_market_before_b_launch,19,12,False,0.0,not_launched,,9000000.0,289.87875,138.915,baseline,1,41.6745,321.246,0.4046755373782051,1.0
2014-02-01,2,East,Therapy B,0.0,0.0,0.0,0.0,0.0,0.0,0,1.0,,early_market_before_b_launch,19,12,False,0.0,not_launched,,9003741.43360256,289.9992568995464,138.9727490276555,baseline,1,41.69182470829665,0.0,0.4046755373782051,1.0
2014-03-01,3,East,Therapy B,0.0,0.0,0.0,0.0,0.0,0.0,0,1.0,,early_market_before_b_launch,19,12,False,0.0,not_launched,,9007484.422574611,290.11981389560003,139.03052206243916,baseline,1,41.70915661873175,0.0,0.4046755373782051,1.0
2014-04-01,4,East,Therapy B,0.0,0.0,0.0,0.0,0.0,0.0,0,1.0,,early_market_before_b_launch,19,12,False,0.0,not_launched,,9011228.96756274,290.2404210089864,139.08831911433091,baseline,1,41.72649573429927,0.0,0.4046755373782051,1.0
2014-05-01,5,East,Therapy B,0.0,0.0,0.0,0.0,0.0,0.0,0,1.0,,early_market_before_b_launch,19,12,False,0.0,not_launched,,9014975.06921381,290.3610782605403,139.14614019331518,baseline,1,41.74384205799455,0.0,0.4046755373782051,1.0
2014-06-01,6,East,Therapy B,0.0,0.0,0.0,0.0,0.0,0.0,0,1.0,,early_market_before_b_launch,19,12,False,0.0,not_launched,,9018722.728174943,290.4817856711047,139.20398530938027,baseline,1,41.76119559281408,0.0,0.4046755373782051,1.0
2014-07-01,7,East,Therapy B,0.0,0.0,0.0,0.0,0.0,0.0,0,1.0,,early_market_before_b_launch,19,12,False,0.0,not_launched,,9022471.94509354,290.60254326153154,139.2618544725188,baseline,1,41.77855634175564,0.0,0.4046755373782051,1.0
2014-08-01,8,East,Therapy B,0.0,0.0,0.0,0.0,0.0,0.0,0,1.0,,early_market_before_b_launch,19,12,False,0.0,not_launched,,9026222.720617265,290.72335105268127,139.31974769272747,baseline,1,41.79592430781824,0.0,0.4046755373782051,1.0
2014-09-01,9,East,Therapy B,0.0,0.0,0.0,0.0,0.0,0.0,0,1.0,,early_market_before_b_launch,19,12,False,0.0,not_launched,,9029975.055394055,290.8442090654233,139.37766498000727,baseline,1,41.81329949400218,0.0,0.4046755373782051,1.0
2014-10-01,10,East,Therapy B,0.0,0.0,0.0,0.0,0.0,0.0,0,1.0,,early_market_before_b_launch,19,12,False,0.0,not_launched,,9033728.950072115,290.9651173206353,139.43560634436312,baseline,1,41.830681903308935,0.0,0.4046755373782051,1.0
2014-11-01,11,East,Therapy B,0.0,0.0,0.0,0.0,0.0,0.0,0,1.0,,early_market_before_b_launch,19,12,False,0.0,not_launched,,9037484.40529992,291.0860758392037,139.49357179580423,baseline,1,41.84807153874127,0.0,0.4046755373782051,1.0
2014-12-01,12,East,Therapy B,0.0,0.0,0.0,0.0,0.0,0.0,0,1.0,,early_market_before_b_launch,19,12,False,0.0,not_launched,,9041241.42172621,291.2070846420241,139.5515613443441,baseline,1,41.86546840330322,0.0,0.4046755373782051,1.0
2015-01-01,13,East,Therapy B,0.0,0.0,0.0,0.0,0.0,0.0,0,1.0,,early_market_before_b_launch,19,12,False,0.0,not_launched,,9044999.999999998,291.3281437499999,139.60957499999998,baseline,1,41.88287249999999,0.0,0.4046755373782051,1.0
2015-02-01,14,East,Therapy B,0.0,0.0,0.0,0.0,0.0,0.0,0,1.0,,early_market_before_b_launch,19,12,False,0.0,not_launched,,9048760.140770571,291.4492531840441,139.66761277279377,baseline,1,41.90028383183813,0.0,0.4046755373782051,1.0
2015-03-01,15,East,Therapy B,0.0,0.0,0.0,0.0,0.0,0.0,0,1.0,,early_market_before_b_launch,19,12,False,0.0,not_launched,,9052521.844687482,291.57041296507794,139.7256746727513,baseline,1,41.91770240182539,0.0,0.4046755373782051,1.0
2015-04-01,16,East,Therapy B,0.0,0.0,0.0,0.0,0.0,0.0,0,1.0,,early_market_before_b_launch,19,12,False,0.0,not_launched,,9056285.112400554,291.6916231140313,139.78376070990254,baseline,1,41.93512821297076,0.0,0.4046755373782051,1.0
2015-05-01,17,East,Therapy B,0.0,0.0,0.0,0.0,0.0,0.0,0,1.0,,early_market_before_b_launch,19,12,False,0.0,not_launched,,9060049.944559876,291.81288365184287,139.84187089428167,baseline,1,41.9525612682845,0.0,0.4046755373782051,1.0
2015-06-01,18,East,Therapy B,0.0,0.0,0.0,0.0,0.0,0.0,0,1.0,,early_market_before_b_launch,19,12,False,0.0,not_launched,,9063816.341815814,291.93419459946006,139.90000523592707,baseline,1,41.97000157077812,0.0,0.4046755373782051,1.0
2015-07-01,19,East,Therapy B,4.057676353399432,4.057676353399432,0.0,4.057676353399432,3.7533506268944743,4.057676353399432,0,1.0,,b_launch_growth,19,12,True,0.5,baseline,12.0,9067584.304819006,292.0555559778392,139.95816374488138,baseline,1,41.98744912346441,0.0,0.4046755373782051,1.0
2015-08-01,20,East,Therapy B,8.40084665945297,8.40084665945297,0.0,4.647496032558496,7.770783159993997,8.40084665945297,0,1.0,,b_launch_growth,19,12,True,0.5,baseline,12.0,9071353.834220352,292.1769678079447,140.01634643119112,baseline,1,42.00490392935733,0.0,0.4046755373782051,1.0
2015-09-01,21,East,Therapy B,13.065537463736831,13.065537463736831,0.0,5.294754303742835,12.08562215395657,13.065537463736831,0,1.0,,b_launch_growth,19,12,True,0.5,baseline,12.0,9075124.930671023,292.2984301107504,140.07455330490728,baseline,1,42.022365991472185,0.0,0.4046755373782051,1.0
2015-10-01,22,East,Therapy B,18.081633429013017,18.081633429013017,0.0,5.996011275056448,16.725510921837042,18.081633429013017,0,1.0,,b_launch_growth,19,12,True,0.5,baseline,12.0,9078897.594822476,292.4199429072384,140.1327843760849,baseline,1,42.039835312825474,0.0,0.4046755373782051,1.0
2015-11-01,23,East,Therapy B,23.47112836617372,23.47112836617372,0.0,6.745617444336677,21.710793738710688,23.47112836617372,0,1.0,,b_launch_growth,19,12,True,0.5,baseline,12.0,9082671.82732642,292.5415062183998,140.19103965478328,baseline,1,42.05731189643498,0.0,0.4046755373782051,1.0
2015-12-01,24,East,Therapy B,29.246591825147927,29.246591825147927,0.0,7.535798086437239,27.053097438261837,29.246591825147927,0,1.0,,b_launch_growth,19,12,True,0.5,baseline,12.0,9086447.628834838,292.6631200652341,140.24931915106575,baseline,1,42.074795745319726,0.0,0.4046755373782051,1.0
2016-01-01,25,East,Therapy B,35.41001415475134,35.41001415475134,0.0,8.356916716489502,32.754263093144985,35.41001415475134,0,1.0,,b_launch_growth,19,12,True,0.5,baseline,12.0,9090224.999999998,292.78478446874993,140.307622875,baseline,1,42.0922868625,0.0,0.4046755373782051,1.0
2016-02-01,26,East,Therapy B,41.95217020024272,41.95217020024272,0.0,9.197907107097734,38.805757435224514,41.95217020024272,0,1.0,,b_launch_growth,19,12,True,0.5,baseline,12.0,9094003.941474425,292.9064994499643,140.36595083665773,baseline,1,42.10978525099732,0.0,0.4046755373782051,1.0
2016-03-01,27,East,Therapy B,48.8525976778854,48.8525976778854,0.0,10.04684024266088,45.188652852044,48.8525976778854,0,1.0,,b_launch_growth,19,12,True,0.5,baseline,12.0,9097784.45391092,293.0282650299033,140.42430304611506,baseline,1,42.127290913834514,0.0,0.4046755373782051,1.0
2016-04-01,28,East,Therapy B,56.08022551096805,56.08022551096805,0.0,10.891572658924057,51.87420859764545,56.08022551096805,0,1.0,,b_launch_growth,19,12,True,0.5,baseline,12.0,9101566.537962556,293.1500812296015,140.48267951345207,baseline,1,42.14480385403562,0.0,0.4046755373782051,1.0
2016-05-01,29,East,Therapy B,63.59461815222362,63.59461815222362,0.0,11.72040955457818,58.82502179080685,63.59461815222362,0,1.0,,b_launch_growth,19,12,True,0.5,baseline,12.0,9105350.194282675,293.27194807010216,140.54108024875313,baseline,1,42.162324074625936,0.0,0.4046755373782051,1.0
2016-06-01,30,East,Therapy B,71.34773467632463,71.34773467632463,0.0,12.522712885517793,65.99665457560029,71.34773467632463,0,1.0,,b_launch_growth,19,12,True,0.5,baseline,12.0,9109135.423524894,293.3938655724574,140.59950526210673,baseline,1,42.17985157863202,0.0,0.4046755373782051,1.0
2016-07-01,31,East,Therapy B,79.28604737872249,79.28604737872249,0.0,13.289392803122189,73.33959382531829,79.28604737872249,0,1.0,,b_launch_growth,19,12,True,0.5,baseline,12.0,9112922.2263431,293.5158337577284,140.65795456360576,baseline,1,42.19738636908173,0.0,0.4046755373782051,1.0
2016-08-01,32,East,Therapy B,87.35283306708939,87.35283306708939,0.0,14.013239241771108,80.8013705870577,87.35283306708939,0,1.0,,b_launch_growth,19,12,True,0.5,baseline,12.0,9116710.603391452,293.6378526469844,140.71642816334705,baseline,1,42.21492844900411,0.0,0.4046755373782051,1.0
2016-09-01,33,East,Therapy B,95.49044601987312,95.49044601987312,0.0,14.689075432815429,88.32866256838264,95.49044601987312,0,1.0,,b_launch_growth,19,12,True,0.5,baseline,12.0,9120500.55532438,293.75992226130404,140.77492607143176,baseline,1,42.232477821429526,0.0,0.4046755373782051,1.0
2016-10-01,34,East,Therapy B,103.64240359970869,103.64240359970869,0.0,15.313741031326042,95.86922332973052,103.64240359970869,0,1.0,,b_launch_growth,19,12,True,0.5,baseline,12.0,9124292.082796589,293.8820426217746,140.83344829796533,baseline,1,42.2500344893896,0.0,0.4046755373782051,1.0
2016-11-01,35,East,Therapy B,111.75515712485632,111.75515712485632,0.0,15.885933795125776,103.37352034049208,111.75515712485632,0,1.0,,b_launch_growth,19,12,True,0.5,baseline,12.0,9128085.186463049,294.0042137494917,140.89199485305718,baseline,1,42.26759845591715,0.0,0.4046755373782051,1.0
2016-12-01,36,East,Therapy B,119.77947193616512,119.77947193616512,0.0,16.405951595673017,110.79601154095272,119.77947193616512,0,1.0,,b_launch_growth,19,12,True,0.5,baseline,12.0,9131879.866979012,294.1264356655603,140.95056574682107,baseline,1,42.28516972404632,0.0,0.4046755373782051,1.0
2017-01-01,37,East,Therapy B,127.67139152876868,127.67139152876868,0.0,16.87537998781594,118.09603716411102,127.67139152876868,0,1.0,,b_launch_growth,19,12,True,0.5,baseline,12.0,9135676.124999996,294.24870839109366,141.00916098937498,baseline,1,42.30274829681249,0.0,0.4046755373782051,1.0
2017-02-01,38,East,Therapy B,135.39280332330088,135.39280332330088,0.0,17.29676615918988,125.23834307405332,135.39280332330088,0,1.0,,b_launch_growth,19,12,True,0.5,baseline,12.0,9139473.961181795,294.37103194721414,141.067780590841,baseline,1,42.3203341772523,0.0,0.4046755373782051,1.0
2017-03-01,39,East,Therapy B,142.9116538650261,142.9116538650261,0.0,17.673310790972778,132.19327982514915,142.9116538650261,0,1.0,,b_launch_growth,19,12,True,0.5,baseline,12.0,9143273.376180472,294.4934063550528,141.1264245613456,baseline,1,42.33792736840368,0.0,0.4046755373782051,1.0
2017-04-01,40,East,Therapy B,150.20187817241296,150.20187817241296,0.0,18.008598347263817,138.936737309482,150.20187817241296,0,1.0,,b_launch_growth,19,12,True,0.5,baseline,12.0,9147074.370652366,294.61583163574943,141.1850929110193,baseline,1,42.35552787330579,0.0,0.4046755373782051,1.0
2017-05-01,41,East,Therapy B,157.2431133401924,157.2431133401924,0.0,18.306376030710403,145.44987983967798,157.2431133401924,0,1.0,,b_launch_growth,19,12,True,0.5,baseline,12.0,9150876.945254087,294.73830781045257,141.24378564999685,baseline,1,42.37313569499906,0.0,0.4046755373782051,1.0
2017-06-01,42,East,Therapy B,164.02026335354907,164.02026335354907,0.0,18.570383513871107,151.7187436020329,164.02026335354907,0,1.0,,b_launch_growth,19,12,True,0.5,baseline,12.0,9154681.100642515,294.8608349003197,141.30250278841726,baseline,1,42.39075083652518,0.0,0.4046755373782051,1.0
2017-07-01,43,East,Therapy B,170.52297363965246,170.52297363965246,0.0,18.80423003761956,157.73375061667855,170.52297363965246,0,1.0,,b_launch_growth,19,12,True,0.5,baseline,12.0,9158486.837474816,294.98341292651696,141.3612443364238,baseline,1,42.40837330092714,0.0,0.4046755373782051,1.0
2017-08-01,44,East,Therapy B,176.74506297724474,176.74506297724474,0.0,19.01131236056623,163.4891832539514,176.74506297724474,0,1.0,,b_launch_growth,19,12,True,0.5,baseline,12.0,9162294.156408409,295.10604191021923,141.42001030416375,baseline,1,42.42600309124912,0.0,0.4046755373782051,1.0
2017-09-01,45,East,Therapy B,182.68394907253517,182.68394907253517,0.0,19.19476581858376,168.98265289209502,182.68394907253517,0,1.0,,b_launch_growth,19,12,True,0.5,baseline,12.0,9166103.058101002,295.2287218726106,141.47880070178897,baseline,1,42.44364021053669,0.0,0.4046755373782051,1.0
2017-10-01,46,East,Therapy B,188.34009369730848,188.34009369730848,0.0,19.35744080521348,174.21458667001036,188.34009369730848,0,1.0,,b_launch_growth,19,12,True,0.5,baseline,12.0,9169913.54321057,295.35145283488345,141.53761553945515,baseline,1,42.46128466183655,0.0,0.4046755373782051,1.0
2017-11-01,47,East,Therapy B,193.71648444667863,193.71648444667863,0.0,19.501897776668297,179.18774811317775,193.71648444667863,0,1.0,,b_launch_growth,19,12,True,0.5,baseline,12.0,9173725.612395365,295.4742348182391,141.59645482732242,baseline,1,42.47893644819673,0.0,0.4046755373782051,1.0
2017-12-01,48,East,Therapy B,198.81816312833084,198.81816312833084,0.0,19.630415015153083,183.906800893706,198.81816312833084,0,1.0,,b_launch_growth,19,12,True,0.5,baseline,12.0,9177539.266313909,295.597067843888,141.65531857555513,baseline,1,42.496595572666536,0.0,0.4046755373782051,1.0
2018-01-01,49,East,Therapy B,203.65180547657053,203.65180547657053,0.0,19.74500458286452,188.37792006582777,203.65180547657053,0,1.0,,b_launch_growth,19,12,True,0.5,baseline,12.0,9181354.505624996,295.7199519330491,141.71420679432185,baseline,1,42.51426203829654,0.0,0.4046755373782051,1.0
2018-02-01,50,East,Therapy B,208.22535307640808,208.22535307640808,0.0,19.84743301058032,192.60845159567748,208.22535307640808,0,1.0,,b_launch_growth,19,12,True,0.5,baseline,12.0,9185171.330987705,295.84288710695023,141.77311949379524,baseline,1,42.531935848138566,0.0,0.4046755373782051,1.0
2018-03-01,51,East,Therapy B,212.54769581064005,212.54769581064005,0.0,19.939244214962564,196.60661862484204,212.54769581064005,0,1.0,,b_launch_growth,19,12,True,0.5,baseline,12.0,9188989.743061377,295.96587338682804,141.83205668415232,baseline,1,42.54961700524569,0.0,0.4046755373782051,1.0
2018-04-01,52,East,Therapy B,216.62840153073725,216.62840153073725,0.0,20.0217829058952,200.381271415932,216.62840153073725,0,1.0,,b_launch_growth,19,12,True,0.5,baseline,12.0,9192809.742505629,296.08891079392816,141.8910183755744,baseline,1,42.56730551267231,0.0,0.4046755373782051,1.0
2018-05-01,53,East,Therapy B,220.47748875365903,220.47748875365903,0.0,20.09621733772706,203.94167709713457,220.47748875365903,0,1.0,,b_launch_growth,19,12,True,0.5,baseline,12.0,9196631.329980357,296.2119993495048,141.95000457824682,baseline,1,42.58500137347404,0.0,0.4046755373782051,1.0
2018-06-01,54,East,Therapy B,224.10523779622716,224.10523779622716,0.0,20.16356069909253,207.29734496151008,224.10523779622716,0,1.0,,b_launch_growth,19,12,True,0.5,baseline,12.0,9200454.506145729,296.33513907482126,142.00901530235933,baseline,1,42.6027045907078,0.0,0.4046755373782051,1.0
2018-07-01,55,East,Therapy B,227.5220357142381,227.5220357142381,0.0,20.22469075272804,210.45788303567025,227.5220357142381,0,1.0,,b_launch_growth,19,12,True,0.5,baseline,12.0,9204279.271662189,296.4583299911494,142.06805055810585,baseline,1,42.62041516743175,0.0,0.4046755373782051,1.0
2018-08-01,56,East,Therapy B,230.73825059211748,230.73825059211748,0.0,20.280367556447203,213.43288179770863,230.73825059211748,0,1.0,,b_launch_growth,19,12,True,0.5,baseline,12.0,9208105.627190448,296.58157211977027,142.12711035568455,baseline,1,42.63813310670536,0.0,0.4046755373782051,1.0
2018-09-01,57,East,Therapy B,233.7641310406674,233.7641310406674,0.0,20.33124924295872,216.2318212126173,233.7641310406674,0,1.0,,b_launch_growth,19,12,True,0.5,baseline,12.0,9211933.573391505,296.7048654819736,142.18619470529785,baseline,1,42.65585841158936,0.0,0.4046755373782051,1.0
2018-10-01,58,East,Therapy B,236.60972714172368,236.60972714172368,0.0,20.377905929106348,218.8639976060944,236.60972714172368,0,1.0,,b_launch_growth,19,12,True,0.5,baseline,12.0,9215763.11092662,296.8282100990578,142.24530361715242,baseline,1,42.67359108514572,0.0,0.4046755373782051,1.0
2018-11-01,59,East,Therapy B,239.284829485911,239.284829485911,0.0,20.420831879816596,221.3384672744677,239.284829485911,0,1.0,,b_launch_growth,19,12,True,0.5,baseline,12.0,9219594.24045734,296.9516059923303,142.30443710145903,baseline,1,42.69133113043771,0.0,0.4046755373782051,1.0
2018-12-01,60,East,Therapy B,241.7989233547796,241.7989233547796,0.0,20.460456080311925,223.66400410317112,241.7989233547796,0,1.0,,b_launch_growth,19,12,True,0.5,baseline,12.0,9223426.962645477,297.07505318310746,142.36359516843294,baseline,1,42.70907855052988,0.0,0.4046755373782051,1.0
2019-01-01,61,East,Therapy B,247.712432475624,247.712432475624,0.0,24.048428372452864,229.13400003995216,247.712432475624,0,1.0,,access_expansion,19,12,True,0.72,east_access_expansion,55.0,9227261.27815312,297.19855169271426,142.4227778282934,baseline,1,42.726833348488015,0.0,0.4046755373782051,1.0
2019-02-01,62,East,Therapy B,253.2421865470044,253.2421865470044,0.0,24.108186507052203,234.24902255597905,253.2421865470044,0,1.0,,access_expansion,19,12,True,0.72,east_access_expansion,55.0,9231097.18764264,297.3221015424849,142.48198509126416,baseline,1,42.744595527379246,0.0,0.4046755373782051,1.0
2019-03-01,63,East,Therapy B,258.4131639783938,258.4131639783938,0.0,24.164141422414765,239.0321766800143,258.4131639783938,0,1.0,,access_expansion,19,12,True,0.72,east_access_expansion,55.0,9234934.69177668,297.44570275376213,142.54121696757306,baseline,1,42.76236509027192,0.0,0.4046755373782051,1.0
2019-04-01,64,East,Therapy B,263.24880197020883,263.24880197020883,0.0,24.216625290194543,243.5051418224432,263.24880197020883,0,1.0,,access_expansion,19,12,True,0.72,east_access_expansion,55.0,9238773.791218154,297.5693553478977,142.60047346745222,baseline,1,42.78014204023567,0.0,0.4046755373782051,1.0
2019-05-01,65,East,Therapy B,267.7710773277978,267.7710773277978,0.0,24.26593550535459,247.68824652821291,267.7710773277978,0,1.0,,access_expansion,19,12,True,0.72,east_access_expansion,55.0,9242614.486630255,297.69305934625226,142.65975460113802,baseline,1,42.7979263803414,0.0,0.4046755373782051,1.0
2019-06-01,66,East,Therapy B,272.0005855547148,272.0005855547148,0.0,24.31233902650184,251.6005416381112,272.0005855547148,0,1.0,,access_expansion,19,12,True,0.72,east_access_expansion,55.0,9246456.778676456,297.81681477019526,142.7190603788711,baseline,1,42.815718113661326,0.0,0.4046755373782051,1.0
2019-07-01,67,East,Therapy B,275.9566177525589,275.9566177525589,0.0,24.35607611444771,255.2598714211169,275.9566177525589,0,1.0,,access_expansion,19,12,True,0.72,east_access_expansion,55.0,9250300.668020498,297.9406216411052,142.77839081089638,baseline,1,42.83351724326892,0.0,0.4046755373782051,1.0
2019-08-01,68,East,Therapy B,279.6572349753061,279.6572349753061,0.0,24.39736355418922,258.6829423521582,279.6572349753061,0,1.0,,access_expansion,19,12,True,0.72,east_access_expansion,55.0,9254146.1553264,298.0644799803692,142.837745907463,baseline,1,42.85132377223889,0.0,0.4046755373782051,1.0
2019-09-01,69,East,Therapy B,283.1193397863971,283.1193397863971,0.0,24.43639743423888,261.8853893024173,283.1193397863971,0,1.0,,access_expansion,19,12,True,0.72,east_access_expansion,55.0,9257993.24125846,298.18838980938347,142.89712567882435,baseline,1,42.8691377036473,0.0,0.4046755373782051,1.0
2019-10-01,70,East,Therapy B,286.3587448495367,286.3587448495367,0.0,24.47335554711943,264.8818389858215,286.3587448495367,0,1.0,,access_expansion,19,12,True,0.72,east_access_expansion,55.0,9261841.926481253,298.312351149553,142.95653013523813,baseline,1,42.88695904057143,0.0,0.4046755373782051,1.0
2019-11-01,71,East,Therapy B,289.3902384517053,289.3902384517053,0.0,24.5083994658838,267.6859705678274,289.3902384517053,0,1.0,,access_expansion,19,12,True,0.72,east_access_expansion,55.0,9265692.211659623,298.4363640222919,143.0159592869663,baseline,1,42.90478778608989,0.0,0.4046755373782051,1.0
2019-12-01,72,East,Therapy B,292.2276469114948,292.2276469114948,0.0,24.54167634366737,270.31057339313264,292.2276469114948,0,1.0,,access_expansion,19,12,True,0.72,east_access_expansion,55.0,9269544.097458702,298.56042844902294,143.07541314427507,baseline,1,42.92262394328253,0.0,0.4046755373782051,1.0
2020-01-01,73,East,Therapy B,294.88389386958164,294.88389386958164,0.0,24.573320476449,272.767601829363,294.88389386958164,0,1.0,,access_expansion,19,12,True,0.72,east_access_expansion,55.0,9273397.584543886,298.6845444511779,143.1348917174349,baseline,1,42.94046751523047,0.0,0.4046755373782051,1.0
2020-02-01,74,East,Therapy B,297.3710564926548,297.3710564926548,0.0,24.603454663291828,275.0682272557057,297.3710564926548,0,1.0,,access_expansion,19,12,True,0.72,east_access_expansion,55.0,9277252.673580855,298.80871205019736,143.1943950167205,baseline,1,42.95831850501615,0.0,0.4046755373782051,1.0
2020-03-01,75,East,Therapy B,299.70041864895995,299.70041864895995,0.0,24.632191393254224,277.22288725028795,299.70041864895995,0,1.0,,access_expansion,19,12,True,0.72,east_access_expansion,55.0,9281109.365235562,298.9329312675309,143.2539230524109,baseline,1,42.97617691572327,0.0,0.4046755373782051,1.0
2020-04-01,76,East,Therapy B,301.88252113409635,301.88252113409635,0.0,24.65963388380837,279.2413320490391,301.88252113409635,0,1.0,,access_expansion,19,12,True,0.72,east_access_expansion,55.0,9284967.660174243,299.05720212463723,143.3134758347895,baseline,1,42.99404275043685,0.0,0.4046755373782051,1.0
2020-05-01,77,East,Therapy B,303.9272090409244,303.9272090409244,0.0,24.68587699188533,281.1326683628551,303.9272090409244,0,1.0,,access_expansion,19,12,True,0.72,east_access_expansion,55.0,9288827.559063409,299.18152464298345,143.37305337414367,baseline,1,43.0119160122431,0.0,0.4046755373782051,1.0
2020-06-01,78,East,Therapy B,305.84367637835226,305.84367637835226,0.0,24.711008015497196,282.90540064997583,305.84367637835226,0,1.0,,access_expansion,19,12,True,0.72,east_access_expansion,55.0,9292689.062569838,299.3058988440462,143.43265568076544,baseline,1,43.02979670422963,0.0,0.4046755373782051,1.0
2020-07-01,79,East,Therapy B,307.64050805116915,307.64050805116915,0.0,24.73510740119326,284.56746994733146,307.64050805116915,0,1.0,,access_expansion,19,12,True,0.72,east_access_expansion,55.0,9296552.1713606,299.4303247493107,143.4922827649509,baseline,1,43.04768482948526,0.0,0.4046755373782051,1.0
2020-08-01,80,East,Therapy B,309.32571931765114,309.32571931765114,0.0,24.7582493703197,286.1262903688273,309.32571931765114,0,1.0,,access_expansion,19,12,True,0.72,east_access_expansion,55.0,9300416.886103032,299.554802380271,143.5519346370003,baseline,1,43.06558039110009,0.0,0.4046755373782051,1.0
2020-09-01,81,East,Therapy B,310.9067928439405,310.9067928439405,0.0,24.7805024751132,287.58878338064494,310.9067928439405,0,1.0,,access_expansion,19,12,True,0.72,east_access_expansion,55.0,9304283.207464753,299.67933175843035,143.61161130721848,baseline,1,43.08348339216554,0.0,0.4046755373782051,1.0
2020-10-01,82,East,Therapy B,312.3907134746611,312.3907134746611,0.0,24.80193009401614,288.9614099640615,312.3907134746611,0,1.0,,access_expansion,19,12,True,0.72,east_access_expansion,55.0,9308151.136113657,299.8039129053007,143.6713127859143,baseline,1,43.10139383577429,0.0,0.4046755373782051,1.0
2020-11-01,83,East,Therapy B,313.78400083827137,313.78400083827137,0.0,24.822590874209894,290.250200775401,313.78400083827137,0,1.0,,access_expansion,19,12,True,0.72,east_access_expansion,55.0,9312020.67271792,299.92854584240337,143.73103908340113,baseline,1,43.11931172502034,0.0,0.4046755373782051,1.0
2020-12-01,84,East,Therapy B,315.0927399035869,315.0927399035869,0.0,24.842539128185862,291.4607844108179,315.0927399035869,0,1.0,,access_expansion,19,12,True,0.72,east_access_expansion,55.0,9315891.817945993,300.053230591268,143.7907902099964,baseline,1,43.13723706299892,0.0,0.4046755373782051,1.0
2021-01-01,85,East,Therapy B,314.8984562949728,314.8984562949728,0.0,23.43767188415486,291.28107207284984,314.8984562949728,0,1.0,,overlapping_competitor_launch,19,12,True,0.72,east_access_expansion,55.0,9319764.572466604,300.17796717343373,143.85056617602206,baseline,1,43.155169852806615,0.0,0.9046755373782052,78.0
2021-02-01,86,East,Therapy B,314.5176960790934,314.5176960790934,0.0,23.23662400624361,290.9288688731614,314.5176960790934,0,1.0,,overlapping_competitor_launch,19,12,True,0.72,east_access_expansion,55.0,9323638.936948758,300.3027556104483,143.91036699180407,baseline,1,43.17311009754122,0.0,0.9046755373782052,78.0
2021-03-01,87,East,Therapy B,313.9388363618459,313.9388363618459,0.0,23.00996748868451,290.39342363470746,313.9388363618459,0,1.0,,overlapping_competitor_launch,19,12,True,0.72,east_access_expansion,55.0,9327514.912061742,300.4275959238686,143.97019266767296,baseline,1,43.19105780030189,0.0,0.9046755373782052,78.0
2021-04-01,88,East,Therapy B,313.15125569520904,313.15125569520904,0.0,22.75783206050156,289.6649115180684,313.15125569520904,0,1.0,,overlapping_competitor_launch,19,12,True,0.72,east_access_expansion,55.0,9331392.498475116,300.5524881352603,144.03004321396338,baseline,1,43.20901296418901,0.0,0.9046755373782052,78.0
2021-05-01,89,East,Therapy B,312.1461736929401,312.1461736929401,0.0,22.48126217487171,288.7352106659696,312.1461736929401,0,1.0,,overlapping_competitor_launch,19,12,True,0.72,east_access_expansion,55.0,9335271.696858725,300.6774322661984,144.0899186410144,baseline,1,43.22697559230432,0.0,0.9046755373782052,78.0
2021-06-01,90,East,Therapy B,310.9175469142652,310.9175469142652,0.0,22.18233624829559,287.5987308956953,310.9175469142652,0,1.0,,overlapping_competitor_launch,19,12,True,0.72,east_access_expansion,55.0,9339152.507882686,300.8024283382665,144.1498189591693,baseline,1,43.24494568775079,0.0,0.9046755373782052,78.0
2021-07-01,91,East,Therapy B,309.4629441619959,309.4629441619959,0.0,21.86421326630063,286.2532233498462,309.4629441619959,0,1.0,,overlapping_competitor_launch,19,12,True,0.72,east_access_expansion,55.0,9343034.932217402,300.9274763730573,144.20974417877562,baseline,1,43.262923253632685,0.0,0.9046755373782052,78.0
2021-08-01,92,East,Therapy B,307.7843064695552,307.7843064695552,0.0,21.53108311970893,284.7004834843385,307.7843064695552,0,1.0,,overlapping_competitor_launch,19,12,True,0.72,east_access_expansion,55.0,9346918.970533544,301.0525763921723,144.26969431018526,baseline,1,43.280908293055575,0.0,0.9046755373782052,78.0
2021-09-01,93,East,Therapy B,305.888492254815,305.888492254815,0.0,21.188008770476443,282.94685533570384,305.888492254815,0,1.0,,overlapping_competitor_launch,19,12,True,0.72,east_access_expansion,55.0,9350804.623502076,301.1777284172225,144.32966936375456,baseline,1,43.298900809126366,0.0,0.9046755373782052,78.0
2021-10-01,94,East,Therapy B,303.78752112330534,303.78752112330534,0.0,20.840665787601477,281.0034570390574,303.78752112330534,0,1.0,,overlapping_competitor_launch,19,12,True,0.72,east_access_expansion,55.0,9354691.891794223,301.3029324698273,144.3896693498439,baseline,1,43.31690080495317,0.0,0.9046755373782052,78.0
2021-11-01,95,East,Therapy B,301.4984612687625,301.4984612687625,0.0,20.495004229705117,278.8860766736054,301.4984612687625,0,1.0,,overlapping_competitor_launch,19,12,True,0.72,east_access_expansion,55.0,9358580.77608151,301.4281885716153,144.4496942788181,baseline,1,43.33490828364543,0.0,0.9046755373782052,78.0
2021-12-01,96,East,Therapy B,299.0429506988247,299.0429506988247,0.0,20.15687402521932,276.6147293964128,299.0429506988247,0,1.0,,overlapping_competitor_launch,19,12,True,0.72,east_access_expansion,55.0,9362471.277035724,301.5534967442243,144.50974416104637,baseline,1,43.35292324831391,0.0,0.9046755373782052,78.0
2022-01-01,97,East,Therapy B,296.44639237415663,296.44639237415663,0.0,19.831662977743832,274.2129129460949,296.44639237415663,0,1.0,,overlapping_competitor_launch,19,12,True,0.72,east_access_expansion,55.0,9366363.395328935,301.6788570093009,144.56981900690215,baseline,1,43.37094570207064,0.0,0.9046755373782052,78.0
2022-02-01,98,East,Therapy B,293.736906675057,293.736906675057,0.0,19.52399372896212,271.7066386744277,293.736906675057,0,1.0,,overlapping_competitor_launch,19,12,True,0.72,east_access_expansion,55.0,9370257.1316335,301.8042693885005,144.6299188267631,baseline,1,43.388975648028925,0.0,0.9046755373782052,78.0
2022-03-01,99,East,Therapy B,290.94415204263976,290.94415204263976,0.0,19.23751336821196,269.1233406394417,290.94415204263976,0,1.0,,overlapping_competitor_launch,19,12,True,0.72,east_access_expansion,55.0,9374152.486622049,301.92973390348783,144.6900436310113,baseline,1,43.40701308930338,0.0,0.9046755373782052,78.0
2022-04-01,100,East,Therapy B,288.0981315294961,288.0981315294961,0.0,18.97479089005434,266.4907716647839,288.0981315294961,0,1.0,,overlapping_competitor_launch,19,12,True,0.72,east_access_expansion,55.0,9378049.46096749,302.0552505759366,144.7501934300332,baseline,1,43.42505802900995,0.0,0.9046755373782052,78.0
2022-05-01,101,East,Therapy B,285.22809039005267,285.22809039005267,0.0,18.737318725268803,263.83598361079873,285.22809039005267,0,1.0,,overlapping_competitor_launch,19,12,True,0.72,east_access_expansion,55.0,9381948.055343015,302.18081942752934,144.81036823421945,baseline,1,43.44311047026584,0.0,0.9046755373782052,78.0
2022-06-01,102,East,Therapy B,282.3615833492012,282.3615833492012,0.0,18.52559973840249,261.1844645980111,282.3615833492012,0,1.0,,overlapping_competitor_launch,19,12,True,0.72,east_access_expansion,55.0,9385848.2704221,302.3064404799578,144.87056805396512,baseline,1,43.46117041618953,0.0,0.9046755373782052,78.0
2022-07-01,103,East,Therapy B,279.5237574915151,279.5237574915151,0.0,18.3392928935039,258.5594756796514,279.5237574915151,0,1.0,,persistence_change,19,12,True,0.72,east_access_expansion,55.0,9389750.106878487,302.43211375492245,144.93079289966946,baseline,1,43.47923786990084,0.0,0.9046755373782052,78.0
2022-08-01,104,East,Therapy B,276.73686501182146,276.73686501182146,0.0,18.17738933217004,255.98160013593483,276.73686501182146,0,1.0,,persistence_change,19,12,True,0.72,east_access_expansion,55.0,9393653.565386211,302.5578392741332,144.99104278173618,baseline,1,43.497312834520855,0.0,0.9046755373782052,78.0
2022-09-01,105,East,Therapy B,273.9385171445953,273.9385171445953,0.0,17.956917008660454,253.39312835875063,273.9385171445953,0,1.0,,persistence_change,19,12,True,0.72,east_access_expansion,55.0,9397558.646619584,302.6836170593086,145.05131771057333,baseline,1,43.515395313172,0.0,0.9046755373782052,78.0
2022-10-01,106,East,Therapy B,271.1619350241993,271.1619350241993,0.0,17.768806665448604,250.82478989738436,271.1619350241993,0,1.0,,persistence_change,19,12,True,0.72,east_access_expansion,55.0,9401465.351253197,302.8094471321764,145.11161769659307,baseline,1,43.53348530897792,0.0,0.9046755373782052,78.0
2022-11-01,107,East,Therapy B,268.434231687873,268.434231687873,0.0,17.609441790488695,248.3016643112825,268.434231687873,0,1.0,,persistence_change,19,12,True,0.72,east_access_expansion,55.0,9405373.679961916,302.9353295144734,145.1719427502122,baseline,1,43.551582825063655,0.0,0.9046755373782052,78.0
2022-12-01,108,East,Therapy B,265.77707326501513,265.77707326501513,0.0,17.475408953732583,245.843792770139,265.77707326501513,0,1.0,,persistence_change,19,12,True,0.72,east_access_expansion,55.0,9409283.6334209,303.0612642279454,145.2322928818516,baseline,1,43.56968786455548,0.0,0.9046755373782052,78.0
2023-01-01,109,East,Therapy B,263.2073377801251,263.2073377801251,0.0,17.363545009986122,243.4667874466157,263.2073377801251,0,1.0,,persistence_change,19,12,True,0.72,east_access_expansion,55.0,9413195.212305576,303.1872512943473,145.2926681019366,baseline,1,43.58780043058098,0.0,0.9046755373782052,78.0
2023-02-01,110,East,Therapy B,260.7377506546705,260.7377506546705,0.0,17.270963208054855,241.1824193555703,260.7377506546705,0,1.0,,persistence_change,19,12,True,0.72,east_access_expansion,55.0,9417108.417291664,303.3132907354429,145.35306842089685,baseline,1,43.60592052626905,0.0,0.9046755373782052,78.0
2023-03-01,111,East,Therapy B,258.37748168157,258.37748168157,0.0,17.195062325999693,238.99917055545225,258.37748168157,0,1.0,,persistence_change,19,12,True,0.72,east_access_expansion,55.0,9421023.249055156,303.4393825730052,145.41349384916631,baseline,1,43.62404815474989,0.0,0.9046755373782052,78.0
2023-04-01,112,East,Therapy B,256.13269362917777,256.13269362917777,0.0,17.13352307372555,236.92274160698943,256.13269362917777,0,1.0,,persistence_change,19,12,True,0.72,east_access_expansion,55.0,9424939.708272329,303.5655268288163,145.47394439718337,baseline,1,43.64218331915501,0.0,0.9046755373782052,78.0
2023-05-01,113,East,Therapy B,254.0070372225998,254.0070372225998,0.0,17.08429561561033,234.9565094309048,254.0070372225998,0,1.0,,persistence_change,19,12,True,0.72,east_access_expansion,55.0,9428857.79561973,303.69172352466694,145.53442007539053,baseline,1,43.66032602261716,0.0,0.9046755373782052,78.0
2023-06-01,114,East,Therapy B,252.0020908650166,252.0020908650166,0.0,17.045581434111817,233.1019340501404,252.0020908650166,0,1.0,,persistence_change,19,12,True,0.72,east_access_expansion,55.0,9432777.511774208,303.81797268235755,145.59492089423492,baseline,1,43.67847626827047,0.0,0.9046755373782052,78.0
2023-07-01,115,East,Therapy B,251.35395576977527,251.35395576977527,0.0,18.2520217196349,232.5024090870421,251.35395576977527,0,1.0,,epidemiology_change,19,12,True,0.72,east_access_expansion,55.0,9436698.857412878,340.4175872425407,163.13410048786793,epidemiology_change,109,48.94023014636038,0.0,0.9046755373782052,78.0
2023-08-01,116,East,Therapy B,250.7968757602081,250.7968757602081,0.0,18.294466673166045,231.98711007819253,250.7968757602081,0,1.0,,epidemiology_change,19,12,True,0.72,east_access_expansion,55.0,9440621.833213145,340.55910388696435,163.2019177551223,epidemiology_change,109,48.96057532653669,0.0,0.9046755373782052,78.0
2023-09-01,117,East,Therapy B,250.32511415759728,250.32511415759728,0.0,18.33800407940474,231.55073059577748,250.32511415759728,0,1.0,,epidemiology_change,19,12,True,0.72,east_access_expansion,55.0,9444546.43985268,340.7006793619576,163.26976321502127,epidemiology_change,109,48.98092896450638,0.0,0.9046755373782052,78.0
2023-10-01,118,East,Therapy B,249.93284842806577,249.93284842806577,0.0,18.382117832288262,231.18788479596083,249.93284842806577,0,1.0,,epidemiology_change,19,12,True,0.72,east_access_expansion,55.0,9448472.67800946,340.8423136919777,163.33763687928518,epidemiology_change,109,49.00129106378555,0.0,0.9046755373782052,78.0
2023-11-01,119,East,Therapy B,249.6142636487187,249.6142636487187,0.0,18.426378852757868,230.8931938750648,249.6142636487187,0,1.0,,epidemiology_change,19,12,True,0.72,east_access_expansion,55.0,9452400.548361726,340.9840069014912,163.40553875963883,epidemiology_change,109,49.021661627891646,0.0,0.9046755373782052,78.0
2023-12-01,120,East,Therapy B,249.36362890620495,249.36362890620495,0.0,18.470435031140177,230.6613567382396,249.36362890620495,0,1.0,,epidemiology_change,19,12,True,0.72,east_access_expansion,55.0,9456330.051588004,341.12575901497536,163.47346886781216,epidemiology_change,109,49.042040660343645,0.0,0.9046755373782052,78.0
2024-01-01,121,East,Therapy B,249.1753582268255,249.1753582268255,0.0,18.514001488585865,230.4872063598136,249.1753582268255,0,1.0,,epidemiology_change,19,12,True,0.72,east_access_expansion,55.0,9460261.188367106,341.2675700569173,163.54142721553987,epidemiology_change,109,49.06242816466196,0.0,0.9046755373782052,78.0
2024-02-01,122,East,Therapy B,249.04405781243744,249.04405781243744,0.0,18.55685145262384,230.3657534765046,249.04405781243744,0,1.0,,epidemiology_change,19,12,True,0.72,east_access_expansion,55.0,9464193.959378123,341.40944005181456,163.60941381456152,epidemiology_change,109,49.08282414436845,0.0,0.9046755373782052,78.0
2024-03-01,123,East,Therapy B,248.9645613846974,248.9645613846974,0.0,18.598807908192757,230.29221928084507,248.9645613846974,0,1.0,,epidemiology_change,19,12,True,0.72,east_access_expansion,55.0,9468128.365300432,341.55136902417473,163.67742867662164,epidemiology_change,109,49.10322860298649,0.0,0.9046755373782052,78.0
2024-04-01,124,East,Therapy B,248.93195537394365,248.93195537394365,0.0,18.63973609309856,230.26205872089787,248.93195537394365,0,1.0,,epidemiology_change,19,12,True,0.72,east_access_expansion,55.0,9472064.406813689,341.69335699851564,163.7454718134696,epidemiology_change,109,49.12364154404088,0.0,0.9046755373782052,78.0
2024-05-01,125,East,Therapy B,248.94159556617808,248.94159556617808,0.0,18.67953684528023,230.2709758987148,248.94159556617808,0,1.0,,epidemiology_change,19,12,True,0.72,east_access_expansion,55.0,9476002.084597828,341.8354039993652,163.8135432368596,epidemiology_change,109,49.14406297105788,0.0,0.9046755373782052,78.0
2024-06-01,126,East,Therapy B,248.98911666887813,248.98911666887813,0.0,18.718140770163394,230.3149329187123,248.98911666887813,0,1.0,,epidemiology_change,19,12,True,0.72,east_access_expansion,55.0,9479941.399333078,341.9775100512616,163.8816429585508,epidemiology_change,109,49.16449288756524,0.0,0.9046755373782052,78.0
2024-07-01,127,East,Therapy B,249.0704360919566,249.0704360919566,0.0,18.755503173244303,230.39015338505988,249.0704360919566,0,1.0,,epidemiology_change,19,12,True,0.72,east_access_expansion,55.0,9483882.35169994,342.1196751787533,163.94977099030723,epidemiology_change,109,49.18493129709217,0.0,0.9046755373782052,78.0
2024-08-01,128,East,Therapy B,249.18175307603303,249.18175307603303,0.0,18.791599690973165,230.49312159533056,249.18175307603303,0,1.0,,epidemiology_change,19,12,True,0.72,east_access_expansion,55.0,9487824.942379206,342.2618994063991,164.01792734389787,epidemiology_change,109,49.20537820316936,0.0,0.9046755373782052,78.0
2024-09-01,129,East,Therapy B,249.3195441437128,249.3195441437128,0.0,18.8264225483822,230.62057833293431,249.3195441437128,0,1.0,,epidemiology_change,19,12,True,0.72,east_access_expansion,55.0,9491769.172051944,342.40418275876743,164.08611203109638,epidemiology_change,109,49.22583360932891,0.0,0.9046755373782052,78.0
2024-10-01,130,East,Therapy B,249.48055570505497,249.48055570505497,0.0,18.859977372120664,230.76951402717583,249.48055570505497,0,1.0,,epidemiology_change,19,12,True,0.72,east_access_expansion,55.0,9495715.041399509,342.54652526043753,164.15432506368157,epidemiology_change,109,49.24629751910447,0.0,0.9046755373782052,78.0
2024-11-01,131,East,Therapy B,249.66179451794403,249.66179451794403,0.0,18.892280490768204,230.93715992909824,249.66179451794403,0,1.0,,epidemiology_change,19,12,True,0.72,east_access_expansion,55.0,9499662.551103532,342.68892693599867,164.22256645343705,epidemiology_change,109,49.2667699360311,0.0,0.9046755373782052,78.0
2024-12-01,132,East,Therapy B,249.8605165883164,249.8605165883164,0.0,18.923356659218104,231.12097784419265,249.8605165883164,0,1.0,,epidemiology_change,19,12,True,0.72,east_access_expansion,55.0,9503611.701845942,342.8313878100502,164.29083621215122,epidemiology_change,109,49.28725086364536,0.0,0.9046755373782052,78.0
2025-01-01,133,East,Therapy B,250.0742149938745,250.0742149938745,0.0,18.953237149681907,231.31864886933397,250.0742149938745,0,1.0,,epidemiology_change,19,12,True,0.72,east_access_expansion,55.0,9507562.49430894,342.9739079072019,164.35913435161757,epidemiology_change,109,49.30774030548527,0.0,0.9046755373782052,78.0
2025-02-01,134,East,Therapy B,250.30060702722832,250.30060702722832,0.0,18.981958157894383,231.5280615001862,250.30060702722832,0,1.0,,epidemiology_change,19,12,True,0.72,east_access_expansion,55.0,9511514.929175014,343.1164872520736,164.42746088363432,epidemiology_change,109,49.3282382650903,0.0,0.9046755373782052,78.0
2025-03-01,135,East,Therapy B,250.53762097921324,250.53762097921324,0.0,19.009559479027043,231.74729940577225,250.53762097921324,0,1.0,,epidemiology_change,19,12,True,0.72,east_access_expansion,55.0,9515469.007126931,343.2591258692955,164.49581582000468,epidemiology_change,109,49.3487447460014,0.0,0.9046755373782052,78.0
2025-04-01,136,East,Therapy B,250.7833828192024,250.7833828192024,0.0,19.03608341343016,231.97462910776224,250.7833828192024,0,1.0,,epidemiology_change,19,12,True,0.72,east_access_expansion,55.0,9519424.728847751,343.4018237835081,164.56419917253692,epidemiology_change,109,49.36925975176107,0.0,0.9046755373782052,78.0
2025-05-01,137,East,Therapy B,251.0362029752588,251.0362029752588,0.0,19.061573867496527,232.2084877521144,251.0362029752588,0,1.0,,epidemiology_change,19,12,True,0.72,east_access_expansion,55.0,9523382.095020816,343.54458101936194,164.6326109530439,epidemiology_change,109,49.38978328591316,0.0,0.9046755373782052,78.0
2025-06-01,138,East,Therapy B,251.2945633717353,251.2945633717353,0.0,19.08607561962093,232.4474711188552,251.2945633717353,0,1.0,,epidemiology_change,19,12,True,0.72,east_access_expansion,55.0,9527341.106329745,343.6873976015179,164.70105117334356,epidemiology_change,109,49.41031535200307,0.0,0.9046755373782052,78.0
2025-07-01,139,East,Therapy B,251.55710484425973,251.55710484425973,0.0,19.10963372540457,232.69032198094024,251.55710484425973,0,1.0,,epidemiology_change,19,12,True,0.72,east_access_expansion,55.0,9531301.76345844,343.8302735546471,164.76951984525877,epidemiology_change,109,49.43085595357763,0.0,0.9046755373782052,78.0
2025-08-01,140,East,Therapy B,251.82261502087997,251.82261502087997,0.0,19.13229303993972,232.93591889431397,251.82261502087997,0,1.0,,epidemiology_change,19,12,True,0.72,east_access_expansion,55.0,9535264.067091102,343.973208903431,164.8380169806173,epidemiology_change,109,49.45140509418519,0.0,0.9046755373782052,78.0
2025-09-01,141,East,Therapy B,252.0900167325497,252.0900167325497,0.0,19.154097838235774,233.1832654776085,252.0900167325497,0,1.0,,epidemiology_change,19,12,True,0.72,east_access_expansion,55.0,9539228.017912202,344.11620367256126,164.90654259125185,epidemiology_change,109,49.47196277737555,0.0,0.9046755373782052,78.0
2025-10-01,142,East,Therapy B,252.3583569952616,252.3583569952616,0.0,19.175091517653065,233.43148022061692,252.3583569952616,0,1.0,,epidemiology_change,19,12,True,0.72,east_access_expansion,55.0,9543193.616606504,344.25925788673976,164.975096689,epidemiology_change,109,49.4925290067,0.0,0.9046755373782052,78.0
2025-11-01,143,East,Therapy B,252.62679658925373,252.62679658925373,0.0,19.195316368636792,233.6797868450597,252.62679658925373,0,1.0,,epidemiology_change,19,12,True,0.72,east_access_expansion,55.0,9547160.86385905,344.4023715706786,165.0436792857042,epidemiology_change,109,49.51310378571126,0.0,0.9046755373782052,78.0
2025-12-01,144,East,Therapy B,252.8946002471926,252.8946002471926,0.0,19.214813402132904,233.9275052286532,252.8946002471926,0,1.0,,epidemiology_change,19,12,True,0.72,east_access_expansion,55.0,9551129.76035517,344.5455447491004,165.11229039321194,epidemiology_change,109,49.53368711796358,0.0,0.9046755373782052,78.0
2014-01-01,1,North,Therapy B,0.0,0.0,0.0,0.0,0.0,0.0,0,1.0,,early_market_before_b_launch,19,12,False,0.0,not_launched,,11000000.0,433.02875,207.515,baseline,1,62.2545,392.634,0.5444725411997668,1.0
2014-02-01,2,North,Therapy B,0.0,0.0,0.0,0.0,0.0,0.0,0,1.0,,early_market_before_b_launch,19,12,False,0.0,not_launched,,11004572.86329202,433.2087664795696,207.60126706600403,baseline,1,62.28038011980121,0.0,0.5444725411997668,1.0
2014-03-01,3,North,Therapy B,0.0,0.0,0.0,0.0,0.0,0.0,0,1.0,,early_market_before_b_launch,19,12,False,0.0,not_launched,,11009147.627591193,433.3888577946619,207.6875699945079,baseline,1,62.30627099835237,0.0,0.5444725411997668,1.0
2014-04-01,4,North,Therapy B,0.0,0.0,0.0,0.0,0.0,0.0,0,1.0,,early_market_before_b_launch,19,12,False,0.0,not_launched,,11013724.293687792,433.5690239763871,207.77390880042023,baseline,1,62.33217264012607,0.0,0.5444725411997668,1.0
2014-05-01,5,North,Therapy B,0.0,0.0,0.0,0.0,0.0,0.0,0,1.0,,early_market_before_b_launch,19,12,False,0.0,not_launched,,11018302.862372434,433.7492650558688,207.860283498656,baseline,1,62.35808504959679,0.0,0.5444725411997668,1.0
2014-06-01,6,North,Therapy B,0.0,0.0,0.0,0.0,0.0,0.0,0,1.0,,early_market_before_b_launch,19,12,False,0.0,not_launched,,11022883.33443604,433.9295810642428,207.94669410413596,baseline,1,62.38400823124078,0.0,0.5444725411997668,1.0
2014-07-01,7,North,Therapy B,0.0,0.0,0.0,0.0,0.0,0.0,0,1.0,,early_market_before_b_launch,19,12,False,0.0,not_launched,,11027465.710669884,434.1099720326582,208.0331406317873,baseline,1,62.4099421895362,0.0,0.5444725411997668,1.0
2014-08-01,8,North,Therapy B,0.0,0.0,0.0,0.0,0.0,0.0,0,1.0,,early_market_before_b_launch,19,12,False,0.0,not_launched,,11032049.991865547,434.2904379922771,208.1196230965436,baseline,1,62.435886928963065,0.0,0.5444725411997668,1.0
2014-09-01,9,North,Therapy B,0.0,0.0,0.0,0.0,0.0,0.0,0,1.0,,early_market_before_b_launch,19,12,False,0.0,not_launched,,11036636.178814957,434.4709789742744,208.20614151334425,baseline,1,62.46184245400326,0.0,0.5444725411997668,1.0
2014-10-01,10,North,Therapy B,0.0,0.0,0.0,0.0,0.0,0.0,0,1.0,,early_market_before_b_launch,19,12,False,0.0,not_launched,,11041224.272310363,434.65159500983793,208.29269589713508,baseline,1,62.48780876914052,0.0,0.5444725411997668,1.0
2014-11-01,11,North,Therapy B,0.0,0.0,0.0,0.0,0.0,0.0,0,1.0,,early_market_before_b_launch,19,12,False,0.0,not_launched,,11045814.273144346,434.8322861301687,208.3792862628681,baseline,1,62.51378587886044,0.0,0.5444725411997668,1.0
2014-12-01,12,North,Therapy B,0.0,0.0,0.0,0.0,0.0,0.0,0,1.0,,early_market_before_b_launch,19,12,False,0.0,not_launched,,11050406.18210981,435.01305236648034,208.4659126255016,baseline,1,62.53977378765048,0.0,0.5444725411997668,1.0
2015-01-01,13,North,Therapy B,0.0,0.0,0.0,0.0,0.0,0.0,0,1.0,,early_market_before_b_launch,19,12,False,0.0,not_launched,,11054999.999999998,435.19389375,208.552575,baseline,1,62.5657725,0.0,0.5444725411997668,1.0
2015-02-01,14,North,Therapy B,0.0,0.0,0.0,0.0,0.0,0.0,0,1.0,,early_market_before_b_launch,19,12,False,0.0,not_launched,,11059595.727608478,435.3748103119673,208.639273401334,baseline,1,62.59178202040019,0.0,0.5444725411997668,1.0
2015-03-01,15,North,Therapy B,0.0,0.0,0.0,0.0,0.0,0.0,0,1.0,,early_market_before_b_launch,19,12,False,0.0,not_launched,,11064193.365729146,435.5558020836351,208.7260078444804,baseline,1,62.61780235334412,0.0,0.5444725411997668,1.0
2015-04-01,16,North,Therapy B,0.0,0.0,0.0,0.0,0.0,0.0,0,1.0,,early_market_before_b_launch,19,12,False,0.0,not_launched,,11068792.915156232,435.73686909626906,208.8127783444224,baseline,1,62.643833503326704,0.0,0.5444725411997668,1.0
2015-05-01,17,North,Therapy B,0.0,0.0,0.0,0.0,0.0,0.0,0,1.0,,early_market_before_b_launch,19,12,False,0.0,not_launched,,11073394.376684291,435.9180113811479,208.89958491614917,baseline,1,62.66987547484474,0.0,0.5444725411997668,1.0
2015-06-01,18,North,Therapy B,0.0,0.0,0.0,0.0,0.0,0.0,0,1.0,,early_market_before_b_launch,19,12,False,0.0,not_launched,,11077997.751108218,436.099228969564,208.9864275746566,baseline,1,62.695928272396976,0.0,0.5444725411997668,1.0
2015-07-01,19,North,Therapy B,7.361751537859335,7.361751537859335,0.0,7.361751537859335,6.809620172519885,7.361751537859335,0,1.0,,b_launch_growth,19,12,True,0.68,baseline,12.0,11082603.03922323,436.2805218928215,209.07330633494624,baseline,1,62.72199190048387,0.0,0.5444725411997668,1.0
2015-08-01,20,North,Therapy B,15.194216490168117,15.194216490168117,0.0,8.384596317648231,14.054650253405509,15.194216490168117,0,1.0,,b_launch_growth,19,12,True,0.68,baseline,12.0,11087210.241824873,436.4618901822385,209.16022121202627,baseline,1,62.74806636360788,0.0,0.5444725411997668,1.0
2015-09-01,21,North,Therapy B,23.547739244087985,23.547739244087985,0.0,9.493088990682477,21.781658800781383,23.547739244087985,0,1.0,,b_launch_growth,19,12,True,0.68,baseline,12.0,11091819.359709032,436.6433338691457,209.24717222091093,baseline,1,62.77415166627328,0.0,0.5444725411997668,1.0
2015-10-01,22,North,Therapy B,32.46057977978877,32.46057977978877,0.0,10.678920979007383,30.02603629630461,32.46057977978877,0,1.0,,b_launch_growth,19,12,True,0.68,baseline,12.0,11096430.393671917,436.8248529848871,209.3341593766207,baseline,1,62.80024781298621,0.0,0.5444725411997668,1.0
2015-11-01,23,North,Therapy B,41.956714027675176,41.956714027675176,0.0,11.930677731370558,38.80996047559954,41.956714027675176,0,1.0,,b_launch_growth,19,12,True,0.68,baseline,12.0,11101043.344510067,437.0064475608194,209.4211826941824,baseline,1,62.82635480825472,0.0,0.5444725411997668,1.0
2015-12-01,24,North,Therapy B,52.0441534886315,52.0441534886315,0.0,13.23419301303197,48.14084197698413,52.0441534886315,0,1.0,,b_launch_growth,19,12,True,0.68,baseline,12.0,11105658.213020358,437.1881176283127,209.50824218862908,baseline,1,62.85247265658872,0.0,0.5444725411997668,1.0
2016-01-01,25,North,Therapy B,62.713954167186245,62.713954167186245,0.0,14.57311219020211,58.01040760464728,62.713954167186245,0,1.0,,b_launch_growth,19,12,True,0.68,baseline,12.0,11110274.999999996,437.3698632187499,209.595337875,baseline,1,62.87860136249999,0.0,0.5444725411997668,1.0
2016-02-01,26,North,Therapy B,73.94003551688385,73.94003551688385,0.0,15.929627912236564,68.39453285311755,73.94003551688385,0,1.0,,b_launch_growth,19,12,True,0.68,baseline,12.0,11114893.70624652,437.55168436352704,209.6824697683406,baseline,1,62.90474093050218,0.0,0.5444725411997668,1.0
2016-03-01,27,North,Therapy B,85.67986751996696,85.67986751996696,0.0,17.285334666849405,79.25387745596944,85.67986751996696,0,1.0,,b_launch_growth,19,12,True,0.68,baseline,12.0,11119514.33255779,437.73358109405314,209.7696378837028,baseline,1,62.93089136511082,0.0,0.5444725411997668,1.0
2016-04-01,28,North,Therapy B,97.87601203910074,97.87601203910074,0.0,18.62213458313129,90.5353111361682,97.87601203910074,0,1.0,,b_launch_growth,19,12,True,0.68,baseline,12.0,11124136.879732013,437.9155534417503,209.8568422361444,baseline,1,62.957052670843325,0.0,0.5444725411997668,1.0
2016-05-01,29,North,Therapy B,110.45842810910244,110.45842810910244,0.0,19.923116972934253,102.17404600091974,110.45842810910244,0,1.0,,b_launch_growth,19,12,True,0.68,baseline,12.0,11128761.348567711,438.09760143805374,209.94408284072992,baseline,1,62.983224852218974,0.0,0.5444725411997668,1.0
2016-06-01,30,North,Therapy B,123.34737784257212,123.34737784257212,0.0,21.173331841652384,114.09632450437924,123.34737784257212,0,1.0,,b_launch_growth,19,12,True,0.68,baseline,12.0,11133387.73986376,438.2797251144117,210.03135971252985,baseline,1,63.00940791375894,0.0,0.5444725411997668,1.0
2016-07-01,31,North,Therapy B,136.45671119388706,136.45671119388706,0.0,22.36038668950784,126.22245785434552,136.45671119388706,0,1.0,,b_launch_growth,19,12,True,0.68,baseline,12.0,11138016.054419344,438.4619245022856,210.11867286662095,baseline,1,63.03560185998629,0.0,0.5444725411997668,1.0
2016-08-01,32,North,Therapy B,149.69727538740116,149.69727538740116,0.0,23.47481753305565,138.4699797333461,149.69727538740116,0,1.0,,b_launch_growth,19,12,True,0.68,baseline,12.0,11142646.293033997,438.6441996331495,210.20602231808635,baseline,1,63.0618066954259,0.0,0.5444725411997668,1.0
2016-09-01,33,North,Therapy B,162.98019571263598,162.98019571263598,0.0,24.510215979289903,150.75668103418826,162.98019571263598,0,1.0,,b_launch_growth,19,12,True,0.68,baseline,12.0,11147278.456507573,438.82655053849135,210.29340808201545,baseline,1,63.088022424604624,0.0,0.5444725411997668,1.0
2016-10-01,34,North,Therapy B,176.2198084742356,176.2198084742356,0.0,25.46312744004733,163.00332283866794,176.2198084742356,0,1.0,,b_launch_growth,19,12,True,0.68,baseline,12.0,11151912.545640271,439.0089772498113,210.3808301735037,baseline,1,63.11424905205112,0.0,0.5444725411997668,1.0
2016-11-01,35,North,Therapy B,189.3360861631984,189.3360861631984,0.0,26.332763324530436,175.13587970095847,189.3360861631984,0,1.0,,b_launch_growth,19,12,True,0.68,baseline,12.0,11156548.561232615,439.19147979862345,210.4682886076533,baseline,1,63.14048658229599,0.0,0.5444725411997668,1.0
2016-12-01,36,North,Therapy B,202.25646635517268,202.25646635517268,0.0,27.1205866542142,187.08723137853477,202.25646635517268,0,1.0,,b_launch_growth,19,12,True,0.68,baseline,12.0,11161186.50408546,439.3740582164542,210.55578339957225,baseline,1,63.16673501987167,0.0,0.5444725411997668,1.0
2017-01-01,37,North,Therapy B,214.9170657038136,214.9170657038136,0.0,27.82983432527886,198.7982857760276,214.9170657038136,0,1.0,,b_launch_growth,19,12,True,0.68,baseline,12.0,11165826.374999996,439.55671253484365,210.64331456437495,baseline,1,63.19299436931249,0.0,0.5444725411997668,1.0
2017-02-01,38,North,Therapy B,227.2633180151171,227.2633180151171,0.0,28.46503223908955,210.2185691639833,227.2633180151171,0,1.0,,b_launch_growth,19,12,True,0.68,baseline,12.0,11170468.17477775,439.7394427853446,210.73088211718223,baseline,1,63.21926463515467,0.0,0.5444725411997668,1.0
2017-03-01,39,North,Therapy B,239.2501150704039,239.2501150704039,0.0,29.031545906420558,221.3063564401236,239.2501150704039,0,1.0,,b_launch_growth,19,12,True,0.68,baseline,12.0,11175111.904220575,439.9222489995234,210.81848607312125,baseline,1,63.245545821936375,0.0,0.5444725411997668,1.0
2017-04-01,40,North,Therapy B,250.84154980478,250.84154980478,0.0,29.53519336465638,232.02843356942145,250.84154980478,0,1.0,,b_launch_growth,19,12,True,0.68,baseline,12.0,11179757.56413067,440.1051312089591,210.90612644732516,baseline,1,63.271837934197535,0.0,0.5444725411997668,1.0
2017-05-01,41,North,Therapy B,262.0103663397648,262.0103663397648,0.0,29.981932770343352,242.35958886428244,262.0103663397648,0,1.0,,b_launch_growth,19,12,True,0.68,baseline,12.0,11184405.15531055,440.288089445244,210.99380325493357,baseline,1,63.298140976480056,0.0,0.5444725411997668,1.0
2017-06-01,42,North,Therapy B,272.73721463857794,272.73721463857794,0.0,30.37762577429549,252.2819235406846,272.73721463857794,0,1.0,,b_launch_growth,19,12,True,0.68,baseline,12.0,11189054.678563075,440.4711237399838,211.0815165110925,baseline,1,63.32445495332775,0.0,0.5444725411997668,1.0
2017-07-01,43,North,Therapy B,283.009793859101,283.009793859101,0.0,30.727870318416443,261.7840593196685,283.009793859101,0,1.0,,b_launch_growth,19,12,True,0.68,baseline,12.0,11193706.13469144,440.654234124797,211.1692662309541,baseline,1,63.35077986928623,0.0,0.5444725411997668,1.0
2017-08-01,44,North,Therapy B,292.8219517783036,292.8219517783036,0.0,31.03789245863513,270.86030539493083,292.8219517783036,0,1.0,,b_launch_growth,19,12,True,0.68,baseline,12.0,11198359.524499165,440.8374206313153,211.2570524296768,baseline,1,63.37711572890303,0.0,0.5444725411997668,1.0
2017-09-01,45,North,Therapy B,302.1727908144218,302.1727908144218,0.0,31.312485419490997,279.50983150334014,302.1727908144218,0,1.0,,b_launch_growth,19,12,True,0.68,baseline,12.0,11203014.848790113,441.0206832911838,211.3448751224255,baseline,1,63.403462536727645,0.0,0.5444725411997668,1.0
2017-10-01,46,North,Therapy B,311.0658159426852,311.0658159426852,0.0,31.555984439345025,287.7358797469838,311.0658159426852,0,1.0,,b_launch_growth,19,12,True,0.68,baseline,12.0,11207672.108368471,441.2040221360604,211.43273432437124,baseline,1,63.429820297311366,0.0,0.5444725411997668,1.0
2017-11-01,47,North,Therapy B,319.5081470523556,319.5081470523556,0.0,31.772267305371763,295.5450360234289,319.5081470523556,0,1.0,,b_launch_growth,19,12,True,0.68,baseline,12.0,11212331.304038778,441.3874371976165,211.52063005069155,baseline,1,63.45618901520746,0.0,0.5444725411997668,1.0
2017-12-01,48,North,Therapy B,327.5098082593974,327.5098082593974,0.0,31.964772235968503,302.9465726399426,327.5098082593974,0,1.0,,b_launch_growth,19,12,True,0.68,baseline,12.0,11216992.436605886,441.5709285075365,211.60856231657004,baseline,1,63.48256869497101,0.0,0.5444725411997668,1.0
2018-01-01,49,North,Therapy B,335.0830992142808,335.0830992142808,0.0,32.13652657433825,309.95186677320976,335.0830992142808,0,1.0,,b_launch_growth,19,12,True,0.68,baseline,12.0,11221655.506874995,441.7544960975178,211.6965311371968,baseline,1,63.50895934115904,0.0,0.5444725411997668,1.0
2018-02-01,50,North,Therapy B,342.2420481744628,342.2420481744628,0.0,32.29018140125305,316.5738945613781,342.2420481744628,0,1.0,,b_launch_growth,19,12,True,0.68,baseline,12.0,11226320.515651638,441.9381399992712,211.78453652776813,baseline,1,63.53536095833044,0.0,0.5444725411997668,1.0
2018-03-01,51,North,Therapy B,349.00194312392733,349.00194312392733,0.0,32.42804856254924,322.8267973896328,349.00194312392733,0,1.0,,b_launch_growth,19,12,True,0.68,baseline,12.0,11230987.46374168,442.1218602445209,211.8725785034868,baseline,1,63.56177355104604,0.0,0.5444725411997668,1.0
2018-04-01,52,North,Therapy B,355.3789351052429,355.3789351052429,0.0,32.5521377156101,328.72551497234963,355.3789351052429,0,1.0,,b_launch_growth,19,12,True,0.68,baseline,12.0,11235656.351951323,442.30565686500375,211.9606570795617,baseline,1,63.58819712386851,0.0,0.5444725411997668,1.0
2018-05-01,53,North,Therapy B,361.3897068197888,361.3897068197888,0.0,32.664191847439184,334.2854788083047,361.3897068197888,0,1.0,,b_launch_growth,19,12,True,0.68,baseline,12.0,11240327.181087105,442.48952989247016,212.0487722712082,baseline,1,63.61463168136246,0.0,0.5444725411997668,1.0
2018-06-01,54,North,Therapy B,367.05119915048704,367.05119915048704,0.0,32.76572034218234,339.5223592142005,367.05119915048704,0,1.0,,b_launch_growth,19,12,True,0.68,baseline,12.0,11244999.95195589,442.6734793586836,212.13692409364788,baseline,1,63.64107722809436,0.0,0.5444725411997668,1.0
2018-07-01,55,North,Therapy B,372.3803883349249,372.3803883349249,0.0,32.85802912072434,344.45185920980555,372.3803883349249,0,1.0,,b_launch_growth,19,12,True,0.68,baseline,12.0,11249674.665364897,442.8575052954208,212.2251125621088,baseline,1,63.66753376863262,0.0,0.5444725411997668,1.0
2018-08-01,56,North,Therapy B,377.394106889654,377.394106889654,0.0,32.94224767984848,349.0895488729299,377.394106889654,0,1.0,,b_launch_growth,19,12,True,0.68,baseline,12.0,11254351.32212166,443.04160773447177,212.31333769182515,baseline,1,63.69400130754754,0.0,0.5444725411997668,1.0
2018-09-01,57,North,Therapy B,382.1089019314751,382.1089019314751,0.0,33.01935305854519,353.45073428661453,382.1089019314751,0,1.0,,b_launch_growth,19,12,True,0.68,baseline,12.0,11259029.92303406,443.2257867076396,212.4015994980376,baseline,1,63.72047984941127,0.0,0.5444725411997668,1.0
2018-10-01,58,North,Therapy B,386.5409251696525,386.5409251696525,0.0,33.09019088303802,357.5503557819286,386.5409251696525,0,1.0,,b_launch_growth,19,12,True,0.68,baseline,12.0,11263710.468910314,443.4100422467407,212.48989799599312,baseline,1,63.74696939879793,0.0,0.5444725411997668,1.0
2018-11-01,59,North,Therapy B,390.7058494942749,390.7058494942749,0.0,33.15549371234631,361.4029107822043,390.7058494942749,0,1.0,,b_launch_growth,19,12,True,0.68,baseline,12.0,11268392.96055897,443.5943743836046,212.578233200945,baseline,1,63.77346996028349,0.0,0.5444725411997668,1.0
2018-12-01,60,North,Therapy B,394.6188077218437,394.6188077218437,0.0,33.21589693963944,365.0223971427055,394.6188077218437,0,1.0,,b_launch_growth,19,12,True,0.68,baseline,12.0,11273077.398788914,443.7787831500741,212.6666051281529,baseline,1,63.79998153844586,0.0,0.5444725411997668,1.0
2019-01-01,61,North,Therapy B,398.2943496564088,398.2943496564088,0.0,33.2719525137034,368.4222734321782,398.2943496564088,0,1.0,,access_expansion,19,12,True,0.68,baseline,12.0,11277763.784409368,443.9632685780054,212.7550137928828,baseline,1,63.82650413786484,0.0,0.5444725411997668,1.0
2019-02-01,62,North,Therapy B,401.7464141706466,401.7464141706466,0.0,33.32414073846836,371.6154331078481,401.7464141706466,0,1.0,,access_expansion,19,12,True,0.68,baseline,12.0,11282452.118229896,444.1478306992677,212.84345921040705,baseline,1,63.8530377631221,0.0,0.5444725411997668,1.0
2019-03-01,63,North,Therapy B,404.9883135008501,404.9883135008501,0.0,33.372880393001964,374.6141899882863,404.9883135008501,0,1.0,,access_expansion,19,12,True,0.68,baseline,12.0,11287142.401060386,444.3324695457435,212.93194139600425,baseline,1,63.87958241880127,0.0,0.5444725411997668,1.0
2019-04-01,64,North,Therapy B,408.0327273822296,408.0327273822296,0.0,33.41853739394334,377.4302728285624,408.0327273822296,0,1.0,,access_expansion,19,12,True,0.68,baseline,12.0,11291834.63371108,444.5171851493288,213.02046036495955,baseline,1,63.90613810948786,0.0,0.5444725411997668,1.0
2019-05-01,65,North,Therapy B,410.8917050284547,410.8917050284547,0.0,33.46143219989231,380.0748271513206,410.8917050284547,0,1.0,,access_expansion,19,12,True,0.68,baseline,12.0,11296528.816992538,444.7019775419325,213.10901613256425,baseline,1,63.93270483976927,0.0,0.5444725411997668,1.0
2019-06-01,66,North,Therapy B,413.5766732859304,413.5766732859304,0.0,33.50184613460975,382.5584227894856,413.5766732859304,0,1.0,,access_expansion,19,12,True,0.68,baseline,12.0,11301224.951715669,444.886846755477,213.19760871411611,baseline,1,63.95928261423484,0.0,0.5444725411997668,1.0
2019-07-01,67,North,Therapy B,416.0984495736367,416.0984495736367,0.0,33.540026784151095,384.8910658556139,416.0984495736367,0,1.0,,access_expansion,19,12,True,0.68,baseline,12.0,11305923.03869172,445.071792821898,213.28623812491932,baseline,1,63.9858714374758,0.0,0.5444725411997668,1.0
2019-08-01,68,North,Therapy B,418.4672584584959,418.4672584584959,0.0,33.57619260288198,387.0822140741087,418.4672584584959,0,1.0,,access_expansion,19,12,True,0.68,baseline,12.0,11310623.078732269,445.2568157731442,213.37490438028428,baseline,1,64.01247131408527,0.0,0.5444725411997668,1.0
2019-09-01,69,North,Therapy B,420.6927509191321,420.6927509191321,0.0,33.61053684502336,389.1407946001972,420.6927509191321,0,1.0,,access_expansion,19,12,True,0.68,baseline,12.0,11315325.072649231,445.4419156411778,213.46360749552773,baseline,1,64.03908224865832,0.0,0.5444725411997668,1.0
2019-10-01,70,North,Therapy B,422.7840255222397,422.7840255222397,0.0,33.6432309220426,391.0752236080717,422.7840255222397,0,1.0,,access_expansion,19,12,True,0.68,baseline,12.0,11320029.021254864,445.6270924579743,213.55234748597303,baseline,1,64.0657042457919,0.0,0.5444725411997668,1.0
2019-11-01,71,North,Therapy B,424.74965087988807,424.74965087988807,0.0,33.67442727181633,392.89342706389647,424.74965087988807,0,1.0,,access_expansion,19,12,True,0.68,baseline,12.0,11324734.925361764,445.8123462555225,213.6411243669497,baseline,1,64.0923373100849,0.0,0.5444725411997668,1.0
2019-12-01,72,North,Therapy B,426.59768887682463,426.59768887682463,0.0,33.70426181292816,394.6028622110628,426.59768887682463,0,1.0,,access_expansion,19,12,True,0.68,baseline,12.0,11329442.785782857,445.9976770658244,213.72993815379365,baseline,1,64.11898144613808,0.0,0.5444725411997668,1.0
2020-01-01,73,North,Therapy B,428.3357182576434,428.3357182576434,0.0,33.73285604658062,396.21053938832017,428.3357182576434,0,1.0,,access_expansion,19,12,True,0.68,baseline,12.0,11334152.603331417,446.1830849208953,213.81878886184717,baseline,1,64.14563665855414,0.0,0.5444725411997668,1.0
2020-02-01,74,North,Therapy B,429.9708582475454,429.9708582475454,0.0,33.76031885922526,397.7230438789795,429.9708582475454,0,1.0,,access_expansion,19,12,True,0.68,baseline,12.0,11338864.378821043,446.3685698527639,213.907676506459,baseline,1,64.1723029519377,0.0,0.5444725411997668,1.0
2020-03-01,75,North,Therapy B,431.5097919499565,431.5097919499565,0.0,33.786748070976984,399.1465575537097,431.5097919499565,0,1.0,,access_expansion,19,12,True,0.68,baseline,12.0,11343578.113065686,446.554131893472,213.99660110298416,baseline,1,64.19898033089524,0.0,0.5444725411997668,1.0
2020-04-01,76,North,Therapy B,432.9587893217228,432.9587893217228,0.0,33.812231768012985,400.4868801225936,432.9587893217228,0,1.0,,access_expansion,19,12,True,0.68,baseline,12.0,11348293.806879632,446.73977107507534,214.08556266678428,baseline,1,64.22566880003528,0.0,0.5444725411997668,1.0
2020-05-01,77,North,Therapy B,434.3237295739028,434.3237295739028,0.0,33.836849451309234,401.74944985586006,434.3237295739028,0,1.0,,access_expansion,19,12,True,0.68,baseline,12.0,11353011.461077496,446.925487429642,214.174561213227,baseline,1,64.2523683639681,0.0,0.5444725411997668,1.0
2020-06-01,78,North,Therapy B,435.61012288496056,435.61012288496056,0.0,33.86067302910051,402.93936366858856,435.61012288496056,0,1.0,,access_expansion,19,12,True,0.68,baseline,12.0,11357731.076474246,447.1112809892544,214.26359675768668,baseline,1,64.279079027306,0.0,0.5444725411997668,1.0
2020-07-01,79,North,Therapy B,436.8231313448256,436.8231313448256,0.0,33.883767676237035,404.0613964939637,436.8231313448256,0,1.0,,access_expansion,19,12,True,0.68,baseline,12.0,11362452.653885176,447.29715178600736,214.3526693155439,baseline,1,64.30580079466317,0.0,0.5444725411997668,1.0
2020-08-01,80,North,Therapy B,437.9675890740084,437.9675890740084,0.0,33.90619258004473,405.12001989345777,437.9675890740084,0,1.0,,access_expansion,19,12,True,0.68,baseline,12.0,11367176.194125928,447.4830998520098,214.4417789021857,baseline,1,64.33253367065569,0.0,0.5444725411997668,1.0
2020-09-01,81,North,Therapy B,439.0480214827377,439.0480214827377,0.0,33.92800158927987,406.11941987153233,439.0480214827377,0,1.0,,access_expansion,19,12,True,0.68,baseline,12.0,11371901.698012477,447.6691252193836,214.53092553300536,baseline,1,64.35927765990161,0.0,0.5444725411997668,1.0
2020-10-01,82,North,Therapy B,440.068663651753,440.068663651753,0.0,33.94924378022068,407.0635138778715,440.068663651753,0,1.0,,access_expansion,19,12,True,0.68,baseline,12.0,11376629.166361136,447.85522792026416,214.6201092234029,baseline,1,64.38603276702086,0.0,0.5444725411997668,1.0
2020-11-01,83,North,Therapy B,441.0334778296582,441.0334778296582,0.0,33.96996395178668,407.9559669924338,441.0334778296582,0,1.0,,access_expansion,19,12,True,0.68,baseline,12.0,11381358.59998857,448.0414079868,214.7093299887844,baseline,1,64.41279899663532,0.0,0.5444725411997668,1.0
2020-12-01,84,North,Therapy B,441.9461700521948,441.9461700521948,0.0,33.990203059760915,408.80020729828016,441.9461700521948,0,1.0,,access_expansion,19,12,True,0.68,baseline,12.0,11386089.999711769,448.2276654511534,214.79858784456252,baseline,1,64.43957635336876,0.0,0.5444725411997668,1.0
2021-01-01,85,North,Therapy B,440.3405231393352,440.3405231393352,0.0,31.540315841055072,407.3149839038851,440.3405231393352,0,1.0,,overlapping_competitor_launch,19,12,True,0.68,baseline,12.0,11390823.366348073,448.4140003454997,214.88788280615637,baseline,1,64.4663648418469,0.0,1.194472541199767,78.0
2021-02-01,86,North,Therapy B,438.50117384973663,438.50117384973663,0.0,31.18618994585152,405.6135858110064,438.50117384973663,0,1.0,,overlapping_competitor_launch,19,12,True,0.68,baseline,12.0,11395558.700715149,448.6004127020277,214.97721488899128,baseline,1,64.49316446669738,0.0,1.194472541199767,78.0
2021-03-01,87,North,Therapy B,436.40534978804897,436.40534978804897,0.0,30.791763977042617,403.6749485539453,436.40534978804897,0,1.0,,overlapping_competitor_launch,19,12,True,0.68,baseline,12.0,11400296.003631016,448.78690255293947,215.06658410849911,baseline,1,64.51997523254973,0.0,1.194472541199767,78.0
2021-04-01,88,North,Therapy B,434.0329243549321,434.0329243549321,0.0,30.357975800986832,401.4804550283122,434.0329243549321,0,1.0,,overlapping_competitor_launch,19,12,True,0.68,baseline,12.0,11405035.27591403,448.9734699304507,215.1559904801182,baseline,1,64.54679714403545,0.0,1.194472541199767,78.0
2021-05-01,89,North,Therapy B,431.3677855980014,431.3677855980014,0.0,29.887330569689137,399.0152016781512,431.3677855980014,0,1.0,,overlapping_competitor_launch,19,12,True,0.68,baseline,12.0,11409776.518382885,449.1601148667903,215.2454340192932,baseline,1,64.57363020578795,0.0,1.194472541199767,78.0
2021-06-01,90,North,Therapy B,428.3992313308276,428.3992313308276,0.0,29.38402965267625,396.2692889810155,428.3992313308276,0,1.0,,overlapping_competitor_launch,19,12,True,0.68,baseline,12.0,11414519.731856618,449.34683739420063,215.33491474147516,baseline,1,64.60047442244253,0.0,1.194472541199767,78.0
2021-07-01,91,North,Therapy B,425.12325202601335,425.12325202601335,0.0,28.853963044997904,393.2390081240624,425.12325202601335,0,1.0,,overlapping_competitor_launch,19,12,True,0.68,baseline,12.0,11419264.917154605,449.5336375449374,215.4244326621216,baseline,1,64.62732979863648,0.0,1.194472541199767,78.0
2021-08-01,92,North,Therapy B,421.5435454752173,421.5435454752173,0.0,28.304537351155005,389.9277795645761,421.5435454752173,0,1.0,,overlapping_competitor_launch,19,12,True,0.68,baseline,12.0,11424012.075096557,449.72051535126974,215.5139877966965,baseline,1,64.65419633900895,0.0,1.194472541199767,78.0
2021-09-01,93,North,Therapy B,417.6721147608533,417.6721147608533,0.0,27.74433519627724,386.3467061537893,417.6721147608533,0,1.0,,overlapping_competitor_launch,19,12,True,0.68,baseline,12.0,11428761.206502536,449.9074708454804,215.60358016067036,baseline,1,64.6810740482011,0.0,1.194472541199767,78.0
2021-10-01,94,North,Therapy B,413.5293378190303,413.5293378190303,0.0,27.18263166524099,382.514637482603,413.5293378190303,0,1.0,,overlapping_competitor_launch,19,12,True,0.68,baseline,12.0,11433512.31219294,450.09450405986536,215.69320976951985,baseline,1,64.70796293085596,0.0,1.194472541199767,78.0
2021-11-01,95,North,Therapy B,409.1434592782541,409.1434592782541,0.0,26.628821795651053,378.457699832385,409.1434592782541,0,1.0,,overlapping_competitor_launch,19,12,True,0.68,baseline,12.0,11438265.392988512,450.281615026734,215.7828766387283,baseline,1,64.73486299161848,0.0,1.194472541199767,78.0
2021-12-01,96,North,Therapy B,404.5495318798602,404.5495318798602,0.0,26.091832047475187,374.2083169888707,404.5495318798602,0,1.0,,overlapping_competitor_launch,19,12,True,0.68,baseline,12.0,11443020.449710326,450.4688037784092,215.8725807837853,baseline,1,64.7617742351356,0.0,1.194472541199767,78.0
2022-01-01,97,North,Therapy B,399.7879091194986,399.7879091194986,0.0,25.579592130627944,369.80381593553625,399.7879091194986,0,1.0,,overlapping_competitor_launch,19,12,True,0.68,baseline,12.0,11447777.483179811,450.6560703472273,215.9623222201872,baseline,1,64.78869666605615,0.0,1.194472541199767,78.0
2022-02-01,98,North,Therapy B,394.9024464293748,394.9024464293748,0.0,25.098630493838517,365.28476294717166,394.9024464293748,0,1.0,,overlapping_competitor_launch,19,12,True,0.68,baseline,12.0,11452536.494218722,450.8434147655377,216.05210096343615,baseline,1,64.81563028903085,0.0,1.194472541199767,78.0
2022-03-01,99,North,Therapy B,389.9385943018353,389.9385943018353,0.0,24.65383135466363,360.69319972919766,389.9385943018353,0,1.0,,overlapping_competitor_launch,19,12,True,0.68,baseline,12.0,11457297.483649168,451.0308370657041,216.1419170290416,baseline,1,64.84257510871248,0.0,1.194472541199767,78.0
2022-04-01,100,North,Therapy B,384.9415607589832,384.9415607589832,0.0,24.248361029785528,356.07094370205937,384.9415607589832,0,1.0,,overlapping_competitor_launch,19,12,True,0.68,baseline,12.0,11462060.4522936,451.2183372801029,216.23177043251877,baseline,1,64.86953112975561,0.0,1.194472541199767,78.0
2022-05-01,101,North,Therapy B,379.9546882058431,379.9546882058431,0.0,23.88374450378376,351.45808659040495,379.9546882058431,0,1.0,,overlapping_competitor_launch,19,12,True,0.68,baseline,12.0,11466825.4009748,451.4059154411242,216.3216611893896,baseline,1,64.89649835681688,0.0,1.194472541199767,78.0
2022-06-01,102,North,Therapy B,375.01814181792855,375.01814181792855,0.0,23.560055227523627,346.8917811815839,375.01814181792855,0,1.0,,overlapping_competitor_launch,19,12,True,0.68,baseline,12.0,11471592.3305159,451.5935715811715,216.41158931518245,baseline,1,64.92347679455473,0.0,1.194472541199767,78.0
2022-07-01,103,North,Therapy B,370.1679551317198,370.1679551317198,0.0,23.27617395013589,342.4053584968408,370.1679551317198,0,1.0,,persistence_change,19,12,True,0.68,baseline,12.0,11476361.241740374,451.781305732662,216.50155482543212,baseline,1,64.95046644762964,0.0,1.194472541199767,78.0
2022-08-01,104,North,Therapy B,365.4354330620881,365.4354330620881,0.0,23.030074565247265,338.0277755824315,365.4354330620881,0,1.0,,persistence_change,19,12,True,0.68,baseline,12.0,11481132.135472037,451.969117928026,216.59155773567997,baseline,1,64.97746732070398,0.0,1.194472541199767,78.0
2022-09-01,105,North,Therapy B,360.7203235870104,360.7203235870104,0.0,22.69254800457892,333.6662993179847,360.7203235870104,0,1.0,,persistence_change,19,12,True,0.68,baseline,12.0,11485905.012535049,452.1570081997079,216.6815980614737,baseline,1,65.00447941844212,0.0,1.194472541199767,78.0
2022-10-01,106,North,Therapy B,356.07151419543175,356.07151419543175,0.0,22.405214877447115,329.3661506307744,356.07151419543175,0,1.0,,persistence_change,19,12,True,0.68,baseline,12.0,11490679.873753903,452.3449765801647,216.77167581836744,baseline,1,65.03150274551022,0.0,1.194472541199767,78.0
2022-11-01,107,North,Therapy B,351.5282777488303,351.5282777488303,0.0,22.162127118055903,325.16365691766805,351.5282777488303,0,1.0,,persistence_change,19,12,True,0.68,baseline,12.0,11495456.719953451,452.5330231018676,216.8617910219219,baseline,1,65.05853730657657,0.0,1.194472541199767,78.0
2022-12-01,108,North,Therapy B,347.121439858815,347.121439858815,0.0,21.95778294114698,321.0873318694039,347.121439858815,0,1.0,,persistence_change,19,12,True,0.68,baseline,12.0,11500235.551958878,452.7211477973012,216.95194368770424,baseline,1,65.08558310631128,0.0,1.194472541199767,78.0
2023-01-01,109,North,Therapy B,342.87449832633354,342.87449832633354,0.0,21.78716645692966,317.1589109518585,342.87449832633354,0,1.0,,persistence_change,19,12,True,0.68,baseline,12.0,11505016.370595708,452.9093506989633,217.04213383128808,baseline,1,65.11264014938641,0.0,1.194472541199767,78.0
2023-02-01,110,North,Therapy B,338.8046710937923,338.8046710937923,0.0,21.645760141933813,313.3943207617579,338.8046710937923,0,1.0,,persistence_change,19,12,True,0.68,baseline,12.0,11509799.176689817,453.0976318393654,217.13236146825335,baseline,1,65.13970844047601,0.0,1.194472541199767,78.0
2023-03-01,111,North,Therapy B,334.9238574345916,334.9238574345916,0.0,21.52953667283372,309.80456812699725,334.9238574345916,0,1.0,,persistence_change,19,12,True,0.68,baseline,12.0,11514583.971067414,453.28599125103256,217.2226266141868,baseline,1,65.16678798425603,0.0,1.194472541199767,78.0
2023-04-01,112,North,Therapy B,331.2395043641224,331.2395043641224,0.0,21.434936237125168,306.39654153681323,331.2395043641224,0,1.0,,persistence_change,19,12,True,0.68,baseline,12.0,11519370.754555063,453.4744289665033,217.3129292846813,baseline,1,65.1938787854044,0.0,1.194472541199767,78.0
2023-05-01,113,North,Therapy B,327.7553760823472,327.7553760823472,0.0,21.358834545533966,303.17372287617115,327.7553760823472,0,1.0,,persistence_change,19,12,True,0.68,baseline,12.0,11524159.52797967,453.6629450183297,217.4032694953365,baseline,1,65.22098084860095,0.0,1.194472541199767,78.0
2023-06-01,114,North,Therapy B,324.4722285827949,324.4722285827949,0.0,21.29850570662376,300.1368114390853,324.4722285827949,0,1.0,,persistence_change,19,12,True,0.68,baseline,12.0,11528950.292168476,453.85153943907727,217.49364726175835,baseline,1,65.2480941785275,0.0,1.194472541199767,78.0
2023-07-01,115,North,Therapy B,322.8843227850486,322.8843227850486,0.0,22.747511345963304,298.66799857617,322.8843227850486,0,1.0,,epidemiology_change,19,12,True,0.68,baseline,12.0,11533743.047949074,508.5250377326844,243.69415011150647,epidemiology_change,109,73.10824503345194,0.0,1.194472541199767,78.0
2023-08-01,116,North,Therapy B,321.46537629783813,321.46537629783813,0.0,22.797377721668184,297.3554730755003,321.46537629783813,0,1.0,,epidemiology_change,19,12,True,0.68,baseline,12.0,11538537.796149395,508.7364391397861,243.79545738728137,epidemiology_change,109,73.1386372161844,0.0,1.194472541199767,78.0
2023-09-01,117,North,Therapy B,320.20513155844264,320.20513155844264,0.0,22.84965848294236,296.18974669155944,320.20513155844264,0,1.0,,epidemiology_change,19,12,True,0.68,baseline,12.0,11543334.53759772,508.9479284295911,243.8968067779948,epidemiology_change,109,73.16904203339843,0.0,1.194472541199767,78.0
2023-10-01,118,North,Therapy B,319.09328079084366,319.09328079084366,0.0,22.90353409928421,295.1612847315304,319.09328079084366,0,1.0,,epidemiology_change,19,12,True,0.68,baseline,12.0,11548133.273122674,509.1595056386334,243.9981983011544,epidemiology_change,109,73.19945949034633,0.0,1.194472541199767,78.0
2023-11-01,119,North,Therapy B,318.11960313877256,318.11960313877256,0.0,22.95831840724217,294.2606329033646,318.11960313877256,0,1.0,,epidemiology_change,19,12,True,0.68,baseline,12.0,11552934.00355322,509.3711708034623,244.09963197427533,epidemiology_change,109,73.2298895922826,0.0,1.194472541199767,78.0
2023-12-01,120,North,Therapy B,317.274075816526,317.274075816526,0.0,23.01344291316133,293.47852013028654,317.274075816526,0,1.0,,epidemiology_change,19,12,True,0.68,baseline,12.0,11557736.729718672,509.5829239606423,244.20110781487995,epidemiology_change,109,73.26033234446398,0.0,1.194472541199767,78.0
2024-01-01,121,North,Therapy B,316.54696195751774,316.54696195751774,0.0,23.06844182723122,292.80593981070393,316.54696195751774,0,1.0,,epidemiology_change,19,12,True,0.68,baseline,12.0,11562541.452448685,509.7947651467531,244.30262584049785,epidemiology_change,109,73.29078775214934,0.0,1.194472541199767,78.0
2024-02-01,122,North,Therapy B,315.9288779929376,315.9288779929376,0.0,23.122938182233717,292.2342121434673,315.9288779929376,0,1.0,,epidemiology_change,19,12,True,0.68,baseline,12.0,11567348.17257326,510.0066943983897,244.404186068666,epidemiology_change,109,73.32125582059979,0.0,1.194472541199767,78.0
2024-03-01,123,North,Therapy B,315.4108433595658,315.4108433595658,0.0,23.1766312160985,291.7550301075984,315.4108433595658,0,1.0,,epidemiology_change,19,12,True,0.68,baseline,12.0,11572156.89092275,510.2187117521623,244.50578851692865,epidemiology_change,109,73.35173655507859,0.0,1.194472541199767,78.0
2024-04-01,124,North,Therapy B,314.98431518614086,314.98431518614086,0.0,23.229285078542468,291.3604915471803,314.98431518614086,0,1.0,,epidemiology_change,19,12,True,0.68,baseline,12.0,11576967.60832784,510.4308172446962,244.6074332028373,epidemiology_change,109,73.38222996085119,0.0,1.194472541199767,78.0
2024-05-01,125,North,Therapy B,314.6412103914133,314.6412103914133,0.0,23.280718844233057,291.0431196120573,314.6412103914133,0,1.0,,epidemiology_change,19,12,True,0.68,baseline,12.0,11581780.325619567,510.643010912632,244.7091201439508,epidemiology_change,109,73.41273604318523,0.0,1.194472541199767,78.0
2024-06-01,126,North,Therapy B,314.3739173787004,314.3739173787004,0.0,23.33079776664308,290.7958735752979,314.3739173787004,0,1.0,,epidemiology_change,19,12,True,0.68,baseline,12.0,11586595.043629318,510.8552927926255,244.8108493578352,epidemiology_change,109,73.44325480735056,0.0,1.194472541199767,78.0
2024-07-01,127,North,Therapy B,314.1752992546028,314.1752992546028,0.0,23.379425679304862,290.6121518105076,314.1752992546028,0,1.0,,epidemiology_change,19,12,True,0.68,baseline,12.0,11591411.763188817,511.0676629213476,244.91262086206396,epidemiology_change,109,73.47378625861917,0.0,1.194472541199767,78.0
2024-08-01,128,North,Therapy B,314.03869024849587,314.03869024849587,0.0,23.4265384379883,290.4857884798587,314.03869024849587,0,1.0,,epidemiology_change,19,12,True,0.68,baseline,12.0,11596230.48513014,511.280121335485,245.01443467421777,epidemiology_change,109,73.50433040226532,0.0,1.194472541199767,78.0
2024-09-01,129,North,Therapy B,313.95788677350026,313.95788677350026,0.0,23.472098293641597,290.4110452654878,313.95788677350026,0,1.0,,epidemiology_change,19,12,True,0.68,baseline,12.0,11601051.21028571,511.4926680717392,245.1162908118848,epidemiology_change,109,73.53488724356544,0.0,1.194472541199767,78.0
2024-10-01,130,North,Therapy B,313.92713435381074,313.92713435381074,0.0,23.516089088322936,290.3825992772749,313.92713435381074,0,1.0,,epidemiology_change,19,12,True,0.68,baseline,12.0,11605873.939488284,511.70530316682647,245.21818929266013,epidemiology_change,109,73.56545678779804,0.0,1.194472541199767,78.0
2024-11-01,131,North,Therapy B,313.9411114496812,313.9411114496812,0.0,23.558512172406267,290.3955280909551,313.9411114496812,0,1.0,,epidemiology_change,19,12,True,0.68,baseline,12.0,11610698.673570983,511.9180266574795,245.3201301341467,epidemiology_change,109,73.59603904024401,0.0,1.194472541199767,78.0
2024-12-01,132,North,Therapy B,313.9949110403636,313.9949110403636,0.0,23.599382949408465,290.4452927123363,313.9949110403636,0,1.0,,epidemiology_change,19,12,True,0.68,baseline,12.0,11615525.413367262,512.1308385804455,245.42211335395436,epidemiology_change,109,73.6266340061863,0.0,1.194472541199767,78.0
2025-01-01,133,North,Therapy B,314.0840206760808,314.0840206760808,0.0,23.638727963744493,290.52771912537474,314.0840206760808,0,1.0,,epidemiology_change,19,12,True,0.68,baseline,12.0,11620354.159710929,512.3437389724868,245.5241389697003,epidemiology_change,109,73.65724169091008,0.0,1.194472541199767,78.0
2025-02-01,134,North,Therapy B,314.2043015812171,314.2043015812171,0.0,23.67658245584245,290.63897896262586,314.2043015812171,0,1.0,,epidemiology_change,19,12,True,0.68,baseline,12.0,11625184.913436128,512.5567278703817,245.62620699900933,epidemiology_change,109,73.6878620997028,0.0,1.194472541199767,78.0
2025-03-01,135,North,Therapy B,314.3519672805145,314.3519672805145,0.0,23.712988317888648,290.77556973447594,314.3519672805145,0,1.0,,epidemiology_change,19,12,True,0.68,baseline,12.0,11630017.67537736,512.7698053109231,245.72831745951328,epidemiology_change,109,73.71849523785399,0.0,1.194472541199767,78.0
2025-04-01,136,North,Therapy B,314.5235621262315,314.5235621262315,0.0,23.747992391755623,290.9342949667642,314.5235621262315,0,1.0,,epidemiology_change,19,12,True,0.68,baseline,12.0,11634852.446369477,512.9829713309197,245.8304703688515,epidemiology_change,109,73.74914111065544,0.0,1.194472541199767,78.0
2025-05-01,137,North,Therapy B,314.715940025017,314.715940025017,0.0,23.78164505825285,291.1122445231408,314.715940025017,0,1.0,,epidemiology_change,19,12,True,0.68,baseline,12.0,11639689.227247665,513.196225967195,245.9326657446705,epidemiology_change,109,73.77979972340114,0.0,1.194472541199767,78.0
2025-06-01,138,North,Therapy B,314.92624359681724,314.92624359681724,0.0,23.81399907367655,291.306775327056,314.92624359681724,0,1.0,,epidemiology_change,19,12,True,0.68,baseline,12.0,11644528.018847464,513.4095692565886,246.0349036046244,epidemiology_change,109,73.81047108138732,0.0,1.194472541199767,78.0
2025-07-01,139,North,Therapy B,315.1518839427736,315.1518839427736,0.0,23.84510861571765,291.5154926470656,315.1518839427736,0,1.0,,epidemiology_change,19,12,True,0.68,baseline,12.0,11649368.822004762,513.6230012359545,246.1371839663743,epidemiology_change,109,73.84115518991229,0.0,1.194472541199767,78.0
2025-08-01,140,North,Therapy B,315.3905211532142,315.3905211532142,0.0,23.87502850614859,291.7362320667231,315.3905211532142,0,1.0,,epidemiology_change,19,12,True,0.68,baseline,12.0,11654211.637555793,513.8365219421624,246.23950684758887,epidemiology_change,109,73.87185205427666,0.0,1.194472541199767,78.0
2025-09-01,141,North,Therapy B,315.6400456491226,315.6400456491226,0.0,23.903813582399515,291.9670422254385,315.6400456491226,0,1.0,,epidemiology_change,19,12,True,0.68,baseline,12.0,11659056.466337137,514.0501314120976,246.3418722659441,epidemiology_change,109,73.90256167978322,0.0,1.194472541199767,78.0
2025-10-01,142,North,Therapy B,315.89856041965106,315.89856041965106,0.0,23.931518194212643,292.2061683881773,315.89856041965106,0,1.0,,epidemiology_change,19,12,True,0.68,baseline,12.0,11663903.309185728,514.2638296826606,246.44428023912343,epidemiology_change,109,73.93328407173702,0.0,1.194472541199767,78.0
2025-11-01,143,North,Therapy B,316.16436419326965,316.16436419326965,0.0,23.958195805092355,292.4520368787744,316.16436419326965,0,1.0,,epidemiology_change,19,12,True,0.68,baseline,12.0,11668752.166938838,514.4776167907669,246.5467307848174,epidemiology_change,109,73.96401923544522,0.0,1.194472541199767,78.0
2025-12-01,144,North,Therapy B,316.4359355600848,316.4359355600848,0.0,23.98389868131041,292.70324039307843,316.4359355600848,0,1.0,,epidemiology_change,19,12,True,0.68,baseline,12.0,11673603.040434098,514.6914927733475,246.649223920724,epidemiology_change,109,73.9947671762172,0.0,1.194472541199767,78.0
2014-01-01,1,South,Therapy B,0.0,0.0,0.0,0.0,0.0,0.0,0,1.0,,early_market_before_b_launch,19,12,False,0.0,not_launched,,10000000.0,291.4125,139.65,baseline,1,41.895,356.94000000000005,0.44146422259440554,1.0
2014-02-01,2,South,Therapy B,0.0,0.0,0.0,0.0,0.0,0.0,0,1.0,,early_market_before_b_launch,19,12,False,0.0,not_launched,,10004157.14844729,291.5336445021896,139.7080545780664,baseline,1,41.91241637341992,0.0,0.44146422259440554,1.0
2014-03-01,3,South,Therapy B,0.0,0.0,0.0,0.0,0.0,0.0,0,1.0,,early_market_before_b_launch,19,12,False,0.0,not_launched,,10008316.0250829,291.65483936594705,139.7661332902827,baseline,1,41.92983998708481,0.0,0.44146422259440554,1.0
2014-04-01,4,South,Therapy B,0.0,0.0,0.0,0.0,0.0,0.0,0,1.0,,early_market_before_b_launch,19,12,False,0.0,not_launched,,10012476.630625268,291.77608461220854,139.82423614668184,baseline,1,41.94727084400455,0.0,0.44146422259440554,1.0
2014-05-01,5,South,Therapy B,0.0,0.0,0.0,0.0,0.0,0.0,0,1.0,,early_market_before_b_launch,19,12,False,0.0,not_launched,,10016638.965793122,291.8973802619188,139.88236315730094,baseline,1,41.96470894719028,0.0,0.44146422259440554,1.0
2014-06-01,6,South,Therapy B,0.0,0.0,0.0,0.0,0.0,0.0,0,1.0,,early_market_before_b_launch,19,12,False,0.0,not_launched,,10020803.031305492,292.0187263360311,139.94051433218115,baseline,1,41.98215429965435,0.0,0.44146422259440554,1.0
2014-07-01,7,South,Therapy B,0.0,0.0,0.0,0.0,0.0,0.0,0,1.0,,early_market_before_b_launch,19,12,False,0.0,not_launched,,10024968.82788171,292.1401228555079,139.99868968136812,baseline,1,41.99960690441044,0.0,0.44146422259440554,1.0
2014-08-01,8,South,Therapy B,0.0,0.0,0.0,0.0,0.0,0.0,0,1.0,,early_market_before_b_launch,19,12,False,0.0,not_launched,,10029136.356241409,292.2615698413199,140.05688921491125,baseline,1,42.01706676447338,0.0,0.44146422259440554,1.0
2014-09-01,9,South,Therapy B,0.0,0.0,0.0,0.0,0.0,0.0,0,1.0,,early_market_before_b_launch,19,12,False,0.0,not_launched,,10033305.617104506,292.3830673144467,140.11511294286444,baseline,1,42.03453388285933,0.0,0.44146422259440554,1.0
2014-10-01,10,South,Therapy B,0.0,0.0,0.0,0.0,0.0,0.0,0,1.0,,early_market_before_b_launch,19,12,False,0.0,not_launched,,10037476.61119124,292.5046152958768,140.1733608752857,baseline,1,42.05200826258571,0.0,0.44146422259440554,1.0
2014-11-01,11,South,Therapy B,0.0,0.0,0.0,0.0,0.0,0.0,0,1.0,,early_market_before_b_launch,19,12,False,0.0,not_launched,,10041649.339222131,292.6262138066069,140.23163302223708,baseline,1,42.06948990667112,0.0,0.44146422259440554,1.0
2014-12-01,12,South,Therapy B,0.0,0.0,0.0,0.0,0.0,0.0,0,1.0,,early_market_before_b_launch,19,12,False,0.0,not_launched,,10045823.80191801,292.7478628676431,140.28992939378497,baseline,1,42.08697881813549,0.0,0.44146422259440554,1.0
2015-01-01,13,South,Therapy B,0.0,0.0,0.0,0.0,0.0,0.0,0,1.0,,early_market_before_b_launch,19,12,False,0.0,not_launched,,10049999.999999998,292.8695624999999,140.34824999999998,baseline,1,42.104475,0.0,0.44146422259440554,1.0
2015-02-01,14,South,Therapy B,0.0,0.0,0.0,0.0,0.0,0.0,0,1.0,,early_market_before_b_launch,19,12,False,0.0,not_launched,,10054177.934189526,292.9913127247005,140.40659485095676,baseline,1,42.12197845528703,0.0,0.44146422259440554,1.0
2015-03-01,15,South,Therapy B,0.0,0.0,0.0,0.0,0.0,0.0,0,1.0,,early_market_before_b_launch,19,12,False,0.0,not_launched,,10058357.605208317,293.1131135627768,140.46496395673412,baseline,1,42.13948918702024,0.0,0.44146422259440554,1.0
2015-04-01,16,South,Therapy B,0.0,0.0,0.0,0.0,0.0,0.0,0,1.0,,early_market_before_b_launch,19,12,False,0.0,not_launched,,10062539.013778394,293.2349650352696,140.52335732741528,baseline,1,42.15700719822458,0.0,0.44146422259440554,1.0
2015-05-01,17,South,Therapy B,0.0,0.0,0.0,0.0,0.0,0.0,0,1.0,,early_market_before_b_launch,19,12,False,0.0,not_launched,,10066722.160622085,293.35686716322823,140.5817749730874,baseline,1,42.174532491926215,0.0,0.44146422259440554,1.0
2015-06-01,18,South,Therapy B,0.0,0.0,0.0,0.0,0.0,0.0,0,1.0,,early_market_before_b_launch,19,12,False,0.0,not_launched,,10070907.046462016,293.4788199677112,140.64021690384203,baseline,1,42.192065071152605,0.0,0.44146422259440554,1.0
2015-07-01,19,South,Therapy B,4.366045019058838,4.366045019058838,0.0,4.366045019058838,4.0385916426294255,4.366045019058838,0,1.0,,b_launch_growth,19,12,True,0.55,baseline,12.0,10075093.67202112,293.6008234697854,140.6986831297749,baseline,1,42.20960493893247,0.0,0.44146422259440554,1.0
2015-08-01,20,South,Therapy B,9.028642459424928,9.028642459424928,0.0,4.990050816795502,8.351494274968058,9.028642459424928,0,1.0,,b_launch_growth,19,12,True,0.55,baseline,12.0,10079282.038022611,293.72287769052645,140.7571736609858,baseline,1,42.22715209829573,0.0,0.44146422259440554,1.0
2015-09-01,21,South,Therapy B,14.02360154161306,14.02360154161306,0.0,5.672107266645003,12.971831425992082,14.02360154161306,0,1.0,,b_launch_growth,19,12,True,0.55,baseline,12.0,10083472.145190028,293.8449826510189,140.81568850757876,baseline,1,42.24470655227363,0.0,0.44146422259440554,1.0
2015-10-01,22,South,Therapy B,19.37991464514946,19.37991464514946,0.0,6.408083219157377,17.92642104676325,19.37991464514946,0,1.0,,b_launch_growth,19,12,True,0.55,baseline,12.0,10087663.994247196,293.9671383723561,140.8742276796621,baseline,1,42.26226830389863,0.0,0.44146422259440554,1.0
2015-11-01,23,South,Therapy B,25.118057829851303,25.118057829851303,0.0,7.191636783088055,23.23420349261245,25.118057829851303,0,1.0,,b_launch_growth,19,12,True,0.55,baseline,12.0,10091857.585918242,294.08934487563994,140.93279118734824,baseline,1,42.27983735620448,0.0,0.44146422259440554,1.0
2015-12-01,24,South,Therapy B,31.248554893902732,31.248554893902732,0.0,8.014351401290279,28.90491327686003,31.248554893902732,0,1.0,,b_launch_growth,19,12,True,0.55,baseline,12.0,10096052.9209276,294.2116021819814,140.99137904075394,baseline,1,42.29741371222618,0.0,0.44146422259440554,1.0
2016-01-01,25,South,Therapy B,37.7709571855217,37.7709571855217,0.0,8.866043908661675,34.93813539660758,37.7709571855217,0,1.0,,b_launch_growth,19,12,True,0.55,baseline,12.0,10100249.999999998,294.3339103124999,141.04999124999995,baseline,1,42.31499737499998,0.0,0.44146422259440554,1.0
2016-02-01,26,South,Therapy B,44.6733633909208,44.6733633909208,0.0,9.735227994313226,41.32286113660174,44.6733633909208,0,1.0,,b_launch_growth,19,12,True,0.55,baseline,12.0,10104448.823860472,294.456269288324,141.1086278252115,baseline,1,42.33258834756345,0.0,0.44146422259440554,1.0
2016-03-01,27,South,Therapy B,51.93255757831119,51.93255757831119,0.0,10.609696441709454,48.03761575993786,51.93255757831119,0,1.0,,b_launch_growth,19,12,True,0.55,baseline,12.0,10108649.393234355,294.5786791305906,141.16728877651775,baseline,1,42.35018663295532,0.0,0.44146422259440554,1.0
2016-04-01,28,South,Therapy B,59.514784673771686,59.514784673771686,0.0,11.477168913833832,55.05117582323881,59.514784673771686,0,1.0,,b_launch_growth,19,12,True,0.55,baseline,12.0,10112851.708847284,294.70113986044595,141.22597411405235,baseline,1,42.367792234215706,0.0,0.44146422259440554,1.0
2016-05-01,29,South,Therapy B,67.37711742240117,67.37711742240117,0.0,12.32594159916236,62.32383361572108,67.37711742240117,0,1.0,,b_launch_growth,19,12,True,0.55,baseline,12.0,10117055.771425191,294.8236514990444,141.28468384795283,baseline,1,42.38540515438585,0.0,0.44146422259440554,1.0
2016-06-01,30,South,Therapy B,75.46930684156351,75.46930684156351,0.0,13.145473225842428,69.80910882844624,75.46930684156351,0,1.0,,b_launch_growth,19,12,True,0.55,baseline,12.0,10121261.581694327,294.9462140675498,141.3434179883613,baseline,1,42.40302539650839,0.0,0.44146422259440554,1.0
2016-07-01,31,South,Therapy B,83.7359590890932,83.7359590890932,0.0,13.926850260646962,77.45576215741121,83.7359590890932,0,1.0,,b_launch_growth,19,12,True,0.55,baseline,12.0,10125469.140381224,295.0688275871342,141.40217654542374,baseline,1,42.42065296362712,0.0,0.44146422259440554,1.0
2016-08-01,32,South,Therapy B,92.1188540431948,92.1188540431948,0.0,14.663091885783594,85.20993998995519,92.1188540431948,0,1.0,,b_launch_growth,19,12,True,0.55,baseline,12.0,10129678.448212724,295.1914920789791,141.46095952929073,baseline,1,42.43828785878722,0.0,0.44146422259440554,1.0
2016-09-01,33,South,Therapy B,100.55921926600492,100.55921926600492,0.0,15.349279276049728,93.01727782105456,100.55921926600492,0,1.0,,b_launch_growth,19,12,True,0.55,baseline,12.0,10133889.505915975,295.31420756427394,141.51976695011663,baseline,1,42.455930085034986,0.0,0.44146422259440554,1.0
2016-10-01,34,South,Therapy B,108.9997963461487,108.9997963461487,0.0,15.98251852509415,100.82481162018756,108.9997963461487,0,1.0,,b_launch_growth,19,12,True,0.55,baseline,12.0,10138102.31421843,295.4369740642178,141.5785988180604,baseline,1,42.47357964541811,0.0,0.44146422259440554,1.0
2016-11-01,35,South,Therapy B,117.38657850153734,117.38657850153734,0.0,16.561766881349804,108.58258511392204,117.38657850153734,0,1.0,,b_launch_growth,19,12,True,0.55,baseline,12.0,10142316.873847833,295.5597916000182,141.637455143285,baseline,1,42.4912365429855,0.0,0.44146422259440554,1.0
2016-12-01,36,South,Therapy B,125.67014918110402,125.67014918110402,0.0,17.08756406718198,116.24488799252124,125.67014918110402,0,1.0,,b_launch_growth,19,12,True,0.55,baseline,12.0,10146533.185532236,295.68266019289126,141.69633593595768,baseline,1,42.5089007807873,0.0,0.44146422259440554,1.0
2017-01-01,37,South,Therapy B,133.80660139808657,133.80660139808657,0.0,17.561713405565335,123.77110629323008,133.80660139808657,0,1.0,,b_launch_growth,19,12,True,0.55,baseline,12.0,10150751.249999996,295.80557986406234,141.7552412062499,baseline,1,42.526572361874976,0.0,0.44146422259440554,1.0
2017-02-01,38,South,Therapy B,141.7580590863295,141.7580590863295,0.0,17.986952793099412,131.12620465485475,141.7580590863295,0,1.0,,b_launch_growth,19,12,True,0.55,baseline,12.0,10154971.067979772,295.9285506347655,141.8141709643375,baseline,1,42.54425128930125,0.0,0.44146422259440554,1.0
2017-03-01,39,South,Therapy B,149.4928508290606,149.4928508290606,0.0,18.36664617420582,138.28088701688105,149.4928508290606,0,1.0,,b_launch_growth,19,12,True,0.55,baseline,12.0,10159192.640200526,296.05157252624355,141.87312522040034,baseline,1,42.5619375661201,0.0,0.44146422259440554,1.0
2017-04-01,40,South,Therapy B,156.98540221567174,156.98540221567174,0.0,18.70451519879069,145.21149704949636,156.98540221567174,0,1.0,,b_launch_growth,19,12,True,0.55,baseline,12.0,10163415.96739152,296.1746455597481,141.9321039846226,baseline,1,42.57963119538677,0.0,0.44146422259440554,1.0
2017-05-01,41,South,Therapy B,164.21591764123144,164.21591764123144,0.0,19.00442059173507,151.89972381813908,164.21591764123144,0,1.0,,b_launch_growth,19,12,True,0.55,baseline,12.0,10167641.050282318,296.2977697565396,141.99110726719258,baseline,1,42.59733218015777,0.0,0.44146422259440554,1.0
2017-06-01,42,South,Therapy B,171.16991861404307,171.16991861404307,0.0,19.27019479590402,158.33217471798986,171.16991861404307,0,1.0,,b_launch_growth,19,12,True,0.55,baseline,12.0,10171867.889602795,296.42094513788754,142.0501350783031,baseline,1,42.615040523490926,0.0,0.44146422259440554,1.0
2017-07-01,43,South,Therapy B,177.83769681144076,177.83769681144076,0.0,19.5055220934509,164.4998695505827,177.83769681144076,0,1.0,,b_launch_growth,19,12,True,0.55,baseline,12.0,10176096.486083128,296.54417172507,142.10918742815088,baseline,1,42.63275622844526,0.0,0.44146422259440554,1.0
2017-08-01,44,South,Therapy B,184.21372899294025,184.21372899294025,0.0,19.71385944235752,170.3976993184697,184.21372899294025,0,1.0,,b_launch_growth,19,12,True,0.55,baseline,12.0,10180326.840453789,296.6674495393738,142.1682643269371,baseline,1,42.65047929808113,0.0,0.44146422259440554,1.0
2017-09-01,45,South,Therapy B,190.2960894673777,190.2960894673777,0.0,19.898390148907986,176.02388275732437,190.2960894673777,0,1.0,,b_launch_growth,19,12,True,0.55,baseline,12.0,10184558.953445558,296.7907786020954,142.22736578486723,baseline,1,42.66820973546017,0.0,0.44146422259440554,1.0
2017-10-01,46,South,Therapy B,196.08588538323383,196.08588538323383,0.0,20.062002625909503,181.37944397949133,196.08588538323383,0,1.0,,b_launch_growth,19,12,True,0.55,baseline,12.0,10188792.82578952,296.9141589345388,142.28649181215064,baseline,1,42.68594754364519,0.0,0.44146422259440554,1.0
2017-11-01,47,South,Therapy B,201.5867313094856,201.5867313094856,0.0,20.20728732999425,186.4677264612741,201.5867313094856,0,1.0,,b_launch_growth,19,12,True,0.55,baseline,12.0,10193028.458217071,297.03759055801817,142.3456424190014,baseline,1,42.703692725700414,0.0,0.44146422259440554,1.0
2017-12-01,48,South,Therapy B,206.804272592509,206.804272592509,0.0,20.33654613123481,191.2939521480708,206.804272592509,0,1.0,,b_launch_growth,19,12,True,0.55,baseline,12.0,10197265.851459896,297.16107349385567,142.40481761563746,baseline,1,42.72144528469124,0.0,0.44146422259440554,1.0
2018-01-01,49,South,Therapy B,211.7457617302677,211.7457617302677,0.0,20.451809582196912,195.8648296004976,211.7457617302677,0,1.0,,b_launch_growth,19,12,True,0.55,baseline,12.0,10201505.006249996,297.28460776338267,142.46401741228118,baseline,1,42.73920522368435,0.0,0.44146422259440554,1.0
2018-02-01,50,South,Therapy B,216.4196882712693,216.4196882712693,0.0,20.554858670771715,200.18821165092413,216.4196882712693,0,1.0,,b_launch_growth,19,12,True,0.55,baseline,12.0,10205745.923319671,297.4081933879393,142.5232418191592,baseline,1,42.756972545747765,0.0,0.44146422259440554,1.0
2018-03-01,51,South,Therapy B,220.83546024217156,220.83546024217156,0.0,20.6472485912474,204.27280072400868,220.83546024217156,0,1.0,,b_launch_growth,19,12,True,0.55,baseline,12.0,10209988.603401529,297.5318303888747,142.5824908465023,baseline,1,42.77474725395069,0.0,0.44146422259440554,1.0
2018-04-01,52,South,Therapy B,225.00313355607364,225.00313355607364,0.0,20.730332832064956,208.1278985393681,225.00313355607364,0,1.0,,b_launch_growth,19,12,True,0.55,baseline,12.0,10214233.047228476,297.6555187875468,142.64176450454565,baseline,1,42.79252935136369,0.0,0.44146422259440554,1.0
2018-05-01,53,South,Therapy B,228.93318500602143,228.93318500602143,0.0,20.80528646665336,211.76319613056984,228.93318500602143,0,1.0,,b_launch_growth,19,12,True,0.55,baseline,12.0,10218479.25553373,297.7792586053223,142.70106280352854,baseline,1,42.81031884105856,0.0,0.44146422259440554,1.0
2018-06-01,54,South,Therapy B,232.6363241001586,232.6363241001586,0.0,20.87312796958876,215.1885997926467,232.6363241001586,0,1.0,,b_launch_growth,19,12,True,0.55,baseline,12.0,10222727.22905081,297.9030498635769,142.76038575369455,baseline,1,42.828115726108365,0.0,0.44146422259440554,1.0
2018-07-01,55,South,Therapy B,236.12333898499045,236.12333898499045,0.0,20.934739192343734,218.41408856111613,236.12333898499045,0,1.0,,b_launch_growth,19,12,True,0.55,baseline,12.0,10226976.96851354,298.02689258369526,142.81973336529165,baseline,1,42.84592000958749,0.0,0.44146422259440554,1.0
2018-08-01,56,South,Therapy B,239.40497190953187,239.40497190953187,0.0,20.990883348415714,221.44959901631697,239.40497190953187,0,1.0,,b_launch_growth,19,12,True,0.55,baseline,12.0,10231228.474656053,298.1507867870707,142.87910564857177,baseline,1,42.86373169457153,0.0,0.44146422259440554,1.0
2018-09-01,57,South,Therapy B,242.49182001684423,242.49182001684423,0.0,21.042221000527267,224.3049335155809,242.49182001684423,0,1.0,,b_launch_growth,19,12,True,0.55,baseline,12.0,10235481.748212785,298.2747324951057,142.93850261379148,baseline,1,42.881550784137445,0.0,0.44146422259440554,1.0
2018-10-01,58,South,Therapy B,245.39425764804983,245.39425764804983,0.0,21.08932413246894,226.9896883244461,245.39425764804983,0,1.0,,b_launch_growth,19,12,True,0.55,baseline,12.0,10239736.789918467,298.3987297292115,142.9979242712114,baseline,1,42.89937728136341,0.0,0.44146422259440554,1.0
2018-11-01,59,South,Therapy B,248.12237676483952,248.12237676483952,0.0,21.1326884403934,229.51319850747652,248.12237676483952,0,1.0,,b_launch_growth,19,12,True,0.55,baseline,12.0,10243993.600508155,298.5227785108083,143.0573706310964,baseline,1,42.91721118932892,0.0,0.44146422259440554,1.0
2018-12-01,60,South,Therapy B,250.68594251212664,250.68594251212664,0.0,21.17274400465007,231.88449682371717,250.68594251212664,0,1.0,,b_launch_growth,19,12,True,0.55,baseline,12.0,10248252.180717194,298.6468788613249,143.11684170371564,baseline,1,42.93505251111469,0.0,0.44146422259440554,1.0
2019-01-01,61,South,Therapy B,253.09436133591956,253.09436133591956,0.0,21.209864512202408,234.11228423572555,253.09436133591956,0,1.0,,access_expansion,19,12,True,0.55,baseline,12.0,10252512.531281244,298.7710308021996,143.1763374993426,baseline,1,42.95290124980278,0.0,0.44146422259440554,1.0
2019-02-01,62,South,Therapy B,255.3566594332431,255.3566594332431,0.0,21.244375197517545,236.20490997574987,255.3566594332431,0,1.0,,access_expansion,19,12,True,0.55,baseline,12.0,10256774.652936269,298.895234354879,143.235858028255,baseline,1,42.970757408476494,0.0,0.44146422259440554,1.0
2019-03-01,63,South,Therapy B,257.48146963669603,257.48146963669603,0.0,21.276559660946155,238.1703594139438,257.48146963669603,0,1.0,,access_expansion,19,12,True,0.55,baseline,12.0,10261038.546418533,299.01948954081905,143.29540330073482,baseline,1,42.98862099022045,0.0,0.44146422259440554,1.0
2019-04-01,64,South,Therapy B,259.47702512498057,259.47702512498057,0.0,21.30666571103678,240.01624824060707,259.47702512498057,0,1.0,,access_expansion,19,12,True,0.55,baseline,12.0,10265304.212464616,299.1437963814845,143.35497332706836,baseline,1,43.00649199812051,0.0,0.44146422259440554,1.0
2019-05-01,65,South,Therapy B,261.351158603584,261.351158603584,0.0,21.334910362976952,241.7498217083152,261.351158603584,0,1.0,,access_expansion,19,12,True,0.55,baseline,12.0,10269571.6518114,299.26815489834894,143.4145681175462,baseline,1,43.024370435263855,0.0,0.44146422259440554,1.0
2019-06-01,66,South,Therapy B,263.1113058190517,263.1113058190517,0.0,21.361484110736495,243.3779578826228,263.1113058190517,0,1.0,,access_expansion,19,12,True,0.55,baseline,12.0,10273840.865196062,299.3925651128948,143.47418768246305,baseline,1,43.042256304738906,0.0,0.44146422259440554,1.0
2019-07-01,67,South,Therapy B,264.7645124589432,264.7645124589432,0.0,21.38655457632033,244.9071740245224,264.7645124589432,0,1.0,,access_expansion,19,12,True,0.55,baseline,12.0,10278111.853356108,299.51702704661363,143.53383203211803,baseline,1,43.06014960963541,0.0,0.44146422259440554,1.0
2019-08-01,68,South,Therapy B,266.3174436508158,266.3174436508158,0.0,21.410269626293346,246.3436353770046,266.3174436508158,0,1.0,,access_expansion,19,12,True,0.55,baseline,12.0,10282384.617029332,299.64154072100604,143.59350117681464,baseline,1,43.07805035304439,0.0,0.44146422259440554,1.0
2019-09-01,69,South,Therapy B,267.7763954106646,267.7763954106646,0.0,21.432760033660003,247.6931657548648,267.7763954106646,0,1.0,,access_expansion,19,12,True,0.55,baseline,12.0,10286659.156953843,299.76610615758125,143.65319512686045,baseline,1,43.09595853805813,0.0,0.44146422259440554,1.0
2019-10-01,70,South,Therapy B,269.1473075072239,269.1473075072239,0.0,21.45414175235916,248.9612594441821,269.1473075072239,0,1.0,,access_expansion,19,12,True,0.55,baseline,12.0,10290935.47386806,299.8907233778576,143.71291389256746,baseline,1,43.11387416777024,0.0,0.44146422259440554,1.0
2019-11-01,71,South,Therapy B,270.4357773062491,270.4357773062491,0.0,21.47451786206702,250.15309400828045,270.4357773062491,0,1.0,,access_expansion,19,12,True,0.55,baseline,12.0,10295213.568510694,300.0153924033623,143.77265748425185,baseline,1,43.13179724527556,0.0,0.44146422259440554,1.0
2019-12-01,72,South,Therapy B,271.6470742409087,271.6470742409087,0.0,21.493980232628275,251.27354367284056,271.6470742409087,0,1.0,,access_expansion,19,12,True,0.55,baseline,12.0,10299493.44162078,300.14011325563155,143.8324259122342,baseline,1,43.14972777367026,0.0,0.44146422259440554,1.0
2020-01-01,73,South,Therapy B,272.7861546230054,272.7861546230054,0.0,21.512610950164856,252.32719302628,272.7861546230054,0,1.0,,access_expansion,19,12,True,0.55,baseline,12.0,10303775.09393765,300.2648859562105,143.89221918683927,baseline,1,43.16766575605178,0.0,0.44146422259440554,1.0
2020-02-01,74,South,Therapy B,273.85767656691826,273.85767656691826,0.0,21.530483540638272,253.31835082439935,273.85767656691826,0,1.0,,access_expansion,19,12,True,0.55,baseline,12.0,10308058.52620095,300.3897105266534,143.95203731839626,baseline,1,43.18561119551888,0.0,0.44146422259440554,1.0
2020-03-01,75,South,Therapy B,274.8660148456533,274.8660148456533,0.0,21.54766402125389,254.25106373222928,274.8660148456533,0,1.0,,access_expansion,19,12,True,0.55,baseline,12.0,10312343.739150625,300.5145869885231,144.01188031723845,baseline,1,43.20356409517154,0.0,0.44146422259440554,1.0
2020-04-01,76,South,Therapy B,275.81527553771707,275.81527553771707,0.0,21.564211805487787,255.1291298723883,275.81527553771707,0,1.0,,access_expansion,19,12,True,0.55,baseline,12.0,10316630.73352694,300.63951536339187,144.07174819370368,baseline,1,43.22152445811111,0.0,0.44146422259440554,1.0
2020-05-01,77,South,Therapy B,276.7093103559758,276.7093103559758,0.0,21.58018048358752,255.95611207927763,276.7093103559758,0,1.0,,access_expansion,19,12,True,0.55,baseline,12.0,10320919.510070452,300.7644956728405,144.1316409581339,baseline,1,43.23949228744016,0.0,0.44146422259440554,1.0
2020-06-01,78,South,Therapy B,277.55173057633465,277.55173057633465,0.0,21.595618497057043,256.7353507831096,277.55173057633465,0,1.0,,access_expansion,19,12,True,0.55,baseline,12.0,10325210.069522042,300.8895279384592,144.19155862087533,baseline,1,43.2574675862626,0.0,0.44146422259440554,1.0
2020-07-01,79,South,Therapy B,278.34592050590874,278.34592050590874,0.0,21.61056972279913,257.4699764679656,278.34592050590874,0,1.0,,access_expansion,19,12,True,0.55,baseline,12.0,10329502.412622888,301.0146121818467,144.25150119227862,baseline,1,43.27545035768359,0.0,0.44146422259440554,1.0
2020-08-01,80,South,Therapy B,279.09505044815114,279.09505044815114,0.0,21.625073980185576,258.1629216645398,279.09505044815114,0,1.0,,access_expansion,19,12,True,0.55,baseline,12.0,10333796.54011448,301.13974842461107,144.31146868269872,baseline,1,43.29344060480961,0.0,0.44146422259440554,1.0
2020-09-01,81,South,Therapy B,279.8020891368308,279.8020891368308,0.0,21.639167472290904,258.81693245156845,279.8020891368308,0,1.0,,access_expansion,19,12,True,0.55,baseline,12.0,10338092.452738617,301.2649366883691,144.37146110249475,baseline,1,43.31143833074842,0.0,0.44146422259440554,1.0
2020-10-01,82,South,Therapy B,280.46981562237386,280.46981562237386,0.0,21.652883170805453,259.4345794506958,280.46981562237386,0,1.0,,access_expansion,19,12,True,0.55,baseline,12.0,10342390.151237397,301.39017699474675,144.43147846203024,baseline,1,43.32944353860907,0.0,0.44146422259440554,1.0
2020-11-01,83,South,Therapy B,281.100830603386,281.100830603386,0.0,21.66625115269009,260.01826830813195,281.100830603386,0,1.0,,access_expansion,19,12,True,0.55,baseline,12.0,10346689.636353243,301.515469365379,144.49152077167307,baseline,1,43.34745623150192,0.0,0.44146422259440554,1.0
2020-12-01,84,South,Therapy B,281.6975672035397,281.6975672035397,0.0,21.679298895407687,260.5702496632742,281.6975672035397,0,1.0,,access_expansion,19,12,True,0.55,baseline,12.0,10350990.90882888,301.6408138219096,144.55158804179533,baseline,1,43.3654764125386,0.0,0.44146422259440554,1.0
2021-01-01,85,South,Therapy B,280.6909623489909,280.6909623489909,0.0,20.12071268571674,259.6391401728166,280.6909623489909,0,1.0,,overlapping_competitor_launch,19,12,True,0.55,baseline,12.0,10355293.969407337,301.7662103859915,144.61168028277345,baseline,1,43.38350408483203,0.0,0.9914642225944056,78.0
2021-02-01,86,South,Therapy B,279.53586410066043,279.53586410066043,0.0,19.89672392784385,258.5706742931109,279.53586410066043,0,1.0,,overlapping_competitor_launch,19,12,True,0.55,baseline,12.0,10359598.818831952,301.8916590792866,144.67179750498823,baseline,1,43.40153925149647,0.0,0.9914642225944056,78.0
2021-03-01,87,South,Therapy B,278.2177733872265,278.2177733872265,0.0,19.64709909411557,257.3514403831845,278.2177733872265,0,1.0,,overlapping_competitor_launch,19,12,True,0.55,baseline,12.0,10363905.45784638,302.0171599234657,144.73193971882466,baseline,1,43.4195819156474,0.0,0.9914642225944056,78.0
2021-04-01,88,South,Therapy B,276.7238685832965,276.7238685832965,0.0,19.372428200112022,255.9695784395493,276.7238685832965,0,1.0,,overlapping_competitor_launch,19,12,True,0.55,baseline,12.0,10368213.887194572,302.14271294020887,144.79210693467223,baseline,1,43.43763208040167,0.0,0.9914642225944056,78.0
2021-05-01,89,South,Therapy B,275.0438752141744,275.0438752141744,0.0,19.074296774625108,254.41558457311132,275.0438752141744,0,1.0,,overlapping_competitor_launch,19,12,True,0.55,baseline,12.0,10372524.107620804,302.2683181512047,144.8522991629245,baseline,1,43.45568974887736,0.0,0.9914642225944056,78.0
2021-06-01,90,South,Therapy B,273.17095358229494,273.17095358229494,0.0,18.755369009183617,252.68313206362285,273.17095358229494,0,1.0,,overlapping_competitor_launch,19,12,True,0.55,baseline,12.0,10376836.119869651,302.3939755781515,144.91251641397972,baseline,1,43.47375492419391,0.0,0.9914642225944056,78.0
2021-07-01,91,South,Therapy B,271.1025163597974,271.1025163597974,0.0,18.419384296174584,250.76982763281265,271.1025163597974,0,1.0,,overlapping_competitor_launch,19,12,True,0.55,baseline,12.0,10381149.924686002,302.51968524275594,144.97275869824003,baseline,1,43.491827609472,0.0,0.9914642225944056,78.0
2021-08-01,92,South,Therapy B,268.840876818997,268.840876818997,0.0,18.0710491861844,248.67781105757223,268.840876818997,0,1.0,,overlapping_competitor_launch,19,12,True,0.55,baseline,12.0,10385465.522815049,302.6454471667341,145.0330260261122,baseline,1,43.509907807833656,0.0,0.9914642225944056,78.0
2021-09-01,93,South,Therapy B,266.3936329074444,266.3936329074444,0.0,17.71582184987213,246.41411043938604,266.3936329074444,0,1.0,,overlapping_competitor_launch,19,12,True,0.55,baseline,12.0,10389782.915002303,302.7712613718109,145.0933184080072,baseline,1,43.52799552240216,0.0,0.9914642225944056,78.0
2021-10-01,94,South,Therapy B,263.7737155119644,263.7737155119644,0.0,17.359605072578333,243.990686848567,263.7737155119644,0,1.0,,overlapping_competitor_launch,19,12,True,0.55,baseline,12.0,10394102.101993583,302.89712787972053,145.15363585434042,baseline,1,43.54609075630213,0.0,0.9914642225944056,78.0
2021-11-01,95,South,Therapy B,260.9990688396252,260.9990688396252,0.0,17.00838199105817,241.42413867665329,260.9990688396252,0,1.0,,overlapping_competitor_launch,19,12,True,0.55,baseline,12.0,10398423.084535012,303.0230467122059,145.21397837553144,baseline,1,43.56419351265943,0.0,0.9914642225944056,78.0
2021-12-01,96,South,Therapy B,258.0919796336955,258.0919796336955,0.0,16.667840957042166,238.7350811611683,258.0919796336955,0,1.0,,overlapping_competitor_launch,19,12,True,0.55,baseline,12.0,10402745.863373024,303.1490178910191,145.2743459820043,baseline,1,43.58230379460129,0.0,0.9914642225944056,78.0
2022-01-01,97,South,Therapy B,255.07811943284105,255.07811943284105,0.0,16.343038271672746,235.947260475378,255.07811943284105,0,1.0,,overlapping_competitor_launch,19,12,True,0.55,baseline,12.0,10407070.439254371,303.2750414379215,145.33473868418733,baseline,1,43.600421605256194,0.0,0.9914642225944056,78.0
2022-02-01,98,South,Therapy B,251.98539980159225,251.98539980159225,0.0,16.038139326214242,233.0864948164728,251.98539980159225,0,1.0,,overlapping_competitor_launch,19,12,True,0.55,baseline,12.0,10411396.81292611,303.401117374683,145.39515649251314,baseline,1,43.61854694775394,0.0,0.9914642225944056,78.0
2022-03-01,99,South,Therapy B,248.8427573582428,248.8427573582428,0.0,15.756262541769976,230.17955055637455,248.8427573582428,0,1.0,,overlapping_competitor_launch,19,12,True,0.55,baseline,12.0,10415724.985135607,303.527245723083,145.45559941741877,baseline,1,43.63667982522563,0.0,0.9914642225944056,78.0
2022-04-01,100,South,Therapy B,245.6789818471273,245.6789818471273,0.0,15.499431290752671,227.25305820859268,245.6789818471273,0,1.0,,overlapping_competitor_launch,19,12,True,0.55,baseline,12.0,10420054.956630545,303.6534265049099,145.5160674693456,baseline,1,43.65482024080367,0.0,0.9914642225944056,78.0
2022-05-01,101,South,Therapy B,242.52168003020932,242.52168003020932,0.0,15.268621821616666,224.33255402794367,242.52168003020932,0,1.0,,overlapping_competitor_launch,19,12,True,0.55,baseline,12.0,10424386.728158908,303.7796597419608,145.57656065873914,baseline,1,43.67296819762174,0.0,0.9914642225944056,78.0
2022-06-01,102,South,Therapy B,239.39643770878652,239.39643770878652,0.0,15.06388368084291,221.4417048806276,239.39643770878652,0,1.0,,overlapping_competitor_launch,19,12,True,0.55,baseline,12.0,10428720.300468998,303.90594545604216,145.63707899604955,baseline,1,43.69112369881486,0.0,0.9914642225944056,78.0
2022-07-01,103,South,Therapy B,236.32620934469327,236.32620934469327,0.0,14.884504464065769,218.60174364384136,236.32620934469327,0,1.0,,persistence_change,19,12,True,0.55,baseline,12.0,10433055.67430943,304.0322836689697,145.6976224917312,baseline,1,43.70928674751936,0.0,0.9914642225944056,78.0
2022-08-01,104,South,Therapy B,233.33093570321068,233.33093570321068,0.0,14.729192059369312,215.83111552546987,233.33093570321068,0,1.0,,persistence_change,19,12,True,0.55,baseline,12.0,10437392.850429123,304.15867440256767,145.7581911562427,baseline,1,43.72745734687281,0.0,0.9914642225944056,78.0
2022-09-01,105,South,Therapy B,230.348681859189,230.348681859189,0.0,14.517566333719152,213.07253071974984,230.348681859189,0,1.0,,persistence_change,19,12,True,0.55,baseline,12.0,10441731.829577316,304.2851176786699,145.8187850000472,baseline,1,43.74563550001416,0.0,0.9914642225944056,78.0
2022-10-01,106,South,Therapy B,227.41016559766757,227.41016559766757,0.0,14.337634877917717,210.35440317784247,227.41016559766757,0,1.0,,persistence_change,19,12,True,0.55,baseline,12.0,10446072.61250355,304.41161351911904,145.87940403361208,baseline,1,43.76382121008362,0.0,0.9914642225944056,78.0
2022-11-01,107,South,Therapy B,224.54004890543305,224.54004890543305,0.0,14.185645727590533,207.69954523752557,224.54004890543305,0,1.0,,persistence_change,19,12,True,0.55,baseline,12.0,10450415.199957686,304.5381619457669,145.94004826740908,baseline,1,43.78201448022272,0.0,0.9914642225944056,78.0
2022-12-01,108,South,Therapy B,221.75766878217465,221.75766878217465,0.0,14.058123544649105,205.12584362351157,221.75766878217465,0,1.0,,persistence_change,19,12,True,0.55,baseline,12.0,10454759.592689889,304.6647629804742,146.00071771191432,baseline,1,43.80021531357429,0.0,0.9914642225944056,78.0
2023-01-01,109,South,Therapy B,219.0777401433572,219.0777401433572,0.0,13.951896519845636,202.6469096326054,219.0777401433572,0,1.0,,persistence_change,19,12,True,0.55,baseline,12.0,10459105.791450642,304.791416645111,146.0614123776082,baseline,1,43.81842371328246,0.0,0.9914642225944056,78.0
2023-02-01,110,South,Therapy B,216.51101533547387,216.51101533547387,0.0,13.864105702868493,200.2726891853133,216.51101533547387,0,1.0,,persistence_change,19,12,True,0.55,baseline,12.0,10463453.79699074,304.9181229615564,146.12213227497568,baseline,1,43.8366396824927,0.0,0.9914642225944056,78.0
2023-03-01,111,South,Therapy B,214.064890102772,214.064890102772,0.0,13.79220091745866,198.0100233450641,214.064890102772,0,1.0,,persistence_change,19,12,True,0.55,baseline,12.0,10467803.610061286,305.04488195169847,146.1828774145059,baseline,1,43.85486322435177,0.0,0.9914642225944056,78.0
2023-04-01,112,South,Therapy B,211.7439505296146,211.7439505296146,0.0,13.73392718455053,195.86315423989356,211.7439505296146,0,1.0,,persistence_change,19,12,True,0.55,baseline,12.0,10472155.231413696,305.1716936374344,146.24364780669228,baseline,1,43.87309434200768,0.0,0.9914642225944056,78.0
2023-05-01,113,South,Therapy B,209.55045925721947,209.55045925721947,0.0,13.687305017325931,193.834174812928,209.55045925721947,0,1.0,,persistence_change,19,12,True,0.55,baseline,12.0,10476508.6617997,305.29855804067046,146.3044434620328,baseline,1,43.89133303860984,0.0,0.9914642225944056,78.0
2023-06-01,114,South,Therapy B,207.48478208818156,207.48478208818156,0.0,13.650607275253508,191.92342343156795,207.48478208818156,0,1.0,,persistence_change,19,12,True,0.55,baseline,12.0,10480863.901971342,305.4254751833223,146.36526439102977,baseline,1,43.90957931730893,0.0,0.9914642225944056,78.0
2023-07-01,115,South,Therapy B,206.5171201047092,206.5171201047092,0.0,14.5936966731413,191.02833609685604,206.5171201047092,0,1.0,,epidemiology_change,19,12,True,0.55,baseline,12.0,10485220.952680975,342.21873849779223,163.99724387669264,epidemiology_change,109,49.19917316300779,0.0,0.9914642225944056,78.0
2023-08-01,116,South,Therapy B,205.6546236161532,205.6546236161532,0.0,14.62628751929716,190.2305268449417,205.6546236161532,0,1.0,,epidemiology_change,19,12,True,0.55,baseline,12.0,10489579.81468127,342.36100390753023,164.06541996546682,epidemiology_change,109,49.21962598964004,0.0,0.9914642225944056,78.0
2023-09-01,117,South,Therapy B,204.89092425081017,204.89092425081017,0.0,14.660397405868476,189.52410493199943,204.89092425081017,0,1.0,,epidemiology_change,19,12,True,0.55,baseline,12.0,10493940.488725202,342.5033284591109,164.13362439605316,epidemiology_change,109,49.240087318815945,0.0,0.9914642225944056,78.0
2023-10-01,118,South,Therapy B,204.21960538680963,204.21960538680963,0.0,14.695500454810215,188.9031349827989,204.21960538680963,0,1.0,,epidemiology_change,19,12,True,0.55,baseline,12.0,10498302.975566069,342.64571217712034,164.20185718023373,epidemiology_change,109,49.26055715407012,0.0,0.9914642225944056,78.0
2023-11-01,119,South,Therapy B,203.63429171173323,203.63429171173323,0.0,14.731156728934348,188.36171983335325,203.63429171173323,0,1.0,,epidemiology_change,19,12,True,0.55,baseline,12.0,10502667.275957473,342.78815508615514,164.27011832979562,epidemiology_change,109,49.281035498938685,0.0,0.9914642225944056,78.0
2023-12-01,120,South,Therapy B,203.12872191241055,203.12872191241055,0.0,14.767002079057342,187.89406776897977,203.12872191241055,0,1.0,,epidemiology_change,19,12,True,0.55,baseline,12.0,10507033.390653338,342.9306572108218,164.33840785653075,epidemiology_change,109,49.301522356959225,0.0,0.9914642225944056,78.0
2024-01-01,121,South,Therapy B,202.6968062422411,202.6968062422411,0.0,14.802738473261332,187.49454577407303,202.6968062422411,0,1.0,,epidemiology_change,19,12,True,0.55,baseline,12.0,10511401.320407895,343.07321857573703,164.40672577223586,epidemiology_change,109,49.32201773167076,0.0,0.9914642225944056,78.0
2024-02-01,122,South,Therapy B,202.33267080743127,202.33267080743127,0.0,14.838125033358256,187.15772049687396,202.33267080743127,0,1.0,,epidemiology_change,19,12,True,0.55,baseline,12.0,10515771.065975692,343.2158392055278,164.4750720887126,epidemiology_change,109,49.34252162661378,0.0,0.9914642225944056,78.0
2024-03-01,123,South,Therapy B,202.0306903888629,202.0306903888629,0.0,14.872969891988946,186.87838860969816,202.0306903888629,0,1.0,,epidemiology_change,19,12,True,0.55,baseline,12.0,10520142.62811159,343.3585191248317,164.54344681776777,epidemiology_change,109,49.36303404533033,0.0,0.9914642225944056,78.0
2024-04-01,124,South,Therapy B,201.78551151739669,201.78551151739669,0.0,14.907122907698492,186.65159815359192,201.78551151739669,0,1.0,,epidemiology_change,19,12,True,0.55,baseline,12.0,10524516.007570764,343.5012583582961,164.61184997121282,epidemiology_change,109,49.383554991363845,0.0,0.9914642225944056,78.0
2024-05-01,125,South,Therapy B,201.592067379121,201.592067379121,0.0,14.940469225529084,186.4726623256869,201.592067379121,0,1.0,,epidemiology_change,19,12,True,0.55,baseline,12.0,10528891.205108697,343.6440569305787,164.68028156086413,epidemiology_change,109,49.40408446825924,0.0,0.9914642225944056,78.0
2024-06-01,126,South,Therapy B,201.44558596551707,201.44558596551707,0.0,14.972923639830157,186.3371670181033,201.44558596551707,0,1.0,,epidemiology_change,19,12,True,0.55,baseline,12.0,10533268.221481198,343.7869148663476,164.74874159854312,epidemiology_change,109,49.424622479562935,0.0,0.9914642225944056,78.0
2024-07-01,127,South,Therapy B,201.34159271659263,201.34159271659263,0.0,15.004425698489342,186.2409732628482,201.34159271659263,0,1.0,,epidemiology_change,19,12,True,0.55,baseline,12.0,10537647.05744438,343.9298321902812,164.81723009607606,epidemiology_change,109,49.44516902882282,0.0,0.9914642225944056,78.0
2024-08-01,128,South,Therapy B,201.27590874229065,201.27590874229065,0.0,15.034935479442442,186.18021558661883,201.27590874229065,0,1.0,,epidemiology_change,19,12,True,0.55,baseline,12.0,10542027.713754674,344.0728089270678,164.8857470652941,epidemiology_change,109,49.46572411958823,0.0,0.9914642225944056,78.0
2024-09-01,129,South,Therapy B,201.2446455546797,201.2446455546797,0.0,15.064429968060857,186.15129713807872,201.2446455546797,0,1.0,,epidemiology_change,19,12,True,0.55,baseline,12.0,10546410.191168826,344.2158451014064,164.95429251803338,epidemiology_change,109,49.48628775541001,0.0,0.9914642225944056,78.0
2024-10-01,130,South,Therapy B,201.24419710372183,201.24419710372183,0.0,15.092899965643117,186.15088232094269,201.24419710372183,0,1.0,,epidemiology_change,19,12,True,0.55,baseline,12.0,10550794.490443897,344.3589407380059,165.02286646613487,epidemiology_change,109,49.50685993984046,0.0,0.9914642225944056,78.0
2024-11-01,131,South,Therapy B,201.27122978415184,201.27122978415184,0.0,15.120347463209168,186.1758875503405,201.27122978415184,0,1.0,,epidemiology_change,19,12,True,0.55,baseline,12.0,10555180.612337258,344.5020958615859,165.0914689214446,epidemiology_change,109,49.52744067643338,0.0,0.9914642225944056,78.0
2024-12-01,132,South,Therapy B,201.3226709703881,201.3226709703881,0.0,15.146783420047615,186.22347064760905,201.3226709703881,0,1.0,,epidemiology_change,19,12,True,0.55,baseline,12.0,10559568.557606602,344.64531049687577,165.16009989581335,epidemiology_change,109,49.548029968744,0.0,0.9914642225944056,78.0
2025-01-01,133,South,Therapy B,201.3956965398924,201.3956965398924,0.0,15.1722258922834,186.2910192994005,201.3956965398924,0,1.0,,epidemiology_change,19,12,True,0.55,baseline,12.0,10563958.327009937,344.7885846686156,165.228759401097,epidemiology_change,109,49.5686278203291,0.0,0.9914642225944056,78.0
2025-02-01,134,South,Therapy B,201.48771776204967,201.48771776204967,0.0,15.196698462649174,186.37613892989597,201.48771776204967,0,1.0,,epidemiology_change,19,12,True,0.55,baseline,12.0,10568349.92130557,344.9319184015554,165.29744744915612,epidemiology_change,109,49.58923423474683,0.0,0.9914642225944056,78.0
2025-03-01,135,South,Therapy B,201.59636785826365,201.59636785826365,0.0,15.220228928367696,186.47664026889385,201.59636785826365,0,1.0,,epidemiology_change,19,12,True,0.55,baseline,12.0,10572743.341252146,345.07531172045583,165.3661640518566,epidemiology_change,109,49.60984921555698,0.0,0.9914642225944056,78.0
2025-04-01,136,South,Therapy B,201.71948847830615,201.71948847830615,0.0,15.242848209412324,186.59052684243323,201.71948847830615,0,1.0,,epidemiology_change,19,12,True,0.55,baseline,12.0,10577138.587608617,345.2187646500875,165.43490922106884,epidemiology_change,109,49.63047276632065,0.0,0.9914642225944056,78.0
2025-05-01,137,South,Therapy B,201.85511628675425,201.85511628675425,0.0,15.264589444321006,186.71598256524769,201.85511628675425,0,1.0,,epidemiology_change,19,12,True,0.55,baseline,12.0,10581535.66113424,345.3622772152316,165.5036829686684,epidemiology_change,109,49.65110489060052,0.0,0.9914642225944056,78.0
2025-06-01,138,South,Therapy B,202.00146981040643,202.00146981040643,0.0,15.285487245158794,186.851359574626,202.00146981040643,0,1.0,,epidemiology_change,19,12,True,0.55,baseline,12.0,10585934.562588604,345.50584944067936,165.57248530653584,epidemiology_change,109,49.67174559196075,0.0,0.9914642225944056,78.0
2025-07-01,139,South,Therapy B,202.156936661782,202.156936661782,0.0,15.30557708715602,186.99516641214836,202.156936661782,0,1.0,,epidemiology_change,19,12,True,0.55,baseline,12.0,10590335.2927316,345.6494813512325,165.6413162465564,epidemiology_change,109,49.692394873966926,0.0,0.9914642225944056,78.0
2025-08-01,140,South,Therapy B,202.32006122416175,202.32006122416175,0.0,15.324894812013437,187.14605663234968,202.32006122416175,0,1.0,,epidemiology_change,19,12,True,0.55,baseline,12.0,10594737.852323446,345.79317297170314,165.7101758006206,epidemiology_change,109,49.71305274018618,0.0,0.9914642225944056,78.0
2025-09-01,141,South,Therapy B,202.48953285924512,202.48953285924512,0.0,15.343476226895485,187.30281789480176,202.48953285924512,0,1.0,,epidemiology_change,19,12,True,0.55,baseline,12.0,10599142.24212467,345.9369243269134,165.77906398062356,epidemiology_change,109,49.73371919418707,0.0,0.9914642225944056,78.0
2025-10-01,142,South,Therapy B,202.66417467856812,202.66417467856812,0.0,15.361356783766407,187.4643615776756,202.66417467856812,0,1.0,,epidemiology_change,19,12,True,0.55,baseline,12.0,10603548.462896116,346.080735441696,165.84798079846558,epidemiology_change,109,49.75439423953967,0.0,0.9914642225944056,78.0
2025-11-01,143,South,Therapy B,202.84293290367805,202.84293290367805,0.0,15.37857132600248,187.62971293590215,202.84293290367805,0,1.0,,epidemiology_change,19,12,True,0.55,baseline,12.0,10607956.515398944,346.2246063408938,165.9169262660518,epidemiology_change,109,49.77507787981554,0.0,0.9914642225944056,78.0
2025-12-01,144,South,Therapy B,203.02486682707928,203.02486682707928,0.0,15.3951538911771,187.79800181504837,203.02486682707928,0,1.0,,epidemiology_change,19,12,True,0.55,baseline,12.0,10612366.400394635,346.3685370493602,165.98590039529245,epidemiology_change,109,49.79577011858773,0.0,0.9914642225944056,78.0
2014-01-01,1,West,Therapy B,0.0,0.0,0.0,0.0,0.0,0.0,0,1.0,,early_market_before_b_launch,19,12,False,0.0,not_launched,,10000000.0,330.2675,158.27,baseline,1,47.481,356.94000000000005,0.47825290781060603,1.0
2014-02-01,2,West,Therapy B,0.0,0.0,0.0,0.0,0.0,0.0,0,1.0,,early_market_before_b_launch,19,12,False,0.0,not_launched,,10004157.14844729,330.40479710248155,158.3357951884753,baseline,1,47.500738556542586,0.0,0.47825290781060603,1.0
2014-03-01,3,West,Therapy B,0.0,0.0,0.0,0.0,0.0,0.0,0,1.0,,early_market_before_b_launch,19,12,False,0.0,not_launched,,10008316.0250829,330.5421512814067,158.40161772898708,baseline,1,47.520485318696124,0.0,0.47825290781060603,1.0
2014-04-01,4,West,Therapy B,0.0,0.0,0.0,0.0,0.0,0.0,0,1.0,,early_market_before_b_launch,19,12,False,0.0,not_launched,,10012476.630625268,330.679562560503,158.46746763290608,baseline,1,47.54024028987183,0.0,0.47825290781060603,1.0
2014-05-01,5,West,Therapy B,0.0,0.0,0.0,0.0,0.0,0.0,0,1.0,,early_market_before_b_launch,19,12,False,0.0,not_launched,,10016638.965793122,330.817030963508,158.53334491160774,baseline,1,47.56000347348232,0.0,0.47825290781060603,1.0
2014-06-01,6,West,Therapy B,0.0,0.0,0.0,0.0,0.0,0.0,0,1.0,,early_market_before_b_launch,19,12,False,0.0,not_launched,,10020803.031305492,330.95455651416864,158.59924957647203,baseline,1,47.579774872941606,0.0,0.47825290781060603,1.0
2014-07-01,7,West,Therapy B,0.0,0.0,0.0,0.0,0.0,0.0,0,1.0,,early_market_before_b_launch,19,12,False,0.0,not_launched,,10024968.82788171,331.0921392362423,158.6651816388839,baseline,1,47.59955449166516,0.0,0.47825290781060603,1.0
2014-08-01,8,West,Therapy B,0.0,0.0,0.0,0.0,0.0,0.0,0,1.0,,early_market_before_b_launch,19,12,False,0.0,not_launched,,10029136.356241409,331.2297791534959,158.73114111023276,baseline,1,47.619342333069824,0.0,0.47825290781060603,1.0
2014-09-01,9,West,Therapy B,0.0,0.0,0.0,0.0,0.0,0.0,0,1.0,,early_market_before_b_launch,19,12,False,0.0,not_launched,,10033305.617104506,331.3674762897062,158.797128001913,baseline,1,47.6391384005739,0.0,0.47825290781060603,1.0
2014-10-01,10,West,Therapy B,0.0,0.0,0.0,0.0,0.0,0.0,0,1.0,,early_market_before_b_launch,19,12,False,0.0,not_launched,,10037476.61119124,331.5052306686603,158.8631423253238,baseline,1,47.65894269759713,0.0,0.47825290781060603,1.0
2014-11-01,11,West,Therapy B,0.0,0.0,0.0,0.0,0.0,0.0,0,1.0,,early_market_before_b_launch,19,12,False,0.0,not_launched,,10041649.339222131,331.6430423141545,158.92918409186868,baseline,1,47.6787552275606,0.0,0.47825290781060603,1.0
2014-12-01,12,West,Therapy B,0.0,0.0,0.0,0.0,0.0,0.0,0,1.0,,early_market_before_b_launch,19,12,False,0.0,not_launched,,10045823.80191801,331.7809112499956,158.99525331295635,baseline,1,47.698575993886905,0.0,0.47825290781060603,1.0
2015-01-01,13,West,Therapy B,0.0,0.0,0.0,0.0,0.0,0.0,0,1.0,,early_market_before_b_launch,19,12,False,0.0,not_launched,,10049999.999999998,331.91883749999994,159.06134999999998,baseline,1,47.71840499999999,0.0,0.47825290781060603,1.0
2015-02-01,14,West,Therapy B,0.0,0.0,0.0,0.0,0.0,0.0,0,1.0,,early_market_before_b_launch,19,12,False,0.0,not_launched,,10054177.934189526,332.05682108799385,159.1274741644176,baseline,1,47.73824224932528,0.0,0.47825290781060603,1.0
2015-03-01,15,West,Therapy B,0.0,0.0,0.0,0.0,0.0,0.0,0,1.0,,early_market_before_b_launch,19,12,False,0.0,not_launched,,10058357.605208317,332.19486203781366,159.19362581763198,baseline,1,47.75808774528959,0.0,0.47825290781060603,1.0
2015-04-01,16,West,Therapy B,0.0,0.0,0.0,0.0,0.0,0.0,0,1.0,,early_market_before_b_launch,19,12,False,0.0,not_launched,,10062539.013778394,332.3329603733055,159.25980497107062,baseline,1,47.77794149132119,0.0,0.47825290781060603,1.0
2015-05-01,17,West,Therapy B,0.0,0.0,0.0,0.0,0.0,0.0,0,1.0,,early_market_before_b_launch,19,12,False,0.0,not_launched,,10066722.160622085,332.47111611832537,159.32601163616573,baseline,1,47.79780349084972,0.0,0.47825290781060603,1.0
2015-06-01,18,West,Therapy B,0.0,0.0,0.0,0.0,0.0,0.0,0,1.0,,early_market_before_b_launch,19,12,False,0.0,not_launched,,10070907.046462016,332.60932929673936,159.39224582435432,baseline,1,47.81767374730629,0.0,0.47825290781060603,1.0
2015-07-01,19,West,Therapy B,5.219867251592197,5.219867251592197,0.0,5.219867251592197,4.828377207722781,5.219867251592197,0,1.0,,b_launch_growth,19,12,True,0.6,baseline,12.0,10075093.67202112,332.74759993242344,159.45850754707823,baseline,1,47.83755226412347,0.0,0.47825290781060603,1.0
2015-08-01,20,West,Therapy B,10.786376887789144,10.786376887789144,0.0,5.957999680066363,9.97739862120496,10.786376887789144,0,1.0,,b_launch_growth,19,12,True,0.6,baseline,12.0,10079282.038022611,332.8859280492633,159.5247968157839,baseline,1,47.857439044735166,0.0,0.47825290781060603,1.0
2015-09-01,21,West,Therapy B,16.739518987585228,16.739518987585228,0.0,6.76212036638027,15.484055063516337,16.739518987585228,0,1.0,,b_launch_growth,19,12,True,0.6,baseline,12.0,10083472.145190028,333.02431367115474,159.5911136419226,baseline,1,47.87733409257677,0.0,0.47825290781060603,1.0
2015-10-01,22,West,Therapy B,23.110921796201172,23.110921796201172,0.0,7.626866732684839,21.377602661486087,23.110921796201172,0,1.0,,b_launch_growth,19,12,True,0.6,baseline,12.0,10087663.994247196,333.1627568220036,159.65745803695037,baseline,1,47.89723741108511,0.0,0.47825290781060603,1.0
2015-11-01,23,West,Therapy B,29.92200253175859,29.92200253175859,0.0,8.544399870272507,27.677852341876694,29.92200253175859,0,1.0,,b_launch_growth,19,12,True,0.6,baseline,12.0,10091857.585918242,333.30125752572525,159.723830012328,baseline,1,47.9171490036984,0.0,0.47825290781060603,1.0
2015-12-01,24,West,Therapy B,37.18246103622605,37.18246103622605,0.0,9.504608694349344,34.39377645850909,37.18246103622605,0,1.0,,b_launch_growth,19,12,True,0.6,baseline,12.0,10096052.9209276,333.43981580624563,159.79022957952114,baseline,1,47.93706887385634,0.0,0.47825290781060603,1.0
2016-01-01,25,West,Therapy B,44.88927426807784,44.88927426807784,0.0,10.49549780956875,41.522578697972,44.88927426807784,0,1.0,,b_launch_growth,19,12,True,0.6,baseline,12.0,10100249.999999998,333.5784316874999,159.85665674999998,baseline,1,47.95699702499999,0.0,0.47825290781060603,1.0
2016-02-01,26,West,Therapy B,53.02631410270273,53.02631410270273,0.0,11.50373540473073,49.04934054500002,53.02631410270273,0,1.0,,b_launch_growth,19,12,True,0.6,baseline,12.0,10104448.823860472,333.71710519343384,159.9231115352397,baseline,1,47.97693346057192,0.0,0.47825290781060603,1.0
2016-03-01,27,West,Therapy B,61.56465895116719,61.56465895116719,0.0,12.515318406167168,56.947309529829646,61.56465895116719,0,1.0,,b_launch_growth,19,12,True,0.6,baseline,12.0,10108649.393234355,333.85583634800275,159.98959394672016,baseline,1,47.99687818401605,0.0,0.47825290781060603,1.0
2016-04-01,28,West,Therapy B,70.46360618970546,70.46360618970546,0.0,13.51629665987581,65.17883572547754,70.46360618970546,0,1.0,,b_launch_growth,19,12,True,0.6,baseline,12.0,10112851.708847284,333.994625175172,160.05610399592598,baseline,1,48.016831198777794,0.0,0.47825290781060603,1.0
2016-05-01,29,West,Therapy B,79.67232396614898,79.67232396614898,0.0,14.493488240671445,73.69689966868782,79.67232396614898,0,1.0,,b_launch_growth,19,12,True,0.6,baseline,12.0,10117055.771425191,334.133471698917,160.12264169434656,baseline,1,48.03679250830397,0.0,0.47825290781060603,1.0
2016-06-01,30,West,Therapy B,89.13201631120131,89.13201631120131,0.0,15.435116642513492,82.44711508786122,89.13201631120131,0,1.0,,b_launch_growth,19,12,True,0.6,baseline,12.0,10121261.581694327,334.2723759432231,160.1892070534761,baseline,1,48.05676211604283,0.0,0.47825290781060603,1.0
2016-07-01,31,West,Therapy B,98.7784246369148,98.7784246369148,0.0,16.33130954905358,91.37004278914618,98.7784246369148,0,1.0,,b_launch_growth,19,12,True,0.6,baseline,12.0,10125469.140381224,334.4113379320856,160.2558000848136,baseline,1,48.07674002544408,0.0,0.47825290781060603,1.0
2016-08-01,32,West,Therapy B,108.54446071194768,108.54446071194768,0.0,17.174417922801496,100.4036261585516,108.54446071194768,0,1.0,,b_launch_growth,19,12,True,0.6,baseline,12.0,10129678.448212724,334.55035768950955,160.32242079986278,baseline,1,48.096726239958834,0.0,0.47825290781060603,1.0
2016-09-01,33,West,Therapy B,118.36276617379536,118.36276617379536,0.0,17.95914001524377,109.48555871076071,118.36276617379536,0,1.0,,b_launch_growth,19,12,True,0.6,baseline,12.0,10133889.505915975,334.68943523951054,160.38906921013222,baseline,1,48.11672076303967,0.0,0.47825290781060603,1.0
2016-10-01,34,West,Therapy B,128.1680206319187,128.1680206319187,0.0,18.68246192115795,118.55541908452476,128.1680206319187,0,1.0,,b_launch_growth,19,12,True,0.6,baseline,12.0,10138102.31421843,334.82857060611354,160.4557453271351,baseline,1,48.13672359814053,0.0,0.47825290781060603,1.0
2016-11-01,35,West,Therapy B,137.8988675400989,137.8988675400989,0.0,19.343448455574126,127.55645247459148,137.8988675400989,0,1.0,,b_launch_growth,19,12,True,0.6,baseline,12.0,10142316.873847833,334.96776381335394,160.52244916238968,baseline,1,48.1567347487169,0.0,0.47825290781060603,1.0
2016-12-01,36,West,Therapy B,147.4993837322342,147.4993837322342,0.0,19.942931257642734,136.43692995231666,147.4993837322342,0,1.0,,b_launch_growth,19,12,True,0.6,baseline,12.0,10146533.185532236,335.10701488527684,160.58918072741875,baseline,1,48.176754218225625,0.0,0.47825290781060603,1.0
2017-01-01,37,West,Therapy B,156.92007395933092,156.92007395933092,0.0,20.48314400701428,145.1510684123811,156.92007395933092,0,1.0,,b_launch_growth,19,12,True,0.6,baseline,12.0,10150751.249999996,335.2463238459373,160.65594003374994,baseline,1,48.19678201012498,0.0,0.47825290781060603,1.0
2017-02-01,38,West,Therapy B,166.11841758270754,166.11841758270754,0.0,20.967349170326408,153.65953626400446,166.11841758270754,0,1.0,,b_launch_growth,19,12,True,0.6,baseline,12.0,10154971.067979772,335.3856907194008,160.72272709291582,baseline,1,48.216818127874745,0.0,0.47825290781060603,1.0
2017-03-01,39,West,Therapy B,175.05902632845974,175.05902632845974,0.0,21.39949006445528,161.92959935382527,175.05902632845974,0,1.0,,b_launch_growth,19,12,True,0.6,baseline,12.0,10159192.640200526,335.5251155297427,160.78954191645374,baseline,1,48.23686257493612,0.0,0.47825290781060603,1.0
2017-04-01,40,West,Therapy B,183.71348905668572,183.71348905668572,0.0,21.78388970286048,169.9349773774343,183.71348905668572,0,1.0,,b_launch_growth,19,12,True,0.6,baseline,12.0,10163415.96739152,335.6645983010478,160.85638451590555,baseline,1,48.25691535477167,0.0,0.47825290781060603,1.0
2017-05-01,41,West,Therapy B,192.0599839349967,192.0599839349967,0.0,22.125006557562397,177.65548513987196,192.0599839349967,0,1.0,,b_launch_growth,19,12,True,0.6,baseline,12.0,10167641.050282318,335.80413905741153,160.92325490281826,baseline,1,48.27697647084548,0.0,0.47825290781060603,1.0
2017-06-01,42,West,Therapy B,200.08273366833856,200.08273366833856,0.0,22.427248528466617,185.0765286432132,200.08273366833856,0,1.0,,b_launch_growth,19,12,True,0.6,baseline,12.0,10171867.889602795,335.9437378229392,160.99015308874348,baseline,1,48.29704592662304,0.0,0.47825290781060603,1.0
2017-07-01,43,West,Therapy B,207.77136915489237,207.77136915489237,0.0,22.694840511679143,192.1885164682754,207.77136915489237,0,1.0,,b_launch_growth,19,12,True,0.6,baseline,12.0,10176096.486083128,336.08339462174587,161.05707908523763,baseline,1,48.317123725571285,0.0,0.47825290781060603,1.0
2017-08-01,44,West,Therapy B,215.1202542009687,215.1202542009687,0.0,22.931737732693307,198.98623513589607,215.1202542009687,0,1.0,,b_launch_growth,19,12,True,0.6,baseline,12.0,10180326.840453789,336.2231094779571,161.1240329038621,baseline,1,48.33720987115863,0.0,0.47825290781060603,1.0
2017-09-01,45,West,Therapy B,222.12781098125052,222.12781098125052,0.0,23.1415758453545,205.4682251576568,222.12781098125052,0,1.0,,b_launch_growth,19,12,True,0.6,baseline,12.0,10184558.953445558,336.36288241570804,161.19101455618284,baseline,1,48.35730436685485,0.0,0.47825290781060603,1.0
2017-10-01,46,West,Therapy B,228.7958741672159,228.7958741672159,0.0,23.327649009559124,211.63618360467476,228.7958741672159,0,1.0,,b_launch_growth,19,12,True,0.6,baseline,12.0,10188792.82578952,336.50271345914405,161.25802405377075,baseline,1,48.377407216131225,0.0,0.47825290781060603,1.0
2017-11-01,47,West,Therapy B,235.12909175957927,235.12909175957927,0.0,23.49290815490461,217.49440987761088,235.12909175957927,0,1.0,,b_launch_growth,19,12,True,0.6,baseline,12.0,10193028.458217071,336.6426026324206,161.32506140820158,baseline,1,48.39751842246047,0.0,0.47825290781060603,1.0
2017-12-01,48,West,Therapy B,241.13438284817448,241.13438284817448,0.0,23.63997297056361,223.0493041345614,241.13438284817448,0,1.0,,b_launch_growth,19,12,True,0.6,baseline,12.0,10197265.851459896,336.7825499597031,161.39212663105576,baseline,1,48.41763798931672,0.0,0.47825290781060603,1.0
2018-01-01,49,West,Therapy B,246.82045667750387,246.82045667750387,0.0,23.77115254294247,228.30892242669108,246.82045667750387,0,1.0,,b_launch_growth,19,12,True,0.6,baseline,12.0,10201505.006249996,336.922555465167,161.45921973391867,baseline,1,48.4377659201756,0.0,0.47825290781060603,1.0
2018-02-01,50,West,Therapy B,252.1973932534296,252.1973932534296,0.0,23.888470826738523,233.2825887594224,252.1973932534296,0,1.0,,b_launch_growth,19,12,True,0.6,baseline,12.0,10205745.923319671,337.0626191729979,161.52634072838043,baseline,1,48.45790221851413,0.0,0.47825290781060603,1.0
2018-03-01,51,West,Therapy B,257.27628296516696,257.27628296516696,0.0,23.993694205744603,237.98056174277943,257.27628296516696,0,1.0,,b_launch_growth,19,12,True,0.6,baseline,12.0,10209988.603401529,337.2027411073914,161.593489626036,baseline,1,48.4780468878108,0.0,0.47825290781060603,1.0
2018-04-01,52,West,Therapy B,262.0689210007854,262.0689210007854,0.0,24.08835925800595,242.4137519257265,262.0689210007854,0,1.0,,b_launch_growth,19,12,True,0.6,baseline,12.0,10214233.047228476,337.342921292553,161.66066643848507,baseline,1,48.49819993154552,0.0,0.47825290781060603,1.0
2018-05-01,53,West,Therapy B,266.58755142431374,266.58755142431374,0.0,24.1737994985872,246.5934850674902,266.58755142431374,0,1.0,,b_launch_growth,19,12,True,0.6,baseline,12.0,10218479.25553373,337.4831597526986,161.72787117733236,baseline,1,48.51836135319971,0.0,0.47825290781060603,1.0
2018-06-01,54,West,Therapy B,270.84465542762166,270.84465542762166,0.0,24.25117036013148,250.5313062705501,270.84465542762166,0,1.0,,b_launch_growth,19,12,True,0.6,baseline,12.0,10222727.22905081,337.6234565120538,161.79510385418718,baseline,1,48.53853115625615,0.0,0.47825290781060603,1.0
2018-07-01,55,West,Therapy B,274.85277828950484,274.85277828950484,0.0,24.32147201895476,254.23881991779197,274.85277828950484,0,1.0,,b_launch_growth,19,12,True,0.6,baseline,12.0,10226976.96851354,337.76381159485453,161.8623644806638,baseline,1,48.55870934419914,0.0,0.47825290781060603,1.0
2018-08-01,56,West,Therapy B,278.62438983145046,278.62438983145046,0.0,24.385569913658472,257.72756059409164,278.62438983145046,0,1.0,,b_launch_growth,19,12,True,0.6,baseline,12.0,10231228.474656053,337.9042250253468,161.92965306838138,baseline,1,48.57889592051441,0.0,0.47825290781060603,1.0
2018-09-01,57,West,Therapy B,282.17177355525223,282.17177355525223,0.0,24.44421296116056,261.0088905386083,282.17177355525223,0,1.0,,b_launch_growth,19,12,True,0.6,baseline,12.0,10235481.748212785,338.0446968277865,161.9969696289637,baseline,1,48.59909088868911,0.0,0.47825290781060603,1.0
2018-10-01,58,West,Therapy B,285.5069401123293,285.5069401123293,0.0,24.498049573721023,264.0939196039046,285.5069401123293,0,1.0,,b_launch_growth,19,12,True,0.6,baseline,12.0,10239736.789918467,338.18522702643975,162.0643141740396,baseline,1,48.61929425221188,0.0,0.47825290781060603,1.0
2018-11-01,59,West,Therapy B,288.6415612411722,288.6415612411722,0.0,24.54764163726757,266.9934441480843,288.6415612411722,0,1.0,,b_launch_growth,19,12,True,0.6,baseline,12.0,10243993.600508155,338.3258156455827,162.13168671524258,baseline,1,48.63950601457277,0.0,0.47825290781060603,1.0
2018-12-01,60,West,Therapy B,291.58692078729814,291.58692078729814,0.0,24.593476639213836,269.71790172825075,291.58692078729814,0,1.0,,b_launch_growth,19,12,True,0.6,baseline,12.0,10248252.180717194,338.4664627095016,162.19908726421104,baseline,1,48.65972617926331,0.0,0.47825290781060603,1.0
2019-01-01,61,West,Therapy B,294.3538798709172,294.3538798709172,0.0,24.635978142666417,272.2773388805984,294.3538798709172,0,1.0,,access_expansion,19,12,True,0.6,baseline,12.0,10252512.531281244,338.60716824249283,162.26651583258823,baseline,1,48.67995474977648,0.0,0.47825290781060603,1.0
2019-02-01,62,West,Therapy B,296.9528536809878,296.9528536809878,0.0,24.675514800389426,274.6813896549137,296.9528536809878,0,1.0,,access_expansion,19,12,True,0.6,baseline,12.0,10256774.652936269,338.7479322688629,162.33397243202234,baseline,1,48.7001917296067,0.0,0.47825290781060603,1.0
2019-03-01,63,West,Therapy B,299.3937977459374,299.3937977459374,0.0,24.71240809102366,276.93926291499207,299.3937977459374,0,1.0,,access_expansion,19,12,True,0.6,baseline,12.0,10261038.546418533,338.88875481292825,162.40145707416613,baseline,1,48.72043712224984,0.0,0.47825290781060603,1.0
2019-04-01,64,West,Therapy B,301.68620186019035,301.68620186019035,0.0,24.74693894519825,279.0597367206761,301.68620186019035,0,1.0,,access_expansion,19,12,True,0.6,baseline,12.0,10265304.212464616,339.0296358990157,162.46896977067746,baseline,1,48.74069093120324,0.0,0.47825290781060603,1.0
2019-05-01,65,West,Therapy B,303.8390901332435,303.8390901332435,0.0,24.77935341256739,281.0511583732502,303.8390901332435,0,1.0,,access_expansion,19,12,True,0.6,baseline,12.0,10269571.6518114,339.1705755514621,162.536510533219,baseline,1,48.7609531599657,0.0,0.47825290781060603,1.0
2019-06-01,66,West,Therapy B,305.86102587715385,305.86102587715385,0.0,24.809867503903657,282.9214489363673,305.86102587715385,0,1.0,,access_expansion,19,12,True,0.6,baseline,12.0,10273840.865196062,339.311573794614,162.60407937345806,baseline,1,48.78122381203742,0.0,0.47825290781060603,1.0
2019-07-01,67,West,Therapy B,307.76012026244246,307.76012026244246,0.0,24.838671326075136,284.6781112427592,307.76012026244246,0,1.0,,access_expansion,19,12,True,0.6,baseline,12.0,10278111.853356108,339.4526306528289,162.67167630306716,baseline,1,48.80150289092015,0.0,0.47825290781060603,1.0
2019-08-01,68,West,Therapy B,309.54404385529966,309.54404385529966,0.0,24.865932612540448,286.3282405661522,309.54404385529966,0,1.0,,access_expansion,19,12,True,0.6,baseline,12.0,10282384.617029332,339.5937461504735,162.73930133372326,baseline,1,48.821790400116974,0.0,0.47825290781060603,1.0
2019-09-01,69,West,Therapy B,311.2200403043248,311.2200403043248,0.0,24.89179973817265,287.8785372815005,311.2200403043248,0,1.0,,access_expansion,19,12,True,0.6,baseline,12.0,10286659.156953843,339.7349203119253,162.8069544771085,baseline,1,48.84208634313254,0.0,0.47825290781060603,1.0
2019-10-01,70,West,Therapy B,312.7949415763608,312.7949415763608,0.0,24.916404294860275,289.3353209581337,312.7949415763608,0,1.0,,access_expansion,19,12,True,0.6,baseline,12.0,10290935.47386806,339.8761531615719,162.87463574490977,baseline,1,48.86239072347293,0.0,0.47825290781060603,1.0
2019-11-01,71,West,Therapy B,314.2751842515542,314.2751842515542,0.0,24.93986329342053,290.7045454326876,314.2751842515542,0,1.0,,access_expansion,19,12,True,0.6,baseline,12.0,10295213.568510694,340.0174447238105,162.94234514881873,baseline,1,48.882703544645615,0.0,0.47825290781060603,1.0
2019-12-01,72,West,Therapy B,315.66682648050687,315.66682648050687,0.0,24.96228104781924,291.9918144944688,315.66682648050687,0,1.0,,access_expansion,19,12,True,0.6,baseline,12.0,10299493.44162078,340.15879502304904,163.01008270053208,baseline,1,48.90302481015962,0.0,0.47825290781060603,1.0
2020-01-01,73,West,Therapy B,316.97556528388475,316.97556528388475,0.0,24.983750789415858,293.2023978875933,316.97556528388475,0,1.0,,access_expansion,19,12,True,0.6,baseline,12.0,10303775.09393765,340.30020408370524,163.07784841175118,baseline,1,48.92335452352536,0.0,0.47825290781060603,1.0
2020-02-01,74,West,Therapy B,318.2067539394097,318.2067539394097,0.0,25.004356051816323,294.34124739395395,318.2067539394097,0,1.0,,access_expansion,19,12,True,0.6,baseline,12.0,10308058.52620095,340.44167193020724,163.1456422941825,baseline,1,48.943692688254735,0.0,0.47825290781060603,1.0
2020-03-01,75,West,Therapy B,319.3654192547463,319.3654192547463,0.0,25.02417186079236,295.41301281064034,319.3654192547463,0,1.0,,access_expansion,19,12,True,0.6,baseline,12.0,10312343.739150625,340.58319858699286,163.21346435953694,baseline,1,48.96403930786108,0.0,0.47825290781060603,1.0
2020-04-01,76,West,Therapy B,320.45627856913165,320.45627856913165,0.0,25.0432657584913,296.4220576764468,320.45627856913165,0,1.0,,access_expansion,19,12,True,0.6,baseline,12.0,10316630.73352694,340.7247840785108,163.28131461953086,baseline,1,48.98439438585925,0.0,0.47825290781060603,1.0
2020-05-01,77,West,Therapy B,321.48375636314614,321.48375636314614,0.0,25.06169868669936,297.3724746359102,321.48375636314614,0,1.0,,access_expansion,19,12,True,0.6,baseline,12.0,10320919.510070452,340.8664284292193,163.34919308588505,baseline,1,49.00475792576551,0.0,0.47825290781060603,1.0
2020-06-01,78,West,Therapy B,322.4520003860387,322.4520003860387,0.0,25.079525750128525,298.2681003570858,322.4520003860387,0,1.0,,access_expansion,19,12,True,0.6,baseline,12.0,10325210.069522042,341.0081316635871,163.41709977032536,baseline,1,49.02512993109761,0.0,0.47825290781060603,1.0
2020-07-01,79,West,Therapy B,323.36489723456555,323.36489723456555,0.0,25.09679687747973,299.11252994197315,323.36489723456555,0,1.0,,access_expansion,19,12,True,0.6,baseline,12.0,10329502.412622888,341.14989380609296,163.48503468458247,baseline,1,49.04551040537474,0.0,0.47825290781060603,1.0
2020-08-01,80,West,Therapy B,324.2260873372821,324.2260873372821,0.0,25.11355739530895,299.90913078698594,324.2260873372821,0,1.0,,access_expansion,19,12,True,0.6,baseline,12.0,10333796.54011448,341.29171488122586,163.55299784039187,baseline,1,49.06589935211756,0.0,0.47825290781060603,1.0
2020-09-01,81,West,Therapy B,325.03897931440247,325.03897931440247,0.0,25.12984852741656,300.6610558658223,325.03897931440247,0,1.0,,access_expansion,19,12,True,0.6,baseline,12.0,10338092.452738617,341.433594913485,163.62098924949407,baseline,1,49.08629677484822,0.0,0.47825290781060603,1.0
2020-10-01,82,West,Therapy B,325.806763696353,325.806763696353,0.0,25.145707830530696,301.3712564191265,325.806763696353,0,1.0,,access_expansion,19,12,True,0.6,baseline,12.0,10342390.151237397,341.5755339273797,163.6890089236343,baseline,1,49.10670267709029,0.0,0.47825290781060603,1.0
2020-11-01,83,West,Therapy B,326.5324259945355,326.5324259945355,0.0,25.16116957540901,302.0424940449454,326.5324259945355,0,1.0,,access_expansion,19,12,True,0.6,baseline,12.0,10346689.636353243,341.7175319474296,163.75705687456283,baseline,1,49.127117062368846,0.0,0.47825290781060603,1.0
2020-12-01,84,West,Therapy B,327.2187591260373,327.2187591260373,0.0,25.17626508109189,302.6773521915845,327.2187591260373,0,1.0,,access_expansion,19,12,True,0.6,baseline,12.0,10350990.90882888,341.8595889981642,163.82513311403468,baseline,1,49.14753993421041,0.0,0.47825290781060603,1.0
2021-01-01,85,West,Therapy B,326.0072480831764,326.0072480831764,0.0,23.329895891591903,301.55670447693814,326.0072480831764,0,1.0,,overlapping_competitor_launch,19,12,True,0.6,baseline,12.0,10355293.969407337,342.0017051041237,163.8932376538099,baseline,1,49.16797129614297,0.0,1.078252907810606,78.0
2021-02-01,86,West,Therapy B,324.62087098080303,324.62087098080303,0.0,23.064166503864925,300.27430565724285,324.62087098080303,0,1.0,,overlapping_competitor_launch,19,12,True,0.6,baseline,12.0,10359598.818831952,342.14388028985815,163.96137050565332,baseline,1,49.188411151696,0.0,1.078252907810606,78.0
2021-03-01,87,West,Therapy B,323.0425802507729,323.0425802507729,0.0,22.76827459353009,298.814386731965,323.0425802507729,0,1.0,,overlapping_competitor_launch,19,12,True,0.6,baseline,12.0,10363905.45784638,342.2861145799279,164.02953168133467,baseline,1,49.2088595044004,0.0,1.078252907810606,78.0
2021-04-01,88,West,Therapy B,321.25735088660883,321.25735088660883,0.0,22.44296415464391,297.1630495701132,321.25735088660883,0,1.0,,overlapping_competitor_launch,19,12,True,0.6,baseline,12.0,10368213.887194572,342.4284079989033,164.09772119262848,baseline,1,49.22931635778854,0.0,1.078252907810606,78.0
2021-05-01,89,West,Therapy B,319.2532068409711,319.2532068409711,0.0,22.090157270857897,295.30921632789824,319.2532068409711,0,1.0,,overlapping_competitor_launch,19,12,True,0.6,baseline,12.0,10372524.107620804,342.5707605713654,164.16593905131447,baseline,1,49.24978171539434,0.0,1.078252907810606,78.0
2021-06-01,90,West,Therapy B,317.022263913096,317.022263913096,0.0,21.713047585197792,293.2455941196138,317.022263913096,0,1.0,,overlapping_competitor_launch,19,12,True,0.6,baseline,12.0,10376836.119869651,342.71317232190506,164.234185269177,baseline,1,49.2702555807531,0.0,1.078252907810606,78.0
2021-07-01,91,West,Therapy B,314.56168469975853,314.56168469975853,0.0,21.316090580144703,290.96955834727663,314.56168469975853,0,1.0,,overlapping_competitor_launch,19,12,True,0.6,baseline,12.0,10381149.924686002,342.8556432751234,164.30245985800536,baseline,1,49.29073795740161,0.0,1.078252907810606,78.0
2021-08-01,92,West,Therapy B,311.8744286095136,311.8744286095136,0.0,20.90487026223692,288.4838464638,311.8744286095136,0,1.0,,overlapping_competitor_launch,19,12,True,0.6,baseline,12.0,10385465.522815049,342.9981734556319,164.3707628295938,baseline,1,49.31122884887814,0.0,1.078252907810606,78.0
2021-09-01,93,West,Therapy B,308.9696863247502,308.9696863247502,0.0,20.485839860950247,285.79695985039393,308.9696863247502,0,1.0,,overlapping_competitor_launch,19,12,True,0.6,baseline,12.0,10389782.915002303,343.14076288805234,164.4390941957415,baseline,1,49.33172825872244,0.0,1.078252907810606,78.0
2021-10-01,94,West,Therapy B,305.86291635792134,305.86291635792134,0.0,20.065956507527424,282.92319763107724,305.86291635792134,0,1.0,,overlapping_competitor_launch,19,12,True,0.6,baseline,12.0,10394102.101993583,343.28341159701654,164.50745396825243,baseline,1,49.35223619047573,0.0,1.078252907810606,78.0
2021-11-01,95,West,Therapy B,302.57544864226975,302.57544864226975,0.0,19.652251011192483,279.8822899940995,302.57544864226975,0,1.0,,overlapping_competitor_launch,19,12,True,0.6,baseline,12.0,10398423.084535012,343.4261196071667,164.57584215893564,baseline,1,49.37275264768069,0.0,1.078252907810606,78.0
2021-12-01,96,West,Therapy B,299.1336776613496,299.1336776613496,0.0,19.251387667250107,276.69865183674835,299.1336776613496,0,1.0,,overlapping_competitor_launch,19,12,True,0.6,baseline,12.0,10402745.863373024,343.568886943155,164.64425877960483,baseline,1,49.39327763388145,0.0,1.078252907810606,78.0
2022-01-01,97,West,Therapy B,295.5679230198408,295.5679230198408,0.0,18.86927118309248,273.40032879335274,295.5679230198408,0,1.0,,overlapping_competitor_launch,19,12,True,0.6,baseline,12.0,10407070.439254371,343.7117136296444,164.712703842079,baseline,1,49.4138111526237,0.0,1.078252907810606,78.0
2022-02-01,98,West,Therapy B,291.91107640590985,291.91107640590985,0.0,18.510747612557125,270.01774567546664,291.91107640590985,0,1.0,,overlapping_competitor_launch,19,12,True,0.6,baseline,12.0,10411396.81292611,343.8545996913074,164.78117735818154,baseline,1,49.43435320745446,0.0,1.078252907810606,78.0
2022-03-01,99,West,Therapy B,288.1971725851114,288.1971725851114,0.0,18.179426909644764,266.5823846412281,288.1971725851114,0,1.0,,overlapping_competitor_launch,19,12,True,0.6,baseline,12.0,10415724.985135607,343.9975451528274,164.84967933974127,baseline,1,49.45490380192238,0.0,1.078252907810606,78.0
2022-04-01,100,West,Therapy B,284.46001677405764,284.46001677405764,0.0,17.877632132829586,263.12551551600336,284.46001677405764,0,1.0,,overlapping_competitor_launch,19,12,True,0.6,baseline,12.0,10420054.956630545,344.14055003889786,164.91820979859165,baseline,1,49.47546293957749,0.0,1.078252907810606,78.0
2022-05-01,101,West,Therapy B,280.7319759279507,280.7319759279507,0.0,17.606460411947396,259.6770777333544,280.7319759279507,0,1.0,,overlapping_competitor_launch,19,12,True,0.6,baseline,12.0,10424386.728158908,344.28361437422217,164.98676874657102,baseline,1,49.4960306239713,0.0,1.078252907810606,78.0
2022-06-01,102,West,Therapy B,277.0430053528135,277.0430053528135,0.0,17.36592761945907,256.26477995135247,277.0430053528135,0,1.0,,overlapping_competitor_launch,19,12,True,0.6,baseline,12.0,10428720.300468998,344.4267381835145,165.05535619552285,baseline,1,49.51660685865685,0.0,1.078252907810606,78.0
2022-07-01,103,West,Therapy B,273.41994353254904,273.41994353254904,0.0,17.15516358119659,252.9134477676079,273.41994353254904,0,1.0,,persistence_change,19,12,True,0.6,baseline,12.0,10433055.67430943,344.569921491499,165.12397215729536,baseline,1,49.53719164718861,0.0,1.078252907810606,78.0
2022-08-01,104,West,Therapy B,269.8860742691947,269.8860742691947,0.0,16.97262650158681,249.6446186990051,269.8860742691947,0,1.0,,persistence_change,19,12,True,0.6,baseline,12.0,10437392.850429123,344.7131643229101,165.19261664374176,baseline,1,49.557784993122524,0.0,1.078252907810606,78.0
2022-09-01,105,West,Therapy B,266.3699788439686,266.3699788439686,0.0,16.72536014496351,246.39223043067096,266.3699788439686,0,1.0,,persistence_change,19,12,True,0.6,baseline,12.0,10441731.829577316,344.85646670249264,165.26128966672022,baseline,1,49.57838690001606,0.0,1.078252907810606,78.0
2022-10-01,106,West,Therapy B,262.90731500237354,262.90731500237354,0.0,16.51508457170253,243.1892663771955,262.90731500237354,0,1.0,,persistence_change,19,12,True,0.6,baseline,12.0,10446072.61250355,344.9998286550016,165.32999123809367,baseline,1,49.5989973714281,0.0,1.078252907810606,78.0
2022-11-01,107,West,Therapy B,259.5266766191219,259.5266766191219,0.0,16.337410241926364,240.0621758726877,259.5266766191219,0,1.0,,persistence_change,19,12,True,0.6,baseline,12.0,10450415.199957686,345.14325020520243,165.39872136973028,baseline,1,49.619616410919086,0.0,1.078252907810606,78.0
2022-12-01,108,West,Therapy B,256.2504508931693,256.2504508931693,0.0,16.188275020481544,237.0316670761816,256.2504508931693,0,1.0,,persistence_change,19,12,True,0.6,baseline,12.0,10454759.592689889,345.28673137787075,165.46748007350286,baseline,1,49.64024402205086,0.0,1.078252907810606,78.0
2023-01-01,109,West,Therapy B,253.09564152172655,253.09564152172655,0.0,16.063974445545,234.11346840759705,253.09564152172655,0,1.0,,persistence_change,19,12,True,0.6,baseline,12.0,10459105.791450642,345.4302721977925,165.5362673612893,baseline,1,49.66088020838679,0.0,1.078252907810606,78.0
2023-02-01,110,West,Therapy B,250.0746400429572,250.0746400429572,0.0,15.96117163536015,231.3190420397354,250.0746400429572,0,1.0,,persistence_change,19,12,True,0.6,baseline,12.0,10463453.79699074,345.573872689764,165.60508324497246,baseline,1,49.68152497349174,0.0,1.078252907810606,78.0
2023-03-01,111,West,Therapy B,247.19593375426297,247.19593375426297,0.0,15.87689171452757,228.6562387226932,247.19593375426297,0,1.0,,persistence_change,19,12,True,0.6,baseline,12.0,10467803.610061286,345.7175328785916,165.67392773643996,baseline,1,49.70217832093199,0.0,1.078252907810606,78.0
2023-04-01,112,West,Therapy B,244.46474406059792,244.46474406059792,0.0,15.808505337904682,226.12988825605305,244.46474406059792,0,1.0,,persistence_change,19,12,True,0.6,baseline,12.0,10472155.231413696,345.86125278909225,165.74280084758456,baseline,1,49.72284025427537,0.0,1.078252907810606,78.0
2023-05-01,113,West,Therapy B,241.8835934768318,241.8835934768318,0.0,15.753705220778738,223.74232396606945,241.8835934768318,0,1.0,,persistence_change,19,12,True,0.6,baseline,12.0,10476508.6617997,346.0050324460932,165.81170259030384,baseline,1,49.74351077709115,0.0,1.078252907810606,78.0
2023-06-01,114,West,Therapy B,239.45280275257625,239.45280275257625,0.0,15.710478786506872,221.49384254613304,239.45280275257625,0,1.0,,persistence_change,19,12,True,0.6,baseline,12.0,10480863.901971342,346.148871874432,165.8806329765004,baseline,1,49.76418989295012,0.0,1.078252907810606,78.0
2023-07-01,115,West,Therapy B,238.283786187649,238.283786187649,0.0,16.78994364151597,220.41250222357533,238.283786187649,0,1.0,,epidemiology_change,19,12,True,0.6,baseline,12.0,10485220.952680975,387.8479036308312,185.86354306025163,epidemiology_change,109,55.759062918075486,0.0,1.078252907810606,78.0
2023-08-01,116,West,Therapy B,237.23951471512103,237.23951471512103,0.0,16.827012491545688,219.4465511114869,237.23951471512103,0,1.0,,epidemiology_change,19,12,True,0.6,baseline,12.0,10489579.81468127,388.0091377618675,185.9408092941957,epidemiology_change,109,55.78224278825871,0.0,1.078252907810606,78.0
2023-09-01,117,West,Therapy B,236.312452145671,236.312452145671,0.0,16.865901034184027,218.58901823474565,236.312452145671,0,1.0,,epidemiology_change,19,12,True,0.6,baseline,12.0,10493940.488725202,388.1704389203257,186.01810764886025,epidemiology_change,109,55.80543229465808,0.0,1.078252907810606,78.0
2023-10-01,118,West,Therapy B,235.4950120466522,235.4950120466522,0.0,16.905993811906516,217.83288614315327,235.4950120466522,0,1.0,,epidemiology_change,19,12,True,0.6,baseline,12.0,10498302.975566069,388.3318071340698,186.09543813759828,epidemiology_change,109,55.82863144127949,0.0,1.078252907810606,78.0
2023-11-01,119,West,Therapy B,234.7796618071136,234.7796618071136,0.0,16.946775663960313,217.17118717158007,234.7796618071136,0,1.0,,epidemiology_change,19,12,True,0.6,baseline,12.0,10502667.275957473,388.4932424309759,186.1728007737684,epidemiology_change,109,55.85184023213052,0.0,1.078252907810606,78.0
2023-12-01,120,West,Therapy B,234.15900703537545,234.15900703537545,0.0,16.987819863795366,216.5970815077223,234.15900703537545,0,1.0,,epidemiology_change,19,12,True,0.6,baseline,12.0,10507033.390653338,388.6547448389314,186.2501955707349,epidemiology_change,109,55.87505867122046,0.0,1.078252907810606,78.0
2024-01-01,121,West,Therapy B,233.62585833857452,233.62585833857452,0.0,17.028776830852266,216.10391896318143,233.62585833857452,0,1.0,,epidemiology_change,19,12,True,0.6,baseline,12.0,10511401.320407895,388.81631438583526,186.32762254186727,epidemiology_change,109,55.89828676256018,0.0,1.078252907810606,78.0
2024-02-01,122,West,Therapy B,233.17328263799,233.17328263799,0.0,17.06936367480849,215.68528644014071,233.17328263799,0,1.0,,epidemiology_change,19,12,True,0.6,baseline,12.0,10515771.065975692,388.9779510995982,186.40508170054096,epidemiology_change,109,55.921524510162286,0.0,1.078252907810606,78.0
2024-03-01,123,West,Therapy B,232.79464114156548,232.79464114156548,0.0,17.10935470142479,215.3350430559481,232.79464114156548,0,1.0,,epidemiology_change,19,12,True,0.6,baseline,12.0,10520142.62811159,389.1396550081426,186.4825730601368,epidemiology_change,109,55.94477191804104,0.0,1.078252907810606,78.0
2024-04-01,124,West,Therapy B,232.48361597731156,232.48361597731156,0.0,17.148572921363442,215.0473447790132,232.48361597731156,0,1.0,,epidemiology_change,19,12,True,0.6,baseline,12.0,10524516.007570764,389.3014261394023,186.5600966340412,epidemiology_change,109,55.96802899021236,0.0,1.078252907810606,78.0
2024-05-01,125,West,Therapy B,232.23422732500825,232.23422732500825,0.0,17.186882545995083,214.8166602756326,232.23422732500825,0,1.0,,epidemiology_change,19,12,True,0.6,baseline,12.0,10528891.205108697,389.4632645213225,186.637652435646,epidemiology_change,109,55.9912957306938,0.0,1.078252907810606,78.0
2024-06-01,126,West,Therapy B,232.0408426944019,232.0408426944019,0.0,17.224182418769292,214.63777949232176,232.0408426944019,0,1.0,,epidemiology_change,19,12,True,0.6,baseline,12.0,10533268.221481198,389.6251701818607,186.7152404783489,epidemiology_change,109,56.01457214350467,0.0,1.078252907810606,78.0
2024-07-01,127,West,Therapy B,231.89817980301405,231.89817980301405,0.0,17.26040031069229,214.505816317788,231.89817980301405,0,1.0,,epidemiology_change,19,12,True,0.6,baseline,12.0,10537647.05744438,389.7871431489853,186.79286077555287,epidemiology_change,109,56.03785823266586,0.0,1.078252907810606,78.0
2024-08-01,128,West,Therapy B,231.8013043167681,231.8013043167681,0.0,17.295487998980114,214.4162064930105,231.8013043167681,0,1.0,,epidemiology_change,19,12,True,0.6,baseline,12.0,10542027.713754674,389.94918345067686,186.8705133406667,epidemiology_change,109,56.061154002200006,0.0,1.078252907810606,78.0
2024-09-01,129,West,Therapy B,231.74562353850305,231.74562353850305,0.0,17.32941704549253,214.36470177311529,231.74562353850305,0,1.0,,epidemiology_change,19,12,True,0.6,baseline,12.0,10546410.191168826,390.11129111492727,186.9481981871045,epidemiology_change,109,56.08445945613136,0.0,1.078252907810606,78.0
2024-10-01,130,West,Therapy B,231.72687696667816,231.72687696667816,0.0,17.36217519356288,214.3473611941773,231.72687696667816,0,1.0,,epidemiology_change,19,12,True,0.6,baseline,12.0,10550794.490443897,390.2734661697401,187.02591532828623,epidemiology_change,109,56.10777459848587,0.0,1.078252907810606,78.0
2024-11-01,131,West,Therapy B,231.74112450071607,231.74112450071607,0.0,17.39376330653877,214.36054016316237,231.74112450071607,0,1.0,,epidemiology_change,19,12,True,0.6,baseline,12.0,10555180.612337258,390.4357086431307,187.1036647776372,epidemiology_change,109,56.13109943329116,0.0,1.078252907810606,78.0
2024-12-01,132,West,Therapy B,231.78473294067368,231.78473294067368,0.0,17.4241927775113,214.40087797012316,231.78473294067368,0,1.0,,epidemiology_change,19,12,True,0.6,baseline,12.0,10559568.557606602,390.5980185631259,187.18144654858847,epidemiology_change,109,56.15443396457654,0.0,1.078252907810606,78.0
2025-01-01,133,West,Therapy B,231.85436131663528,231.85436131663528,0.0,17.453483346512144,214.46528421788764,231.85436131663528,0,1.0,,epidemiology_change,19,12,True,0.6,baseline,12.0,10563958.327009937,390.7603959577644,187.2592606545766,epidemiology_change,109,56.17777819637298,0.0,1.078252907810606,78.0
2025-02-01,134,West,Therapy B,231.94694548624977,231.94694548624977,0.0,17.481661268362117,214.55092457478105,231.94694548624977,0,1.0,,epidemiology_change,19,12,True,0.6,baseline,12.0,10568349.92130557,390.9228408550962,187.3371071090437,epidemiology_change,109,56.20113213271311,0.0,1.078252907810606,78.0
2025-03-01,135,West,Therapy B,232.05968235580764,232.05968235580764,0.0,17.508757781026617,214.65520617912205,232.05968235580764,0,1.0,,epidemiology_change,19,12,True,0.6,baseline,12.0,10572743.341252146,391.0853532831833,187.4149859254375,epidemiology_change,109,56.22449577763125,0.0,1.078252907810606,78.0
2025-04-01,136,West,Therapy B,232.1900140096984,232.1900140096984,0.0,17.534807830576305,214.77576295897097,232.1900140096984,0,1.0,,epidemiology_change,19,12,True,0.6,baseline,12.0,10577138.587608617,391.2479332700991,187.49289711721133,epidemiology_change,109,56.2478691351634,0.0,1.078252907810606,78.0
2025-05-01,137,West,Therapy B,232.3356119735357,232.3356119735357,0.0,17.55984901456467,214.91044107552048,232.3356119735357,0,1.0,,epidemiology_change,19,12,True,0.6,baseline,12.0,10581535.66113424,391.4105808439292,187.57084069782425,epidemiology_change,109,56.27125220934728,0.0,1.078252907810606,78.0
2025-06-01,138,West,Therapy B,232.49436178629765,232.49436178629765,0.0,17.583920710777182,215.0572846523253,232.49436178629765,0,1.0,,epidemiology_change,19,12,True,0.6,baseline,12.0,10585934.562588604,391.57329603277,187.64881668074065,epidemiology_change,109,56.2946450042222,0.0,1.078252907810606,78.0
2025-07-01,139,West,Therapy B,232.6643480152062,232.6643480152062,0.0,17.60706336288086,215.21452191406573,232.6643480152062,0,1.0,,epidemiology_change,19,12,True,0.6,baseline,12.0,10590335.2927316,391.7360788647303,187.72682507943065,epidemiology_change,109,56.31804752382919,0.0,1.078252907810606,78.0
2025-08-01,140,West,Therapy B,232.84383981259805,232.84383981259805,0.0,17.62931789853232,215.3805518266532,232.84383981259805,0,1.0,,epidemiology_change,19,12,True,0.6,baseline,12.0,10594737.852323446,391.89892936793024,187.80486590737,epidemiology_change,109,56.341459772211,0.0,1.078252907810606,78.0
2025-09-01,141,West,Therapy B,233.03127708567888,233.03127708567888,0.0,17.650725259025695,215.55393130425296,233.03127708567888,0,1.0,,epidemiology_change,19,12,True,0.6,baseline,12.0,10599142.24212467,392.0618475705018,187.88293917804,epidemiology_change,109,56.364881753412,0.0,1.078252907810606,78.0
2025-10-01,142,West,Therapy B,233.22525732687757,233.22525732687757,0.0,17.671326022624598,215.73336302736172,233.22525732687757,0,1.0,,epidemiology_change,19,12,True,0.6,baseline,12.0,10603548.462896116,392.2248335005888,187.9610449049277,epidemiology_change,109,56.3883134714783,0.0,1.078252907810606,78.0
2025-11-01,143,West,Therapy B,233.4245231337332,233.4245231337332,0.0,17.691160106371477,215.9176838987032,233.4245231337332,0,1.0,,epidemiology_change,19,12,True,0.6,baseline,12.0,10607956.515398944,392.3878871863464,188.0391831015254,epidemiology_change,109,56.41175493045762,0.0,1.078252907810606,78.0
2025-12-01,144,West,Therapy B,233.6279504321542,233.6279504321542,0.0,17.710266533450998,216.10585414974264,233.6279504321542,0,1.0,,epidemiology_change,19,12,True,0.6,baseline,12.0,10612366.400394635,392.55100865594153,188.11735378133145,epidemiology_change,109,56.43520613439942,0.0,1.078252907810606,78.0
2014-01-01,1,East,Therapy C,255.18483605707667,255.18483605707667,0.0,20.01633652391136,212.2673863565683,231.9862145973424,0,1.0,,early_market_before_b_launch,1,1,True,0.66,baseline,1.0,9000000.0,289.87875,138.915,baseline,1,97.24049999999998,749.574,0.0,
2014-02-01,2,East,Therapy C,260.30574914150407,260.30574914150407,0.0,24.374203772071724,216.5270549677056,236.64159012864,0,1.0,,early_market_before_b_launch,1,1,True,0.66,baseline,1.0,9003741.43360256,289.9992568995464,138.9727490276555,baseline,1,97.28092431935885,0.0,0.0,
2014-03-01,3,East,Therapy C,267.9790756953069,267.9790756953069,0.0,27.090286573482484,222.9098675101871,243.61734154118807,0,1.0,,early_market_before_b_launch,1,1,True,0.66,baseline,1.0,9007484.422574611,290.11981389560003,139.03052206243916,baseline,1,97.3213654437074,0.0,0.0,
2014-04-01,4,East,Therapy C,278.0832586561512,278.0832586561512,0.0,29.893094904495783,231.31471060943483,252.80296241468287,0,1.0,,early_market_before_b_launch,1,1,True,0.66,baseline,1.0,9011228.96756274,290.2404210089864,139.08831911433091,baseline,1,97.36182338003164,0.0,0.0,
2014-05-01,5,East,Therapy C,290.46625393395874,290.46625393395874,0.0,32.74552023961857,241.61511122688384,264.06023084905337,0,1.0,,early_market_before_b_launch,1,1,True,0.66,baseline,1.0,9014975.06921381,290.3610782605403,139.14614019331518,baseline,1,97.40229813532062,0.0,0.0,
2014-06-01,6,East,Therapy C,304.94616402755406,304.94616402755406,0.0,35.608674252710735,253.65976371382905,277.2237854795946,0,1.0,,early_market_before_b_launch,1,1,True,0.66,baseline,1.0,9018722.728174943,290.4817856711047,139.20398530938027,baseline,1,97.44278971656618,0.0,0.0,
2014-07-01,7,East,Therapy C,321.3142917386054,321.3142917386054,0.0,38.44413786672128,267.2750699462036,292.1039015805503,0,1.0,,early_market_before_b_launch,1,1,True,0.66,baseline,1.0,9022471.94509354,290.60254326153154,139.2618544725188,baseline,1,97.48329813076316,0.0,0.0,
2014-08-01,8,East,Therapy C,339.3402710362964,339.3402710362964,0.0,41.21608554133857,282.26940727110104,308.4911554875421,0,1.0,,early_market_before_b_launch,1,1,True,0.66,baseline,1.0,9026222.720617265,290.72335105268127,139.31974769272747,baseline,1,97.52382338490922,0.0,0.0,
2014-09-01,9,East,Therapy C,358.77869372533354,358.77869372533354,0.0,43.89304157011127,298.43864068970925,326.16244884121227,0,1.0,,early_market_before_b_launch,1,1,True,0.66,baseline,1.0,9029975.055394055,290.8442090654233,139.37766498000727,baseline,1,97.56436548600507,0.0,0.0,
2014-10-01,10,East,Therapy C,379.3765201829531,379.3765201829531,0.0,46.44910493115711,315.5722872430928,344.8877456208664,0,1.0,,early_market_before_b_launch,1,1,True,0.66,baseline,1.0,9033728.950072115,290.9651173206353,139.43560634436312,baseline,1,97.60492444105418,0.0,0.0,
2014-11-01,11,East,Therapy C,400.88055396522,400.88055396522,0.0,48.86457999801629,333.45973352561475,364.436867241109,0,1.0,,early_market_before_b_launch,1,1,True,0.66,baseline,1.0,9037484.40529992,291.0860758392037,139.49357179580423,baseline,1,97.64550025706296,0.0,0.0,
2014-12-01,12,East,Therapy C,423.0443569411773,423.0443569411773,0.0,51.12604551181917,351.89598781925207,384.585779037434,0,1.0,,early_market_before_b_launch,1,1,True,0.66,baseline,1.0,9041241.42172621,291.2070846420241,139.5515613443441,baseline,1,97.68609294104084,0.0,0.0,
2015-01-01,13,East,Therapy C,445.6341468784023,445.6341468784023,0.0,53.22596388838641,370.6865858124892,405.12195170763846,0,1.0,,early_market_before_b_launch,1,1,True,0.66,baseline,1.0,9044999.999999998,291.3281437499999,139.60957499999998,baseline,1,97.72670249999996,0.0,0.0,
2015-02-01,14,East,Therapy C,468.43341006227706,468.43341006227706,0.0,55.1619687895808,389.65142746089407,425.84855460207,0,1.0,,early_market_before_b_launch,1,1,True,0.66,baseline,1.0,9048760.140770571,291.4492531840441,139.66761277279377,baseline,1,97.76732894095564,0.0,0.0,
2015-03-01,15,East,Therapy C,491.24614068589926,491.24614068589926,0.0,56.9359731626507,408.6274715705434,446.5874006235448,0,1.0,,early_market_before_b_launch,1,1,True,0.66,baseline,1.0,9052521.844687482,291.57041296507794,139.7256746727513,baseline,1,97.8079722709259,0.0,0.0,
2015-04-01,16,East,Therapy C,513.8987623806909,513.8987623806909,0.0,58.553221502811816,427.4703341621201,467.1806930733553,0,1.0,,early_market_before_b_launch,1,1,True,0.66,baseline,1.0,9056285.112400554,291.6916231140313,139.78376070990254,baseline,1,97.84863249693176,0.0,0.0,
2015-05-01,17,East,Therapy C,536.2408852966514,536.2408852966514,0.0,60.0213797439266,446.0549182240327,487.4917139060467,0,1.0,,early_market_before_b_launch,1,1,True,0.66,baseline,1.0,9060049.944559876,291.81288365184287,139.84187089428167,baseline,1,97.88930962599716,0.0,0.0,
2015-06-01,18,East,Therapy C,558.1451056387272,558.1451056387272,0.0,61.34972326571925,464.2752469631231,507.404641489752,0,1.0,,early_market_before_b_launch,1,1,True,0.66,baseline,1.0,9063816.341815814,291.93419459946006,139.90000523592707,baseline,1,97.93000366514894,0.0,0.0,
2015-07-01,19,East,Therapy C,579.5060713448768,579.5060713448768,0.0,62.54845425949216,482.0436866186929,526.8237012226152,0,1.0,,b_launch_growth,1,1,True,0.66,baseline,1.0,9067584.304819006,292.0555559778392,139.95816374488138,baseline,1,97.97071462141696,0.0,0.0,
2015-08-01,20,East,Therapy C,600.2390281556856,600.2390281556856,0.0,63.62815715920303,499.2897370567748,545.6718437778959,0,1.0,,b_launch_growth,1,1,True,0.66,baseline,1.0,9071353.834220352,292.1769678079447,140.01634643119112,baseline,1,98.01144250183378,0.0,0.0,
2015-09-01,21,East,Therapy C,620.2780349394005,620.2780349394005,0.0,64.59938561540746,515.9585472450467,563.8891226721822,0,1.0,,b_launch_growth,1,1,True,0.66,baseline,1.0,9075124.930671023,292.2984301107504,140.07455330490728,baseline,1,98.0521873134351,0.0,0.0,
2015-10-01,22,East,Therapy C,639.5740042298511,639.5740042298511,0.0,65.47236569118154,532.0092853366489,581.4309129362282,0,1.0,,b_launch_growth,1,1,True,0.66,baseline,1.0,9078897.594822476,292.4199429072384,140.1327843760849,baseline,1,98.09294906325944,0.0,0.0,
2015-11-01,23,East,Therapy C,658.0926895654125,658.0926895654125,0.0,66.2567960864533,547.4134645021385,598.2660814231022,0,1.0,,b_launch_growth,1,1,True,0.66,baseline,1.0,9082671.82732642,292.5415062183998,140.19103965478328,baseline,1,98.13372775834829,0.0,0.0,
2015-12-01,24,East,Therapy C,675.8127091974784,675.8127091974784,0.0,66.96172567738732,562.153299014266,614.3751901795258,0,1.0,,b_launch_growth,1,1,True,0.66,baseline,1.0,9086447.628834838,292.6631200652341,140.24931915106575,baseline,1,98.17452340574602,0.0,0.0,
2016-01-01,25,East,Therapy C,692.7236680785543,692.7236680785543,0.0,67.59549014805597,576.2201420835246,629.748789162322,0,1.0,,b_launch_growth,1,1,True,0.66,baseline,1.0,9090224.999999998,292.78478446874993,140.307622875,baseline,1,98.2153360125,0.0,0.0,
2016-02-01,26,East,Therapy C,708.8244174760047,708.8244174760047,0.0,68.1656919855705,589.613038173222,644.3858340690952,0,1.0,,b_launch_growth,1,1,True,0.66,baseline,1.0,9094003.941474425,292.9064994499643,140.36595083665773,baseline,1,98.2561655856604,0.0,0.0,
2016-03-01,27,East,Therapy C,724.1214740109885,724.1214740109885,0.0,68.6792109276766,602.3374079273223,658.2922491008986,0,1.0,,b_launch_growth,1,1,True,0.66,baseline,1.0,9097784.45391092,293.0282650299033,140.42430304611506,baseline,1,98.29701213228051,0.0,0.0,
2016-04-01,28,East,Therapy C,738.6276068703398,738.6276068703398,0.0,69.14223468207749,614.4038729876007,671.4796426093997,0,1.0,,b_launch_growth,1,1,True,0.66,baseline,1.0,9101566.537962556,293.1500812296015,140.48267951345207,baseline,1,98.33787565941644,0.0,0.0,
2016-05-01,29,East,Therapy C,752.3605926660985,752.3605926660985,0.0,69.56030216339789,625.8272202631637,683.9641751509986,0,1.0,,b_launch_growth,1,1,True,0.66,baseline,1.0,9105350.194282675,293.27194807010216,140.54108024875313,baseline,1,98.3787561741272,0.0,0.0,
2016-06-01,30,East,Therapy C,765.3421311729735,765.3421311729735,0.0,69.93835353044848,636.6255000211552,695.7655737936121,0,1.0,,b_launch_growth,1,1,True,0.66,baseline,1.0,9109135.423524894,293.3938655724574,140.59950526210673,baseline,1,98.4196536834747,0.0,0.0,
2016-07-01,31,East,Therapy C,777.5969112632242,777.5969112632242,0.0,70.28078294541223,646.8192489144092,706.9062829665673,0,1.0,,b_launch_growth,1,1,True,0.66,baseline,1.0,9112922.2263431,293.5158337577284,140.65795456360576,baseline,1,98.46056819452404,0.0,0.0,
2016-08-01,32,East,Therapy C,789.151814183017,789.151814183017,0.0,70.5914912519699,656.4308272522368,717.410740166379,0,1.0,,b_launch_growth,1,1,True,0.66,baseline,1.0,9116710.603391452,293.6378526469844,140.71642816334705,baseline,1,98.50149971434293,0.0,0.0,
2016-09-01,33,East,Therapy C,800.035240384718,800.035240384718,0.0,70.87393673387044,665.483859047288,727.3047639861072,0,1.0,,b_launch_growth,1,1,True,0.66,baseline,1.0,9120500.55532438,293.75992226130404,140.77492607143176,baseline,1,98.54244825000222,0.0,0.0,
2016-10-01,34,East,Therapy C,810.2765460605549,810.2765460605549,0.0,71.13118282594363,674.0027633140069,736.6150418732317,0,1.0,,b_launch_growth,1,1,True,0.66,baseline,1.0,9124292.082796589,293.8820426217746,140.83344829796533,baseline,1,98.58341380857571,0.0,0.0,
2016-11-01,35,East,Therapy C,819.9055760208744,819.9055760208744,0.0,71.36594215951516,682.0123655082728,745.3687054735221,0,1.0,,b_launch_growth,1,1,True,0.66,baseline,1.0,9128085.186463049,294.0042137494917,140.89199485305718,baseline,1,98.62439639714002,0.0,0.0,
2016-12-01,36,East,Therapy C,828.9522804072205,828.9522804072205,0.0,71.58061668010937,689.5375787023697,753.5929821883822,0,1.0,,b_launch_growth,1,1,True,0.66,baseline,1.0,9131879.866979012,294.1264356655603,140.95056574682107,baseline,1,98.66539602277474,0.0,0.0,
2017-01-01,37,East,Therapy C,837.4464037698295,837.4464037698295,0.0,71.77733381565712,696.6031449539945,761.3149125180269,0,1.0,,b_launch_growth,1,1,True,0.66,baseline,1.0,9135676.124999996,294.24870839109366,141.00916098937498,baseline,1,98.70641269256248,0.0,0.0,
2017-02-01,38,East,Therapy C,845.4172361611239,845.4172361611239,0.0,71.95797882884534,703.2334282612985,768.5611237828399,0,1.0,,b_launch_growth,1,1,True,0.66,baseline,1.0,9139473.961181795,294.37103194721414,141.067780590841,baseline,1,98.7474464135887,0.0,0.0,
2017-03-01,39,East,Therapy C,852.8934170271538,852.8934170271538,0.0,72.12422358156849,709.4522514362233,775.357651842867,0,1.0,,b_launch_growth,1,1,True,0.66,baseline,1.0,9143273.376180472,294.4934063550528,141.1264245613456,baseline,1,98.78849719294192,0.0,0.0,
2017-04-01,40,East,Therapy C,859.9027837696823,859.9027837696823,0.0,72.27755199076061,715.2827701356903,781.7298034269838,0,1.0,,b_launch_growth,1,1,True,0.66,baseline,1.0,9147074.370652366,294.61583163574943,141.1850929110193,baseline,1,98.82956503771352,0.0,0.0,
2017-05-01,41,East,Therapy C,866.4722578736068,866.4722578736068,0.0,72.41928247667954,720.7473781403182,787.7020526123697,0,1.0,,b_launch_growth,1,1,True,0.66,baseline,1.0,9150876.945254087,294.73830781045257,141.24378564999685,baseline,1,98.8706499549978,0.0,0.0,
2017-06-01,42,East,Therapy C,872.6277624318872,872.6277624318872,0.0,72.55058770685184,725.8676387501606,793.2979658471702,0,1.0,,b_launch_growth,1,1,True,0.66,baseline,1.0,9154681.100642515,294.8608349003197,141.30250278841726,baseline,1,98.91175195189209,0.0,0.0,
2017-07-01,43,East,Therapy C,878.3941657465018,878.3941657465018,0.0,72.67251192847732,730.6642378709537,798.5401506786379,0,1.0,,b_launch_growth,1,1,True,0.66,baseline,1.0,9158486.837474816,294.98341292651696,141.3612443364238,baseline,1,98.95287103549666,0.0,0.0,
2017-08-01,44,East,Therapy C,883.7952464386324,883.7952464386324,0.0,72.78598616416654,735.1569549921351,803.4502240351203,0,1.0,,b_launch_growth,1,1,True,0.66,baseline,1.0,9162294.156408409,295.10604191021923,141.42001030416375,baseline,1,98.99400721291462,0.0,0.0,
2017-09-01,45,East,Therapy C,888.8536761676753,888.8536761676753,0.0,72.89184152393334,739.3646488122025,808.0487965160684,0,1.0,,b_launch_growth,1,1,True,0.66,baseline,1.0,9166103.058101002,295.2287218726106,141.47880070178897,baseline,1,99.03516049125228,0.0,0.0,
2017-10-01,46,East,Therapy C,893.5910166424525,893.5910166424525,0.0,72.9908208627542,743.3052547525854,812.3554696749568,0,1.0,,b_launch_growth,1,1,True,0.66,baseline,1.0,9169913.54321057,295.35145283488345,141.53761553945515,baseline,1,99.07633087761862,0.0,0.0,
2017-11-01,47,East,Therapy C,898.0277281160696,898.0277281160696,0.0,73.08358898929603,746.9957920238214,816.3888437418814,0,1.0,,b_launch_growth,1,1,True,0.66,baseline,1.0,9173725.612395365,295.4742348182391,141.59645482732242,baseline,1,99.11751837912568,0.0,0.0,
2017-12-01,48,East,Therapy C,902.1831869956446,902.1831869956446,0.0,73.1707416085826,750.4523782736497,820.166533632404,0,1.0,,b_launch_growth,1,1,True,0.66,baseline,1.0,9177539.266313909,295.597067843888,141.65531857555513,baseline,1,99.15872300288858,0.0,0.0,
2018-01-01,49,East,Therapy C,906.0757105770144,906.0757105770144,0.0,73.25281315999986,753.6902501617893,823.7051914336496,0,1.0,,b_launch_growth,1,1,True,0.66,baseline,1.0,9181354.505624996,295.7199519330491,141.71420679432185,baseline,1,99.19994475602527,0.0,0.0,
2018-02-01,50,East,Therapy C,909.7225872396464,909.7225872396464,0.0,73.3302836924345,756.7237884766149,827.0205338542239,0,1.0,,b_launch_growth,1,1,True,0.66,baseline,1.0,9185171.330987705,295.84288710695023,141.77311949379524,baseline,1,99.24118364565666,0.0,0.0,
2018-03-01,51,East,Therapy C,913.1401107149532,913.1401107149532,0.0,73.4035849006151,759.5665466401655,830.12737337723,0,1.0,,b_launch_growth,1,1,True,0.66,baseline,1.0,9188989.743061377,295.96587338682804,141.83205668415232,baseline,1,99.2824396789066,0.0,0.0,
2018-04-01,52,East,Therapy C,916.3436172781512,916.3436172781512,0.0,73.47310543088096,762.2312816450076,833.0396520710465,0,1.0,,b_launch_growth,1,1,True,0.66,baseline,1.0,9192809.742505629,296.08891079392816,141.8910183755744,baseline,1,99.32371286290208,0.0,0.0,
2018-05-01,53,East,Therapy C,919.3475249151238,919.3475249151238,0.0,73.53919555055953,764.7299866339439,835.7704771955671,0,1.0,,b_launch_growth,1,1,True,0.66,baseline,1.0,9196631.329980357,296.2119993495048,141.95000457824682,baseline,1,99.36500320477276,0.0,0.0,
2018-06-01,54,East,Therapy C,922.1653736863868,922.1653736863868,0.0,73.60217126277134,767.0739244754944,838.3321578967152,0,1.0,,b_launch_growth,1,1,True,0.66,baseline,1.0,9200454.506145729,296.33513907482126,142.00901530235933,baseline,1,99.40631071165151,0.0,0.0,
2018-07-01,55,East,Therapy C,924.8098666544626,924.8098666544626,0.0,73.6623179376533,769.27366180803,840.7362424131477,0,1.0,,b_launch_growth,1,1,True,0.66,baseline,1.0,9204279.271662189,296.4583299911494,142.06805055810585,baseline,1,99.4476353906741,0.0,0.0,
2018-08-01,56,East,Therapy C,927.2929108625378,927.2929108625378,0.0,73.71989352154968,771.3391031265655,842.9935553295799,0,1.0,,b_launch_growth,1,1,True,0.66,baseline,1.0,9208105.627190448,296.58157211977027,142.12711035568455,baseline,1,99.48897724897918,0.0,0.0,
2018-09-01,57,East,Therapy C,929.6256579544852,929.6256579544852,0.0,73.77513137751183,773.2795245712308,845.1142345040773,0,1.0,,b_launch_growth,1,1,True,0.66,baseline,1.0,9211933.573391505,296.7048654819736,142.18619470529785,baseline,1,99.53033629370849,0.0,0.0,
2018-10-01,58,East,Therapy C,931.818544112018,931.818544112018,0.0,73.82824280333095,775.103607147724,847.1077673745617,0,1.0,,b_launch_growth,1,1,True,0.66,baseline,1.0,9215763.11092662,296.8282100990578,142.24530361715242,baseline,1,99.57171253200669,0.0,0.0,
2018-11-01,59,East,Therapy C,933.881329056382,933.881329056382,0.0,73.87941926716864,776.8194691696268,848.9830264148927,0,1.0,,b_launch_growth,1,1,True,0.66,baseline,1.0,9219594.24045734,296.9516059923303,142.30443710145903,baseline,1,99.61310597102133,0.0,0.0,
2018-12-01,60,East,Therapy C,935.8231339216696,935.8231339216696,0.0,73.92883439552736,778.4346977621161,850.7483035651542,0,1.0,,b_launch_growth,1,1,True,0.66,baseline,1.0,9223426.962645477,297.07505318310746,142.36359516843294,baseline,1,99.65451661790306,0.0,0.0,
2019-01-01,61,East,Therapy C,937.6524778564054,937.6524778564054,0.0,73.97664574370691,779.9563793078282,852.4113435058231,0,1.0,,access_expansion,1,1,True,0.66,baseline,1.0,9227261.27815312,297.19855169271426,142.4227778282934,baseline,1,99.69594447980536,0.0,0.0,
2019-02-01,62,East,Therapy C,939.3773132510324,939.3773132510324,0.0,74.02299637492871,781.3911287497226,853.9793756827569,0,1.0,,access_expansion,1,1,True,0.66,baseline,1.0,9231097.18764264,297.3221015424849,142.48198509126416,baseline,1,99.7373895638849,0.0,0.0,
2019-03-01,63,East,Therapy C,941.0050595226716,941.0050595226716,0.0,74.06801627088785,782.7451176938584,855.4591450206104,0,1.0,,access_expansion,1,1,True,0.66,baseline,1.0,9234934.69177668,297.44570275376213,142.54121696757306,baseline,1,99.77885187730114,0.0,0.0,
2019-04-01,64,East,Therapy C,942.5426354161438,942.5426354161438,0.0,74.11182359354481,784.0241012779741,856.8569412874033,0,1.0,,access_expansion,1,1,True,0.66,baseline,1.0,9238773.791218154,297.5693553478977,142.60047346745222,baseline,1,99.82033142721654,0.0,0.0,
2019-05-01,65,East,Therapy C,943.9964898027348,943.9964898027348,0.0,74.15452581542128,785.2334437904567,858.1786270933953,0,1.0,,access_expansion,1,1,True,0.66,baseline,1.0,9242614.486630255,297.69305934625226,142.65975460113802,baseline,1,99.8618282207966,0.0,0.0,
2019-06-01,66,East,Therapy C,945.372630976318,945.372630976318,0.0,74.19622073346876,786.3781430393917,859.4296645239253,0,1.0,,access_expansion,1,1,True,0.66,baseline,1.0,9246456.778676456,297.81681477019526,142.7190603788711,baseline,1,99.90334226520976,0.0,0.0,
2019-07-01,67,East,Therapy C,946.6766544609792,946.6766544609792,0.0,74.23699737968025,787.4628534834508,860.615140419072,0,1.0,,access_expansion,1,1,True,0.66,baseline,1.0,9250300.668020498,297.9406216411052,142.77839081089638,baseline,1,99.94487356762748,0.0,0.0,
2019-08-01,68,East,Therapy C,947.9137693557687,947.9137693557687,0.0,74.27693683997526,788.4919081459349,861.7397903234261,0,1.0,,access_expansion,1,1,True,0.66,baseline,1.0,9254146.1553264,298.0644799803692,142.837745907463,baseline,1,99.98642213522407,0.0,0.0,
2019-09-01,69,East,Therapy C,949.0888232511436,949.0888232511436,0.0,74.3161129914684,789.469339340724,862.8080211374032,0,1.0,,access_expansion,1,1,True,0.66,baseline,1.0,9257993.24125846,298.18838980938347,142.89712567882435,baseline,1,100.02798797517704,0.0,0.0,
2019-10-01,70,East,Therapy C,950.2063257584988,950.2063257584988,0.0,74.35459316700215,790.3988982445694,863.8239325077261,0,1.0,,access_expansion,1,1,True,0.66,baseline,1.0,9261841.926481253,298.312351149553,142.95653013523813,baseline,1,100.06957109466668,0.0,0.0,
2019-11-01,71,East,Therapy C,951.2704706992598,951.2704706992598,0.0,74.39243875475765,791.2840733543842,864.7913369993271,0,1.0,,access_expansion,1,1,True,0.66,baseline,1.0,9265692.211659623,298.4363640222919,143.0159592869663,baseline,1,100.1111715008764,0.0,0.0,
2019-12-01,72,East,Therapy C,952.2851570036364,952.2851570036364,0.0,74.42970573983055,792.1281078712065,865.7137790942148,0,1.0,,access_expansion,1,1,True,0.66,baseline,1.0,9269544.097458702,298.56042844902294,143.07541314427507,baseline,1,100.15278920099254,0.0,0.0,
2020-01-01,73,East,Therapy C,953.254008371566,953.254008371566,0.0,74.46644519385332,792.9340160545297,866.5945530650598,0,1.0,,access_expansion,1,1,True,0.66,baseline,1.0,9273397.584543886,298.6845444511779,143.1348917174349,baseline,1,100.19442420220442,0.0,0.0,
2020-02-01,74,East,Therapy C,954.1803917498293,954.1803917498293,0.0,74.50270371804223,793.7045985919033,867.4367197725719,0,1.0,,access_expansion,1,1,True,0.66,baseline,1.0,9277252.673580855,298.80871205019736,143.1943950167205,baseline,1,100.23607651170435,0.0,0.0,
2020-03-01,75,East,Therapy C,955.0674346799726,955.0674346799726,0.0,74.53852384443525,794.4424570292499,868.2431224363386,0,1.0,,access_expansion,1,1,True,0.66,baseline,1.0,9281109.365235562,298.9329312675309,143.2539230524109,baseline,1,100.27774613668764,0.0,0.0,
2020-04-01,76,East,Therapy C,955.9180415716808,955.9180415716808,0.0,74.57394439955078,795.1500073073527,869.0164014288007,0,1.0,,access_expansion,1,1,True,0.66,baseline,1.0,9284967.660174243,299.05720212463723,143.3134758347895,baseline,1,100.31943308435264,0.0,0.0,
2020-05-01,77,East,Therapy C,956.734908955738,956.734908955738,0.0,74.60900083422736,795.8294924495457,869.75900814158,0,1.0,,access_expansion,1,1,True,0.66,baseline,1.0,9288827.559063409,299.18152464298345,143.37305337414367,baseline,1,100.36113736190056,0.0,0.0,
2020-06-01,78,East,Therapy C,957.520539769794,957.520539769794,0.0,74.64372552299434,796.4829944448742,870.47321797254,0,1.0,,access_expansion,1,1,True,0.66,baseline,1.0,9292689.062569838,299.3058988440462,143.43265568076544,baseline,1,100.4028589765358,0.0,0.0,
2020-07-01,79,East,Therapy C,958.2772567289176,958.2772567289176,0.0,74.67814803595982,797.1124453699631,871.161142480834,0,1.0,,access_expansion,1,1,True,0.66,baseline,1.0,9296552.1713606,299.4303247493107,143.4922827649509,baseline,1,100.4445979354656,0.0,0.0,
2020-08-01,80,East,Therapy C,959.0072148314327,959.0072148314327,0.0,74.71229538588489,797.7196377916009,871.824740755848,0,1.0,,access_expansion,1,1,True,0.66,baseline,1.0,9300416.886103032,299.554802380271,143.5519346370003,baseline,1,100.4863542459002,0.0,0.0,
2020-09-01,81,East,Therapy C,959.712413048876,959.712413048876,0.0,74.74619225283189,798.306234490656,872.4658300444328,0,1.0,,access_expansion,1,1,True,0.66,baseline,1.0,9304283.207464753,299.67933175843035,143.61161130721848,baseline,1,100.52812791505292,0.0,0.0,
2020-10-01,82,East,Therapy C,960.3947052471,960.3947052471,0.0,74.77986118852557,798.8737775464513,873.0860956791817,0,1.0,,access_expansion,1,1,True,0.66,baseline,1.0,9308151.136113657,299.8039129053007,143.6713127859143,baseline,1,100.56991895014,0.0,0.0,
2020-11-01,83,East,Therapy C,961.0558103836782,961.0558103836782,0.0,74.81332280234709,799.4236968191505,873.6871003487984,0,1.0,,access_expansion,1,1,True,0.66,baseline,1.0,9312020.67271792,299.92854584240337,143.73103908340113,baseline,1,100.6117273583808,0.0,0.0,
2020-12-01,84,East,Therapy C,961.6973220248184,961.6973220248184,0.0,74.84659593068422,799.9573178660987,874.2702927498347,0,1.0,,access_expansion,1,1,True,0.66,baseline,1.0,9315891.817945993,300.053230591268,143.7907902099964,baseline,1,100.65355314699748,0.0,0.0,
2021-01-01,85,East,Therapy C,962.3207172230182,962.3207172230182,0.0,74.87969779119052,800.4758693264196,874.8370156572892,0,1.0,,overlapping_competitor_launch,1,1,True,0.66,baseline,1.0,9319764.572466604,300.17796717343373,143.85056617602206,baseline,1,100.69539632321543,0.0,0.0,
2021-02-01,86,East,Therapy C,962.9273647947454,962.9273647947454,0.0,74.9126441233488,800.9804898065381,875.3885134497684,0,1.0,,overlapping_competitor_launch,1,1,True,0.66,baseline,1.0,9323638.936948758,300.3027556104483,143.91036699180407,baseline,1,100.73725689426284,0.0,0.0,
2021-03-01,87,East,Therapy C,963.5185330354516,963.5185330354516,0.0,74.94544931659976,801.4722342976711,875.9259391231378,0,1.0,,overlapping_competitor_launch,1,1,True,0.66,baseline,1.0,9327514.912061742,300.4275959238686,143.97019266767296,baseline,1,100.77913486737108,0.0,0.0,
2021-04-01,88,East,Therapy C,964.0953969073274,964.0953969073274,0.0,74.97812652717194,801.9520801547314,876.4503608248431,0,1.0,,overlapping_competitor_launch,1,1,True,0.66,baseline,1.0,9331392.498475116,300.5524881352603,144.03004321396338,baseline,1,100.82103024977437,0.0,0.0,
2021-05-01,89,East,Therapy C,964.6590447333092,964.6590447333092,0.0,75.0106877846404,802.4209326645253,876.9627679393718,0,1.0,,overlapping_competitor_launch,1,1,True,0.66,baseline,1.0,9335271.696858725,300.6774322661984,144.0899186410144,baseline,1,100.86294304871008,0.0,0.0,
2021-06-01,90,East,Therapy C,965.2104844290354,965.2104844290354,0.0,75.04314408914323,802.8796302296067,877.4640767536686,0,1.0,,overlapping_competitor_launch,1,1,True,0.66,baseline,1.0,9339152.507882686,300.8024283382665,144.1498189591693,baseline,1,100.9048732714185,0.0,0.0,
2021-07-01,91,East,Therapy C,965.7506493026737,965.7506493026737,0.0,75.07550550009631,803.3289491926784,877.955135729703,0,1.0,,overlapping_competitor_launch,1,1,True,0.66,baseline,1.0,9343034.932217402,300.9274763730573,144.20974417877562,baseline,1,100.94682092514292,0.0,0.0,
2021-08-01,92,East,Therapy C,966.2804034508316,966.2804034508316,0.0,75.10778121716847,803.7696083250098,878.4367304098467,0,1.0,,overlapping_competitor_launch,1,1,True,0.66,baseline,1.0,9346918.970533544,301.0525763921723,144.26969431018526,baseline,1,100.98878601712968,0.0,0.0,
2021-09-01,93,East,Therapy C,966.8005467771388,966.8005467771388,0.0,75.13997965420721,804.2022730009835,878.909587979217,0,1.0,,overlapping_competitor_launch,1,1,True,0.66,baseline,1.0,9350804.623502076,301.1777284172225,144.32966936375456,baseline,1,101.03076855462818,0.0,0.0,
2021-10-01,94,East,Therapy C,967.3118196584978,967.3118196584978,0.0,75.17210850674165,804.6275590795686,879.3743815077253,0,1.0,,overlapping_competitor_launch,1,1,True,0.66,baseline,1.0,9354691.891794223,301.3029324698273,144.3896693498439,baseline,1,101.07276854489072,0.0,0.0,
2021-11-01,95,East,Therapy C,967.8149072825204,967.8149072825204,0.0,75.20417481363154,805.0460365122781,879.8317338932002,0,1.0,,overlapping_competitor_launch,1,1,True,0.66,baseline,1.0,9358580.77608151,301.4281885716153,144.4496942788181,baseline,1,101.11478599517268,0.0,0.0,
2021-12-01,96,East,Therapy C,968.3104436782228,968.3104436782228,0.0,75.23618501337896,805.4582326959761,880.282221525657,0,1.0,,overlapping_competitor_launch,1,1,True,0.66,baseline,1.0,9362471.277035724,301.5534967442243,144.50974416104637,baseline,1,101.15682091273246,0.0,0.0,
2022-01-01,97,East,Therapy C,968.799015460703,968.799015460703,0.0,75.26814499557204,805.8646355877665,880.7263776915481,0,1.0,,overlapping_competitor_launch,1,1,True,0.66,baseline,1.0,9366363.395328935,301.6788570093009,144.56981900690215,baseline,1,101.1988733048315,0.0,0.0,
2022-02-01,98,East,Therapy C,969.2811653092206,969.2811653092206,0.0,75.30006014788842,806.2656965981242,881.164695735655,0,1.0,,overlapping_competitor_launch,1,1,True,0.66,baseline,1.0,9370257.1316335,301.8042693885005,144.6299188267631,baseline,1,101.24094317873416,0.0,0.0,
2022-03-01,99,East,Therapy C,969.7573951968876,969.7573951968876,0.0,75.33193539904642,806.6618332774111,881.5976319971707,0,1.0,,overlapping_competitor_launch,1,1,True,0.66,baseline,1.0,9374152.486622049,301.92973390348783,144.6900436310113,baseline,1,101.2830305417079,0.0,0.0,
2022-04-01,100,East,Therapy C,970.2281693890164,970.2281693890164,0.0,75.3637752580581,807.0534318099543,882.0256085354692,0,1.0,,overlapping_competitor_launch,1,1,True,0.66,baseline,1.0,9378049.46096749,302.0552505759366,144.7501934300332,baseline,1,101.32513540102325,0.0,0.0,
2022-05-01,101,East,Therapy C,970.6939172260664,970.6939172260664,0.0,75.39558385010608,807.4408493289552,882.4490156600604,0,1.0,,overlapping_competitor_launch,1,1,True,0.66,baseline,1.0,9381948.055343015,302.18081942752934,144.81036823421945,baseline,1,101.36725776395362,0.0,0.0,
2022-06-01,102,East,Therapy C,971.155035706122,971.155035706122,0.0,75.4273649493377,807.824416064638,882.8682142782928,0,1.0,,overlapping_competitor_launch,1,1,True,0.66,baseline,1.0,9385848.2704221,302.3064404799578,144.87056805396512,baseline,1,101.40939763777556,0.0,0.0,
2022-07-01,103,East,Therapy C,971.6118918808304,971.6118918808304,0.0,75.459122008844,808.204437337236,883.2835380734821,0,1.0,,persistence_change,1,1,True,0.66,baseline,1.0,9389750.106878487,302.43211375492245,144.93079289966946,baseline,1,101.4515550297686,0.0,0.0,
2022-08-01,104,East,Therapy C,972.064825077834,972.064825077834,0.0,75.49085818806748,808.5811954056527,883.6952955253034,0,1.0,,persistence_change,1,1,True,0.66,baseline,1.0,9393653.565386211,302.5578392741332,144.99104278173618,baseline,1,101.49372994721531,0.0,0.0,
2022-09-01,105,East,Therapy C,972.5141489618647,972.5141489618647,0.0,75.52257637786063,808.9549511819147,884.1037717835134,0,1.0,,persistence_change,1,1,True,0.66,baseline,1.0,9397558.646619584,302.6836170593086,145.05131771057333,baseline,1,101.53592239740132,0.0,0.0,
2022-10-01,106,East,Therapy C,972.9601534458444,972.9601534458444,0.0,75.55427922339851,809.3259458208615,884.5092304053131,0,1.0,,persistence_change,1,1,True,0.66,baseline,1.0,9401465.351253197,302.8094471321764,145.11161769659307,baseline,1,101.57813238761514,0.0,0.0,
2022-11-01,107,East,Therapy C,973.403106462591,973.403106462591,0.0,75.58596914513026,809.6944021938825,884.9119149659917,0,1.0,,persistence_change,1,1,True,0.66,baseline,1.0,9405373.679961916,302.9353295144734,145.1719427502122,baseline,1,101.62035992514852,0.0,0.0,
2022-12-01,108,East,Therapy C,973.8432556070028,973.8432556070028,0.0,75.61764835793826,810.0605262549159,885.3120505518208,0,1.0,,persistence_change,1,1,True,0.66,baseline,1.0,9409283.6334209,303.0612642279454,145.2322928818516,baseline,1,101.66260501729612,0.0,0.0,
2023-01-01,109,East,Therapy C,974.280829657933,974.280829657933,0.0,75.64931888865954,810.4245083063715,885.7098451435754,0,1.0,,persistence_change,1,1,True,0.66,baseline,1.0,9413195.212305576,303.1872512943473,145.2926681019366,baseline,1,101.70486767135564,0.0,0.0,
2023-02-01,110,East,Therapy C,974.7160399883296,974.7160399883296,0.0,75.68098259210986,810.7865241721105,886.1054908984814,0,1.0,,persistence_change,1,1,True,0.66,baseline,1.0,9417108.417291664,303.3132907354429,145.35306842089685,baseline,1,101.7471478946278,0.0,0.0,
2023-03-01,111,East,Therapy C,975.1490818716348,975.1490818716348,0.0,75.71264116573926,811.1467362841324,886.4991653378497,0,1.0,,persistence_change,1,1,True,0.66,baseline,1.0,9421023.249055156,303.4393825730052,145.41349384916631,baseline,1,101.7894456944164,0.0,0.0,
2023-04-01,112,East,Therapy C,975.5801356918856,975.5801356918856,0.0,75.74429616303625,811.5052946891593,886.8910324471686,0,1.0,,persistence_change,1,1,True,0.66,baseline,1.0,9424939.708272329,303.5655268288163,145.47394439718337,baseline,1,101.83176107802836,0.0,0.0,
2023-05-01,113,East,Therapy C,976.0093680644424,976.0093680644424,0.0,75.77594900578816,811.862337980877,887.2812436949475,0,1.0,,persistence_change,1,1,True,0.66,baseline,1.0,9428857.79561973,303.69172352466694,145.53442007539053,baseline,1,101.87409405277336,0.0,0.0,
2023-06-01,114,East,Therapy C,976.4369328737898,976.4369328737898,0.0,75.80760099529552,812.2179941631979,887.6699389761725,0,1.0,,persistence_change,1,1,True,0.66,baseline,1.0,9432777.511774208,303.81797268235755,145.59492089423492,baseline,1,101.91644462596444,0.0,0.0,
2023-07-01,115,East,Therapy C,984.2996109115338,984.2996109115338,0.0,82.59983393819643,818.7583127127758,894.8178281013943,0,1.0,,epidemiology_change,1,1,True,0.66,baseline,1.0,9436698.857412878,340.4175872425407,163.13410048786793,epidemiology_change,109,114.19387034150752,0.0,0.0,
2023-08-01,116,East,Therapy C,991.7517608765984,991.7517608765984,0.0,82.83419717504074,824.9571465473522,901.5925098878164,0,1.0,,epidemiology_change,1,1,True,0.66,baseline,1.0,9440621.833213145,340.55910388696435,163.2019177551223,epidemiology_change,109,114.2413424285856,0.0,0.0,
2023-09-01,117,East,Therapy C,998.8096824628292,998.8096824628292,0.0,83.05165569158322,830.8280540486259,908.0088022389356,0,1.0,,epidemiology_change,1,1,True,0.66,baseline,1.0,9444546.43985268,340.7006793619576,163.26976321502127,epidemiology_change,109,114.28883425051488,0.0,0.0,
2023-10-01,118,East,Therapy C,1005.4898718609472,1005.4898718609472,0.0,83.25364764314429,836.3847570479697,914.08170169177,0,1.0,,epidemiology_change,1,1,True,0.66,baseline,1.0,9448472.67800946,340.8423136919777,163.33763687928518,epidemiology_change,109,114.33634581549964,0.0,0.0,
2023-11-01,119,East,Therapy C,1011.8088705893274,1011.8088705893274,0.0,83.44148894232794,841.6410150811223,919.8262459902976,0,1.0,,epidemiology_change,1,1,True,0.66,baseline,1.0,9452400.548361726,340.9840069014912,163.40553875963883,epidemiology_change,109,114.38387713174716,0.0,0.0,
2023-12-01,120,East,Therapy C,1017.7831386038584,1017.7831386038584,0.0,83.61638364965793,846.610519838664,925.2573987307802,0,1.0,,epidemiology_change,1,1,True,0.66,baseline,1.0,9456330.051588004,341.12575901497536,163.47346886781216,epidemiology_change,109,114.4314282074685,0.0,0.0,
2024-01-01,121,East,Therapy C,1023.4289486516408,1023.4289486516408,0.0,83.77943348100939,851.3068072875011,930.3899533196734,0,1.0,,epidemiology_change,1,1,True,0.66,baseline,1.0,9460261.188367106,341.2675700569173,163.54142721553987,epidemiology_change,109,114.4789990508779,0.0,0.0,
2024-02-01,122,East,Therapy C,1028.76229917385,1028.76229917385,0.0,83.93164650690784,855.7431852218842,935.238453794409,0,1.0,,epidemiology_change,1,1,True,0.66,baseline,1.0,9464193.959378123,341.40944005181456,163.60941381456152,epidemiology_change,109,114.52658967019306,0.0,0.0,
2024-03-01,123,East,Therapy C,1033.798843367699,1033.798843367699,0.0,84.0739451123876,859.9326742558587,939.8171303342716,0,1.0,,epidemiology_change,1,1,True,0.66,baseline,1.0,9468128.365300432,341.55136902417473,163.67742867662164,epidemiology_change,109,114.57420007363514,0.0,0.0,
2024-04-01,124,East,Therapy C,1038.5538322897323,1038.5538322897323,0.0,84.20717328026154,863.88796049555,944.1398475361202,0,1.0,,epidemiology_change,1,1,True,0.66,baseline,1.0,9472064.406813689,341.69335699851564,163.7454718134696,epidemiology_change,109,114.62183026942871,0.0,0.0,
2024-05-01,125,East,Therapy C,1043.0420701259486,1043.0420701259486,0.0,84.33210325531239,867.6213583320391,948.2200637508624,0,1.0,,epidemiology_change,1,1,True,0.66,baseline,1.0,9476002.084597828,341.8354039993652,163.8135432368596,epidemiology_change,109,114.66948026580172,0.0,0.0,
2024-06-01,126,East,Therapy C,1047.2778799714738,1047.2778799714738,0.0,84.44944164202786,871.1447819762712,952.070799974067,0,1.0,,epidemiology_change,1,1,True,0.66,baseline,1.0,9479941.399333078,341.9775100512616,163.8816429585508,epidemiology_change,109,114.71715007098555,0.0,0.0,
2024-07-01,127,East,Therapy C,1051.2750786563288,1051.2750786563288,0.0,84.55983498402752,874.4697245186733,955.7046169602988,0,1.0,,epidemiology_change,1,1,True,0.66,baseline,1.0,9483882.35169994,342.1196751787533,163.94977099030723,epidemiology_change,109,114.76483969321504,0.0,0.0,
2024-08-01,128,East,Therapy C,1055.046959326703,1055.046959326703,0.0,84.66387486923836,877.6072434399392,959.1335993879115,0,1.0,,epidemiology_change,1,1,True,0.66,baseline,1.0,9487824.942379206,342.2618994063991,164.01792734389787,epidemiology_change,109,114.81254914072848,0.0,0.0,
2024-09-01,129,East,Therapy C,1058.6062806451764,1058.6062806451764,0.0,84.7621026011301,880.5679516275784,962.3693460410692,0,1.0,,epidemiology_change,1,1,True,0.66,baseline,1.0,9491769.172051944,342.40418275876743,164.08611203109638,epidemiology_change,109,114.86027842176746,0.0,0.0,
2024-10-01,130,East,Therapy C,1061.965261610521,1061.965261610521,0.0,84.85501347289545,883.3620130669336,965.4229651004738,0,1.0,,epidemiology_change,1,1,True,0.66,baseline,1.0,9495715.041399509,342.54652526043753,164.15432506368157,epidemiology_change,109,114.9080275445771,0.0,0.0,
2024-11-01,131,East,Therapy C,1065.135581119784,1065.135581119784,0.0,84.94306067832473,885.9991424769113,968.3050737452584,0,1.0,,epidemiology_change,1,1,True,0.66,baseline,1.0,9499662.551103532,342.68892693599867,164.22256645343705,epidemiology_change,109,114.95579651740591,0.0,0.0,
2024-12-01,132,East,Therapy C,1068.1283815038842,1068.1283815038842,0.0,85.02665889025599,888.488608250958,971.0258013671672,0,1.0,,epidemiology_change,1,1,True,0.66,baseline,1.0,9503611.701845942,342.8313878100502,164.29083621215122,epidemiology_change,109,115.00358534850584,0.0,0.0,
2025-01-01,133,East,Therapy C,1070.9542753643966,1070.9542753643966,0.0,85.10618753485701,890.8392381440207,973.594795785815,0,1.0,,epidemiology_change,1,1,True,0.66,baseline,1.0,9507562.49430894,342.9739079072019,164.35913435161757,epidemiology_change,109,115.05139404613227,0.0,0.0,
2025-02-01,134,East,Therapy C,1073.623355124775,1073.623355124775,0.0,85.18199378759287,893.0594272174263,976.0212319316136,0,1.0,,epidemiology_change,1,1,True,0.66,baseline,1.0,9511514.929175014,343.1164872520736,164.42746088363432,epidemiology_change,109,115.09922261854402,0.0,0.0,
2025-03-01,135,East,Therapy C,1076.145204785159,1076.145204785159,0.0,85.25439531453635,895.1571476167458,978.3138225319626,0,1.0,,epidemiology_change,1,1,True,0.66,baseline,1.0,9515469.007126931,343.2591258692955,164.49581582000468,epidemiology_change,109,115.14707107400326,0.0,0.0,
2025-04-01,136,East,Therapy C,1078.5289134371544,1078.5289134371544,0.0,85.32368278066713,897.1399598136329,980.480830397413,0,1.0,,epidemiology_change,1,1,True,0.66,baseline,1.0,9519424.728847751,343.4018237835081,164.56419917253692,epidemiology_change,109,115.19493942077584,0.0,0.0,
2025-05-01,137,East,Therapy C,1080.7830901544576,1080.7830901544576,0.0,85.39012214496488,899.015024992117,982.5300819585976,0,1.0,,epidemiology_change,1,1,True,0.66,baseline,1.0,9523382.095020816,343.54458101936194,164.6326109530439,epidemiology_change,109,115.2428276671307,0.0,0.0,
2025-06-01,138,East,Therapy C,1082.915879927791,1082.915879927791,0.0,85.45395676042003,900.7891183035714,984.468981752537,0,1.0,,epidemiology_change,1,1,True,0.66,baseline,1.0,9527341.106329745,343.6873976015179,164.70105117334356,epidemiology_change,109,115.29073582134048,0.0,0.0,
2025-07-01,139,East,Therapy C,1084.9349803590262,1084.9349803590262,0.0,85.5154092955432,902.46864275319,986.3045275991146,0,1.0,,epidemiology_change,1,1,True,0.66,baseline,1.0,9531301.76345844,343.8302735546471,164.76951984525877,epidemiology_change,109,115.33866389168114,0.0,0.0,
2025-08-01,140,East,Therapy C,1086.84765887031,1086.84765887031,0.0,85.57468349254644,904.0596435148486,988.0433262457364,0,1.0,,epidemiology_change,1,1,True,0.66,baseline,1.0,9535264.067091102,343.973208903431,164.8380169806173,epidemiology_change,109,115.3866118864321,0.0,0.0,
2025-09-01,141,East,Therapy C,1088.6607702200206,1088.6607702200206,0.0,85.631965776079,905.5678225011987,989.6916092909275,0,1.0,,epidemiology_change,1,1,True,0.66,baseline,1.0,9539228.017912202,344.11620367256126,164.90654259125185,epidemiology_change,109,115.43457981387628,0.0,0.0,
2025-10-01,142,East,Therapy C,1090.3807741490614,1090.3807741490614,0.0,85.68742672522035,906.9985530421736,991.2552492264192,0,1.0,,epidemiology_change,1,1,True,0.66,baseline,1.0,9543193.616606504,344.25925788673976,164.975096689,epidemiology_change,109,115.4825676823,0.0,0.0,
2025-11-01,143,East,Therapy C,1092.013753008781,1092.013753008781,0.0,85.74122242035425,908.356894548213,992.739775462528,0,1.0,,epidemiology_change,1,1,True,0.66,baseline,1.0,9547160.86385905,344.4023715706786,165.0436792857042,epidemiology_change,109,115.53057549999292,0.0,0.0,
2025-12-01,144,East,Therapy C,1093.565429246148,1093.565429246148,0.0,85.79349567555792,909.6476070547504,994.150390223771,0,1.0,,epidemiology_change,1,1,True,0.66,baseline,1.0,9551129.76035517,344.5455447491004,165.11229039321194,epidemiology_change,109,115.57860327524834,0.0,0.0,
2014-01-01,1,North,Therapy C,350.9764509982996,350.9764509982996,0.0,33.00184422184497,291.9485933304037,319.06950090754503,0,1.0,,early_market_before_b_launch,1,1,True,0.76,baseline,1.0,11000000.0,433.02875,207.515,baseline,1,145.2605,916.146,0.0,
2014-02-01,2,North,Therapy C,364.8736676512736,364.8736676512736,0.0,39.754740898026746,303.50855081901386,331.7033342284305,0,1.0,,early_market_before_b_launch,1,1,True,0.76,baseline,1.0,11004572.86329202,433.2087664795696,207.60126706600403,baseline,1,145.32088694620282,0.0,0.0,
2014-03-01,3,North,Therapy C,382.3045127914795,382.3045127914795,0.0,44.04100626414928,318.00784473109434,347.5495570831632,0,1.0,,early_market_before_b_launch,1,1,True,0.76,baseline,1.0,11009147.627591193,433.3888577946619,207.6875699945079,baseline,1,145.38129899615552,0.0,0.0,
2014-04-01,4,North,Therapy C,403.0845687205861,403.0845687205861,0.0,48.43267228762021,335.29307307212383,366.44051701871456,0,1.0,,early_market_before_b_launch,1,1,True,0.76,baseline,1.0,11013724.293687792,433.5690239763871,207.77390880042023,baseline,1,145.44173616029414,0.0,0.0,
2014-05-01,5,North,Therapy C,426.97996291594654,426.97996291594654,0.0,52.87052957873664,355.1696964255374,388.16360265086047,0,1.0,,early_market_before_b_launch,1,1,True,0.76,baseline,1.0,11018302.862372434,433.7492650558688,207.860283498656,baseline,1,145.50219844905916,0.0,0.0,
2014-06-01,6,North,Therapy C,453.71060838888127,453.71060838888127,0.0,57.2944930189001,377.4047333416603,412.4641894444375,0,1.0,,early_market_before_b_launch,1,1,True,0.76,baseline,1.0,11022883.33443604,433.9295810642428,207.94669410413596,baseline,1,145.56268587289514,0.0,0.0,
2014-07-01,7,North,Therapy C,482.95691590845456,482.95691590845456,0.0,61.647008393298336,401.7323436874872,439.0517417349586,0,1.0,,early_market_before_b_launch,1,1,True,0.76,baseline,1.0,11027465.710669884,434.1099720326582,208.0331406317873,baseline,1,145.62319844225112,0.0,0.0,
2014-08-01,8,North,Therapy C,514.3692321961596,514.3692321961596,0.0,65.87604921811251,427.8616795086237,467.60839290559966,0,1.0,,early_market_before_b_launch,1,1,True,0.76,baseline,1.0,11032049.991865547,434.2904379922771,208.1196230965436,baseline,1,145.6837361675805,0.0,0.0,
2014-09-01,9,North,Therapy C,547.5789794512422,547.5789794512422,0.0,69.93739271977822,455.48615108898775,497.7990722284019,0,1.0,,early_market_before_b_launch,1,1,True,0.76,baseline,1.0,11036636.178814957,434.4709789742744,208.20614151334425,baseline,1,145.74429905934093,0.0,0.0,
2014-10-01,10,North,Therapy C,582.2103762408751,582.2103762408751,0.0,73.79600912998963,484.2931766003643,529.2821602189774,0,1.0,,early_market_before_b_launch,1,1,True,0.76,baseline,1.0,11041224.272310363,434.65159500983793,208.29269589713508,baseline,1,145.80488712799453,0.0,0.0,
2014-11-01,11,North,Therapy C,617.8917016588209,617.8917016588209,0.0,77.42655218038196,513.9735518343828,561.7197287807462,0,1.0,,early_market_before_b_launch,1,1,True,0.76,baseline,1.0,11045814.273144346,434.8322861301687,208.3792862628681,baseline,1,145.86550038400767,0.0,0.0,
2014-12-01,12,North,Therapy C,654.2652784393429,654.2652784393429,0.0,80.81306492865617,544.2297543381807,594.786616763039,0,1.0,,early_market_before_b_launch,1,1,True,0.76,baseline,1.0,11050406.18210981,435.01305236648034,208.4659126255016,baseline,1,145.9261388378511,0.0,0.0,
2015-01-01,13,North,Therapy C,690.995632294169,690.995632294169,0.0,83.94809320197294,574.7827304992405,628.1778475401536,0,1.0,,early_market_before_b_launch,1,1,True,0.76,baseline,1.0,11054999.999999998,435.19389375,208.552575,baseline,1,145.9868025,0.0,0.0,
2015-02-01,14,North,Therapy C,727.7755719836236,727.7755719836236,0.0,86.83142584950816,605.3769530591052,661.6141563487488,0,1.0,,early_market_before_b_launch,1,1,True,0.76,baseline,1.0,11059595.727608478,435.3748103119673,208.639273401334,baseline,1,146.04749138093376,0.0,0.0,
2015-03-01,15,North,Therapy C,764.3301815811379,764.3301815811379,0.0,89.46866656011112,635.7837419515829,694.8456196192162,0,1.0,,early_market_before_b_launch,1,1,True,0.76,baseline,1.0,11064193.365729146,435.5558020836351,208.7260078444804,baseline,1,146.10820549113626,0.0,0.0,
2015-04-01,16,North,Therapy C,800.4188984732485,800.4188984732485,0.0,91.86980211500656,665.8029928209294,727.6535440665895,0,1.0,,early_market_before_b_launch,1,1,True,0.76,baseline,1.0,11068792.915156232,435.73686909626906,208.8127783444224,baseline,1,146.16894484109565,0.0,0.0,
2015-05-01,17,North,Therapy C,835.8359625671485,835.8359625671485,0.0,94.04788224011466,695.2635506808551,759.850875061044,0,1.0,,early_market_before_b_launch,1,1,True,0.76,baseline,1.0,11073394.376684291,435.9180113811479,208.89958491614917,baseline,1,146.22970944130438,0.0,0.0,
2015-06-01,18,North,Therapy C,870.4095719839631,870.4095719839631,0.0,96.0178783954749,724.0225076048421,791.2814290763301,0,1.0,,early_market_before_b_launch,1,1,True,0.76,baseline,1.0,11077997.751108218,436.099228969564,208.9864275746566,baseline,1,146.2904993022596,0.0,0.0,
2015-07-01,19,North,Therapy C,904.0000829280326,904.0000829280326,0.0,97.79574960246016,751.9637053446816,821.8182572073023,0,1.0,,b_launch_growth,1,1,True,0.76,baseline,1.0,11082603.03922323,436.2805218928215,209.07330633494624,baseline,1,146.35131443446235,0.0,0.0,
2015-08-01,20,North,Therapy C,936.4975625740632,936.4975625740632,0.0,99.39771517719424,778.9956997775162,851.3614205218757,0,1.0,,b_launch_growth,1,1,True,0.76,baseline,1.0,11087210.241824873,436.4618901822385,209.16022121202627,baseline,1,146.41215484841837,0.0,0.0,
2015-09-01,21,North,Therapy C,967.8189579456445,967.8189579456445,0.0,100.83971653670574,805.0494059275131,879.835416314222,0,1.0,,b_launch_growth,1,1,True,0.76,baseline,1.0,11091819.359709032,436.6433338691457,209.24717222091093,baseline,1,146.47302055463763,0.0,0.0,
2015-10-01,22,North,Therapy C,997.9050917440672,997.9050917440672,0.0,102.13704111254782,830.0755990416558,907.186447040061,0,1.0,,b_launch_growth,1,1,True,0.76,baseline,1.0,11096430.393671917,436.8248529848871,209.3341593766207,baseline,1,146.5339115636345,0.0,0.0,
2015-11-01,23,North,Therapy C,1026.7176452336323,1026.7176452336323,0.0,103.30407844346432,854.042404898885,933.3796774851202,0,1.0,,b_launch_growth,1,1,True,0.76,baseline,1.0,11101043.344510067,437.0064475608194,209.4211826941824,baseline,1,146.59482788592769,0.0,0.0,
2015-12-01,24,North,Therapy C,1054.2362428422189,1054.2362428422189,0.0,104.35417950313196,876.9328747278455,958.396584402017,0,1.0,,b_launch_growth,1,1,True,0.76,baseline,1.0,11105658.213020358,437.1881176283127,209.50824218862908,baseline,1,146.65576953204035,0.0,0.0,
2016-01-01,25,North,Therapy C,1080.4557150370724,1080.4557150370724,0.0,105.2995934876748,898.7427084172011,982.2324682155204,0,1.0,,b_launch_growth,1,1,True,0.76,baseline,1.0,11110274.999999996,437.3698632187499,209.595337875,baseline,1,146.71673651249998,0.0,0.0,
2016-02-01,26,North,Therapy C,1105.3835856871065,1105.3835856871065,0.0,106.1514603892594,919.4781644579114,1004.8941688064604,0,1.0,,b_launch_growth,1,1,True,0.76,baseline,1.0,11114893.70624652,437.55168436352704,209.6824697683406,baseline,1,146.77772883783842,0.0,0.0,
2016-03-01,27,North,Therapy C,1129.0378070108789,1129.0378070108789,0.0,106.91984191561475,939.1541758317765,1026.3980063735262,0,1.0,,b_launch_growth,1,1,True,0.76,baseline,1.0,11119514.33255779,437.73358109405314,209.7696378837028,baseline,1,146.83874651859193,0.0,0.0,
2016-04-01,28,North,Therapy C,1151.4447483629856,1151.4447483629856,0.0,107.61377722548316,957.7926770473924,1046.7679530572595,0,1.0,,b_launch_growth,1,1,True,0.76,baseline,1.0,11124136.879732013,437.9155534417503,209.8568422361444,baseline,1,146.8997895653011,0.0,0.0,
2016-05-01,29,North,Therapy C,1172.6374334059617,1172.6374334059617,0.0,108.24135332166333,975.421137787686,1066.034030369056,0,1.0,,b_launch_growth,1,1,True,0.76,baseline,1.0,11128761.348567711,438.09760143805374,209.94408284072992,baseline,1,146.96085798851092,0.0,0.0,
2016-06-01,30,North,Therapy C,1192.654012551547,1192.654012551547,0.0,108.80978271372024,992.0712922587868,1084.2309205014064,0,1.0,,b_launch_growth,1,1,True,0.76,baseline,1.0,11133387.73986376,438.2797251144117,210.03135971252985,baseline,1,147.02195179877086,0.0,0.0,
2016-07-01,31,North,Therapy C,1211.5364529565911,1211.5364529565911,0.0,109.32548315629626,1007.778049504801,1101.396775415083,0,1.0,,b_launch_growth,1,1,True,0.76,baseline,1.0,11138016.054419344,438.4619245022856,210.11867286662095,baseline,1,147.08307100663467,0.0,0.0,
2016-08-01,32,North,Therapy C,1229.3294260049524,1229.3294260049524,0.0,109.79415595424663,1022.5785679950286,1117.5722054590476,0,1.0,,b_launch_growth,1,1,True,0.76,baseline,1.0,11142646.293033997,438.6441996331495,210.20602231808635,baseline,1,147.14421562266045,0.0,0.0,
2016-09-01,33,North,Therapy C,1246.0793714393544,1246.0793714393544,0.0,110.22086058620272,1036.5114771518265,1132.7994285812313,0,1.0,,b_launch_growth,1,1,True,0.76,baseline,1.0,11147278.456507573,438.82655053849135,210.29340808201545,baseline,1,147.20538565741077,0.0,0.0,
2016-10-01,34,North,Therapy C,1261.8337176158257,1261.8337176158257,0.0,110.61008431710576,1049.6162287440732,1147.1215614689322,0,1.0,,b_launch_growth,1,1,True,0.76,baseline,1.0,11151912.545640271,439.0089772498113,210.3808301735037,baseline,1,147.26658112145262,0.0,0.0,
2016-11-01,35,North,Therapy C,1276.6402383537647,1276.6402383537647,0.0,110.9658061229858,1061.9325619033589,1160.5820348670588,0,1.0,,b_launch_growth,1,1,True,0.76,baseline,1.0,11156548.561232615,439.19147979862345,210.4682886076533,baseline,1,147.3278020253573,0.0,0.0,
2016-12-01,36,North,Therapy C,1290.5465282653834,1290.5465282653834,0.0,111.29155470153496,1073.500066693478,1173.224116604894,0,1.0,,b_launch_growth,1,1,True,0.76,baseline,1.0,11161186.50408546,439.3740582164542,210.55578339957225,baseline,1,147.38904837970054,0.0,0.0,
2017-01-01,37,North,Therapy C,1303.5995800686574,1303.5995800686574,0.0,111.59046064166496,1084.3578325116555,1185.090527335143,0,1.0,,b_launch_growth,1,1,True,0.76,baseline,1.0,11165826.374999996,439.55671253484365,210.64331456437495,baseline,1,147.45032019506246,0.0,0.0,
2017-02-01,38,North,Therapy C,1315.8454490794056,1315.8454490794056,0.0,111.8653030150766,1094.54416900696,1196.2231355267322,0,1.0,,b_launch_growth,1,1,True,0.76,baseline,1.0,11170468.17477775,439.7394427853446,210.73088211718223,baseline,1,147.51161748202756,0.0,0.0,
2017-03-01,39,North,Therapy C,1327.3289917483962,1327.3289917483962,0.0,112.11855076430896,1104.0963885907113,1206.6627197712692,0,1.0,,b_launch_growth,1,1,True,0.76,baseline,1.0,11175111.904220575,439.9222489995234,210.81848607312125,baseline,1,147.57294025118486,0.0,0.0,
2017-04-01,40,North,Therapy C,1338.0936667000706,1338.0936667000706,0.0,112.35239931844374,1113.0506409368768,1216.4487879091548,0,1.0,,b_launch_growth,1,1,True,0.76,baseline,1.0,11179757.56413067,440.1051312089591,210.90612644732516,baseline,1,147.6342885131276,0.0,0.0,
2017-05-01,41,North,Therapy C,1348.181388206421,1348.181388206421,0.0,112.56880288714224,1121.441791098977,1225.619443824019,0,1.0,,b_launch_growth,1,1,True,0.76,baseline,1.0,11184405.15531055,440.288089445244,210.99380325493357,baseline,1,147.69566227845343,0.0,0.0,
2017-06-01,42,North,Therapy C,1357.6324233754906,1357.6324233754906,0.0,112.7695028787414,1129.3033339896126,1234.2112939777187,0,1.0,,b_launch_growth,1,1,True,0.76,baseline,1.0,11189054.678563075,440.4711237399838,211.0815165110925,baseline,1,147.75706155776473,0.0,0.0,
2017-07-01,43,North,Therapy C,1366.4853255432354,1366.4853255432354,0.0,112.95605286787422,1136.6673389746004,1242.2593868574868,0,1.0,,b_launch_growth,1,1,True,0.76,baseline,1.0,11193706.13469144,440.654234124797,211.1692662309541,baseline,1,147.81848636166785,0.0,0.0,
2017-08-01,44,North,Therapy C,1374.7768974318817,1374.7768974318817,0.0,113.12984050892808,1143.5644192274283,1249.7971794835285,0,1.0,,b_launch_growth,1,1,True,0.76,baseline,1.0,11198359.524499165,440.8374206313153,211.2570524296768,baseline,1,147.87993670077373,0.0,0.0,
2017-09-01,45,North,Therapy C,1382.5421785840242,1382.5421785840242,0.0,113.292106758048,1150.023721276711,1256.8565259854763,0,1.0,,b_launch_growth,1,1,True,0.76,baseline,1.0,11203014.848790113,441.0206832911838,211.3448751224255,baseline,1,147.94141258569783,0.0,0.0,
2017-10-01,46,North,Therapy C,1389.8144524088143,1389.8144524088143,0.0,113.44396273130192,1156.0729308673317,1263.4676840080128,0,1.0,,b_launch_growth,1,1,True,0.76,baseline,1.0,11207672.108368471,441.2040221360604,211.43273432437124,baseline,1,148.00291402705986,0.0,0.0,
2017-11-01,47,North,Therapy C,1396.6252688952568,1396.6252688952568,0.0,113.58640449199255,1161.7382918537817,1269.6593353593244,0,1.0,,b_launch_growth,1,1,True,0.76,baseline,1.0,11212331.304038778,441.3874371976165,211.52063005069155,baseline,1,148.06444103548407,0.0,0.0,
2017-12-01,48,North,Therapy C,1403.0044796689897,1403.0044796689897,0.0,113.72032602711778,1167.0446353610228,1275.4586178808993,0,1.0,,b_launch_growth,1,1,True,0.76,baseline,1.0,11216992.436605886,441.5709285075365,211.60856231657004,baseline,1,148.125993621599,0.0,0.0,
2018-01-01,49,North,Therapy C,1408.9802826036985,1408.9802826036985,0.0,113.84653064233925,1172.0154168930762,1280.891166003362,0,1.0,,b_launch_growth,1,1,True,0.76,baseline,1.0,11221655.506874995,441.7544960975178,211.6965311371968,baseline,1,148.18757179603776,0.0,0.0,
2018-02-01,50,North,Therapy C,1414.579273656917,1414.579273656917,0.0,113.96574097684824,1176.672759450981,1285.9811578699246,0,1.0,,b_launch_growth,1,1,True,0.76,baseline,1.0,11226320.515651638,441.9381399992712,211.78453652776813,baseline,1,148.2491755694377,0.0,0.0,
2018-03-01,51,North,Therapy C,1419.8265039918367,1419.8265039918367,0.0,114.07860781432512,1181.037501047755,1290.7513672653058,0,1.0,,b_launch_growth,1,1,True,0.76,baseline,1.0,11230987.46374168,442.1218602445209,211.8725785034868,baseline,1,148.31080495244075,0.0,0.0,
2018-04-01,52,North,Therapy C,1424.7455407806233,1424.7455407806233,0.0,114.18571784372055,1185.1292452857,1295.2232188914757,0,1.0,,b_launch_growth,1,1,True,0.76,baseline,1.0,11235656.351951323,442.30565686500375,211.9606570795617,baseline,1,148.3724599556932,0.0,0.0,
2018-05-01,53,North,Therapy C,1429.358530368353,1429.358530368353,0.0,114.2876005037117,1188.966413897312,1299.416845789412,0,1.0,,b_launch_growth,1,1,True,0.76,baseline,1.0,11240327.181087105,442.48952989247016,212.0487722712082,baseline,1,148.43414058984573,0.0,0.0,
2018-06-01,54,North,Therapy C,1433.6862627169671,1433.6862627169671,0.0,114.38473402720342,1192.5663003509317,1303.351147924515,0,1.0,,b_launch_growth,1,1,True,0.76,baseline,1.0,11244999.95195589,442.6734793586836,212.13692409364788,baseline,1,148.49584686555352,0.0,0.0,
2018-07-01,55,North,Therapy C,1437.7482362516675,1437.7482362516675,0.0,114.47755078694786,1195.9451237911596,1307.0438511378795,0,1.0,,b_launch_growth,1,1,True,0.76,baseline,1.0,11249674.665364897,442.8575052954208,212.2251125621088,baseline,1,148.55757879347613,0.0,0.0,
2018-08-01,56,North,Therapy C,1441.5627224032924,1441.5627224032924,0.0,114.5664420300152,1199.118082726375,1310.5115658211748,0,1.0,,b_launch_growth,1,1,True,0.76,baseline,1.0,11254351.32212166,443.04160773447177,212.31333769182515,baseline,1,148.61933638427757,0.0,0.0,
2018-09-01,57,North,Therapy C,1445.14682928399,1445.14682928399,0.0,114.651762077252,1202.0994079953186,1313.769844803627,0,1.0,,b_launch_growth,1,1,True,0.76,baseline,1.0,11259029.92303406,443.2257867076396,212.4015994980376,baseline,1,148.6811196486263,0.0,0.0,
2018-10-01,58,North,Therapy C,1448.5165640540358,1448.5165640540358,0.0,114.73383205380456,1204.9024146449478,1316.833240049123,0,1.0,,b_launch_growth,1,1,True,0.76,baseline,1.0,11263710.468910314,443.4100422467407,212.48989799599312,baseline,1,148.74292859719515,0.0,0.0,
2018-11-01,59,North,Therapy C,1451.6868936383244,1451.6868936383244,0.0,114.81294320807436,1207.5395524355151,1319.7153578530222,0,1.0,,b_launch_growth,1,1,True,0.76,baseline,1.0,11268392.96055897,443.5943743836046,212.578233200945,baseline,1,148.8047632406615,0.0,0.0,
2018-12-01,60,North,Therapy C,1454.671803534898,1454.671803534898,0.0,114.88935986893767,1210.0224547585744,1322.4289123044528,0,1.0,,b_launch_growth,1,1,True,0.76,baseline,1.0,11273077.398788914,443.7787831500741,212.6666051281529,baseline,1,148.86662358970702,0.0,0.0,
2019-01-01,61,North,Therapy C,1457.4843545274389,1457.4843545274389,0.0,114.963322084552,1212.3619858114607,1324.9857768431264,0,1.0,,access_expansion,1,1,True,0.76,baseline,1.0,11277763.784409368,443.9632685780054,212.7550137928828,baseline,1,148.92850965501796,0.0,0.0,
2019-02-01,62,North,Therapy C,1460.136737171098,1460.136737171098,0.0,115.03504798044658,1214.5682859195952,1327.3970337919072,0,1.0,,access_expansion,1,1,True,0.76,baseline,1.0,11282452.118229896,444.1478306992677,212.84345921040705,baseline,1,148.99042144728492,0.0,0.0,
2019-03-01,63,North,Therapy C,1462.640323968266,1462.640323968266,0.0,115.10473586973742,1216.6508149372391,1329.6730217893323,0,1.0,,access_expansion,1,1,True,0.76,baseline,1.0,11287142.401060386,444.3324695457435,212.93194139600425,baseline,1,149.05235897720297,0.0,0.0,
2019-04-01,64,North,Therapy C,1465.0057191894848,1465.0057191894848,0.0,115.1725661441107,1218.6183936894352,1331.82338108135,0,1.0,,access_expansion,1,1,True,0.76,baseline,1.0,11291834.63371108,444.5171851493288,213.02046036495955,baseline,1,149.11432225547168,0.0,0.0,
2019-05-01,65,North,Therapy C,1467.2428063260306,1467.2428063260306,0.0,115.23870297059274,1220.4792434439255,1333.8570966600278,0,1.0,,access_expansion,1,1,True,0.76,baseline,1.0,11296528.816992538,444.7019775419325,213.10901613256425,baseline,1,149.17631129279496,0.0,0.0,
2019-06-01,66,North,Therapy C,1469.3607931859071,1469.3607931859071,0.0,115.30329581598993,1222.2410234228228,1335.7825392599154,0,1.0,,access_expansion,1,1,True,0.76,baseline,1.0,11301224.951715669,444.886846755477,213.19760871411611,baseline,1,149.23832609988128,0.0,0.0,
2019-07-01,67,North,Therapy C,1471.3682546650905,1471.3682546650905,0.0,115.3664808181686,1223.910866380507,1337.6075042409911,0,1.0,,access_expansion,1,1,True,0.76,baseline,1.0,11305923.03869172,445.071792821898,213.28623812491932,baseline,1,149.30036668744353,0.0,0.0,
2019-08-01,68,North,Therapy C,1473.273173241654,1473.273173241654,0.0,115.42838202099668,1225.495412287376,1339.3392484015037,0,1.0,,access_expansion,1,1,True,0.76,baseline,1.0,11310623.078732269,445.2568157731442,213.37490438028428,baseline,1,149.36243306619895,0.0,0.0,
2019-09-01,69,North,Therapy C,1475.0829772526167,1475.0829772526167,0.0,115.4891124877301,1227.000840169222,1340.984524775106,0,1.0,,access_expansion,1,1,True,0.76,baseline,1.0,11315325.072649231,445.4419156411778,213.46360749552773,baseline,1,149.42452524686942,0.0,0.0,
2019-10-01,70,North,Therapy C,1476.8045770225908,1476.8045770225908,0.0,115.54877530586054,1228.4328981597005,1342.5496154750824,0,1.0,,access_expansion,1,1,True,0.76,baseline,1.0,11320029.021254864,445.6270924579743,213.55234748597303,baseline,1,149.4866432401811,0.0,0.0,
2019-11-01,71,North,Therapy C,1478.4443989200631,1478.4443989200631,0.0,115.60746449490226,1229.7969318289615,1344.0403626546026,0,1.0,,access_expansion,1,1,True,0.76,baseline,1.0,11324734.925361764,445.8123462555225,213.6411243669497,baseline,1,149.54878705686477,0.0,0.0,
2019-12-01,72,North,Therapy C,1480.008417421842,1480.008417421842,0.0,115.66526582725844,1231.0979108554411,1345.46219765622,0,1.0,,access_expansion,1,1,True,0.76,baseline,1.0,11329442.785782857,445.9976770658244,213.72993815379365,baseline,1,149.61095670765553,0.0,0.0,
2020-01-01,73,North,Therapy C,1481.5021852692405,1481.5021852692405,0.0,115.72225757114064,1232.3404541103223,1346.820168426582,0,1.0,,access_expansion,1,1,True,0.76,baseline,1.0,11334152.603331417,446.1830849208953,213.81878886184717,baseline,1,149.673152203293,0.0,0.0,
2020-02-01,74,North,Therapy C,1482.9308618012008,1482.9308618012008,0.0,115.77851116349616,1233.528853225544,1348.1189652738185,0,1.0,,access_expansion,1,1,True,0.76,baseline,1.0,11338864.378821043,446.3685698527639,213.907676506459,baseline,1,149.7353735545213,0.0,0.0,
2020-03-01,75,North,Therapy C,1484.2992395501055,1484.2992395501055,0.0,115.8340918200063,1234.6670947166783,1349.3629450455503,0,1.0,,access_expansion,1,1,True,0.76,baseline,1.0,11343578.113065686,446.554131893472,213.99660110298416,baseline,1,149.7976207720889,0.0,0.0,
2020-04-01,76,North,Therapy C,1485.611769185629,1485.611769185629,0.0,115.88905908843884,1235.7588807316824,1350.5561538051174,0,1.0,,access_expansion,1,1,True,0.76,baseline,1.0,11348293.806879632,446.73977107507534,214.08556266678428,baseline,1,149.859893866749,0.0,0.0,
2020-05-01,77,North,Therapy C,1486.8725828908964,1486.8725828908964,0.0,115.94346735095075,1236.807648495609,1351.702348082633,0,1.0,,access_expansion,1,1,True,0.76,baseline,1.0,11353011.461077496,446.925487429642,214.174561213227,baseline,1,149.9221928492589,0.0,0.0,
2020-06-01,78,North,Therapy C,1488.0855162535406,1488.0855162535406,0.0,115.99736628033646,1237.8165885199903,1352.805014775946,0,1.0,,access_expansion,1,1,True,0.76,baseline,1.0,11357731.076474246,447.1112809892544,214.26359675768668,baseline,1,149.98451773038067,0.0,0.0,
2020-07-01,79,North,Therapy C,1489.2541287521417,1489.2541287521417,0.0,116.05080125468378,1238.7886616438268,1353.8673897746742,0,1.0,,access_expansion,1,1,True,0.76,baseline,1.0,11362452.653885176,447.29715178600736,214.3526693155439,baseline,1,150.0468685208807,0.0,0.0,
2020-08-01,80,North,Therapy C,1490.381722916086,1490.381722916086,0.0,116.10381373443312,1239.726614971108,1354.89247537826,0,1.0,,access_expansion,1,1,True,0.76,baseline,1.0,11367176.194125928,447.4830998520098,214.4417789021857,baseline,1,150.10924523152994,0.0,0.0,
2020-09-01,81,North,Therapy C,1491.47136223418,1491.47136223418,0.0,116.15644160541922,1240.6329967675224,1355.883056576527,0,1.0,,access_expansion,1,1,True,0.76,baseline,1.0,11371901.698012477,447.6691252193836,214.53092553300536,baseline,1,150.17164787310375,0.0,0.0,
2020-10-01,82,North,Therapy C,1492.5258878844943,1492.5258878844943,0.0,116.2087194911088,1241.5101703766477,1356.841716258631,0,1.0,,access_expansion,1,1,True,0.76,baseline,1.0,11376629.166361136,447.85522792026416,214.6201092234029,baseline,1,150.234076456382,0.0,0.0,
2020-11-01,83,North,Therapy C,1493.547934354927,1493.547934354927,0.0,116.26067903692253,1242.3603272134164,1357.77084941357,0,1.0,,access_expansion,1,1,True,0.76,baseline,1.0,11381358.59998857,448.0414079868,214.7093299887844,baseline,1,150.29653099214906,0.0,0.0,
2020-12-01,84,North,Therapy C,1494.5399440209198,1494.5399440209198,0.0,116.31234916923786,1243.1854988901289,1358.6726763826543,0,1.0,,access_expansion,1,1,True,0.76,baseline,1.0,11386089.999711769,448.2276654511534,214.79858784456252,baseline,1,150.35901149119377,0.0,0.0,
2021-01-01,85,North,Therapy C,1495.5041807436985,1495.5041807436985,0.0,116.36375633141505,1243.9875685277125,1359.5492552215435,0,1.0,,overlapping_competitor_launch,1,1,True,0.76,baseline,1.0,11390823.366348073,448.4140003454997,214.88788280615637,baseline,1,150.42151796430943,0.0,0.0,
2021-02-01,86,North,Therapy C,1496.442742549335,1496.442742549335,0.0,116.4149246989555,1244.7682813024012,1360.402493226668,0,1.0,,overlapping_competitor_launch,1,1,True,0.76,baseline,1.0,11395558.700715149,448.6004127020277,214.97721488899128,baseline,1,150.48405042229388,0.0,0.0,
2021-03-01,87,North,Therapy C,1497.3575734459105,1497.3575734459105,0.0,116.46587637569912,1245.529254275462,1361.2341576781005,0,1.0,,overlapping_competitor_launch,1,1,True,0.76,baseline,1.0,11400296.003631016,448.78690255293947,215.06658410849911,baseline,1,150.54660887594935,0.0,0.0,
2021-04-01,88,North,Therapy C,1498.2504744330686,1498.2504744330686,0.0,116.5166315727822,1246.2719855511432,1362.045885848244,0,1.0,,overlapping_competitor_launch,1,1,True,0.76,baseline,1.0,11405035.27591403,448.9734699304507,215.1559904801182,baseline,1,150.6091933360827,0.0,0.0,
2021-05-01,89,North,Therapy C,1499.1231137553625,1499.1231137553625,0.0,116.56720877191344,1246.997862805597,1362.8391943230567,0,1.0,,overlapping_competitor_launch,1,1,True,0.76,baseline,1.0,11409776.518382885,449.1601148667903,215.2454340192932,baseline,1,150.6718038135052,0.0,0.0,
2021-06-01,90,North,Therapy C,1499.9770364479728,1499.9770364479728,0.0,116.61762487437838,1247.7081712271774,1363.615487679975,0,1.0,,overlapping_competitor_launch,1,1,True,0.76,baseline,1.0,11414519.731856618,449.34683739420063,215.33491474147516,baseline,1,150.7344403190326,0.0,0.0,
2021-07-01,91,North,Therapy C,1500.81367322065,1500.81367322065,0.0,116.66789533704952,1248.4041009062676,1364.376066564227,0,1.0,,overlapping_competitor_launch,1,1,True,0.76,baseline,1.0,11419264.917154605,449.5336375449374,215.4244326621216,baseline,1,150.79710286348512,0.0,0.0,
2021-08-01,92,North,Therapy C,1501.6343487231115,1501.6343487231115,0.0,116.71803429656092,1249.0867537105885,1365.1221352028283,0,1.0,,overlapping_competitor_launch,1,1,True,0.76,baseline,1.0,11424012.075096557,449.72051535126974,215.5139877966965,baseline,1,150.85979145768755,0.0,0.0,
2021-09-01,93,North,Therapy C,1502.4402892326152,1502.4402892326152,0.0,116.76805468269842,1249.757149679857,1365.8548083932865,0,1.0,,overlapping_competitor_launch,1,1,True,0.76,baseline,1.0,11428761.206502536,449.9074708454804,215.60358016067036,baseline,1,150.92250611246922,0.0,0.0,
2021-10-01,94,North,Therapy C,1503.232629801998,1503.232629801998,0.0,116.817968321959,1250.416232971662,1366.5751180018162,0,1.0,,overlapping_competitor_launch,1,1,True,0.76,baseline,1.0,11433512.31219294,450.09450405986536,215.69320976951985,baseline,1,150.9852468386639,0.0,0.0,
2021-11-01,95,North,Therapy C,1504.0124209041908,1504.0124209041908,0.0,116.8677860321479,1251.064877388486,1367.2840190038096,0,1.0,,overlapping_competitor_launch,1,1,True,0.76,baseline,1.0,11438265.392988512,450.281615026734,215.7828766387283,baseline,1,151.0480136471098,0.0,0.0,
2021-12-01,96,North,Therapy C,1504.7806346070147,1504.7806346070147,0.0,116.91751770880026,1251.7038915140167,1367.982395097286,0,1.0,,overlapping_competitor_launch,1,1,True,0.76,baseline,1.0,11443020.449710326,450.4688037784092,215.8725807837853,baseline,1,151.11080654864972,0.0,0.0,
2022-01-01,97,North,Therapy C,1505.538170309978,1505.538170309978,0.0,116.96717240414507,1252.334023485118,1368.671063918162,0,1.0,,overlapping_competitor_launch,1,1,True,0.76,baseline,1.0,11447777.483179811,450.6560703472273,215.9623222201872,baseline,1,151.17362555413104,0.0,0.0,
2022-02-01,98,North,Therapy C,1506.2858600728196,1506.2858600728196,0.0,117.0167583992632,1252.955965424209,1369.3507818843814,0,1.0,,overlapping_competitor_launch,1,1,True,0.76,baseline,1.0,11452536.494218722,450.8434147655377,216.05210096343615,baseline,1,151.23647067440533,0.0,0.0,
2022-03-01,99,North,Therapy C,1507.0244735636677,1507.0244735636677,0.0,117.06628327003408,1253.5703575552325,1370.022248694243,0,1.0,,overlapping_competitor_launch,1,1,True,0.76,baseline,1.0,11457297.483649168,451.0308370657041,216.1419170290416,baseline,1,151.2993419203291,0.0,0.0,
2022-04-01,100,North,Therapy C,1507.7547226529075,1507.7547226529075,0.0,117.11575394741092,1254.1777920249183,1370.6861115026434,0,1.0,,overlapping_competitor_launch,1,1,True,0.76,baseline,1.0,11462060.4522936,451.2183372801029,216.23177043251877,baseline,1,151.3622393027631,0.0,0.0,
2022-05-01,101,North,Therapy C,1508.4772656771806,1508.4772656771806,0.0,117.1651767725183,1254.7788164496549,1371.342968797437,0,1.0,,overlapping_competitor_launch,1,1,True,0.76,baseline,1.0,11466825.4009748,451.4059154411242,216.3216611893896,baseline,1,151.4251628325727,0.0,0.0,
2022-06-01,102,North,Therapy C,1509.192711396343,1509.192711396343,0.0,117.21455754702032,1255.3739372069576,1371.9933739966752,0,1.0,,overlapping_competitor_launch,1,1,True,0.76,baseline,1.0,11471592.3305159,451.5935715811715,216.41158931518245,baseline,1,151.4881125206277,0.0,0.0,
2022-07-01,103,North,Therapy C,1509.9016226647402,1509.9016226647402,0.0,117.26390157916954,1255.9636224893063,1372.6378387861273,0,1.0,,persistence_change,1,1,True,0.76,baseline,1.0,11476361.241740374,451.781305732662,216.50155482543212,baseline,1,151.5510883778025,0.0,0.0,
2022-08-01,104,North,Therapy C,1510.604519836738,1510.604519836738,0.0,117.31321372590978,1256.5483051369229,1373.2768362152162,0,1.0,,persistence_change,1,1,True,0.76,baseline,1.0,11481132.135472037,451.969117928026,216.59155773567997,baseline,1,151.61409041497595,0.0,0.0,
2022-09-01,105,North,Therapy C,1511.301883925126,1511.301883925126,0.0,117.36249843137334,1257.128385264991,1373.9108035682962,0,1.0,,persistence_change,1,1,True,0.76,baseline,1.0,11485905.012535049,452.1570081997079,216.6815980614737,baseline,1,151.6771186430316,0.0,0.0,
2022-10-01,106,North,Therapy C,1511.9941595297823,1511.9941595297823,0.0,117.41175976208356,1257.7042326997732,1374.5401450270747,0,1.0,,persistence_change,1,1,True,0.76,baseline,1.0,11490679.873753903,452.3449765801647,216.77167581836744,baseline,1,151.7401730728572,0.0,0.0,
2022-11-01,107,North,Therapy C,1512.6817575528123,1512.6817575528123,0.0,117.4610014391471,1258.2761892371122,1375.1652341389204,0,1.0,,persistence_change,1,1,True,0.76,baseline,1.0,11495456.719953451,452.5330231018676,216.8617910219219,baseline,1,151.8032537153453,0.0,0.0,
2022-12-01,108,North,Therapy C,1513.3650577152864,1513.3650577152864,0.0,117.51022686769348,1258.8445707358972,1375.7864161048058,0,1.0,,persistence_change,1,1,True,0.76,baseline,1.0,11500235.551958878,452.7211477973012,216.95194368770424,baseline,1,151.86636058139297,0.0,0.0,
2023-01-01,109,North,Therapy C,1514.044410889667,1514.044410889667,0.0,117.55943916379994,1259.4096690582228,1376.404009899697,0,1.0,,persistence_change,1,1,True,0.76,baseline,1.0,11505016.370595708,452.9093506989633,217.04213383128808,baseline,1,151.92949368190162,0.0,0.0,
2023-02-01,110,North,Therapy C,1514.7201412610732,1514.7201412610732,0.0,117.60864117911626,1259.9717538671655,1377.0183102373392,0,1.0,,persistence_change,1,1,True,0.76,baseline,1.0,11509799.176689817,453.0976318393654,217.13236146825335,baseline,1,151.99265302777735,0.0,0.0,
2023-03-01,111,North,Therapy C,1515.3925483296089,1515.3925483296089,0.0,117.65783552338785,1260.5310742923562,1377.6295893905533,0,1.0,,persistence_change,1,1,True,0.76,baseline,1.0,11514583.971067414,453.28599125103256,217.2226266141868,baseline,1,152.05583862993072,0.0,0.0,
2023-04-01,112,North,Therapy C,1516.061908765154,1516.061908765154,0.0,117.70702458505636,1261.0878604728323,1378.2380988774123,0,1.0,,persistence_change,1,1,True,0.76,baseline,1.0,11519370.754555063,453.4744289665033,217.3129292846813,baseline,1,152.1190504992769,0.0,0.0,
2023-05-01,113,North,Therapy C,1516.7284781252297,1516.7284781252297,0.0,117.7562105501033,1261.6423249859863,1378.844071022936,0,1.0,,persistence_change,1,1,True,0.76,baseline,1.0,11524159.52797967,453.6629450183297,217.4032694953365,baseline,1,152.18228864673554,0.0,0.0,
2023-06-01,114,North,Therapy C,1517.3924924458,1517.3924924458,0.0,117.80539541928624,1262.1946641708244,1379.4477204052723,0,1.0,,persistence_change,1,1,True,0.76,baseline,1.0,11528950.292168476,453.85153943907727,217.49364726175835,baseline,1,152.24555308323082,0.0,0.0,
2023-07-01,115,North,Therapy C,1529.513887102008,1529.513887102008,0.0,128.27250592190984,1272.277460634852,1390.4671700927342,0,1.0,,epidemiology_change,1,1,True,0.76,baseline,1.0,11533743.047949074,508.5250377326844,243.69415011150647,epidemiology_change,109,170.5859050780545,0.0,0.0,
2023-08-01,116,North,Therapy C,1541.0138152684835,1541.0138152684835,0.0,128.644189609224,1281.8433099733293,1400.921650244076,0,1.0,,epidemiology_change,1,1,True,0.76,baseline,1.0,11538537.796149395,508.7364391397861,243.79545738728137,epidemiology_change,109,170.65682017109694,0.0,0.0,
2023-09-01,117,North,Therapy C,1551.9155050030718,1551.9155050030718,0.0,128.98896730219047,1290.9115337071005,1410.8322772755196,0,1.0,,epidemiology_change,1,1,True,0.76,baseline,1.0,11543334.53759772,508.9479284295911,243.8968067779948,epidemiology_change,109,170.72776474459633,0.0,0.0,
2023-10-01,118,North,Therapy C,1562.2427278328817,1562.2427278328817,0.0,129.30912795915543,1299.501905424624,1420.220661666256,0,1.0,,epidemiology_change,1,1,True,0.76,baseline,1.0,11548133.273122674,509.1595056386334,243.9981983011544,epidemiology_change,109,170.7987388108081,0.0,0.0,
2023-11-01,119,North,Therapy C,1572.0195385426305,1572.0195385426305,0.0,129.60676597776717,1307.6344343331882,1429.108671402391,0,1.0,,epidemiology_change,1,1,True,0.76,baseline,1.0,11552934.00355322,509.3711708034623,244.09963197427533,epidemiology_change,109,170.86974238199275,0.0,0.0,
2023-12-01,120,North,Therapy C,1581.2700552724143,1581.2700552724143,0.0,129.8837977326427,1315.329182340235,1437.518232065831,0,1.0,,epidemiology_change,1,1,True,0.76,baseline,1.0,11557736.729718672,509.5829239606423,244.20110781487995,epidemiology_change,109,170.94077547041596,0.0,0.0,
2024-01-01,121,North,Therapy C,1590.0182749523242,1590.0182749523242,0.0,130.14197670733196,1322.606110528524,1445.4711590475672,0,1.0,,epidemiology_change,1,1,True,0.76,baseline,1.0,11562541.452448685,509.7947651467531,244.30262584049785,epidemiology_change,109,171.01183808834847,0.0,0.0,
2024-02-01,122,North,Therapy C,1598.287919655447,1598.287919655447,0.0,130.38290734006392,1329.484951349758,1452.989017868588,0,1.0,,epidemiology_change,1,1,True,0.76,baseline,1.0,11567348.17257326,510.0066943983897,244.404186068666,epidemiology_change,109,171.08293024806616,0.0,0.0,
2024-03-01,123,North,Therapy C,1606.102309946598,1606.102309946598,0.0,130.60805769260375,1335.985103273761,1460.0930090423617,0,1.0,,epidemiology_change,1,1,True,0.76,baseline,1.0,11572156.89092275,510.2187117521623,244.50578851692865,epidemiology_change,109,171.15405196185003,0.0,0.0,
2024-04-01,124,North,Therapy C,1613.4842617476193,1613.4842617476193,0.0,130.81877104225651,1342.125544999156,1466.8038743160173,0,1.0,,epidemiology_change,1,1,True,0.76,baseline,1.0,11576967.60832784,510.4308172446962,244.6074332028373,epidemiology_change,109,171.22520324198612,0.0,0.0,
2024-05-01,125,North,Therapy C,1620.4560036364765,1620.4560036364765,0.0,131.01627648854983,1347.9247666612507,1473.1418214877058,0,1.0,,epidemiology_change,1,1,True,0.76,baseline,1.0,11581780.325619567,510.643010912632,244.7091201439508,epidemiology_change,109,171.29638410076555,0.0,0.0,
2024-06-01,126,North,Therapy C,1627.039111851559,1627.039111851559,0.0,131.20169865834822,1353.4007157674332,1479.126465319599,0,1.0,,epidemiology_change,1,1,True,0.76,baseline,1.0,11586595.043629318,510.8552927926255,244.8108493578352,epidemiology_change,109,171.36759455048465,0.0,0.0,
2024-07-01,127,North,Therapy C,1633.254460588812,1633.254460588812,0.0,131.37606658603232,1358.570755853421,1484.7767823534653,0,1.0,,epidemiology_change,1,1,True,0.76,baseline,1.0,11591411.763188817,511.0676629213476,244.91262086206396,epidemiology_change,109,171.43883460344475,0.0,0.0,
2024-08-01,128,North,Therapy C,1639.1221854615112,1639.1221854615112,0.0,131.54032183886213,1363.4516360884388,1490.1110776922828,0,1.0,,epidemiology_change,1,1,True,0.76,baseline,1.0,11596230.48513014,511.280121335485,245.01443467421777,epidemiology_change,109,171.51010427195243,0.0,0.0,
2024-09-01,129,North,Therapy C,1644.661658244136,1644.661658244136,0.0,131.69532595168468,1368.0594702667129,1495.1469620401235,0,1.0,,epidemiology_change,1,1,True,0.76,baseline,1.0,11601051.21028571,511.4926680717392,245.1162908118848,epidemiology_change,109,171.58140356831936,0.0,0.0,
2024-10-01,130,North,Therapy C,1649.891471246044,1649.891471246044,0.0,131.8418672296906,1372.4097238092093,1499.9013374964036,0,1.0,,epidemiology_change,1,1,True,0.76,baseline,1.0,11605873.939488284,511.70530316682647,245.21818929266013,epidemiology_change,109,171.6527325048621,0.0,0.0,
2024-11-01,131,North,Therapy C,1654.829429860361,1654.829429860361,0.0,131.9806669729369,1376.517207565664,1504.3903907821464,0,1.0,,epidemiology_change,1,1,True,0.76,baseline,1.0,11610698.673570983,511.9180266574795,245.3201301341467,epidemiology_change,109,171.72409109390267,0.0,0.0,
2024-12-01,132,North,Therapy C,1659.4925520111933,1659.4925520111933,0.0,132.11238517178438,1380.396077354765,1508.6295927374483,0,1.0,,epidemiology_change,1,1,True,0.76,baseline,1.0,11615525.413367262,512.1308385804455,245.42211335395436,epidemiology_change,109,171.795479347768,0.0,0.0,
2025-01-01,133,North,Therapy C,1663.897073380287,1663.897073380287,0.0,132.23762571822323,1384.0598383117842,1512.6337030729885,0,1.0,,epidemiology_change,1,1,True,0.76,baseline,1.0,11620354.159710929,512.3437389724868,245.5241389697003,epidemiology_change,109,171.8668972787902,0.0,0.0,
2025-02-01,134,North,Therapy C,1668.058457434622,1668.058457434622,0.0,132.35694117423557,1387.5213532297082,1516.4167794860198,0,1.0,,epidemiology_change,1,1,True,0.76,baseline,1.0,11625184.913436128,512.5567278703817,245.62620699900933,epidemiology_change,109,171.93834489930651,0.0,0.0,
2025-03-01,135,North,Therapy C,1671.991409401011,1671.991409401011,0.0,132.4708371348471,1390.792854183568,1519.9921903645554,0,1.0,,epidemiology_change,1,1,True,0.76,baseline,1.0,11630017.67537736,512.7698053109231,245.72831745951328,epidemiology_change,109,172.00982222165928,0.0,0.0,
2025-04-01,136,North,Therapy C,1675.7098934442763,1675.7098934442763,0.0,132.57977622031945,1393.8859568195571,1523.3726304038876,0,1.0,,epidemiology_change,1,1,True,0.76,baseline,1.0,11634852.446369477,512.9829713309197,245.8304703688515,epidemiology_change,109,172.08132925819604,0.0,0.0,
2025-05-01,137,North,Therapy C,1679.227152403419,1679.227152403419,0.0,132.68418172900545,1396.8116767719348,1526.5701385485625,0,1.0,,epidemiology_change,1,1,True,0.76,baseline,1.0,11639689.227247665,513.196225967195,245.9326657446705,epidemiology_change,109,172.15286602126932,0.0,0.0,
2025-06-01,138,North,Therapy C,1682.5557295268122,1682.5557295268122,0.0,132.78444097971277,1399.580447742757,1529.5961177516474,0,1.0,,epidemiology_change,1,1,True,0.76,baseline,1.0,11644528.018847464,513.4095692565886,246.0349036046244,epidemiology_change,109,172.22443252323706,0.0,0.0,
2025-07-01,139,North,Therapy C,1685.7074917239947,1685.7074917239947,0.0,132.8809083699652,1402.202140843141,1532.4613561127223,0,1.0,,epidemiology_change,1,1,True,0.76,baseline,1.0,11649368.822004762,513.6230012359545,246.1371839663743,epidemiology_change,109,172.296028776462,0.0,0.0,
2025-08-01,140,North,Therapy C,1688.6936539191993,1688.6936539191993,0.0,132.973908174313,1404.6860848509705,1535.176049017454,0,1.0,,epidemiology_change,1,1,True,0.76,baseline,1.0,11654211.637555793,513.8365219421624,246.23950684758887,epidemiology_change,109,172.3676547933122,0.0,0.0,
2025-09-01,141,North,Therapy C,1691.524804151332,1691.524804151332,0.0,133.06373710478584,1407.0410870895169,1537.7498219557565,0,1.0,,epidemiology_change,1,1,True,0.76,baseline,1.0,11659056.466337137,514.0501314120976,246.3418722659441,epidemiology_change,109,172.43931058616084,0.0,0.0,
2025-10-01,142,North,Therapy C,1694.2109291175475,1694.2109291175475,0.0,133.1506666537078,1409.2754546750507,1540.1917537432248,0,1.0,,epidemiology_change,1,1,True,0.76,baseline,1.0,11663903.309185728,514.2638296826606,246.44428023912343,epidemiology_change,109,172.5109961673864,0.0,0.0,
2025-11-01,143,North,Therapy C,1696.7614399036656,1696.7614399036656,0.0,133.23494523737256,1411.397015919867,1542.510399912423,0,1.0,,epidemiology_change,1,1,True,0.76,baseline,1.0,11668752.166938838,514.4776167907669,246.5467307848174,epidemiology_change,109,172.5827115493722,0.0,0.0,
2025-12-01,144,North,Therapy C,1699.185197685111,1699.185197685111,0.0,133.3168001575067,1413.413141710797,1544.7138160773736,0,1.0,,epidemiology_change,1,1,True,0.76,baseline,1.0,11673603.040434098,514.6914927733475,246.649223920724,epidemiology_change,109,172.65445674450677,0.0,0.0,
2014-01-01,1,South,Therapy C,293.22069459784484,293.22069459784484,0.0,20.978284231486327,243.90630505184365,266.5642678162226,0,1.0,,early_market_before_b_launch,1,1,True,0.7,baseline,1.0,10000000.0,291.4125,139.65,baseline,1,97.755,832.8599999999999,0.0,
2014-02-01,2,South,Therapy C,296.6710696033288,296.6710696033288,0.0,25.794667314818884,246.77638971549624,269.70097236666254,0,1.0,,early_market_before_b_launch,1,1,True,0.7,baseline,1.0,10004157.14844729,291.5336445021896,139.7080545780664,baseline,1,97.79563820464648,0.0,0.0,
2014-03-01,3,South,Therapy C,302.90863573755865,302.90863573755865,0.0,28.595097318648016,251.964910636242,275.37148703414425,0,1.0,,early_market_before_b_launch,1,1,True,0.7,baseline,1.0,10008316.0250829,291.65483936594705,139.7661332902827,baseline,1,97.83629330319788,0.0,0.0,
2014-04-01,4,South,Therapy C,311.7821060568288,311.7821060568288,0.0,31.473367597238777,259.34602458363486,283.4382782334808,0,1.0,,early_market_before_b_launch,1,1,True,0.7,baseline,1.0,10012476.630625268,291.77608461220854,139.82423614668184,baseline,1,97.87696530267728,0.0,0.0,
2014-05-01,5,South,Therapy C,323.11071182245644,323.11071182245644,0.0,34.390986164052734,268.7693648341342,293.73701074768763,0,1.0,,early_market_before_b_launch,1,1,True,0.7,baseline,1.0,10016638.965793122,291.8973802619188,139.88236315730094,baseline,1,97.91765421011064,0.0,0.0,
2014-06-01,6,South,Therapy C,336.68540339980007,336.68540339980007,0.0,37.3082746202295,280.0610401007428,306.0776394543637,0,1.0,,early_market_before_b_launch,1,1,True,0.7,baseline,1.0,10020803.031305492,292.0187263360311,139.94051433218115,baseline,1,97.9583600325268,0.0,0.0,
2014-07-01,7,South,Therapy C,352.2724559775942,352.2724559775942,0.0,40.1866471516156,293.0266338359079,320.24768725235833,0,1.0,,early_market_before_b_launch,1,1,True,0.7,baseline,1.0,10024968.82788171,292.1401228555079,139.99868968136812,baseline,1,97.99908277695768,0.0,0.0,
2014-08-01,8,South,Therapy C,369.619056910073,369.619056910073,0.0,42.99069062779485,307.455851884288,336.0173244637027,0,1.0,,early_market_before_b_launch,1,1,True,0.7,baseline,1.0,10029136.356241409,292.2615698413199,140.05688921491125,baseline,1,98.03982245043788,0.0,0.0,
2014-09-01,9,South,Therapy C,388.4602355440425,388.4602355440425,0.0,45.68981679211422,323.128286838908,353.14566867640224,0,1.0,,early_market_before_b_launch,1,1,True,0.7,baseline,1.0,10033305.617104506,292.3830673144467,140.11511294286444,baseline,1,98.0805790600051,0.0,0.0,
2014-10-01,10,South,Therapy C,408.5263971170373,408.5263971170373,0.0,48.25934690385316,339.8196848746265,371.3876337427612,0,1.0,,early_market_before_b_launch,1,1,True,0.7,baseline,1.0,10037476.61119124,292.5046152958768,140.1733608752857,baseline,1,98.1213526127,0.0,0.0,
2014-11-01,11,South,Therapy C,429.5507450840273,429.5507450840273,0.0,50.68099247448927,357.3081197744409,390.5006773491157,0,1.0,,early_market_before_b_launch,1,1,True,0.7,baseline,1.0,10041649.339222131,292.6262138066069,140.23163302223708,baseline,1,98.16214311556595,0.0,0.0,
2014-12-01,12,South,Therapy C,451.2759974375789,451.2759974375789,0.0,52.94278698699444,375.3795796867133,410.2509067614353,0,1.0,,early_market_before_b_launch,1,1,True,0.7,baseline,1.0,10045823.80191801,292.7478628676431,140.28992939378497,baseline,1,98.20295057564948,0.0,0.0,
2015-01-01,13,South,Therapy C,473.45998169382847,473.45998169382847,0.0,55.03858548949432,393.83262113623,430.4181651762077,0,1.0,,early_market_before_b_launch,1,1,True,0.7,baseline,1.0,10049999.999999998,292.8695624999999,140.34824999999998,baseline,1,98.243775,0.0,0.0,
2015-02-01,14,South,Therapy C,495.87988717437753,495.87988717437753,0.0,56.96727629502228,412.48190614959583,450.79989743125225,0,1.0,,early_market_before_b_launch,1,1,True,0.7,baseline,1.0,10054177.934189526,292.9913127247005,140.40659485095676,baseline,1,98.28461639566972,0.0,0.0,
2015-03-01,15,South,Therapy C,518.3351275923644,518.3351275923644,0.0,58.73184620709904,431.1605834063757,471.2137523566949,0,1.0,,early_market_before_b_launch,1,1,True,0.7,baseline,1.0,10058357.605208317,293.1131135627768,140.46496395673412,baseline,1,98.32547476971388,0.0,0.0,
2015-04-01,16,South,Therapy C,540.6489011931826,540.6489011931826,0.0,60.33841767833565,449.7215859925109,491.4990010847114,0,1.0,,early_market_before_b_launch,1,1,True,0.7,baseline,1.0,10062539.013778394,293.2349650352696,140.52335732741528,baseline,1,98.36635012919068,0.0,0.0,
2015-05-01,17,South,Therapy C,562.6686229403118,562.6686229403118,0.0,61.79534395322706,468.0379909003502,511.516929945738,0,1.0,,early_market_before_b_launch,1,1,True,0.7,baseline,1.0,10066722.160622085,293.35686716322823,140.5817749730874,baseline,1,98.40724248116116,0.0,0.0,
2015-06-01,18,South,Therapy C,584.2654468050432,584.2654468050432,0.0,63.11241528605264,486.0026216605586,531.1504061864028,0,1.0,,early_market_before_b_launch,1,1,True,0.7,baseline,1.0,10070907.046462016,293.4788199677112,140.64021690384203,baseline,1,98.44815183268942,0.0,0.0,
2015-07-01,19,South,Therapy C,605.3331051504822,605.3331051504822,0.0,64.30020120351607,503.5270829206283,550.3028228640746,0,1.0,,b_launch_growth,1,1,True,0.7,baseline,1.0,10075093.67202112,293.6008234697854,140.6986831297749,baseline,1,98.48907819084243,0.0,0.0,
2015-08-01,20,South,Therapy C,625.786277340867,625.786277340867,0.0,65.36953284379616,520.5404034244484,568.8966157644245,0,1.0,,b_launch_growth,1,1,True,0.7,baseline,1.0,10079282.038022611,293.72287769052645,140.7571736609858,baseline,1,98.53002156269004,0.0,0.0,
2015-09-01,21,South,Therapy C,645.5586711093105,645.5586711093105,0.0,66.33111576583384,536.9874400591082,586.8715191902822,0,1.0,,b_launch_growth,1,1,True,0.7,baseline,1.0,10083472.145190028,293.8449826510189,140.81568850757876,baseline,1,98.57098195530511,0.0,0.0,
2015-10-01,22,South,Therapy C,664.600965836021,664.600965836021,0.0,67.1952561554563,552.8271670363265,604.1826962145645,0,1.0,,b_launch_growth,1,1,True,0.7,baseline,1.0,10087663.994247196,293.9671383723561,140.8742276796621,baseline,1,98.61195937576348,0.0,0.0,
2015-11-01,23,South,Therapy C,682.8787322532062,682.8787322532062,0.0,67.97168046658818,568.030945465167,620.7988475029147,0,1.0,,b_launch_growth,1,1,True,0.7,baseline,1.0,10091857.585918242,294.08934487563994,140.93279118734824,baseline,1,98.65295383114376,0.0,0.0,
2015-12-01,24,South,Therapy C,700.3704115473106,700.3704115473106,0.0,68.66942866875183,582.5808423325357,636.7003741339187,0,1.0,,b_launch_growth,1,1,True,0.7,baseline,1.0,10096052.9209276,294.2116021819814,140.99137904075394,baseline,1,98.69396532852775,0.0,0.0,
2016-01-01,25,South,Therapy C,717.0654100266681,717.0654100266681,0.0,69.29680314625347,596.4680456130919,651.8776454787891,0,1.0,,b_launch_growth,1,1,True,0.7,baseline,1.0,10100249.999999998,294.3339103124999,141.04999124999995,baseline,1,98.73499387499996,0.0,0.0,
2016-02-01,26,South,Therapy C,732.9623439490292,732.9623439490292,0.0,69.86135797693453,609.6914042848742,666.3294035900265,0,1.0,,b_launch_growth,1,1,True,0.7,baseline,1.0,10104448.823860472,294.456269288324,141.1086278252115,baseline,1,98.77603947764804,0.0,0.0,
2016-03-01,27,South,Therapy C,748.0674525294621,748.0674525294621,0.0,70.3699161964549,622.2561082404162,680.0613204813292,0,1.0,,b_launch_growth,1,1,True,0.7,baseline,1.0,10108649.393234355,294.5786791305906,141.16728877651775,baseline,1,98.81710214356242,0.0,0.0,
2016-04-01,28,South,Therapy C,762.393184969776,762.393184969776,0.0,70.82860536847116,634.1725129521319,693.0847136088873,0,1.0,,b_launch_growth,1,1,True,0.7,baseline,1.0,10112851.708847284,294.70113986044595,141.22597411405235,baseline,1,98.85818187983664,0.0,0.0,
2016-05-01,29,South,Therapy C,775.9569588151912,775.9569588151912,0.0,71.24290415258731,645.4551066508182,705.4154171047193,0,1.0,,b_launch_growth,1,1,True,0.7,baseline,1.0,10117055.771425191,294.8236514990444,141.28468384795283,baseline,1,98.89927869356698,0.0,0.0,
2016-06-01,30,South,Therapy C,788.7800812969103,788.7800812969103,0.0,71.61769452819127,656.1216130787936,717.0728011790094,0,1.0,,b_launch_growth,1,1,True,0.7,baseline,1.0,10121261.581694327,294.9462140675498,141.3434179883613,baseline,1,98.9403925918529,0.0,0.0,
2016-07-01,31,South,Therapy C,800.8868218761454,800.8868218761454,0.0,71.95731589952028,666.1922200151572,728.0789289783139,0,1.0,,b_launch_growth,1,1,True,0.7,baseline,1.0,10125469.140381224,295.0688275871342,141.40217654542374,baseline,1,98.9815235817966,0.0,0.0,
2016-08-01,32,South,Therapy C,812.303622385614,812.303622385614,0.0,72.26561851721907,675.6889222571242,738.4578385323762,0,1.0,,b_launch_growth,1,1,True,0.7,baseline,1.0,10129678.448212724,295.1914920789791,141.46095952929073,baseline,1,99.02267167050351,0.0,0.0,
2016-09-01,33,South,Therapy C,823.0584304989707,823.0584304989707,0.0,72.5460145601218,684.6349671877801,748.2349368172461,0,1.0,,b_launch_growth,1,1,True,0.7,baseline,1.0,10133889.505915975,295.31420756427394,141.51976695011663,baseline,1,99.06383686508164,0.0,0.0,
2016-10-01,34,South,Therapy C,833.1801423807351,833.1801423807351,0.0,72.80152588561549,693.0543911621569,757.4364930733956,0,1.0,,b_launch_growth,1,1,True,0.7,baseline,1.0,10138102.31421843,295.4369740642178,141.5785988180604,baseline,1,99.10501917264226,0.0,0.0,
2016-11-01,35,South,Therapy C,842.698141001961,842.698141001961,0.0,73.03482793053475,700.9716354698129,766.0892190926917,0,1.0,,b_launch_growth,1,1,True,0.7,baseline,1.0,10142316.873847833,295.5597916000182,141.637455143285,baseline,1,99.14621860029948,0.0,0.0,
2016-12-01,36,South,Therapy C,851.6419175463765,851.6419175463765,0.0,73.24828957234749,708.4112314135767,774.2199250421604,0,1.0,,b_launch_growth,1,1,True,0.7,baseline,1.0,10146533.185532236,295.68266019289126,141.69633593595768,baseline,1,99.18743515517036,0.0,0.0,
2017-01-01,37,South,Therapy C,860.0407644323057,860.0407644323057,0.0,73.44400897942843,715.3975449595997,781.8552403930051,0,1.0,,b_launch_growth,1,1,True,0.7,baseline,1.0,10150751.249999996,295.80557986406234,141.7552412062499,baseline,1,99.22866884437497,0.0,0.0,
2017-02-01,38,South,Therapy C,867.9235296362373,867.9235296362373,0.0,73.62384561879776,721.9545723792337,789.0213905783975,0,1.0,,b_launch_growth,1,1,True,0.7,baseline,1.0,10154971.067979772,295.9285506347655,141.8141709643375,baseline,1,99.26991967503623,0.0,0.0,
2017-03-01,39,South,Therapy C,875.3184231568412,875.3184231568412,0.0,73.78944867244002,728.1057792622814,795.7440210516737,0,1.0,,b_launch_growth,1,1,True,0.7,baseline,1.0,10159192.640200526,296.05157252624355,141.87312522040034,baseline,1,99.31118765428025,0.0,0.0,
2017-04-01,40,South,Therapy C,882.252867560436,882.252867560436,0.0,73.94228215629664,733.8739761979989,802.0480614185781,0,1.0,,b_launch_growth,1,1,True,0.7,baseline,1.0,10163415.96739152,296.1746455597481,141.9321039846226,baseline,1,99.3524727892358,0.0,0.0,
2017-05-01,41,South,Therapy C,888.7533855749066,888.7533855749066,0.0,74.0836470519162,739.2812252736724,807.9576232499151,0,1.0,,b_launch_growth,1,1,True,0.7,baseline,1.0,10167641.050282318,296.2977697565396,141.99110726719258,baseline,1,99.3937750870348,0.0,0.0,
2017-06-01,42,South,Therapy C,894.8455186357037,894.8455186357037,0.0,74.21470075878553,744.3487723196989,813.4959260324579,0,1.0,,b_launch_growth,1,1,True,0.7,baseline,1.0,10171867.889602795,296.42094513788754,142.0501350783031,baseline,1,99.43509455481215,0.0,0.0,
2017-07-01,43,South,Therapy C,900.5537711300595,900.5537711300595,0.0,74.33647416217329,749.0970005309131,818.6852464818722,0,1.0,,b_launch_growth,1,1,True,0.7,baseline,1.0,10176096.486083128,296.54417172507,142.10918742815088,baseline,1,99.4764311997056,0.0,0.0,
2017-08-01,44,South,Therapy C,905.90157583472,905.90157583472,0.0,74.44988659155975,753.5454017170625,823.5468871224728,0,1.0,,b_launch_growth,1,1,True,0.7,baseline,1.0,10180326.840453789,296.6674495393738,142.1682643269371,baseline,1,99.51778502885595,0.0,0.0,
2017-09-01,45,South,Therapy C,910.911276702544,910.911276702544,0.0,74.55575892161379,757.7125619843888,828.1011606386762,0,1.0,,b_launch_growth,1,1,True,0.7,baseline,1.0,10184558.953445558,296.7907786020954,142.22736578486723,baseline,1,99.55915604940704,0.0,0.0,
2017-10-01,46,South,Therapy C,915.6041257305484,915.6041257305484,0.0,74.65482504338229,761.6161591304106,832.3673870277711,0,1.0,,b_launch_growth,1,1,True,0.7,baseline,1.0,10188792.82578952,296.9141589345388,142.28649181215064,baseline,1,99.60054426850544,0.0,0.0,
2017-11-01,47,South,Therapy C,920.0002911436612,920.0002911436612,0.0,74.74774190928125,765.272969451318,836.3639010396919,0,1.0,,b_launch_growth,1,1,True,0.7,baseline,1.0,10193028.458217071,297.03759055801817,142.3456424190014,baseline,1,99.64194969330096,0.0,0.0,
2017-12-01,48,South,Therapy C,924.1188745622007,924.1188745622007,0.0,74.83509833250073,768.6988820221941,840.1080677838188,0,1.0,,b_launch_growth,1,1,True,0.7,baseline,1.0,10197265.851459896,297.16107349385567,142.40481761563746,baseline,1,99.6833723309462,0.0,0.0,
2018-01-01,49,South,Therapy C,927.9779351944832,927.9779351944832,0.0,74.91742270006343,771.9089188208657,843.6163047222575,0,1.0,,b_launch_growth,1,1,True,0.7,baseline,1.0,10201505.006249996,297.28460776338267,142.46401741228118,baseline,1,99.7248121885968,0.0,0.0,
2018-02-01,50,South,Therapy C,931.5945194161316,931.5945194161316,0.0,74.99518973925392,774.9172593325094,846.9041085601195,0,1.0,,b_launch_growth,1,1,True,0.7,baseline,1.0,10205745.923319671,297.4081933879393,142.5232418191592,baseline,1,99.76626927341144,0.0,0.0,
2018-03-01,51,South,Therapy C,934.9846943712652,934.9846943712652,0.0,75.06882645954977,777.7372684997342,849.9860857920593,0,1.0,,b_launch_growth,1,1,True,0.7,baseline,1.0,10209988.603401529,297.5318303888747,142.5824908465023,baseline,1,99.80774359255162,0.0,0.0,
2018-04-01,52,South,Therapy C,938.1635844638618,938.1635844638618,0.0,75.13871737650378,780.3815270767577,852.8759858762379,0,1.0,,b_launch_growth,1,1,True,0.7,baseline,1.0,10214233.047228476,297.6555187875468,142.64176450454565,baseline,1,99.84923515318197,0.0,0.0,
2018-05-01,53,South,Therapy C,941.1454098056072,941.1454098056072,0.0,75.20520911015788,782.8618636110277,855.5867361869156,0,1.0,,b_launch_growth,1,1,True,0.7,baseline,1.0,10218479.25553373,297.7792586053223,142.70106280352854,baseline,1,99.89074396246995,0.0,0.0,
2018-06-01,54,South,Therapy C,943.9435258543474,943.9435258543474,0.0,75.26861443837899,785.1893874152072,858.1304780494067,0,1.0,,b_launch_growth,1,1,True,0.7,baseline,1.0,10222727.22905081,297.9030498635769,142.76038575369455,baseline,1,99.93227002758618,0.0,0.0,
2018-07-01,55,South,Therapy C,946.5704636190576,946.5704636190576,0.0,75.32921587484486,787.3745220103976,860.5186032900522,0,1.0,,b_launch_growth,1,1,True,0.7,baseline,1.0,10226976.96851354,298.02689258369526,142.81973336529165,baseline,1,99.97381335570414,0.0,0.0,
2018-08-01,56,South,Therapy C,949.0379699267698,949.0379699267698,0.0,75.38726883212023,789.4270386209039,862.7617908425179,0,1.0,,b_launch_growth,1,1,True,0.7,baseline,1.0,10231228.474656053,298.1507867870707,142.87910564857177,baseline,1,100.01537395400022,0.0,0.0,
2018-09-01,57,South,Therapy C,951.35704734741,951.35704734741,0.0,75.44300442219591,791.3560893844362,864.8700430430997,0,1.0,,b_launch_growth,1,1,True,0.7,baseline,1.0,10235481.748212785,298.2747324951057,142.93850261379148,baseline,1,100.05695182965404,0.0,0.0,
2018-10-01,58,South,Therapy C,953.5379934567388,953.5379934567388,0.0,75.49663193987163,793.1702400117417,866.8527213243078,0,1.0,,b_launch_growth,1,1,True,0.7,baseline,1.0,10239736.789918467,298.3987297292115,142.9979242712114,baseline,1,100.09854698984796,0.0,0.0,
2018-11-01,59,South,Therapy C,955.590439188066,955.590439188066,0.0,75.5483410683182,794.8775016882547,868.71858108006,0,1.0,,b_launch_growth,1,1,True,0.7,baseline,1.0,10243993.600508155,298.5227785108083,143.0573706310964,baseline,1,100.14015944176748,0.0,0.0,
2018-12-01,60,South,Therapy C,957.5233860821018,957.5233860821018,0.0,75.59830384092857,796.4853620592028,870.4758055291834,0,1.0,,b_launch_growth,1,1,True,0.7,baseline,1.0,10248252.180717194,298.6468788613249,143.11684170371564,baseline,1,100.18178919260096,0.0,0.0,
2019-01-01,61,South,Therapy C,959.3452422930897,959.3452422930897,0.0,75.64667638906052,798.0008151801608,872.1320384482633,0,1.0,,access_expansion,1,1,True,0.7,baseline,1.0,10252512.531281244,298.7710308021996,143.1763374993426,baseline,1,100.22343624953982,0.0,0.0,
2019-02-01,62,South,Therapy C,961.0638572496982,961.0638572496982,0.0,75.69360050138286,799.4303903486125,873.6944156815437,0,1.0,,access_expansion,1,1,True,0.7,baseline,1.0,10256774.652936269,298.895234354879,143.235858028255,baseline,1,100.2651006197785,0.0,0.0,
2019-03-01,63,South,Therapy C,962.6865549023746,962.6865549023746,0.0,75.73920501718256,800.7801797597024,875.1695953657951,0,1.0,,access_expansion,1,1,True,0.7,baseline,1.0,10261038.546418533,299.01948954081905,143.29540330073482,baseline,1,100.30678231051436,0.0,0.0,
2019-04-01,64,South,Therapy C,964.22016551608,964.22016551608,0.0,75.78360707309747,802.0558649520119,876.5637868327999,0,1.0,,access_expansion,1,1,True,0.7,baseline,1.0,10265304.212464616,299.1437963814845,143.35497332706836,baseline,1,100.34848132894786,0.0,0.0,
2019-05-01,65,South,Therapy C,965.6710559894792,965.6710559894792,0.0,75.82691322024172,803.2627420276121,877.8827781722537,0,1.0,,access_expansion,1,1,True,0.7,baseline,1.0,10269571.6518114,299.26815489834894,143.4145681175462,baseline,1,100.39019768228232,0.0,0.0,
2019-06-01,66,South,Therapy C,967.045158699564,967.045158699564,0.0,75.86922042653686,804.4057456455464,879.1319624541491,0,1.0,,access_expansion,1,1,True,0.7,baseline,1.0,10273840.865196062,299.3925651128948,143.47418768246305,baseline,1,100.43193137772413,0.0,0.0,
2019-07-01,67,South,Therapy C,968.347998885021,968.347998885021,0.0,75.91061697719977,805.4894717998127,880.3163626227462,0,1.0,,access_expansion,1,1,True,0.7,baseline,1.0,10278111.853356108,299.51702704661363,143.53383203211803,baseline,1,100.4736824224826,0.0,0.0,
2019-08-01,68,South,Therapy C,969.5847205929956,969.5847205929956,0.0,75.95118328472859,806.5181994023554,881.4406550845414,0,1.0,,access_expansion,1,1,True,0.7,baseline,1.0,10282384.617029332,299.64154072100604,143.59350117681464,baseline,1,100.51545082377024,0.0,0.0,
2019-09-01,69,South,Therapy C,970.76011122276,970.76011122276,0.0,75.99099261833555,807.4959106989322,882.509192020691,0,1.0,,access_expansion,1,1,True,0.7,baseline,1.0,10286659.156953843,299.76610615758125,143.65319512686045,baseline,1,100.55723658880233,0.0,0.0,
2019-10-01,70,South,Therapy C,971.8786247065505,971.8786247065505,0.0,76.03011176156807,808.4263105513577,883.5260224605003,0,1.0,,access_expansion,1,1,True,0.7,baseline,1.0,10290935.47386806,299.8907233778576,143.71291389256746,baseline,1,100.5990397247972,0.0,0.0,
2019-11-01,71,South,Therapy C,972.9444033728868,972.9444033728868,0.0,76.06860160581185,809.3128446238102,884.4949121571697,0,1.0,,access_expansion,1,1,True,0.7,baseline,1.0,10295213.568510694,300.0153924033623,143.77265748425185,baseline,1,100.64086023897627,0.0,0.0,
2019-12-01,72,South,Therapy C,973.961298541298,973.961298541298,0.0,76.10651768646075,810.158716513898,885.4193623102709,0,1.0,,access_expansion,1,1,True,0.7,baseline,1.0,10299493.44162078,300.14011325563155,143.8324259122342,baseline,1,100.68269813856396,0.0,0.0,
2020-01-01,73,South,Therapy C,974.9328898998072,974.9328898998072,0.0,76.14391066774489,810.9669038712032,886.3026271816427,0,1.0,,access_expansion,1,1,True,0.7,baseline,1.0,10303775.09393765,300.2648859562105,143.89221918683927,baseline,1,100.72455343078748,0.0,0.0,
2020-02-01,74,South,Therapy C,975.8625037179954,975.8625037179954,0.0,76.18082678151984,811.7401735472415,887.147730652723,0,1.0,,access_expansion,1,1,True,0.7,baseline,1.0,10308058.52620095,300.3897105266534,143.95203731839626,baseline,1,100.76642612287738,0.0,0.0,
2020-03-01,75,South,Therapy C,976.7532299491533,976.7532299491533,0.0,76.21730822471585,812.481095821341,887.9574817719574,0,1.0,,access_expansion,1,1,True,0.7,baseline,1.0,10312343.739150625,300.5145869885231,144.01188031723845,baseline,1,100.8083162220669,0.0,0.0,
2020-04-01,76,South,Therapy C,977.6079382750572,977.6079382750572,0.0,76.25339351962018,813.1920577469795,888.7344893409612,0,1.0,,access_expansion,1,1,True,0.7,baseline,1.0,10316630.73352694,300.63951536339187,144.07174819370368,baseline,1,100.85022373559258,0.0,0.0,
2020-05-01,77,South,Therapy C,978.4292931464512,978.4292931464512,0.0,76.28911784070337,813.8752756627298,889.4811755876829,0,1.0,,access_expansion,1,1,True,0.7,baseline,1.0,10320919.510070452,300.7644956728405,144.1316409581339,baseline,1,100.89214867069371,0.0,0.0,
2020-06-01,78,South,Therapy C,979.219767871428,979.219767871428,0.0,76.32451331129558,814.5328069112331,890.1997889740254,0,1.0,,access_expansion,1,1,True,0.7,baseline,1.0,10325210.069522042,300.8895279384592,144.19155862087533,baseline,1,100.93409103461272,0.0,0.0,
2020-07-01,79,South,Therapy C,979.9816578027256,979.9816578027256,0.0,76.35960927306263,815.1665608086306,890.8924161842958,0,1.0,,access_expansion,1,1,True,0.7,baseline,1.0,10329502.412622888,301.0146121818467,144.25150119227862,baseline,1,100.97605083459504,0.0,0.0,
2020-08-01,80,South,Therapy C,980.7170926735034,980.7170926735034,0.0,76.39443253091787,815.7783089056868,891.5609933395485,0,1.0,,access_expansion,1,1,True,0.7,baseline,1.0,10333796.54011448,301.13974842461107,144.31146868269872,baseline,1,101.0180280778891,0.0,0.0,
2020-09-01,81,South,Therapy C,981.428048129557,981.428048129557,0.0,76.42900757572863,816.3696945804952,892.2073164814155,0,1.0,,access_expansion,1,1,True,0.7,baseline,1.0,10338092.452738617,301.2649366883691,144.37146110249475,baseline,1,101.06002277174632,0.0,0.0,
2020-10-01,82,South,Therapy C,982.1163565041708,982.1163565041708,0.0,76.4633567869326,816.9422420011964,892.8330513674279,0,1.0,,access_expansion,1,1,True,0.7,baseline,1.0,10342390.151237397,301.39017699474675,144.43147846203024,baseline,1,101.10203492342116,0.0,0.0,
2020-11-01,83,South,Therapy C,982.7837168799728,982.7837168799728,0.0,76.49750061696056,817.4973644956136,893.439742618157,0,1.0,,access_expansion,1,1,True,0.7,baseline,1.0,10346689.636353243,301.515469365379,144.49152077167307,baseline,1,101.14406454017114,0.0,0.0,
2020-12-01,84,South,Therapy C,983.431704480264,983.431704480264,0.0,76.53145775917172,818.0363723631285,894.0288222547854,0,1.0,,access_expansion,1,1,True,0.7,baseline,1.0,10350990.90882888,301.6408138219096,144.55158804179533,baseline,1,101.18611162925671,0.0,0.0,
2021-01-01,85,South,Therapy C,984.0617794303608,984.0617794303608,0.0,76.56524530083553,818.5604801625273,894.6016176639641,0,1.0,,overlapping_competitor_launch,1,1,True,0.7,baseline,1.0,10355293.969407337,301.7662103859915,144.61168028277345,baseline,1,101.2281761979414,0.0,0.0,
2021-02-01,86,South,Therapy C,984.6752949275768,984.6752949275768,0.0,76.59887886254263,819.070813507939,895.1593590250699,0,1.0,,overlapping_competitor_launch,1,1,True,0.7,baseline,1.0,10359598.818831952,301.8916590792866,144.67179750498823,baseline,1,101.27025825349176,0.0,0.0,
2021-03-01,87,South,Therapy C,985.273504856553,985.273504856553,0.0,76.63237272529095,819.5684154034054,895.7031862332299,0,1.0,,overlapping_competitor_launch,1,1,True,0.7,baseline,1.0,10363905.45784638,302.0171599234657,144.73193971882466,baseline,1,101.31235780317726,0.0,0.0,
2021-04-01,88,South,Therapy C,985.8575708847565,985.8575708847565,0.0,76.66573994637302,820.0542521450473,896.2341553497785,0,1.0,,overlapping_competitor_launch,1,1,True,0.7,baseline,1.0,10368213.887194572,302.14271294020887,144.79210693467223,baseline,1,101.35447485427056,0.0,0.0,
2021-05-01,89,South,Therapy C,986.4285690711408,986.4285690711408,0.0,76.69899246508075,820.529218818267,896.7532446101279,0,1.0,,overlapping_competitor_launch,1,1,True,0.7,baseline,1.0,10372524.107620804,302.2683181512047,144.8522991629245,baseline,1,101.39660941404716,0.0,0.0,
2021-06-01,90,South,Therapy C,986.987496019157,986.987496019157,0.0,76.73214119914826,820.994144415935,897.2613600174153,0,1.0,,overlapping_competitor_launch,1,1,True,0.7,baseline,1.0,10376836.119869651,302.3939755781515,144.91251641397972,baseline,1,101.4387614897858,0.0,0.0,
2021-07-01,91,South,Therapy C,987.53527460357,987.53527460357,0.0,76.76519613276494,821.4497966020604,897.7593405486999,0,1.0,,overlapping_competitor_launch,1,1,True,0.7,baseline,1.0,10381149.924686002,302.51968524275594,144.97275869824003,baseline,1,101.48093108876802,0.0,0.0,
2021-08-01,92,South,Therapy C,988.0727592988718,988.0727592988718,0.0,76.79816639691381,821.8968861440615,898.2479629989742,0,1.0,,overlapping_competitor_launch,1,1,True,0.7,baseline,1.0,10385465.522815049,302.6454471667341,145.0330260261122,baseline,1,101.52311821827853,0.0,0.0,
2021-09-01,93,South,Therapy C,988.6007411354586,988.6007411354586,0.0,76.83106034271897,822.3360710354042,898.7279464867804,0,1.0,,overlapping_competitor_launch,1,1,True,0.7,baseline,1.0,10389782.915002303,302.7712613718109,145.0933184080072,baseline,1,101.56532288560504,0.0,0.0,
2021-10-01,94,South,Therapy C,989.11995230821,989.11995230821,0.0,76.86388560842308,822.7679603291019,899.1999566438271,0,1.0,,overlapping_competitor_launch,1,1,True,0.7,baseline,1.0,10394102.101993583,302.89712787972053,145.15363585434042,baseline,1,101.60754509803829,0.0,0.0,
2021-11-01,95,South,Therapy C,989.6310704606268,989.6310704606268,0.0,76.89664918055857,823.1931177013394,899.6646095096605,0,1.0,,overlapping_competitor_launch,1,1,True,0.7,baseline,1.0,10398423.084535012,303.0230467122059,145.21397837553144,baseline,1,101.649784862872,0.0,0.0,
2021-12-01,96,South,Therapy C,990.1347226662808,990.1347226662808,0.0,76.92935744982479,823.6120647633153,900.1224751511642,0,1.0,,overlapping_competitor_launch,1,1,True,0.7,baseline,1.0,10402745.863373024,303.1490178910191,145.2743459820043,baseline,1,101.692042187403,0.0,0.0,
2022-01-01,97,South,Therapy C,990.6314891279968,990.6314891279968,0.0,76.96201626213636,824.0252841382882,900.5740810254515,0,1.0,,overlapping_competitor_launch,1,1,True,0.7,baseline,1.0,10407070.439254371,303.2750414379215,145.33473868418733,baseline,1,101.73431707893111,0.0,0.0,
2022-02-01,98,South,Therapy C,991.12190661391,991.12190661391,0.0,76.99463096526631,824.4332223197523,901.0199151035544,0,1.0,,overlapping_competitor_launch,1,1,True,0.7,baseline,1.0,10411396.81292611,303.401117374683,145.39515649251314,baseline,1,101.7766095447592,0.0,0.0,
2022-03-01,99,South,Therapy C,991.606471648344,991.606471648344,0.0,77.02720645146951,824.836292325668,901.4604287712218,0,1.0,,overlapping_competitor_launch,1,1,True,0.7,baseline,1.0,10415724.985135607,303.527245723083,145.45559941741877,baseline,1,101.81891959219313,0.0,0.0,
2022-04-01,100,South,Therapy C,992.0856434743152,992.0856434743152,0.0,77.0597471964367,825.2348761627258,901.8960395221046,0,1.0,,overlapping_competitor_launch,1,1,True,0.7,baseline,1.0,10420054.956630545,303.6534265049099,145.5160674693456,baseline,1,101.8612472285419,0.0,0.0,
2022-05-01,101,South,Therapy C,992.5598468033872,992.5598468033872,0.0,77.0922572948989,825.6293271137265,902.3271334576244,0,1.0,,overlapping_competitor_launch,1,1,True,0.7,baseline,1.0,10424386.728158908,303.7796597419608,145.57656065873914,baseline,1,101.9035924611174,0.0,0.0,
2022-06-01,102,South,Therapy C,993.02947436759,993.02947436759,0.0,77.12474049317338,826.0199718603133,902.7540676069,0,1.0,,overlapping_competitor_launch,1,1,True,0.7,baseline,1.0,10428720.300468998,303.90594545604216,145.63707899604955,baseline,1,101.94595529723468,0.0,0.0,
2022-07-01,103,South,Therapy C,993.4948892871524,993.4948892871524,0.0,77.15720021891597,826.4071124524949,903.1771720792292,0,1.0,,persistence_change,1,1,True,0.7,baseline,1.0,10433055.67430943,304.0322836689697,145.6976224917312,baseline,1,101.98833574421184,0.0,0.0,
2022-08-01,104,South,Therapy C,993.9564272668986,993.9564272668986,0.0,77.1896396083221,826.7910281356474,903.5967520608168,0,1.0,,persistence_change,1,1,True,0.7,baseline,1.0,10437392.850429123,304.15867440256767,145.7581911562427,baseline,1,102.03073380936988,0.0,0.0,
2022-09-01,105,South,Therapy C,994.4143986333088,994.4143986333088,0.0,77.22206153099684,827.1719770449795,904.0130896666442,0,1.0,,persistence_change,1,1,True,0.7,baseline,1.0,10441731.829577316,304.2851176786699,145.8187850000472,baseline,1,102.07314950003304,0.0,0.0,
2022-10-01,106,South,Therapy C,994.8690902234424,994.8690902234424,0.0,77.25446861269539,827.5501977767726,904.4264456576748,0,1.0,,persistence_change,1,1,True,0.7,baseline,1.0,10446072.61250355,304.41161351911904,145.87940403361208,baseline,1,102.11558282352844,0.0,0.0,
2022-11-01,107,South,Therapy C,995.3207671361788,995.3207671361788,0.0,77.28686325611723,827.9259108450942,904.8370610328898,0,1.0,,persistence_change,1,1,True,0.7,baseline,1.0,10450415.199957686,304.5381619457669,145.94004826740908,baseline,1,102.15803378718635,0.0,0.0,
2022-12-01,108,South,Therapy C,995.769674355518,995.769674355518,0.0,77.31924765992201,828.2993200320898,905.2451585050162,0,1.0,,persistence_change,1,1,True,0.7,baseline,1.0,10454759.592689889,304.6647629804742,146.00071771191432,baseline,1,102.20050239834002,0.0,0.0,
2023-01-01,109,South,Therapy C,996.2160382550306,996.2160382550306,0.0,77.35162383611983,828.6706136394118,905.6509438682097,0,1.0,,persistence_change,1,1,True,0.7,baseline,1.0,10459105.791450642,304.791416645111,146.0614123776082,baseline,1,102.24298866432574,0.0,0.0,
2023-02-01,110,South,Therapy C,996.6600679919262,996.6600679919262,0.0,77.38399362597563,829.0399656478296,906.0546072653874,0,1.0,,persistence_change,1,1,True,0.7,baseline,1.0,10463453.79699074,304.9181229615564,146.12213227497568,baseline,1,102.28549259248295,0.0,0.0,
2023-03-01,111,South,Therapy C,997.1019567986236,997.1019567986236,0.0,77.41635871455541,829.4075367915822,906.456324362385,0,1.0,,persistence_change,1,1,True,0.7,baseline,1.0,10467803.610061286,305.04488195169847,146.1828774145059,baseline,1,102.32801419015412,0.0,0.0,
2023-04-01,112,South,Therapy C,997.541883179174,997.541883179174,0.0,77.4487206440304,829.7734755535855,906.8562574356124,0,1.0,,persistence_change,1,1,True,0.7,baseline,1.0,10472155.231413696,305.1716936374344,146.24364780669228,baseline,1,102.3705534646846,0.0,0.0,
2023-05-01,113,South,Therapy C,997.980012017375,997.980012017375,0.0,77.48108082584628,830.1379190871801,907.2545563794316,0,1.0,,persistence_change,1,1,True,0.7,baseline,1.0,10476508.6617997,305.29855804067046,146.3044434620328,baseline,1,102.41311042342296,0.0,0.0,
2023-06-01,114,South,Therapy C,998.4164956029376,998.4164956029376,0.0,77.51344055185399,830.5009940697162,907.651359639034,0,1.0,,persistence_change,1,1,True,0.7,baseline,1.0,10480863.901971342,305.4254751833223,146.36526439102977,baseline,1,102.45568507372084,0.0,0.0,
2023-07-01,115,South,Therapy C,1006.4281472337882,1006.4281472337882,0.0,84.43368523372774,837.1652315626511,914.9346793034438,0,1.0,,epidemiology_change,1,1,True,0.7,baseline,1.0,10485220.952680975,342.21873849779223,163.99724387669264,epidemiology_change,109,114.79807071368484,0.0,0.0,
2023-08-01,116,South,Therapy C,1014.024725493329,1014.024725493329,0.0,84.67542797673887,843.4842034785419,921.84065953939,0,1.0,,epidemiology_change,1,1,True,0.7,baseline,1.0,10489579.81468127,342.36100390753023,164.06541996546682,epidemiology_change,109,114.84579397582677,0.0,0.0,
2023-09-01,117,South,Therapy C,1021.2223010971422,1021.2223010971422,0.0,84.89970660976913,849.4712777308046,928.383910088311,0,1.0,,epidemiology_change,1,1,True,0.7,baseline,1.0,10493940.488725202,342.5033284591109,164.13362439605316,epidemiology_change,109,114.8935370772372,0.0,0.0,
2023-10-01,118,South,Therapy C,1028.0372130548003,1028.0372130548003,0.0,85.10800686446863,855.140045404675,934.5792845952732,0,1.0,,epidemiology_change,1,1,True,0.7,baseline,1.0,10498302.975566069,342.64571217712034,164.20185718023373,epidemiology_change,109,114.9413000261636,0.0,0.0,
2023-11-01,119,South,Therapy C,1034.485906949518,1034.485906949518,0.0,85.30168818579604,860.5041862352808,940.4417335904708,0,1.0,,epidemiology_change,1,1,True,0.7,baseline,1.0,10502667.275957473,342.78815508615514,164.27011832979562,epidemiology_change,109,114.98908283085692,0.0,0.0,
2023-12-01,120,South,Therapy C,1040.5847987718405,1040.5847987718405,0.0,85.48199446639218,865.5773553420308,945.9861807016732,0,1.0,,epidemiology_change,1,1,True,0.7,baseline,1.0,10507033.390653338,342.9306572108218,164.33840785653075,epidemiology_change,109,115.03688549957153,0.0,0.0,
2024-01-01,121,South,Therapy C,1046.350161131619,1046.350161131619,0.0,85.6500638685318,870.3730885776648,951.2274192105626,0,1.0,,epidemiology_change,1,1,True,0.7,baseline,1.0,10511401.320407895,343.07321857573703,164.40672577223586,epidemiology_change,109,115.08470804056508,0.0,0.0,
2024-02-01,122,South,Therapy C,1051.7980290277608,1051.7980290277608,0.0,85.80693781120848,874.904724145819,956.1800263888732,0,1.0,,epidemiology_change,1,1,True,0.7,baseline,1.0,10515771.065975692,343.2158392055278,164.4750720887126,epidemiology_change,109,115.13255046209882,0.0,0.0,
2024-03-01,123,South,Therapy C,1056.94412267305,1056.94412267305,0.0,85.95356919331715,879.1853384053096,960.8582933391364,0,1.0,,epidemiology_change,1,1,True,0.7,baseline,1.0,10520142.62811159,343.3585191248317,164.54344681776777,epidemiology_change,109,115.18041277243744,0.0,0.0,
2024-04-01,124,South,Therapy C,1061.8037851554925,1061.8037851554925,0.0,86.09082991786521,883.2276940157049,965.2761683231748,0,1.0,,epidemiology_change,1,1,True,0.7,baseline,1.0,10524516.007570764,343.5012583582961,164.61184997121282,epidemiology_change,109,115.22829497984895,0.0,0.0,
2024-05-01,125,South,Therapy C,1066.3919329715636,1066.3919329715636,0.0,86.21951777662571,887.0441987899824,969.4472117923306,0,1.0,,epidemiology_change,1,1,True,0.7,baseline,1.0,10528891.205108697,343.6440569305787,164.68028156086413,epidemiology_change,109,115.27619709260487,0.0,0.0,
2024-06-01,126,South,Therapy C,1070.7230176935343,1070.7230176935343,0.0,86.34036274959442,890.6468738087127,973.3845615395768,0,1.0,,epidemiology_change,1,1,True,0.7,baseline,1.0,10533268.221481198,343.7869148663476,164.74874159854312,epidemiology_change,109,115.32411911898018,0.0,0.0,
2024-07-01,127,South,Therapy C,1074.8109972354762,1074.8109972354762,0.0,86.45403276899293,894.0473295186007,977.1009065777056,0,1.0,,epidemiology_change,1,1,True,0.7,baseline,1.0,10537647.05744438,343.9298321902812,164.81723009607606,epidemiology_change,109,115.37206106725324,0.0,0.0,
2024-08-01,128,South,Therapy C,1078.669315363125,1078.669315363125,0.0,86.56113899333104,897.2567486884175,980.6084685119316,0,1.0,,epidemiology_change,1,1,True,0.7,baseline,1.0,10542027.713754674,344.0728089270678,164.8857470652941,epidemiology_change,109,115.42002294570588,0.0,0.0,
2024-09-01,129,South,Therapy C,1082.3108882537504,1082.3108882537504,0.0,86.66224063317378,900.2858752292559,983.9189893215912,0,1.0,,epidemiology_change,1,1,True,0.7,baseline,1.0,10546410.191168826,344.2158451014064,164.95429251803338,epidemiology_change,109,115.46800476262337,0.0,0.0,
2024-10-01,130,South,Therapy C,1085.7480970555712,1085.7480970555712,0.0,86.75784936671783,903.145008005316,987.0437245959736,0,1.0,,epidemiology_change,1,1,True,0.7,baseline,1.0,10550794.490443897,344.3589407380059,165.02286646613487,epidemiology_change,109,115.5160065262944,0.0,0.0,
2024-11-01,131,South,Therapy C,1088.9927855238964,1088.9927855238964,0.0,86.84843338004428,905.8439988676046,989.9934413853604,0,1.0,,epidemiology_change,1,1,True,0.7,baseline,1.0,10555180.612337258,344.5020958615859,165.0914689214446,epidemiology_change,109,115.56402824501122,0.0,0.0,
2024-12-01,132,South,Therapy C,1092.0562619247091,1092.0562619247091,0.0,86.93442106394903,908.3922542373716,992.7784199315536,0,1.0,,epidemiology_change,1,1,True,0.7,baseline,1.0,10559568.557606602,344.64531049687577,165.16009989581335,epidemiology_change,109,115.61206992706931,0.0,0.0,
2025-01-01,133,South,Therapy C,1094.9493044973062,1094.9493044973062,0.0,87.01620439654317,910.7987396500318,995.4084586339146,0,1.0,,epidemiology_change,1,1,True,0.7,baseline,1.0,10563958.327009937,344.7885846686156,165.228759401097,epidemiology_change,109,115.66013158076788,0.0,0.0,
2025-02-01,134,South,Therapy C,1097.6821698572005,1097.6821698572005,0.0,87.09414203833181,913.0719867448528,997.8928816883636,0,1.0,,epidemiology_change,1,1,True,0.7,baseline,1.0,10568349.92130557,344.9319184015554,165.29744744915612,epidemiology_change,109,115.70821321440928,0.0,0.0,
2025-03-01,135,South,Therapy C,1100.2646037999705,1100.2646037999705,0.0,87.16856216421131,915.2201022517936,1000.240548909064,0,1.0,,epidemiology_change,1,1,True,0.7,baseline,1.0,10572743.341252146,345.07531172045583,165.3661640518566,epidemiology_change,109,115.7563148362996,0.0,0.0,
2025-04-01,136,South,Therapy C,1102.7058540371945,1102.7058540371945,0.0,87.23976505474658,917.2507785854842,1002.4598673065402,0,1.0,,epidemiology_change,1,1,True,0.7,baseline,1.0,10577138.587608617,345.2187646500875,165.43490922106884,epidemiology_change,109,115.80443645474816,0.0,0.0,
2025-05-01,137,South,Therapy C,1105.0146844579417,1105.0146844579417,0.0,87.30802546718989,919.1713057081968,1004.558804052674,0,1.0,,epidemiology_change,1,1,True,0.7,baseline,1.0,10581535.66113424,345.3622772152316,165.5036829686684,epidemiology_change,109,115.85257807806788,0.0,0.0,
2025-06-01,138,South,Therapy C,1107.1993905644756,1107.1993905644756,0.0,87.37359480496283,920.9885839695412,1006.5449005131596,0,1.0,,epidemiology_change,1,1,True,0.7,baseline,1.0,10585934.562588604,345.50584944067936,165.57248530653584,epidemiology_change,109,115.90073971457508,0.0,0.0,
2025-07-01,139,South,Therapy C,1109.2678157795008,1109.2678157795008,0.0,87.43670310273241,922.70913767113,1008.4252870722736,0,1.0,,epidemiology_change,1,1,True,0.7,baseline,1.0,10590335.2927316,345.6494813512325,165.6413162465564,epidemiology_change,109,115.94892137258948,0.0,0.0,
2025-08-01,140,South,Therapy C,1111.2273683652743,1111.2273683652743,0.0,87.49756084275563,924.3391291402054,1010.2066985138856,0,1.0,,epidemiology_change,1,1,True,0.7,baseline,1.0,10594737.852323446,345.79317297170314,165.7101758006206,epidemiology_change,109,115.9971230604344,0.0,0.0,
2025-09-01,141,South,Therapy C,1113.085038732744,1113.085038732744,0.0,87.55636061683468,925.8843731276916,1011.89548975704,0,1.0,,epidemiology_change,1,1,True,0.7,baseline,1.0,10599142.24212467,345.9369243269134,165.77906398062356,epidemiology_change,109,116.04534478643647,0.0,0.0,
2025-10-01,142,South,Therapy C,1114.8474169521676,1114.8474169521676,0.0,87.61327864700597,927.3503513738484,1013.4976517746976,0,1.0,,epidemiology_change,1,1,True,0.7,baseline,1.0,10603548.462896116,346.080735441696,165.84798079846558,epidemiology_change,109,116.0935865589259,0.0,0.0,
2025-11-01,143,South,Therapy C,1116.520710305901,1116.520710305901,0.0,87.66847617697059,928.7422272089992,1015.018827550819,0,1.0,,epidemiology_change,1,1,True,0.7,baseline,1.0,10607956.515398944,346.2246063408938,165.9169262660518,epidemiology_change,109,116.14184838623623,0.0,0.0,
2025-12-01,144,South,Therapy C,1118.1107607496776,1118.1107607496776,0.0,87.72210074525307,930.064860078141,1016.4643279542524,0,1.0,,epidemiology_change,1,1,True,0.7,baseline,1.0,10612366.400394635,346.3685370493602,165.98590039529245,epidemiology_change,109,116.1901302767047,0.0,0.0,
2014-01-01,1,West,Therapy C,302.2139824961531,302.2139824961531,0.0,24.248190504498712,251.3870854399819,274.7399840874119,0,1.0,,early_market_before_b_launch,1,1,True,0.72,baseline,1.0,10000000.0,330.2675,158.27,baseline,1,110.789,832.8599999999999,0.0,
2014-02-01,2,West,Therapy C,309.02269839619265,309.02269839619265,0.0,29.54264037473869,257.0506991204693,280.92972581472054,0,1.0,,early_market_before_b_launch,1,1,True,0.72,baseline,1.0,10004157.14844729,330.40479710248155,158.3357951884753,baseline,1,110.8350566319327,0.0,0.0,
2014-03-01,3,West,Therapy C,318.77927706981126,318.77927706981126,0.0,32.74864367026814,265.1663986535248,289.79934279073746,0,1.0,,early_market_before_b_launch,1,1,True,0.72,baseline,1.0,10008316.0250829,330.5421512814067,158.40161772898708,baseline,1,110.88113241029096,0.0,0.0,
2014-04-01,4,West,Therapy C,331.3279065002406,331.3279065002406,0.0,36.04078907396665,275.60457677065466,301.20718772749143,0,1.0,,early_market_before_b_launch,1,1,True,0.72,baseline,1.0,10012476.630625268,330.679562560503,158.46746763290608,baseline,1,110.92722734303425,0.0,0.0,
2014-05-01,5,West,Therapy C,346.4774424624389,346.4774424624389,0.0,39.37491637701703,288.2062362301196,314.9794931476717,0,1.0,,early_market_before_b_launch,1,1,True,0.72,baseline,1.0,10016638.965793122,330.817030963508,158.53334491160774,baseline,1,110.97334143812542,0.0,0.0,
2014-06-01,6,West,Therapy C,364.00315972623696,364.00315972623696,0.0,42.7057271573685,302.7844464995516,330.9119633874881,0,1.0,,early_market_before_b_launch,1,1,True,0.72,baseline,1.0,10020803.031305492,330.95455651416864,158.59924957647203,baseline,1,111.01947470353042,0.0,0.0,
2014-07-01,7,West,Therapy C,383.65120627357874,383.65120627357874,0.0,45.98937738552,319.1280488548405,348.7738238850716,0,1.0,,early_market_before_b_launch,1,1,True,0.72,baseline,1.0,10024968.82788171,331.0921392362423,158.6651816388839,baseline,1,111.0656271472187,0.0,0.0,
2014-08-01,8,West,Therapy C,405.14525170011547,405.14525170011547,0.0,49.18581632708267,337.00718664145967,368.3138651819231,0,1.0,,early_market_before_b_launch,1,1,True,0.72,baseline,1.0,10029136.356241409,331.2297791534959,158.73114111023276,baseline,1,111.11179877716292,0.0,0.0,
2014-09-01,9,West,Therapy C,428.19458594455335,428.19458594455335,0.0,52.26061876267971,356.18004194478755,389.2678054041394,0,1.0,,early_market_before_b_launch,1,1,True,0.72,baseline,1.0,10033305.617104506,331.3674762897062,158.797128001913,baseline,1,111.1579896013391,0.0,0.0,
2014-10-01,10,West,Therapy C,452.5028245743624,452.5028245743624,0.0,55.18616221372368,376.40007680503777,411.3662041585112,0,1.0,,early_market_before_b_launch,1,1,True,0.72,baseline,1.0,10037476.61119124,331.5052306686603,158.8631423253238,baseline,1,111.20419962772664,0.0,0.0,
2014-11-01,11,West,Therapy C,477.7764146017852,477.7764146017852,0.0,57.94211828749423,397.4231085096668,434.342195092532,0,1.0,,early_market_before_b_launch,1,1,True,0.72,baseline,1.0,10041649.339222131,331.6430423141545,158.92918409186868,baseline,1,111.25042886430806,0.0,0.0,
2014-12-01,12,West,Therapy C,503.73228079247895,503.73228079247895,0.0,60.51532857440501,419.0136699319256,457.9384370840718,0,1.0,,early_market_before_b_launch,1,1,True,0.72,baseline,1.0,10045823.80191801,331.7809112499956,158.99525331295635,baseline,1,111.29667731906945,0.0,0.0,
2015-01-01,13,West,Therapy C,530.1041596028356,530.1041596028356,0.0,62.899202434288526,440.950278215086,481.9128723662142,0,1.0,,early_market_before_b_launch,1,1,True,0.72,baseline,1.0,10049999.999999998,331.91883749999994,159.06134999999998,baseline,1,111.34294499999996,0.0,0.0,
2015-02-01,14,West,Therapy C,556.6473877881917,556.6473877881917,0.0,65.09280159236103,463.029418023814,506.043079807447,0,1.0,,early_market_before_b_launch,1,1,True,0.72,baseline,1.0,10054177.934189526,332.05682108799385,159.1274741644176,baseline,1,111.38923191509232,0.0,0.0,
2015-03-01,15,West,Therapy C,583.1421075743261,583.1421075743261,0.0,67.09977068011888,485.0682076640985,530.1291887039329,0,1.0,,early_market_before_b_launch,1,1,True,0.72,baseline,1.0,10058357.605208317,332.19486203781366,159.19362581763198,baseline,1,111.43553807234238,0.0,0.0,
2015-04-01,16,West,Therapy C,609.3949982564561,609.3949982564561,0.0,68.92724529631604,506.9058394587794,553.9954529604146,0,1.0,,early_market_before_b_launch,1,1,True,0.72,baseline,1.0,10062539.013778394,332.3329603733055,159.25980497107062,baseline,1,111.48186347974944,0.0,0.0,
2015-05-01,17,West,Therapy C,635.2397386417863,635.2397386417863,0.0,70.58483203375356,528.4039644156676,577.4906714925329,0,1.0,,early_market_before_b_launch,1,1,True,0.72,baseline,1.0,10066722.160622085,332.47111611832537,159.32601163616573,baseline,1,111.528208145316,0.0,0.0,
2015-06-01,18,West,Therapy C,660.5364504506279,660.5364504506279,0.0,72.08371781217588,549.4462292384768,600.4876822278435,0,1.0,,early_market_before_b_launch,1,1,True,0.72,baseline,1.0,10070907.046462016,332.60932929673936,159.39224582435432,baseline,1,111.57457207704802,0.0,0.0,
2015-07-01,19,West,Therapy C,685.1703802237208,685.1703802237208,0.0,73.43593460126937,569.9371799133678,622.8821638397461,0,1.0,,b_launch_growth,1,1,True,0.72,baseline,1.0,10075093.67202112,332.74759993242344,159.45850754707823,baseline,1,111.62095528295475,0.0,0.0,
2015-08-01,20,West,Therapy C,709.0500587601348,709.0500587601348,0.0,74.65378259584567,589.8007306959303,644.5909625092135,0,1.0,,b_launch_growth,1,1,True,0.72,baseline,1.0,10079282.038022611,332.8859280492633,159.5247968157839,baseline,1,111.66735777104871,0.0,0.0,
2015-09-01,21,West,Therapy C,732.1051438572559,732.1051438572559,0.0,75.74940008339331,608.9783696630811,665.5501307793236,0,1.0,,b_launch_growth,1,1,True,0.72,baseline,1.0,10083472.145190028,333.02431367115474,159.5911136419226,baseline,1,111.7137795493458,0.0,0.0,
2015-10-01,22,West,Therapy C,754.2841129245068,754.2841129245068,0.0,76.73446026828864,627.4272393872033,685.7128299313697,0,1.0,,b_launch_growth,1,1,True,0.72,baseline,1.0,10087663.994247196,333.1627568220036,159.65745803695037,baseline,1,111.76022062586526,0.0,0.0,
2015-11-01,23,West,Therapy C,775.5519329354222,775.5519329354222,0.0,77.61997237227136,645.1181987599192,705.0472117594746,0,1.0,,b_launch_growth,1,1,True,0.72,baseline,1.0,10091857.585918242,333.30125752572525,159.723830012328,baseline,1,111.8066810086296,0.0,0.0,
2015-12-01,24,West,Therapy C,795.8877997782379,795.8877997782379,0.0,78.41616467484249,662.0339425428069,723.5343634347616,0,1.0,,b_launch_growth,1,1,True,0.72,baseline,1.0,10096052.9209276,333.43981580624563,159.79022957952114,baseline,1,111.8531607056648,0.0,0.0,
2016-01-01,25,West,Therapy C,815.2830091085025,815.2830091085025,0.0,79.13242937401336,678.1672303038906,741.1663719168204,0,1.0,,b_launch_growth,1,1,True,0.72,baseline,1.0,10100249.999999998,333.5784316874999,159.85665674999998,baseline,1,111.89965972499998,0.0,0.0,
2016-02-01,26,West,Therapy C,833.7389967696595,833.7389967696595,0.0,79.77731221398142,693.519256403853,757.9445425178722,0,1.0,,b_launch_growth,1,1,True,0.72,baseline,1.0,10104448.823860472,333.71710519343384,159.9231115352397,baseline,1,111.9461780746678,0.0,0.0,
2016-03-01,27,West,Therapy C,851.2655684267495,851.2655684267495,0.0,80.3585330750102,708.0981773731598,773.8777894788632,0,1.0,,b_launch_growth,1,1,True,0.72,baseline,1.0,10108649.393234355,333.85583634800275,159.98959394672016,baseline,1,111.99271576270412,0.0,0.0,
2016-04-01,28,West,Therapy C,867.8793245515267,867.8793245515267,0.0,80.88302676459169,721.9178017860426,788.9812041377514,0,1.0,,b_launch_growth,1,1,True,0.72,baseline,1.0,10112851.708847284,333.994625175172,160.05610399592598,baseline,1,112.03927279714816,0.0,0.0,
2016-05-01,29,West,Therapy C,883.6022774519603,883.6022774519603,0.0,81.35699589755751,734.9964398804941,803.2747976836001,0,1.0,,b_launch_growth,1,1,True,0.72,baseline,1.0,10117055.771425191,334.133471698917,160.12264169434656,baseline,1,112.08584918604258,0.0,0.0,
2016-06-01,30,West,Therapy C,898.4606508057053,898.4606508057053,0.0,81.78596994287432,747.355904988382,816.7824098233684,0,1.0,,b_launch_growth,1,1,True,0.72,baseline,1.0,10121261.581694327,334.2723759432231,160.1892070534761,baseline,1,112.13244493743326,0.0,0.0,
2016-07-01,31,West,Therapy C,912.4838483701856,912.4838483701856,0.0,82.17486625724106,759.0206556897451,829.5307712456231,0,1.0,,b_launch_growth,1,1,True,0.72,baseline,1.0,10125469.140381224,334.4113379320856,160.2558000848136,baseline,1,112.17906005936952,0.0,0.0,
2016-08-01,32,West,Therapy C,925.7035765545496,925.7035765545496,0.0,82.52805026893613,770.0170659521933,841.5487059586812,0,1.0,,b_launch_growth,1,1,True,0.72,baseline,1.0,10129678.448212724,334.55035768950955,160.32242079986278,baseline,1,112.22569455990394,0.0,0.0,
2016-09-01,33,West,Therapy C,938.1531048287154,938.1531048287154,0.0,82.84939298300243,780.3728099257041,852.8664589351957,0,1.0,,b_launch_growth,1,1,True,0.72,baseline,1.0,10133889.505915975,334.68943523951054,160.38906921013222,baseline,1,112.27234844709254,0.0,0.0,
2016-10-01,34,West,Therapy C,949.8666481052936,949.8666481052936,0.0,83.14232471547173,790.116348196676,863.5151346411758,0,1.0,,b_launch_growth,1,1,True,0.72,baseline,1.0,10138102.31421843,334.82857060611354,160.4557453271351,baseline,1,112.31902172899456,0.0,0.0,
2016-11-01,35,West,Therapy C,960.8788559541288,960.8788559541288,0.0,83.40988448889566,799.2765029072981,873.5262326855716,0,1.0,,b_launch_growth,1,1,True,0.72,baseline,1.0,10142316.873847833,334.96776381335394,160.52244916238968,baseline,1,112.36571441367276,0.0,0.0,
2016-12-01,36,West,Therapy C,971.2243945707864,971.2243945707864,0.0,83.65476488432594,807.882110029336,882.931267791624,0,1.0,,b_launch_growth,1,1,True,0.72,baseline,1.0,10146533.185532236,335.10701488527684,160.58918072741875,baseline,1,112.41242650919312,0.0,0.0,
2017-01-01,37,West,Therapy C,980.937608658194,980.937608658194,0.0,83.87935238720385,815.961738111134,891.7614624165399,0,1.0,,b_launch_growth,1,1,True,0.72,baseline,1.0,10150751.249999996,335.2463238459373,160.65594003374994,baseline,1,112.45915802362497,0.0,0.0,
2017-02-01,38,West,Therapy C,990.0522516830345,990.0522516830345,0.0,84.08576341889714,823.5434638999785,900.0475015300311,0,1.0,,b_launch_growth,1,1,True,0.72,baseline,1.0,10154971.067979772,335.3856907194008,160.72272709291582,baseline,1,112.50590896504106,0.0,0.0,
2017-03-01,39,West,Therapy C,998.6012742606074,998.6012742606074,0.0,84.2758763369373,830.654696316778,907.819340236916,0,1.0,,b_launch_growth,1,1,True,0.72,baseline,1.0,10159192.640200526,335.5251155297427,160.78954191645374,baseline,1,112.55267934151762,0.0,0.0,
2017-04-01,40,West,Therapy C,1006.6166616561768,1006.6166616561768,0.0,84.45135973429167,837.3220412867288,915.1060560510696,0,1.0,,b_launch_growth,1,1,True,0.72,baseline,1.0,10163415.96739152,335.6645983010478,160.85638451590555,baseline,1,112.5994691611339,0.0,0.0,
2017-05-01,41,West,Therapy C,1014.1293125392244,1014.1293125392244,0.0,84.61369738529322,843.5712008849001,921.935738672022,0,1.0,,b_launch_growth,1,1,True,0.72,baseline,1.0,10167641.050282318,335.80413905741153,160.92325490281826,baseline,1,112.64627843197276,0.0,0.0,
2017-06-01,42,West,Therapy C,1021.1689521750984,1021.1689521750984,0.0,84.76421018337112,849.4269011274682,928.3354110682714,0,1.0,,b_launch_growth,1,1,True,0.72,baseline,1.0,10171867.889602795,335.9437378229392,160.99015308874348,baseline,1,112.69310716212044,0.0,0.0,
2017-07-01,43,West,Therapy C,1027.7640741811183,1027.7640741811183,0.0,84.904075400821,854.9128435233847,934.3309765282892,0,1.0,,b_launch_growth,1,1,True,0.72,baseline,1.0,10176096.486083128,336.08339462174587,161.05707908523763,baseline,1,112.73995535966634,0.0,0.0,
2017-08-01,44,West,Therapy C,1033.9419058122733,1033.9419058122733,0.0,85.03434357868176,860.0516761983909,939.9471871020664,0,1.0,,b_launch_growth,1,1,True,0.72,baseline,1.0,10180326.840453789,336.2231094779571,161.1240329038621,baseline,1,112.78682303270344,0.0,0.0,
2017-09-01,45,West,Therapy C,1039.7283924800354,1039.7283924800354,0.0,85.15595332891398,864.8649810174838,945.2076295273048,0,1.0,,b_launch_growth,1,1,True,0.72,baseline,1.0,10184558.953445558,336.36288241570804,161.19101455618284,baseline,1,112.83371018932796,0.0,0.0,
2017-10-01,46,West,Therapy C,1045.1481978535244,1045.1481978535244,0.0,85.26974430390189,869.3732736690679,950.1347253213858,0,1.0,,b_launch_growth,1,1,True,0.72,baseline,1.0,10188792.82578952,336.50271345914405,161.25802405377075,baseline,1,112.88061683763952,0.0,0.0,
2017-11-01,47,West,Therapy C,1050.224716453501,1050.224716453501,0.0,85.37646856138748,873.5960141408666,954.7497422304556,0,1.0,,b_launch_growth,1,1,True,0.72,baseline,1.0,10193028.458217071,336.6426026324206,161.32506140820158,baseline,1,112.9275429857411,0.0,0.0,
2017-12-01,48,West,Therapy C,1054.9800961349438,1054.9800961349438,0.0,85.4768005272639,877.5516254213394,959.0728146681306,0,1.0,,b_launch_growth,1,1,True,0.72,baseline,1.0,10197265.851459896,336.7825499597031,161.39212663105576,baseline,1,112.97448864173904,0.0,0.0,
2018-01-01,49,West,Therapy C,1059.4352682717144,1059.4352682717144,0.0,85.57134573476459,881.2575186078352,963.122971156104,0,1.0,,b_launch_growth,1,1,True,0.72,baseline,1.0,10201505.006249996,336.922555465167,161.45921973391867,baseline,1,113.02145381374308,0.0,0.0,
2018-02-01,50,West,Therapy C,1063.6099838150562,1063.6099838150562,0.0,85.66064849676137,884.7301229007059,966.9181671045964,0,1.0,,b_launch_growth,1,1,True,0.72,baseline,1.0,10205745.923319671,337.0626191729979,161.52634072838043,baseline,1,113.0684385098663,0.0,0.0,
2018-03-01,51,West,Therapy C,1067.5228537038183,1067.5228537038183,0.0,85.74519864821971,887.9849192172669,970.4753215489256,0,1.0,,b_launch_growth,1,1,True,0.72,baseline,1.0,10209988.603401529,337.2027411073914,161.593489626036,baseline,1,113.11544273822518,0.0,0.0,
2018-04-01,52,West,Therapy C,1071.1913923651457,1071.1913923651457,0.0,85.82543747831994,891.036476376462,973.8103566955868,0,1.0,,b_launch_growth,1,1,True,0.72,baseline,1.0,10214233.047228476,337.342921292553,161.66066643848507,baseline,1,113.16246650693954,0.0,0.0,
2018-05-01,53,West,Therapy C,1074.632063265968,1074.632063265968,0.0,85.90176295623627,893.8984889894189,976.9382393326982,0,1.0,,b_launch_growth,1,1,True,0.72,baseline,1.0,10218479.25553373,337.4831597526986,161.72787117733236,baseline,1,113.20950982413264,0.0,0.0,
2018-06-01,54,West,Therapy C,1077.8603256633742,1077.8603256633742,0.0,85.97453434092111,896.5838163472611,979.87302333034,0,1.0,,b_launch_growth,1,1,True,0.72,baseline,1.0,10222727.22905081,337.6234565120538,161.79510385418718,baseline,1,113.25657269793102,0.0,0.0,
2018-07-01,55,West,Therapy C,1080.8906818606229,1080.8906818606229,0.0,86.0440762533051,899.1045217295182,982.6278926005664,0,1.0,,b_launch_growth,1,1,True,0.72,baseline,1.0,10226976.96851354,337.76381159485453,161.8623644806638,baseline,1,113.30365513646464,0.0,0.0,
2018-08-01,56,West,Therapy C,1083.7367244092804,1083.7367244092804,0.0,86.11068227891849,901.4719116677196,985.2152040084368,0,1.0,,b_launch_growth,1,1,True,0.72,baseline,1.0,10231228.474656053,337.9042250253468,161.92965306838138,baseline,1,113.35075714786696,0.0,0.0,
2018-09-01,57,West,Therapy C,1086.4111828103796,1086.4111828103796,0.0,86.17461815989824,903.6965747922702,987.6465298276178,0,1.0,,b_launch_growth,1,1,True,0.72,baseline,1.0,10235481.748212785,338.0446968277865,161.9969696289637,baseline,1,113.3978787402746,0.0,0.0,
2018-10-01,58,West,Therapy C,1088.9259693617564,1088.9259693617564,0.0,86.23612462750823,905.7884199690972,989.9326994197784,0,1.0,,b_launch_growth,1,1,True,0.72,baseline,1.0,10239736.789918467,338.18522702643975,162.0643141740396,baseline,1,113.44501992182772,0.0,0.0,
2018-11-01,59,West,Therapy C,1091.2922238774745,1091.2922238774745,0.0,86.29541991951591,907.756713498081,992.0838398886132,0,1.0,,b_launch_growth,1,1,True,0.72,baseline,1.0,10243993.600508155,338.3258156455827,162.13168671524258,baseline,1,113.4921807006698,0.0,0.0,
2018-12-01,60,West,Therapy C,1093.5203570708863,1093.5203570708863,0.0,86.35270202090655,909.6101151998736,994.1094155189876,0,1.0,,b_launch_growth,1,1,True,0.72,baseline,1.0,10248252.180717194,338.4664627095016,162.19908726421104,baseline,1,113.53936108494771,0.0,0.0,
2019-01-01,61,West,Therapy C,1095.6200924473494,1095.6200924473494,0.0,86.40815066135303,911.3567132630224,996.0182658612266,0,1.0,,access_expansion,1,1,True,0.72,baseline,1.0,10252512.531281244,338.60716824249283,162.26651583258823,baseline,1,113.58656108281176,0.0,0.0,
2019-02-01,62,West,Therapy C,1097.6005065976628,1097.6005065976628,0.0,86.4619290984892,913.0040577607832,997.8186423615116,0,1.0,,access_expansion,1,1,True,0.72,baseline,1.0,10256774.652936269,338.7479322688629,162.33397243202234,baseline,1,113.63378070241562,0.0,0.0,
2019-03-01,63,West,Therapy C,1099.4700678203512,1099.4700678203512,0.0,86.51418571226321,914.5591927778374,999.5182434730464,0,1.0,,access_expansion,1,1,True,0.72,baseline,1.0,10261038.546418533,338.88875481292825,162.40145707416613,baseline,1,113.68101995191628,0.0,0.0,
2019-04-01,64,West,Therapy C,1101.2366730312542,1101.2366730312542,0.0,86.56505543239352,916.0286871123612,1001.1242482102308,0,1.0,,access_expansion,1,1,True,0.72,baseline,1.0,10265304.212464616,339.0296358990157,162.46896977067746,baseline,1,113.7282788394742,0.0,0.0,
2019-05-01,65,West,Therapy C,1102.9076829435498,1102.9076829435498,0.0,86.61466101813843,917.4186635394072,1002.6433481304996,0,1.0,,access_expansion,1,1,True,0.72,baseline,1.0,10269571.6518114,339.1705755514621,162.536510533219,baseline,1,113.77555737325328,0.0,0.0,
2019-06-01,66,West,Therapy C,1104.4899555212291,1104.4899555212291,0.0,86.6631142071648,918.7348266381132,1004.081777746572,0,1.0,,access_expansion,1,1,True,0.72,baseline,1.0,10273840.865196062,339.311573794614,162.60407937345806,baseline,1,113.82285556142064,0.0,0.0,
2019-07-01,67,West,Therapy C,1105.9898777249473,1105.9898777249473,0.0,86.71051674820251,919.9824891984788,1005.4453433863156,0,1.0,,access_expansion,1,1,True,0.72,baseline,1.0,10278111.853356108,339.4526306528289,162.67167630306716,baseline,1,113.870173412147,0.0,0.0,
2019-08-01,68,West,Therapy C,1107.413395581718,1107.413395581718,0.0,86.75696133035558,921.1665972338836,1006.7394505288344,0,1.0,,access_expansion,1,1,True,0.72,baseline,1.0,10282384.617029332,339.5937461504735,162.73930133372326,baseline,1,113.91751093360628,0.0,0.0,
2019-09-01,69,West,Therapy C,1108.766042619679,1108.766042619679,0.0,86.80253242037006,922.291753633642,1007.9691296542536,0,1.0,,access_expansion,1,1,True,0.72,baseline,1.0,10286659.156953843,339.7349203119253,162.8069544771085,baseline,1,113.96486813397594,0.0,0.0,
2019-10-01,70,West,Therapy C,1110.0529667165792,1110.0529667165792,0.0,86.84730701779375,923.3622404960636,1009.1390606514356,0,1.0,,access_expansion,1,1,True,0.72,baseline,1.0,10290935.47386806,339.8761531615719,162.87463574490977,baseline,1,114.01224502143684,0.0,0.0,
2019-11-01,71,West,Therapy C,1111.2789554161286,1111.2789554161286,0.0,86.8913553367805,924.3820401870524,1010.253595832844,0,1.0,,access_expansion,1,1,True,0.72,baseline,1.0,10295213.568510694,340.0174447238105,162.94234514881873,baseline,1,114.05964160417312,0.0,0.0,
2019-12-01,72,West,Therapy C,1112.448459770245,1112.448459770245,0.0,86.93474142226158,925.3548551725222,1011.316781609314,0,1.0,,access_expansion,1,1,True,0.72,baseline,1.0,10299493.44162078,340.15879502304904,163.01008270053208,baseline,1,114.10705789037245,0.0,0.0,
2020-01-01,73,West,Therapy C,1113.5656167678162,1113.5656167678162,0.0,86.97752370731057,926.2841266750472,1012.3323788798328,0,1.0,,access_expansion,1,1,True,0.72,baseline,1.0,10303775.09393765,340.30020408370524,163.07784841175118,baseline,1,114.15449388822582,0.0,0.0,
2020-02-01,74,West,Therapy C,1114.6342704120736,1114.6342704120736,0.0,87.01975551774694,927.1730522064066,1013.3038821927942,0,1.0,,access_expansion,1,1,True,0.72,baseline,1.0,10308058.52620095,340.44167193020724,163.1456422941825,baseline,1,114.20194960592772,0.0,0.0,
2020-03-01,75,West,Therapy C,1115.6579915093205,1115.6579915093205,0.0,87.06148552933897,928.0246020282073,1014.2345377357456,0,1.0,,access_expansion,1,1,True,0.72,baseline,1.0,10312343.739150625,340.58319858699286,163.21346435953694,baseline,1,114.24942505167586,0.0,0.0,
2020-04-01,76,West,Therapy C,1116.6400962316357,1116.6400962316357,0.0,87.1027581823707,928.8415345926788,1015.127360210578,0,1.0,,access_expansion,1,1,True,0.72,baseline,1.0,10316630.73352694,340.7247840785108,163.28131461953086,baseline,1,114.2969202336716,0.0,0.0,
2020-05-01,77,West,Therapy C,1117.5836635155392,1117.5836635155392,0.0,87.14361405781148,929.6264110151984,1015.98514865049,0,1.0,,access_expansion,1,1,True,0.72,baseline,1.0,10320919.510070452,340.8664284292193,163.34919308588505,baseline,1,114.34443516011952,0.0,0.0,
2020-06-01,78,West,Therapy C,1118.4915513574738,1118.4915513574738,0.0,87.18409021886836,930.3816086291712,1016.8105012340668,0,1.0,,access_expansion,1,1,True,0.72,baseline,1.0,10325210.069522042,341.0081316635871,163.41709977032536,baseline,1,114.39196983922774,0.0,0.0,
2020-07-01,79,West,Therapy C,1119.3664120655123,1119.3664120655123,0.0,87.22422052129454,931.109333672676,1017.6058291504658,0,1.0,,access_expansion,1,1,True,0.72,baseline,1.0,10329502.412622888,341.14989380609296,163.48503468458247,baseline,1,114.43952427920772,0.0,0.0,
2020-08-01,80,West,Therapy C,1120.2107065249625,1120.2107065249625,0.0,87.2640358954715,931.811633154855,1018.3733695681476,0,1.0,,access_expansion,1,1,True,0.72,baseline,1.0,10333796.54011448,341.29171488122586,163.55299784039187,baseline,1,114.4870984882743,0.0,0.0,
2020-09-01,81,West,Therapy C,1121.0267175336037,1121.0267175336037,0.0,87.30356460296642,932.4904059484064,1019.1151977578212,0,1.0,,access_expansion,1,1,True,0.72,baseline,1.0,10338092.452738617,341.433594913485,163.62098924949407,baseline,1,114.53469247464584,0.0,0.0,
2020-10-01,82,West,Therapy C,1121.8165622602337,1121.8165622602337,0.0,87.3428324699876,933.1474131528308,1019.833238418394,0,1.0,,access_expansion,1,1,True,0.72,baseline,1.0,10342390.151237397,341.5755339273797,163.6890089236343,baseline,1,114.582306246544,0.0,0.0,
2020-11-01,83,West,Therapy C,1122.5822038780184,1122.5822038780184,0.0,87.38186309991329,933.7842877712608,1020.529276252744,0,1.0,,access_expansion,1,1,True,0.72,baseline,1.0,10346689.636353243,341.7175319474296,163.75705687456283,baseline,1,114.62993981219398,0.0,0.0,
2020-12-01,84,West,Therapy C,1123.325462421922,1123.325462421922,0.0,87.42067806685014,934.4025437418716,1021.2049658381108,0,1.0,,access_expansion,1,1,True,0.72,baseline,1.0,10350990.90882888,341.8595889981642,163.82513311403468,baseline,1,114.67759317982429,0.0,0.0,
2021-01-01,85,West,Therapy C,1124.048024917239,1124.048024917239,0.0,87.45929709198201,935.003584362976,1021.8618408338534,0,1.0,,overlapping_competitor_launch,1,1,True,0.72,baseline,1.0,10355293.969407337,342.0017051041237,163.8932376538099,baseline,1,114.72526635766692,0.0,0.0,
2021-02-01,86,West,Therapy C,1124.7514548239988,1124.7514548239988,0.0,87.49773820429564,935.5887101490534,1022.5013225672716,0,1.0,,overlapping_competitor_launch,1,1,True,0.72,baseline,1.0,10359598.818831952,342.14388028985815,163.96137050565332,baseline,1,114.77295935395732,0.0,0.0,
2021-03-01,87,West,Therapy C,1125.437200839786,1125.437200839786,0.0,87.53601788711563,936.1591261530946,1023.124728036169,0,1.0,,overlapping_competitor_launch,1,1,True,0.72,baseline,1.0,10363905.45784638,342.2861145799279,164.02953168133467,baseline,1,114.82067217693428,0.0,0.0,
2021-04-01,88,West,Therapy C,1126.106605101319,1126.106605101319,0.0,87.5741512117409,936.7159487888244,1023.7332773648355,0,1.0,,overlapping_competitor_launch,1,1,True,0.72,baseline,1.0,10368213.887194572,342.4284079989033,164.09772119262848,baseline,1,114.86840483483994,0.0,0.0,
2021-05-01,89,West,Therapy C,1126.760910822995,1126.760910822995,0.0,87.61215195935236,937.260212184582,1024.328100748177,0,1.0,,overlapping_competitor_launch,1,1,True,0.72,baseline,1.0,10372524.107620804,342.5707605713654,164.16593905131447,baseline,1,114.91615733592012,0.0,0.0,
2021-06-01,90,West,Therapy C,1127.4012694085136,1127.4012694085136,0.0,87.65003273224862,937.7928740988998,1024.9102449168304,0,1.0,,overlapping_competitor_launch,1,1,True,0.72,baseline,1.0,10376836.119869651,342.71317232190506,164.234185269177,baseline,1,114.96392968842387,0.0,0.0,
2021-07-01,91,West,Therapy C,1128.0287470696949,1128.0287470696949,0.0,87.68780505536822,938.3148214261552,1025.480679154268,0,1.0,,overlapping_competitor_launch,1,1,True,0.72,baseline,1.0,10381149.924686002,342.8556432751234,164.30245985800536,baseline,1,115.01172190060376,0.0,0.0,
2021-08-01,92,West,Therapy C,1128.6443309846338,1128.6443309846338,0.0,87.72547946896634,938.8268753190364,1026.0403008951216,0,1.0,,overlapping_competitor_launch,1,1,True,0.72,baseline,1.0,10385465.522815049,342.9981734556319,164.3707628295938,baseline,1,115.05953398071564,0.0,0.0,
2021-09-01,93,West,Therapy C,1129.2489350254964,1129.2489350254964,0.0,87.76306561323312,939.3297959530264,1026.5899409322694,0,1.0,,overlapping_competitor_launch,1,1,True,0.72,baseline,1.0,10389782.915002303,343.14076288805234,164.4390941957415,baseline,1,115.10736593701904,0.0,0.0,
2021-10-01,94,West,Therapy C,1129.8434050844544,1129.8434050844544,0.0,87.8005723055684,939.8242869566144,1027.130368258595,0,1.0,,overlapping_competitor_launch,1,1,True,0.72,baseline,1.0,10394102.101993583,343.28341159701654,164.50745396825243,baseline,1,115.1552177777767,0.0,0.0,
2021-11-01,95,West,Therapy C,1130.4285240245538,1130.4285240245538,0.0,87.83800761116171,940.3109995295152,1027.662294567776,0,1.0,,overlapping_competitor_launch,1,1,True,0.72,baseline,1.0,10398423.084535012,343.4261196071667,164.57584215893564,baseline,1,115.20308951125494,0.0,0.0,
2021-12-01,96,West,Therapy C,1131.005016280681,1131.005016280681,0.0,87.87537890746762,940.7905362698392,1028.1863784369827,0,1.0,,overlapping_competitor_launch,1,1,True,0.72,baseline,1.0,10402745.863373024,343.568886943155,164.64425877960483,baseline,1,115.2509811457234,0.0,0.0,
2022-01-01,97,West,Therapy C,1131.5735521342467,1131.5735521342467,0.0,87.91269294311235,941.2634547298508,1028.7032292129516,0,1.0,,overlapping_competitor_launch,1,1,True,0.72,baseline,1.0,10407070.439254371,343.7117136296444,164.712703842079,baseline,1,115.2988926894553,0.0,0.0,
2022-02-01,98,West,Therapy C,1132.1347516837272,1132.1347516837272,0.0,87.94995589171937,941.7302707187366,1029.21341062157,0,1.0,,overlapping_competitor_launch,1,1,True,0.72,baseline,1.0,10411396.81292611,343.8545996913074,164.78117735818154,baseline,1,115.34682415072707,0.0,0.0,
2022-03-01,99,West,Therapy C,1132.6891885318191,1132.6891885318191,0.0,87.98717340109876,942.1914613696492,1029.7174441198354,0,1.0,,overlapping_competitor_launch,1,1,True,0.72,baseline,1.0,10415724.985135607,343.9975451528274,164.84967933974127,baseline,1,115.39477553781887,0.0,0.0,
2022-04-01,100,West,Therapy C,1133.237393208638,1133.237393208638,0.0,88.02435063820329,942.6474679871852,1030.2158120078527,0,1.0,,overlapping_competitor_launch,1,1,True,0.72,baseline,1.0,10420054.956630545,344.14055003889786,164.91820979859165,baseline,1,115.44274685901416,0.0,0.0,
2022-05-01,101,West,Therapy C,1133.7798563491465,1133.7798563491465,0.0,88.06149233022056,943.0986986904264,1030.708960317406,0,1.0,,overlapping_competitor_launch,1,1,True,0.72,baseline,1.0,10424386.728158908,344.28361437422217,164.98676874657102,baseline,1,115.49073812259972,0.0,0.0,
2022-06-01,102,West,Therapy C,1134.317031641819,1134.317031641819,0.0,88.09860280213647,943.5455308656948,1031.197301492563,0,1.0,,overlapping_competitor_launch,1,1,True,0.72,baseline,1.0,10428720.300468998,344.4267381835145,165.05535619552285,baseline,1,115.538749336866,0.0,0.0,
2022-07-01,103,West,Therapy C,1134.8493385644474,1134.8493385644474,0.0,88.13568601107531,943.9883134422448,1031.68121687677,0,1.0,,persistence_change,1,1,True,0.72,baseline,1.0,10433055.67430943,344.569921491499,165.12397215729536,baseline,1,115.58678051010672,0.0,0.0,
2022-08-01,104,West,Therapy C,1135.377164921935,1135.377164921935,0.0,88.17274557769605,944.4273690032458,1032.1610590199407,0,1.0,,persistence_change,1,1,True,0.72,baseline,1.0,10437392.850429123,344.7131643229101,165.19261664374176,baseline,1,115.63483165061922,0.0,0.0,
2022-09-01,105,West,Therapy C,1135.9008691999593,1135.9008691999593,0.0,88.20978481489905,944.8629957436026,1032.6371538181447,0,1.0,,persistence_change,1,1,True,0.72,baseline,1.0,10441731.829577316,344.85646670249264,165.26128966672022,baseline,1,115.68290276670416,0.0,0.0,
2022-10-01,106,West,Therapy C,1136.4207827474454,1136.4207827474454,0.0,88.24680675407488,945.295469285375,1033.1098024976775,0,1.0,,persistence_change,1,1,True,0.72,baseline,1.0,10446072.61250355,344.9998286550016,165.32999123809367,baseline,1,115.73099386666556,0.0,0.0,
2022-11-01,107,West,Therapy C,1136.937211799931,1136.937211799931,0.0,88.28381416910763,945.7250443608516,1033.5792834544825,0,1.0,,persistence_change,1,1,True,0.72,baseline,1.0,10450415.199957686,345.14325020520243,165.39872136973028,baseline,1,115.7791049588112,0.0,0.0,
2022-12-01,108,West,Therapy C,1137.4504393550949,1137.4504393550949,0.0,88.32080959832533,946.1519563726469,1034.0458539591768,0,1.0,,persistence_change,1,1,True,0.72,baseline,1.0,10454759.592689889,345.28673137787075,165.46748007350286,baseline,1,115.827236051452,0.0,0.0,
2023-01-01,109,West,Therapy C,1137.9607269109438,1137.9607269109438,0.0,88.3577953645746,946.5764228395576,1034.5097517372214,0,1.0,,persistence_change,1,1,True,0.72,baseline,1.0,10459105.791450642,345.4302721977925,165.5362673612893,baseline,1,115.8753871529025,0.0,0.0,
2023-02-01,110,West,Therapy C,1138.468316076452,1138.468316076452,0.0,88.39477359358045,946.9986447363212,1034.9711964331382,0,1.0,,persistence_change,1,1,True,0.72,baseline,1.0,10463453.79699074,345.573872689764,165.60508324497246,baseline,1,115.92355827148072,0.0,0.0,
2023-03-01,111,West,Therapy C,1138.9734300637654,1138.9734300637654,0.0,88.43174623073803,947.4188077348592,1035.430390967059,0,1.0,,persistence_change,1,1,True,0.72,baseline,1.0,10467803.610061286,345.7175328785916,165.67392773643996,baseline,1,115.97174941550796,0.0,0.0,
2023-04-01,112,West,Therapy C,1139.4762750704638,1139.4762750704638,0.0,88.46871505647132,947.8370833540675,1035.8875227913306,0,1.0,,persistence_change,1,1,True,0.72,baseline,1.0,10472155.231413696,345.86125278909225,165.74280084758456,baseline,1,116.01996059330918,0.0,0.0,
2023-05-01,113,West,Therapy C,1139.977041559784,1139.977041559784,0.0,88.50568170028146,948.2536300247295,1036.3427650543492,0,1.0,,persistence_change,1,1,True,0.72,baseline,1.0,10476508.6617997,346.0050324460932,165.81170259030384,baseline,1,116.06819181321268,0.0,0.0,
2023-06-01,114,West,Therapy C,1140.4759054461583,1140.4759054461583,0.0,88.54264765359648,948.668594075668,1036.796277678326,0,1.0,,persistence_change,1,1,True,0.72,baseline,1.0,10480863.901971342,346.148871874432,165.8806329765004,baseline,1,116.11644308355028,0.0,0.0,
2023-07-01,115,West,Therapy C,1149.613259621461,1149.613259621461,0.0,96.43436921656902,956.269211412397,1045.1029632922373,0,1.0,,epidemiology_change,1,1,True,0.72,baseline,1.0,10485220.952680975,387.8479036308312,185.86354306025163,epidemiology_change,109,130.10448014217613,0.0,0.0,
2023-08-01,116,West,Therapy C,1158.2789276329204,1158.2789276329204,0.0,96.71163189025783,963.4774716219292,1052.9808433026549,0,1.0,,epidemiology_change,1,1,True,0.72,baseline,1.0,10489579.81468127,388.0091377618675,185.9408092941957,epidemiology_change,109,130.158566505937,0.0,0.0,
2023-09-01,117,West,Therapy C,1166.4909538712025,1166.4909538712025,0.0,96.96885007916369,970.3083843565,1060.446321701093,0,1.0,,epidemiology_change,1,1,True,0.72,baseline,1.0,10493940.488725202,388.1704389203257,186.01810764886025,epidemiology_change,109,130.21267535420216,0.0,0.0,
2023-10-01,118,West,Therapy C,1174.2677247243191,1174.2677247243191,0.0,97.20772902924466,976.7772437479564,1067.5161133857446,0,1.0,,epidemiology_change,1,1,True,0.72,baseline,1.0,10498302.975566069,388.3318071340698,186.09543813759828,epidemiology_change,109,130.26680669631878,0.0,0.0,
2023-11-01,119,West,Therapy C,1181.6277800679873,1181.6277800679873,0.0,97.42982904112296,982.8994716020076,1074.2070727890791,0,1.0,,epidemiology_change,1,1,True,0.72,baseline,1.0,10502667.275957473,388.4932424309759,186.1728007737684,epidemiology_change,109,130.32096054163787,0.0,0.0,
2023-12-01,120,West,Therapy C,1188.5896543316971,1188.5896543316971,0.0,97.63657779044422,988.6904851940934,1080.5360493924518,0,1.0,,epidemiology_change,1,1,True,0.72,baseline,1.0,10507033.390653338,388.6547448389314,186.2501955707349,epidemiology_change,109,130.3751368995144,0.0,0.0,
2024-01-01,121,West,Therapy C,1195.171743474609,1195.171743474609,0.0,97.82928160100552,994.1655866175156,1086.519766795099,0,1.0,,epidemiology_change,1,1,True,0.72,baseline,1.0,10511401.320407895,388.81631438583526,186.32762254186727,epidemiology_change,109,130.42933577930708,0.0,0.0,
2024-02-01,122,West,Therapy C,1201.392194614901,1201.392194614901,0.0,98.00913575966706,999.339870975122,1092.174722377183,0,1.0,,epidemiology_change,1,1,True,0.72,baseline,1.0,10515771.065975692,388.9779510995982,186.40508170054096,epidemiology_change,109,130.48355719037866,0.0,0.0,
2024-03-01,123,West,Therapy C,1207.268815422579,1207.268815422579,0.0,98.17723395449536,1004.2281510106,1097.5171049296175,0,1.0,,epidemiology_change,1,1,True,0.72,baseline,1.0,10520142.62811159,389.1396550081426,186.4825730601368,epidemiology_change,109,130.53780114209576,0.0,0.0,
2024-04-01,124,West,Therapy C,1212.8190007133908,1212.8190007133908,0.0,98.3345769106642,1008.8448960479568,1102.5627279212642,0,1.0,,epidemiology_change,1,1,True,0.72,baseline,1.0,10524516.007570764,389.3014261394023,186.5600966340412,epidemiology_change,109,130.59206764382884,0.0,0.0,
2024-05-01,125,West,Therapy C,1218.0596739742862,1218.0596739742862,0.0,98.48208029230338,1013.204183351338,1107.32697634026,0,1.0,,epidemiology_change,1,1,True,0.72,baseline,1.0,10528891.205108697,389.4632645213225,186.637652435646,epidemiology_change,109,130.64635670495218,0.0,0.0,
2024-06-01,126,West,Therapy C,1223.0072418124307,1223.0072418124307,0.0,98.62058193268992,1017.3196602348856,1111.8247652840278,0,1.0,,epidemiology_change,1,1,True,0.72,baseline,1.0,10533268.221481198,389.6251701818607,186.7152404783489,epidemiology_change,109,130.70066833484424,0.0,0.0,
2024-07-01,127,West,Therapy C,1227.677559553234,1227.677559553234,0.0,98.75084844987268,1021.2045154465536,1116.070508684758,0,1.0,,epidemiology_change,1,1,True,0.72,baseline,1.0,10537647.05744438,389.7871431489853,186.79286077555287,epidemiology_change,109,130.755002542887,0.0,0.0,
2024-08-01,128,West,Therapy C,1232.0859064211747,1232.0859064211747,0.0,98.87358129996863,1024.871458523068,1120.0780967465223,0,1.0,,epidemiology_change,1,1,True,0.72,baseline,1.0,10542027.713754674,389.94918345067686,186.8705133406667,epidemiology_change,109,130.80935933846666,0.0,0.0,
2024-09-01,129,West,Therapy C,1236.2469689228965,1236.2469689228965,0.0,98.98942231592886,1028.3327059676822,1123.8608808389968,0,1.0,,epidemiology_change,1,1,True,0.72,baseline,1.0,10546410.191168826,390.11129111492727,186.9481981871045,epidemiology_change,109,130.86373873097318,0.0,0.0,
2024-10-01,130,West,Therapy C,1240.17483121751,1240.17483121751,0.0,99.09895877550876,1031.5999732400196,1127.4316647431908,0,1.0,,epidemiology_change,1,1,True,0.72,baseline,1.0,10550794.490443897,390.2734661697401,187.02591532828623,epidemiology_change,109,130.91814072980034,0.0,0.0,
2024-11-01,131,West,Therapy C,1243.882971406329,1243.882971406329,0.0,99.20272803846126,1034.68447166981,1130.8027012784808,0,1.0,,epidemiology_change,1,1,True,0.72,baseline,1.0,10555180.612337258,390.4357086431307,187.1036647776372,epidemiology_change,109,130.97256534434604,0.0,0.0,
2024-12-01,132,West,Therapy C,1247.3842628053158,1247.3842628053158,0.0,99.30122178956786,1037.5969095153307,1133.9856934593777,0,1.0,,epidemiology_change,1,1,True,0.72,baseline,1.0,10559568.557606602,390.5980185631259,187.18144654858847,epidemiology_change,109,131.0270125840119,0.0,0.0,
2025-01-01,133,West,Therapy C,1250.6909793799773,1250.6909793799773,0.0,99.39488992101238,1040.3474964842535,1136.991799436343,0,1.0,,epidemiology_change,1,1,True,0.72,baseline,1.0,10563958.327009937,390.7603959577644,187.2592606545766,epidemiology_change,109,131.0814824582036,0.0,0.0,
2025-02-01,134,West,Therapy C,1253.8148046259068,1253.8148046259068,0.0,99.4841440847524,1042.9459511206408,1139.831640569006,0,1.0,,epidemiology_change,1,1,True,0.72,baseline,1.0,10568349.92130557,390.9228408550962,187.3371071090437,epidemiology_change,109,131.13597497633057,0.0,0.0,
2025-03-01,135,West,Therapy C,1256.766843269938,1256.766843269938,0.0,99.56936094293935,1045.4015105381757,1142.51531206358,0,1.0,,epidemiology_change,1,1,True,0.72,baseline,1.0,10572743.341252146,391.0853532831833,187.4149859254375,epidemiology_change,109,131.19049014780623,0.0,0.0,
2025-04-01,136,West,Therapy C,1259.5576352482517,1259.5576352482517,0.0,99.65088514205284,1047.722942047409,1145.0523956802283,0,1.0,,epidemiology_change,1,1,True,0.72,baseline,1.0,10577138.587608617,391.2479332700991,187.49289711721133,epidemiology_change,109,131.24502798204793,0.0,0.0,
2025-05-01,137,West,Therapy C,1262.1971714898068,1262.1971714898068,0.0,99.72903203423306,1049.9185562847028,1147.4519740816422,0,1.0,,epidemiology_change,1,1,True,0.72,baseline,1.0,10581535.66113424,391.4105808439292,187.57084069782425,epidemiology_change,109,131.29958848847696,0.0,0.0,
2025-06-01,138,West,Therapy C,1264.6949110972037,1264.6949110972037,0.0,99.80409016730049,1051.996221503583,1149.7226464520031,0,1.0,,epidemiology_change,1,1,True,0.72,baseline,1.0,10585934.562588604,391.57329603277,187.64881668074065,epidemiology_change,109,131.35417167651846,0.0,0.0,
2025-07-01,139,West,Therapy C,1267.0597995733772,1267.0597995733772,0.0,99.87632356312338,1053.9633787360365,1151.8725450667064,0,1.0,,epidemiology_change,1,1,True,0.72,baseline,1.0,10590335.2927316,391.7360788647303,187.72682507943065,epidemiology_change,109,131.40877755560146,0.0,0.0,
2025-08-01,140,West,Therapy C,1269.3002877921967,1269.3002877921967,0.0,99.94597380232427,1055.8270575726,1153.9093525383607,0,1.0,,epidemiology_change,1,1,True,0.72,baseline,1.0,10594737.852323446,391.89892936793024,187.80486590737,epidemiology_change,109,131.463406135159,0.0,0.0,
2025-09-01,141,West,Therapy C,1271.4243514548252,1271.4243514548252,0.0,100.01326193178632,1057.5938923465137,1155.8403195043863,0,1.0,,epidemiology_change,1,1,True,0.72,baseline,1.0,10599142.24212467,392.0618475705018,187.88293917804,epidemiology_change,109,131.51805742462798,0.0,0.0,
2025-10-01,142,West,Therapy C,1273.4395108121887,1273.4395108121887,0.0,100.07839021002152,1059.2701385392295,1157.672282556535,0,1.0,,epidemiology_change,1,1,True,0.72,baseline,1.0,10603548.462896116,392.2248335005888,187.9610449049277,epidemiology_change,109,131.57273143344935,0.0,0.0,
2025-11-01,143,West,Therapy C,1275.3528504677531,1275.3528504677531,0.0,100.14154370418244,1060.861689252722,1159.411682243412,0,1.0,,epidemiology_change,1,1,True,0.72,baseline,1.0,10607956.515398944,392.3878871863464,188.0391831015254,epidemiology_change,109,131.62742817106778,0.0,0.0,
2025-12-01,144,West,Therapy C,1277.1710391044558,1277.1710391044558,0.0,100.20289175132854,1062.3740916187064,1161.0645810040503,0,1.0,,epidemiology_change,1,1,True,0.72,baseline,1.0,10612366.400394635,392.55100865594153,188.11735378133145,epidemiology_change,109,131.68214764693198,0.0,0.0,
2014-01-01,1,East,Therapy D,0.0,0.0,0.0,0.0,0.0,0.0,0,1.0,,early_market_before_b_launch,85,78,False,0.0,not_launched,,9000000.0,289.87875,138.915,baseline,1,41.6745,321.246,0.4046755373782051,1.0
2014-02-01,2,East,Therapy D,0.0,0.0,0.0,0.0,0.0,0.0,0,1.0,,early_market_before_b_launch,85,78,False,0.0,not_launched,,9003741.43360256,289.9992568995464,138.9727490276555,baseline,1,41.69182470829665,0.0,0.4046755373782051,1.0
2014-03-01,3,East,Therapy D,0.0,0.0,0.0,0.0,0.0,0.0,0,1.0,,early_market_before_b_launch,85,78,False,0.0,not_launched,,9007484.422574611,290.11981389560003,139.03052206243916,baseline,1,41.70915661873175,0.0,0.4046755373782051,1.0
2014-04-01,4,East,Therapy D,0.0,0.0,0.0,0.0,0.0,0.0,0,1.0,,early_market_before_b_launch,85,78,False,0.0,not_launched,,9011228.96756274,290.2404210089864,139.08831911433091,baseline,1,41.72649573429927,0.0,0.4046755373782051,1.0
2014-05-01,5,East,Therapy D,0.0,0.0,0.0,0.0,0.0,0.0,0,1.0,,early_market_before_b_launch,85,78,False,0.0,not_launched,,9014975.06921381,290.3610782605403,139.14614019331518,baseline,1,41.74384205799455,0.0,0.4046755373782051,1.0
2014-06-01,6,East,Therapy D,0.0,0.0,0.0,0.0,0.0,0.0,0,1.0,,early_market_before_b_launch,85,78,False,0.0,not_launched,,9018722.728174943,290.4817856711047,139.20398530938027,baseline,1,41.76119559281408,0.0,0.4046755373782051,1.0
2014-07-01,7,East,Therapy D,0.0,0.0,0.0,0.0,0.0,0.0,0,1.0,,early_market_before_b_launch,85,78,False,0.0,not_launched,,9022471.94509354,290.60254326153154,139.2618544725188,baseline,1,41.77855634175564,0.0,0.4046755373782051,1.0
2014-08-01,8,East,Therapy D,0.0,0.0,0.0,0.0,0.0,0.0,0,1.0,,early_market_before_b_launch,85,78,False,0.0,not_launched,,9026222.720617265,290.72335105268127,139.31974769272747,baseline,1,41.79592430781824,0.0,0.4046755373782051,1.0
2014-09-01,9,East,Therapy D,0.0,0.0,0.0,0.0,0.0,0.0,0,1.0,,early_market_before_b_launch,85,78,False,0.0,not_launched,,9029975.055394055,290.8442090654233,139.37766498000727,baseline,1,41.81329949400218,0.0,0.4046755373782051,1.0
2014-10-01,10,East,Therapy D,0.0,0.0,0.0,0.0,0.0,0.0,0,1.0,,early_market_before_b_launch,85,78,False,0.0,not_launched,,9033728.950072115,290.9651173206353,139.43560634436312,baseline,1,41.830681903308935,0.0,0.4046755373782051,1.0
2014-11-01,11,East,Therapy D,0.0,0.0,0.0,0.0,0.0,0.0,0,1.0,,early_market_before_b_launch,85,78,False,0.0,not_launched,,9037484.40529992,291.0860758392037,139.49357179580423,baseline,1,41.84807153874127,0.0,0.4046755373782051,1.0
2014-12-01,12,East,Therapy D,0.0,0.0,0.0,0.0,0.0,0.0,0,1.0,,early_market_before_b_launch,85,78,False,0.0,not_launched,,9041241.42172621,291.2070846420241,139.5515613443441,baseline,1,41.86546840330322,0.0,0.4046755373782051,1.0
2015-01-01,13,East,Therapy D,0.0,0.0,0.0,0.0,0.0,0.0,0,1.0,,early_market_before_b_launch,85,78,False,0.0,not_launched,,9044999.999999998,291.3281437499999,139.60957499999998,baseline,1,41.88287249999999,0.0,0.4046755373782051,1.0
2015-02-01,14,East,Therapy D,0.0,0.0,0.0,0.0,0.0,0.0,0,1.0,,early_market_before_b_launch,85,78,False,0.0,not_launched,,9048760.140770571,291.4492531840441,139.66761277279377,baseline,1,41.90028383183813,0.0,0.4046755373782051,1.0
2015-03-01,15,East,Therapy D,0.0,0.0,0.0,0.0,0.0,0.0,0,1.0,,early_market_before_b_launch,85,78,False,0.0,not_launched,,9052521.844687482,291.57041296507794,139.7256746727513,baseline,1,41.91770240182539,0.0,0.4046755373782051,1.0
2015-04-01,16,East,Therapy D,0.0,0.0,0.0,0.0,0.0,0.0,0,1.0,,early_market_before_b_launch,85,78,False,0.0,not_launched,,9056285.112400554,291.6916231140313,139.78376070990254,baseline,1,41.93512821297076,0.0,0.4046755373782051,1.0
2015-05-01,17,East,Therapy D,0.0,0.0,0.0,0.0,0.0,0.0,0,1.0,,early_market_before_b_launch,85,78,False,0.0,not_launched,,9060049.944559876,291.81288365184287,139.84187089428167,baseline,1,41.9525612682845,0.0,0.4046755373782051,1.0
2015-06-01,18,East,Therapy D,0.0,0.0,0.0,0.0,0.0,0.0,0,1.0,,early_market_before_b_launch,85,78,False,0.0,not_launched,,9063816.341815814,291.93419459946006,139.90000523592707,baseline,1,41.97000157077812,0.0,0.4046755373782051,1.0
2015-07-01,19,East,Therapy D,0.0,0.0,0.0,0.0,0.0,0.0,0,1.0,,b_launch_growth,85,78,False,0.0,not_launched,,9067584.304819006,292.0555559778392,139.95816374488138,baseline,1,41.98744912346441,0.0,0.9046755373782052,12.0
2015-08-01,20,East,Therapy D,0.0,0.0,0.0,0.0,0.0,0.0,0,1.0,,b_launch_growth,85,78,False,0.0,not_launched,,9071353.834220352,292.1769678079447,140.01634643119112,baseline,1,42.00490392935733,0.0,0.9046755373782052,12.0
2015-09-01,21,East,Therapy D,0.0,0.0,0.0,0.0,0.0,0.0,0,1.0,,b_launch_growth,85,78,False,0.0,not_launched,,9075124.930671023,292.2984301107504,140.07455330490728,baseline,1,42.022365991472185,0.0,0.9046755373782052,12.0
2015-10-01,22,East,Therapy D,0.0,0.0,0.0,0.0,0.0,0.0,0,1.0,,b_launch_growth,85,78,False,0.0,not_launched,,9078897.594822476,292.4199429072384,140.1327843760849,baseline,1,42.039835312825474,0.0,0.9046755373782052,12.0
2015-11-01,23,East,Therapy D,0.0,0.0,0.0,0.0,0.0,0.0,0,1.0,,b_launch_growth,85,78,False,0.0,not_launched,,9082671.82732642,292.5415062183998,140.19103965478328,baseline,1,42.05731189643498,0.0,0.9046755373782052,12.0
2015-12-01,24,East,Therapy D,0.0,0.0,0.0,0.0,0.0,0.0,0,1.0,,b_launch_growth,85,78,False,0.0,not_launched,,9086447.628834838,292.6631200652341,140.24931915106575,baseline,1,42.074795745319726,0.0,0.9046755373782052,12.0
2016-01-01,25,East,Therapy D,0.0,0.0,0.0,0.0,0.0,0.0,0,1.0,,b_launch_growth,85,78,False,0.0,not_launched,,9090224.999999998,292.78478446874993,140.307622875,baseline,1,42.0922868625,0.0,0.9046755373782052,12.0
2016-02-01,26,East,Therapy D,0.0,0.0,0.0,0.0,0.0,0.0,0,1.0,,b_launch_growth,85,78,False,0.0,not_launched,,9094003.941474425,292.9064994499643,140.36595083665773,baseline,1,42.10978525099732,0.0,0.9046755373782052,12.0
2016-03-01,27,East,Therapy D,0.0,0.0,0.0,0.0,0.0,0.0,0,1.0,,b_launch_growth,85,78,False,0.0,not_launched,,9097784.45391092,293.0282650299033,140.42430304611506,baseline,1,42.127290913834514,0.0,0.9046755373782052,12.0
2016-04-01,28,East,Therapy D,0.0,0.0,0.0,0.0,0.0,0.0,0,1.0,,b_launch_growth,85,78,False,0.0,not_launched,,9101566.537962556,293.1500812296015,140.48267951345207,baseline,1,42.14480385403562,0.0,0.9046755373782052,12.0
2016-05-01,29,East,Therapy D,0.0,0.0,0.0,0.0,0.0,0.0,0,1.0,,b_launch_growth,85,78,False,0.0,not_launched,,9105350.194282675,293.27194807010216,140.54108024875313,baseline,1,42.162324074625936,0.0,0.9046755373782052,12.0
2016-06-01,30,East,Therapy D,0.0,0.0,0.0,0.0,0.0,0.0,0,1.0,,b_launch_growth,85,78,False,0.0,not_launched,,9109135.423524894,293.3938655724574,140.59950526210673,baseline,1,42.17985157863202,0.0,0.9046755373782052,12.0
2016-07-01,31,East,Therapy D,0.0,0.0,0.0,0.0,0.0,0.0,0,1.0,,b_launch_growth,85,78,False,0.0,not_launched,,9112922.2263431,293.5158337577284,140.65795456360576,baseline,1,42.19738636908173,0.0,0.9046755373782052,12.0
2016-08-01,32,East,Therapy D,0.0,0.0,0.0,0.0,0.0,0.0,0,1.0,,b_launch_growth,85,78,False,0.0,not_launched,,9116710.603391452,293.6378526469844,140.71642816334705,baseline,1,42.21492844900411,0.0,0.9046755373782052,12.0
2016-09-01,33,East,Therapy D,0.0,0.0,0.0,0.0,0.0,0.0,0,1.0,,b_launch_growth,85,78,False,0.0,not_launched,,9120500.55532438,293.75992226130404,140.77492607143176,baseline,1,42.232477821429526,0.0,0.9046755373782052,12.0
2016-10-01,34,East,Therapy D,0.0,0.0,0.0,0.0,0.0,0.0,0,1.0,,b_launch_growth,85,78,False,0.0,not_launched,,9124292.082796589,293.8820426217746,140.83344829796533,baseline,1,42.2500344893896,0.0,0.9046755373782052,12.0
2016-11-01,35,East,Therapy D,0.0,0.0,0.0,0.0,0.0,0.0,0,1.0,,b_launch_growth,85,78,False,0.0,not_launched,,9128085.186463049,294.0042137494917,140.89199485305718,baseline,1,42.26759845591715,0.0,0.9046755373782052,12.0
2016-12-01,36,East,Therapy D,0.0,0.0,0.0,0.0,0.0,0.0,0,1.0,,b_launch_growth,85,78,False,0.0,not_launched,,9131879.866979012,294.1264356655603,140.95056574682107,baseline,1,42.28516972404632,0.0,0.9046755373782052,12.0
2017-01-01,37,East,Therapy D,0.0,0.0,0.0,0.0,0.0,0.0,0,1.0,,b_launch_growth,85,78,False,0.0,not_launched,,9135676.124999996,294.24870839109366,141.00916098937498,baseline,1,42.30274829681249,0.0,0.9046755373782052,12.0
2017-02-01,38,East,Therapy D,0.0,0.0,0.0,0.0,0.0,0.0,0,1.0,,b_launch_growth,85,78,False,0.0,not_launched,,9139473.961181795,294.37103194721414,141.067780590841,baseline,1,42.3203341772523,0.0,0.9046755373782052,12.0
2017-03-01,39,East,Therapy D,0.0,0.0,0.0,0.0,0.0,0.0,0,1.0,,b_launch_growth,85,78,False,0.0,not_launched,,9143273.376180472,294.4934063550528,141.1264245613456,baseline,1,42.33792736840368,0.0,0.9046755373782052,12.0
2017-04-01,40,East,Therapy D,0.0,0.0,0.0,0.0,0.0,0.0,0,1.0,,b_launch_growth,85,78,False,0.0,not_launched,,9147074.370652366,294.61583163574943,141.1850929110193,baseline,1,42.35552787330579,0.0,0.9046755373782052,12.0
2017-05-01,41,East,Therapy D,0.0,0.0,0.0,0.0,0.0,0.0,0,1.0,,b_launch_growth,85,78,False,0.0,not_launched,,9150876.945254087,294.73830781045257,141.24378564999685,baseline,1,42.37313569499906,0.0,0.9046755373782052,12.0
2017-06-01,42,East,Therapy D,0.0,0.0,0.0,0.0,0.0,0.0,0,1.0,,b_launch_growth,85,78,False,0.0,not_launched,,9154681.100642515,294.8608349003197,141.30250278841726,baseline,1,42.39075083652518,0.0,0.9046755373782052,12.0
2017-07-01,43,East,Therapy D,0.0,0.0,0.0,0.0,0.0,0.0,0,1.0,,b_launch_growth,85,78,False,0.0,not_launched,,9158486.837474816,294.98341292651696,141.3612443364238,baseline,1,42.40837330092714,0.0,0.9046755373782052,12.0
2017-08-01,44,East,Therapy D,0.0,0.0,0.0,0.0,0.0,0.0,0,1.0,,b_launch_growth,85,78,False,0.0,not_launched,,9162294.156408409,295.10604191021923,141.42001030416375,baseline,1,42.42600309124912,0.0,0.9046755373782052,12.0
2017-09-01,45,East,Therapy D,0.0,0.0,0.0,0.0,0.0,0.0,0,1.0,,b_launch_growth,85,78,False,0.0,not_launched,,9166103.058101002,295.2287218726106,141.47880070178897,baseline,1,42.44364021053669,0.0,0.9046755373782052,12.0
2017-10-01,46,East,Therapy D,0.0,0.0,0.0,0.0,0.0,0.0,0,1.0,,b_launch_growth,85,78,False,0.0,not_launched,,9169913.54321057,295.35145283488345,141.53761553945515,baseline,1,42.46128466183655,0.0,0.9046755373782052,12.0
2017-11-01,47,East,Therapy D,0.0,0.0,0.0,0.0,0.0,0.0,0,1.0,,b_launch_growth,85,78,False,0.0,not_launched,,9173725.612395365,295.4742348182391,141.59645482732242,baseline,1,42.47893644819673,0.0,0.9046755373782052,12.0
2017-12-01,48,East,Therapy D,0.0,0.0,0.0,0.0,0.0,0.0,0,1.0,,b_launch_growth,85,78,False,0.0,not_launched,,9177539.266313909,295.597067843888,141.65531857555513,baseline,1,42.496595572666536,0.0,0.9046755373782052,12.0
2018-01-01,49,East,Therapy D,0.0,0.0,0.0,0.0,0.0,0.0,0,1.0,,b_launch_growth,85,78,False,0.0,not_launched,,9181354.505624996,295.7199519330491,141.71420679432185,baseline,1,42.51426203829654,0.0,0.9046755373782052,12.0
2018-02-01,50,East,Therapy D,0.0,0.0,0.0,0.0,0.0,0.0,0,1.0,,b_launch_growth,85,78,False,0.0,not_launched,,9185171.330987705,295.84288710695023,141.77311949379524,baseline,1,42.531935848138566,0.0,0.9046755373782052,12.0
2018-03-01,51,East,Therapy D,0.0,0.0,0.0,0.0,0.0,0.0,0,1.0,,b_launch_growth,85,78,False,0.0,not_launched,,9188989.743061377,295.96587338682804,141.83205668415232,baseline,1,42.54961700524569,0.0,0.9046755373782052,12.0
2018-04-01,52,East,Therapy D,0.0,0.0,0.0,0.0,0.0,0.0,0,1.0,,b_launch_growth,85,78,False,0.0,not_launched,,9192809.742505629,296.08891079392816,141.8910183755744,baseline,1,42.56730551267231,0.0,0.9046755373782052,12.0
2018-05-01,53,East,Therapy D,0.0,0.0,0.0,0.0,0.0,0.0,0,1.0,,b_launch_growth,85,78,False,0.0,not_launched,,9196631.329980357,296.2119993495048,141.95000457824682,baseline,1,42.58500137347404,0.0,0.9046755373782052,12.0
2018-06-01,54,East,Therapy D,0.0,0.0,0.0,0.0,0.0,0.0,0,1.0,,b_launch_growth,85,78,False,0.0,not_launched,,9200454.506145729,296.33513907482126,142.00901530235933,baseline,1,42.6027045907078,0.0,0.9046755373782052,12.0
2018-07-01,55,East,Therapy D,0.0,0.0,0.0,0.0,0.0,0.0,0,1.0,,b_launch_growth,85,78,False,0.0,not_launched,,9204279.271662189,296.4583299911494,142.06805055810585,baseline,1,42.62041516743175,0.0,0.9046755373782052,12.0
2018-08-01,56,East,Therapy D,0.0,0.0,0.0,0.0,0.0,0.0,0,1.0,,b_launch_growth,85,78,False,0.0,not_launched,,9208105.627190448,296.58157211977027,142.12711035568455,baseline,1,42.63813310670536,0.0,0.9046755373782052,12.0
2018-09-01,57,East,Therapy D,0.0,0.0,0.0,0.0,0.0,0.0,0,1.0,,b_launch_growth,85,78,False,0.0,not_launched,,9211933.573391505,296.7048654819736,142.18619470529785,baseline,1,42.65585841158936,0.0,0.9046755373782052,12.0
2018-10-01,58,East,Therapy D,0.0,0.0,0.0,0.0,0.0,0.0,0,1.0,,b_launch_growth,85,78,False,0.0,not_launched,,9215763.11092662,296.8282100990578,142.24530361715242,baseline,1,42.67359108514572,0.0,0.9046755373782052,12.0
2018-11-01,59,East,Therapy D,0.0,0.0,0.0,0.0,0.0,0.0,0,1.0,,b_launch_growth,85,78,False,0.0,not_launched,,9219594.24045734,296.9516059923303,142.30443710145903,baseline,1,42.69133113043771,0.0,0.9046755373782052,12.0
2018-12-01,60,East,Therapy D,0.0,0.0,0.0,0.0,0.0,0.0,0,1.0,,b_launch_growth,85,78,False,0.0,not_launched,,9223426.962645477,297.07505318310746,142.36359516843294,baseline,1,42.70907855052988,0.0,0.9046755373782052,12.0
2019-01-01,61,East,Therapy D,0.0,0.0,0.0,0.0,0.0,0.0,0,1.0,,access_expansion,85,78,False,0.0,not_launched,,9227261.27815312,297.19855169271426,142.4227778282934,baseline,1,42.726833348488015,0.0,1.1246755373782051,55.0
2019-02-01,62,East,Therapy D,0.0,0.0,0.0,0.0,0.0,0.0,0,1.0,,access_expansion,85,78,False,0.0,not_launched,,9231097.18764264,297.3221015424849,142.48198509126416,baseline,1,42.744595527379246,0.0,1.1246755373782051,55.0
2019-03-01,63,East,Therapy D,0.0,0.0,0.0,0.0,0.0,0.0,0,1.0,,access_expansion,85,78,False,0.0,not_launched,,9234934.69177668,297.44570275376213,142.54121696757306,baseline,1,42.76236509027192,0.0,1.1246755373782051,55.0
2019-04-01,64,East,Therapy D,0.0,0.0,0.0,0.0,0.0,0.0,0,1.0,,access_expansion,85,78,False,0.0,not_launched,,9238773.791218154,297.5693553478977,142.60047346745222,baseline,1,42.78014204023567,0.0,1.1246755373782051,55.0
2019-05-01,65,East,Therapy D,0.0,0.0,0.0,0.0,0.0,0.0,0,1.0,,access_expansion,85,78,False,0.0,not_launched,,9242614.486630255,297.69305934625226,142.65975460113802,baseline,1,42.7979263803414,0.0,1.1246755373782051,55.0
2019-06-01,66,East,Therapy D,0.0,0.0,0.0,0.0,0.0,0.0,0,1.0,,access_expansion,85,78,False,0.0,not_launched,,9246456.778676456,297.81681477019526,142.7190603788711,baseline,1,42.815718113661326,0.0,1.1246755373782051,55.0
2019-07-01,67,East,Therapy D,0.0,0.0,0.0,0.0,0.0,0.0,0,1.0,,access_expansion,85,78,False,0.0,not_launched,,9250300.668020498,297.9406216411052,142.77839081089638,baseline,1,42.83351724326892,0.0,1.1246755373782051,55.0
2019-08-01,68,East,Therapy D,0.0,0.0,0.0,0.0,0.0,0.0,0,1.0,,access_expansion,85,78,False,0.0,not_launched,,9254146.1553264,298.0644799803692,142.837745907463,baseline,1,42.85132377223889,0.0,1.1246755373782051,55.0
2019-09-01,69,East,Therapy D,0.0,0.0,0.0,0.0,0.0,0.0,0,1.0,,access_expansion,85,78,False,0.0,not_launched,,9257993.24125846,298.18838980938347,142.89712567882435,baseline,1,42.8691377036473,0.0,1.1246755373782051,55.0
2019-10-01,70,East,Therapy D,0.0,0.0,0.0,0.0,0.0,0.0,0,1.0,,access_expansion,85,78,False,0.0,not_launched,,9261841.926481253,298.312351149553,142.95653013523813,baseline,1,42.88695904057143,0.0,1.1246755373782051,55.0
2019-11-01,71,East,Therapy D,0.0,0.0,0.0,0.0,0.0,0.0,0,1.0,,access_expansion,85,78,False,0.0,not_launched,,9265692.211659623,298.4363640222919,143.0159592869663,baseline,1,42.90478778608989,0.0,1.1246755373782051,55.0
2019-12-01,72,East,Therapy D,0.0,0.0,0.0,0.0,0.0,0.0,0,1.0,,access_expansion,85,78,False,0.0,not_launched,,9269544.097458702,298.56042844902294,143.07541314427507,baseline,1,42.92262394328253,0.0,1.1246755373782051,55.0
2020-01-01,73,East,Therapy D,0.0,0.0,0.0,0.0,0.0,0.0,0,1.0,,access_expansion,85,78,False,0.0,not_launched,,9273397.584543886,298.6845444511779,143.1348917174349,baseline,1,42.94046751523047,0.0,1.1246755373782051,55.0
2020-02-01,74,East,Therapy D,0.0,0.0,0.0,0.0,0.0,0.0,0,1.0,,access_expansion,85,78,False,0.0,not_launched,,9277252.673580855,298.80871205019736,143.1943950167205,baseline,1,42.95831850501615,0.0,1.1246755373782051,55.0
2020-03-01,75,East,Therapy D,0.0,0.0,0.0,0.0,0.0,0.0,0,1.0,,access_expansion,85,78,False,0.0,not_launched,,9281109.365235562,298.9329312675309,143.2539230524109,baseline,1,42.97617691572327,0.0,1.1246755373782051,55.0
2020-04-01,76,East,Therapy D,0.0,0.0,0.0,0.0,0.0,0.0,0,1.0,,access_expansion,85,78,False,0.0,not_launched,,9284967.660174243,299.05720212463723,143.3134758347895,baseline,1,42.99404275043685,0.0,1.1246755373782051,55.0
2020-05-01,77,East,Therapy D,0.0,0.0,0.0,0.0,0.0,0.0,0,1.0,,access_expansion,85,78,False,0.0,not_launched,,9288827.559063409,299.18152464298345,143.37305337414367,baseline,1,43.0119160122431,0.0,1.1246755373782051,55.0
2020-06-01,78,East,Therapy D,0.0,0.0,0.0,0.0,0.0,0.0,0,1.0,,access_expansion,85,78,False,0.0,not_launched,,9292689.062569838,299.3058988440462,143.43265568076544,baseline,1,43.02979670422963,0.0,1.1246755373782051,55.0
2020-07-01,79,East,Therapy D,0.0,0.0,0.0,0.0,0.0,0.0,0,1.0,,access_expansion,85,78,False,0.0,not_launched,,9296552.1713606,299.4303247493107,143.4922827649509,baseline,1,43.04768482948526,0.0,1.1246755373782051,55.0
2020-08-01,80,East,Therapy D,0.0,0.0,0.0,0.0,0.0,0.0,0,1.0,,access_expansion,85,78,False,0.0,not_launched,,9300416.886103032,299.554802380271,143.5519346370003,baseline,1,43.06558039110009,0.0,1.1246755373782051,55.0
2020-09-01,81,East,Therapy D,0.0,0.0,0.0,0.0,0.0,0.0,0,1.0,,access_expansion,85,78,False,0.0,not_launched,,9304283.207464753,299.67933175843035,143.61161130721848,baseline,1,43.08348339216554,0.0,1.1246755373782051,55.0
2020-10-01,82,East,Therapy D,0.0,0.0,0.0,0.0,0.0,0.0,0,1.0,,access_expansion,85,78,False,0.0,not_launched,,9308151.136113657,299.8039129053007,143.6713127859143,baseline,1,43.10139383577429,0.0,1.1246755373782051,55.0
2020-11-01,83,East,Therapy D,0.0,0.0,0.0,0.0,0.0,0.0,0,1.0,,access_expansion,85,78,False,0.0,not_launched,,9312020.67271792,299.92854584240337,143.73103908340113,baseline,1,43.11931172502034,0.0,1.1246755373782051,55.0
2020-12-01,84,East,Therapy D,0.0,0.0,0.0,0.0,0.0,0.0,0,1.0,,access_expansion,85,78,False,0.0,not_launched,,9315891.817945993,300.053230591268,143.7907902099964,baseline,1,43.13723706299892,0.0,1.1246755373782051,55.0
2021-01-01,85,East,Therapy D,2.4373806294612947,2.4373806294612947,0.0,2.4373806294612947,2.2789508885463103,2.4373806294612947,0,1.0,,overlapping_competitor_launch,85,78,True,0.5,baseline,78.0,9319764.572466604,300.17796717343373,143.85056617602206,baseline,1,43.155169852806615,0.0,1.1246755373782051,55.0
2021-02-01,86,East,Therapy D,5.104589692289556,5.104589692289556,0.0,2.825638803743246,4.772791362290735,5.104589692289556,0,1.0,,overlapping_competitor_launch,85,78,True,0.5,baseline,78.0,9323638.936948758,300.3027556104483,143.91036699180407,baseline,1,43.17311009754122,0.0,1.1246755373782051,55.0
2021-03-01,87,East,Therapy D,8.031810614928762,8.031810614928762,0.0,3.259019252638028,7.509742924958394,8.031810614928762,0,1.0,,overlapping_competitor_launch,85,78,True,0.5,baseline,78.0,9327514.912061742,300.4275959238686,143.97019266767296,baseline,1,43.19105780030189,0.0,1.1246755373782051,55.0
2021-04-01,88,East,Therapy D,11.247352502676524,11.247352502676524,0.0,3.73760957771813,10.51627459000255,11.247352502676524,0,1.0,,overlapping_competitor_launch,85,78,True,0.5,baseline,78.0,9331392.498475116,300.5524881352603,144.03004321396338,baseline,1,43.20901296418901,0.0,1.1246755373782051,55.0
2021-05-01,89,East,Therapy D,14.776201275300387,14.776201275300387,0.0,4.259926685297838,13.81574819240586,14.776201275300387,0,1.0,,overlapping_competitor_launch,85,78,True,0.5,baseline,78.0,9335271.696858725,300.6774322661984,144.0899186410144,baseline,1,43.22697559230432,0.0,1.1246755373782051,55.0
2021-06-01,90,East,Therapy D,18.638443658701053,18.638443658701053,0.0,4.822695466295192,17.426944820885485,18.638443658701053,0,1.0,,overlapping_competitor_launch,85,78,True,0.5,baseline,78.0,9339152.507882686,300.8024283382665,144.1498189591693,baseline,1,43.24494568775079,0.0,1.1246755373782051,55.0
2021-07-01,91,East,Therapy D,22.847693777424084,22.847693777424084,0.0,5.420748956538599,21.36259368189152,22.847693777424084,0,1.0,,overlapping_competitor_launch,85,78,True,0.5,baseline,78.0,9343034.932217402,300.9274763730573,144.20974417877562,baseline,1,43.262923253632685,0.0,1.1246755373782051,55.0
2021-08-01,92,East,Therapy D,27.409686277723587,27.409686277723587,0.0,6.047092595832066,25.628056669671555,27.409686277723587,0,1.0,,overlapping_competitor_launch,85,78,True,0.5,baseline,78.0,9346918.970533544,301.0525763921723,144.26969431018526,baseline,1,43.280908293055575,0.0,1.1246755373782051,55.0
2021-09-01,93,East,Therapy D,32.321212597258295,32.321212597258295,0.0,6.69315592758674,30.2203337784365,32.321212597258295,0,1.0,,overlapping_competitor_launch,85,78,True,0.5,baseline,78.0,9350804.623502076,301.1777284172225,144.32966936375456,baseline,1,43.298900809126366,0.0,1.1246755373782051,55.0
2021-10-01,94,East,Therapy D,37.56955925550524,37.56955925550524,0.0,7.349225477068739,35.1275379038974,37.56955925550524,0,1.0,,overlapping_competitor_launch,85,78,True,0.5,baseline,78.0,9354691.891794223,301.3029324698273,144.3896693498439,baseline,1,43.31690080495317,0.0,1.1246755373782051,55.0
2021-11-01,95,East,Therapy D,43.13255662422371,43.13255662422371,0.0,8.005018720326312,40.32894044364917,43.13255662422371,0,1.0,,overlapping_competitor_launch,85,78,True,0.5,baseline,78.0,9358580.77608151,301.4281885716153,144.4496942788181,baseline,1,43.33490828364543,0.0,1.1246755373782051,55.0
2021-12-01,96,East,Therapy D,48.97927046181677,48.97927046181677,0.0,8.650330018167603,45.79561788179869,48.97927046181677,0,1.0,,overlapping_competitor_launch,85,78,True,0.5,baseline,78.0,9362471.277035724,301.5534967442243,144.50974416104637,baseline,1,43.35292324831391,0.0,1.1246755373782051,55.0
2022-01-01,97,East,Therapy D,55.071281803369146,55.071281803369146,0.0,9.27566392157046,51.49164848615016,55.071281803369146,0,1.0,,overlapping_competitor_launch,85,78,True,0.5,baseline,78.0,9366363.395328935,301.6788570093009,144.56981900690215,baseline,1,43.37094570207064,0.0,1.1246755373782051,55.0
2022-02-01,98,East,Therapy D,61.36442279567063,61.36442279567063,0.0,9.872774309520477,57.37573531395204,61.36442279567063,0,1.0,,overlapping_competitor_launch,85,78,True,0.5,baseline,78.0,9370257.1316335,301.8042693885005,144.6299188267631,baseline,1,43.388975648028925,0.0,1.1246755373782051,55.0
2022-03-01,99,East,Therapy D,67.81078366062165,67.81078366062165,0.0,10.435048346669612,63.40308272268125,67.81078366062165,0,1.0,,overlapping_competitor_launch,85,78,True,0.5,baseline,78.0,9374152.486622049,301.92973390348783,144.6900436310113,baseline,1,43.40701308930338,0.0,1.1246755373782051,55.0
2022-04-01,100,East,Therapy D,74.36078840022199,74.36078840022199,0.0,10.957705677540744,69.52733715420756,74.36078840022199,0,1.0,,overlapping_competitor_launch,85,78,True,0.5,baseline,78.0,9378049.46096749,302.0552505759366,144.7501934300332,baseline,1,43.42505802900995,0.0,1.1246755373782051,55.0
2022-05-01,101,East,Therapy D,80.96515353272353,80.96515353272353,0.0,11.43781637851598,75.7024185530965,80.96515353272353,0,1.0,,overlapping_competitor_launch,85,78,True,0.5,baseline,78.0,9381948.055343015,302.18081942752934,144.81036823421945,baseline,1,43.44311047026584,0.0,1.1246755373782051,55.0
2022-06-01,102,East,Therapy D,87.57658626544335,87.57658626544335,0.0,11.874167712346836,81.88410815818953,87.57658626544335,0,1.0,,overlapping_competitor_launch,85,78,True,0.5,baseline,78.0,9385848.2704221,302.3064404799578,144.87056805396512,baseline,1,43.46117041618953,0.0,1.1246755373782051,55.0
2022-07-01,103,East,Therapy D,94.15113314008072,94.15113314008072,0.0,12.267024981891185,88.03130948597547,94.15113314008072,0,1.0,,persistence_change,85,78,True,0.5,baseline,78.0,9389750.106878487,302.43211375492245,144.93079289966946,baseline,1,43.47923786990084,0.0,1.1246755373782051,55.0
2022-08-01,104,East,Therapy D,100.64914475550157,100.64914475550157,0.0,12.617835269526102,94.10695034639396,100.64914475550157,0,1.0,,persistence_change,85,78,True,0.5,baseline,78.0,9393653.565386211,302.5578392741332,144.99104278173618,baseline,1,43.497312834520855,0.0,1.1246755373782051,55.0
2022-09-01,105,East,Therapy D,106.98413514546196,106.98413514546196,0.0,12.877184799067985,100.03016636100692,106.98413514546196,0,1.0,,persistence_change,85,78,True,0.5,baseline,78.0,9397558.646619584,302.6836170593086,145.05131771057333,baseline,1,43.515395313172,0.0,1.1246755373782051,55.0
2022-10-01,106,East,Therapy D,113.13432884547063,113.13432884547063,0.0,13.10416248446371,105.78059747051503,113.13432884547063,0,1.0,,persistence_change,85,78,True,0.5,baseline,78.0,9401465.351253197,302.8094471321764,145.11161769659307,baseline,1,43.53348530897792,0.0,1.1246755373782051,55.0
2022-11-01,107,East,Therapy D,119.08255106369975,119.08255106369975,0.0,13.30195359318472,111.34218524455926,119.08255106369975,0,1.0,,persistence_change,85,78,True,0.5,baseline,78.0,9405373.679961916,302.9353295144734,145.1719427502122,baseline,1,43.551582825063655,0.0,1.1246755373782051,55.0
2022-12-01,108,East,Therapy D,124.815950803828,124.815950803828,0.0,13.473765559268736,116.70291400157916,124.815950803828,0,1.0,,persistence_change,85,78,True,0.5,baseline,78.0,9409283.6334209,303.0612642279454,145.2322928818516,baseline,1,43.56968786455548,0.0,1.1246755373782051,55.0
2023-01-01,109,East,Therapy D,130.32561554234314,130.32561554234314,0.0,13.622701540763977,121.85445053209084,130.32561554234314,0,1.0,,persistence_change,85,78,True,0.5,baseline,78.0,9413195.212305576,303.1872512943473,145.2926681019366,baseline,1,43.58780043058098,0.0,1.1246755373782051,55.0
2023-02-01,110,East,Therapy D,135.6061257359696,135.6061257359696,0.0,13.75167520387878,126.7917275631316,135.6061257359696,0,1.0,,persistence_change,85,78,True,0.5,baseline,78.0,9417108.417291664,303.3132907354429,145.35306842089685,baseline,1,43.60592052626905,0.0,1.1246755373782051,55.0
2023-03-01,111,East,Therapy D,140.6550871155444,140.6550871155444,0.0,13.863359552412811,131.512506453034,140.6550871155444,0,1.0,,persistence_change,85,78,True,0.5,baseline,78.0,9421023.249055156,303.4393825730052,145.41349384916631,baseline,1,43.62404815474989,0.0,1.1246755373782051,55.0
2023-04-01,112,East,Therapy D,145.4726686265165,145.4726686265165,0.0,13.960162173482484,136.01694516579295,145.4726686265165,0,1.0,,persistence_change,85,78,True,0.5,baseline,78.0,9424939.708272329,303.5655268288163,145.47394439718337,baseline,1,43.64218331915501,0.0,1.1246755373782051,55.0
2023-05-01,113,East,Therapy D,150.0611649805596,150.0611649805596,0.0,14.04421981476666,140.30718925682322,150.0611649805596,0,1.0,,persistence_change,85,78,True,0.5,baseline,78.0,9428857.79561973,303.69172352466694,145.53442007539053,baseline,1,43.66032602261716,0.0,1.1246755373782051,55.0
2023-06-01,114,East,Therapy D,154.4245955113037,154.4245955113037,0.0,14.117406254480478,144.38699680306894,154.4245955113037,0,1.0,,persistence_change,85,78,True,0.5,baseline,78.0,9432777.511774208,303.81797268235755,145.59492089423492,baseline,1,43.67847626827047,0.0,1.1246755373782051,55.0
2023-07-01,115,East,Therapy D,159.6767264281446,159.6767264281446,0.0,15.289729625075644,149.2977392103152,159.6767264281446,0,1.0,,epidemiology_change,85,78,True,0.5,baseline,78.0,9436698.857412878,340.4175872425407,163.13410048786793,epidemiology_change,109,48.94023014636038,0.0,1.1246755373782051,55.0
2023-08-01,116,East,Therapy D,164.69700865833352,164.69700865833352,0.0,15.399269448018298,153.99170309554182,164.69700865833352,0,1.0,,epidemiology_change,85,78,True,0.5,baseline,78.0,9440621.833213145,340.55910388696435,163.2019177551223,epidemiology_change,109,48.96057532653669,0.0,1.1246755373782051,55.0
2023-09-01,117,East,Therapy D,169.48947374870582,169.48947374870582,0.0,15.497770653164007,158.47265795503995,169.48947374870582,0,1.0,,epidemiology_change,85,78,True,0.5,baseline,78.0,9444546.43985268,340.7006793619576,163.26976321502127,epidemiology_change,109,48.98092896450638,0.0,1.1246755373782051,55.0
2023-10-01,118,East,Therapy D,174.0592685834941,174.0592685834941,0.0,15.586610628454132,162.74541612556698,174.0592685834941,0,1.0,,epidemiology_change,85,78,True,0.5,baseline,78.0,9448472.67800946,340.8423136919777,163.33763687928518,epidemiology_change,109,49.00129106378555,0.0,1.1246755373782051,55.0
2023-11-01,119,East,Therapy D,178.4124057356192,178.4124057356192,0.0,15.66698961005222,166.81559936280394,178.4124057356192,0,1.0,,epidemiology_change,85,78,True,0.5,baseline,78.0,9452400.548361726,340.9840069014912,163.40553875963883,epidemiology_change,109,49.021661627891646,0.0,1.1246755373782051,55.0
2023-12-01,120,East,Therapy D,182.55554979740893,182.55554979740893,0.0,15.739950434604982,170.68943906057734,182.55554979740893,0,1.0,,epidemiology_change,85,78,True,0.5,baseline,78.0,9456330.051588004,341.12575901497536,163.47346886781216,epidemiology_change,109,49.042040660343645,0.0,1.1246755373782051,55.0
2024-01-01,121,East,Therapy D,186.49583641830287,186.49583641830287,0.0,15.806397357725515,174.3736070511132,186.49583641830287,0,1.0,,epidemiology_change,85,78,True,0.5,baseline,78.0,9460261.188367106,341.2675700569173,163.54142721553987,epidemiology_change,109,49.06242816466196,0.0,1.1246755373782051,55.0
2024-02-01,122,East,Therapy D,190.24072054246196,190.24072054246196,0.0,15.867113491348734,177.8750737072019,190.24072054246196,0,1.0,,epidemiology_change,85,78,True,0.5,baseline,78.0,9464193.959378123,341.40944005181456,163.60941381456152,epidemiology_change,109,49.08282414436845,0.0,1.1246755373782051,55.0
2024-03-01,123,East,Therapy D,193.79785034524667,193.79785034524667,0.0,15.922776638044796,181.20099007280564,193.79785034524667,0,1.0,,epidemiology_change,85,78,True,0.5,baseline,78.0,9468128.365300432,341.55136902417473,163.67742867662164,epidemiology_change,109,49.10322860298649,0.0,1.1246755373782051,55.0
2024-04-01,124,East,Therapy D,197.1749635259515,197.1749635259515,0.0,15.973973453145838,184.35859089676467,197.1749635259515,0,1.0,,epidemiology_change,85,78,True,0.5,baseline,78.0,9472064.406813689,341.69335699851564,163.7454718134696,epidemiology_change,109,49.12364154404088,0.0,1.1246755373782051,55.0
2024-05-01,125,East,Therapy D,140.26586200298772,200.37980286141104,60.11394085842332,16.02121196464639,187.3551156754193,200.37980286141104,1,0.7,124.0,limited_supply,85,78,True,0.5,baseline,78.0,9476002.084597828,341.8354039993652,163.8135432368596,epidemiology_change,109,49.14406297105788,0.0,1.1246755373782051,55.0
2024-06-01,126,East,Therapy D,142.39403375175044,203.4200482167864,61.02601446503592,16.06493254136704,190.1977450826953,203.4200482167864,1,0.7,124.0,limited_supply,85,78,True,0.5,baseline,78.0,9479941.399333078,341.9775100512616,163.8816429585508,epidemiology_change,109,49.16449288756524,0.0,1.1246755373782051,55.0
2024-07-01,127,East,Therapy D,144.41228376126716,206.303262516096,61.8909787548288,16.105517433400696,192.89355045254973,206.303262516096,1,0.7,124.0,limited_supply,85,78,True,0.5,baseline,78.0,9483882.35169994,342.1196751787533,163.94977099030723,epidemiology_change,109,49.18493129709217,0.0,1.1246755373782051,55.0
2024-08-01,128,East,Therapy D,146.3257946336044,209.0368494765777,62.711054842973326,16.143299024028007,195.4494542606001,209.0368494765777,1,0.7000000000000001,124.0,limited_supply,85,78,True,0.5,baseline,78.0,9487824.942379206,342.2618994063991,164.01792734389787,epidemiology_change,109,49.20537820316936,0.0,1.1246755373782051,55.0
2024-09-01,129,East,Therapy D,148.1396148371914,211.6280211959877,63.48840635879634,16.178566935387593,197.87219981824853,211.6280211959877,1,0.7,124.0,limited_supply,85,78,True,0.5,baseline,78.0,9491769.172051944,342.40418275876743,164.08611203109638,epidemiology_change,109,49.22583360932891,0.0,1.1246755373782051,55.0
2024-10-01,130,East,Therapy D,149.85864176076782,214.08377394395404,64.22513218318622,16.211574125705496,200.16832863759703,214.08377394395404,1,0.7,124.0,limited_supply,85,78,True,0.5,baseline,78.0,9495715.041399509,342.54652526043753,164.15432506368157,epidemiology_change,109,49.24629751910447,0.0,1.1246755373782051,55.0
2024-11-01,131,East,Therapy D,216.4108707445539,216.4108707445539,0.0,16.242542106956904,202.34416414615796,216.4108707445539,0,1.0,,epidemiology_change,85,78,True,0.5,baseline,78.0,9499662.551103532,342.68892693599867,164.22256645343705,epidemiology_change,109,49.2667699360311,0.0,1.1246755373782051,55.0
2024-12-01,132,East,Therapy D,218.6158295467451,218.6158295467451,0.0,16.271665400587164,204.40580062620663,218.6158295467451,0,1.0,,epidemiology_change,85,78,True,0.5,baseline,78.0,9503611.701845942,342.8313878100502,164.29083621215122,epidemiology_change,109,49.28725086364536,0.0,1.1246755373782051,55.0
2025-01-01,133,East,Therapy D,220.70491596297825,220.70491596297825,0.0,16.299115336771614,206.35909642538468,220.70491596297825,0,1.0,,epidemiology_change,85,78,True,0.5,baseline,78.0,9507562.49430894,342.9739079072019,164.35913435161757,epidemiology_change,109,49.30774030548527,0.0,1.1246755373782051,55.0
2025-02-01,134,East,Therapy D,222.6841397159369,222.6841397159369,0.0,16.32504329055226,208.20967063440105,222.6841397159369,0,1.0,,epidemiology_change,85,78,True,0.5,baseline,78.0,9511514.929175014,343.1164872520736,164.42746088363432,epidemiology_change,109,49.3282382650903,0.0,1.1246755373782051,55.0
2025-03-01,135,East,Therapy D,224.55925407100503,224.55925407100503,0.0,16.349583436604,209.9629025563897,224.55925407100503,0,1.0,,epidemiology_change,85,78,True,0.5,baseline,78.0,9515469.007126931,343.2591258692955,164.49581582000468,epidemiology_change,109,49.3487447460014,0.0,1.1246755373782051,55.0
2025-04-01,136,East,Therapy D,226.335757650053,226.335757650053,0.0,16.37285509366329,211.6239334027996,226.335757650053,0,1.0,,epidemiology_change,85,78,True,0.5,baseline,78.0,9519424.728847751,343.4018237835081,164.56419917253692,epidemiology_change,109,49.36925975176107,0.0,1.1246755373782051,55.0
2025-05-01,137,East,Therapy D,228.01889812274536,228.01889812274536,0.0,16.39496471994581,213.19766974476693,228.01889812274536,0,1.0,,epidemiology_change,85,78,True,0.5,baseline,78.0,9523382.095020816,343.54458101936194,164.6326109530439,epidemiology_change,109,49.38978328591316,0.0,1.1246755373782051,55.0
2025-06-01,138,East,Therapy D,229.613677356996,229.613677356996,0.0,16.416007612229038,214.6887883287912,229.613677356996,0,1.0,,epidemiology_change,85,78,True,0.5,baseline,78.0,9527341.106329745,343.6873976015179,164.70105117334356,epidemiology_change,109,49.41031535200307,0.0,1.1246755373782051,55.0
2025-07-01,139,East,Therapy D,231.12485768244937,231.12485768244937,0.0,16.436069353658148,216.10174193309012,231.12485768244937,0,1.0,,epidemiology_change,85,78,True,0.5,baseline,78.0,9531301.76345844,343.8302735546471,164.76951984525877,epidemiology_change,109,49.43085595357763,0.0,1.1246755373782051,55.0
2025-08-01,140,East,Therapy D,232.5569689817784,232.5569689817784,0.0,16.45522704868822,217.4407659979628,232.5569689817784,0,1.0,,epidemiology_change,85,78,True,0.5,baseline,78.0,9535264.067091102,343.973208903431,164.8380169806173,epidemiology_change,109,49.45140509418519,0.0,1.1246755373782051,55.0
2025-09-01,141,East,Therapy D,233.9143163757832,233.9143163757832,0.0,16.47355037782039,218.70988581135728,233.9143163757832,0,1.0,,epidemiology_change,85,78,True,0.5,baseline,78.0,9539228.017912202,344.11620367256126,164.90654259125185,epidemiology_change,109,49.47196277737555,0.0,1.1246755373782051,55.0
2025-10-01,142,East,Therapy D,235.200988311192,235.200988311192,0.0,16.49110249983474,219.91292407096452,235.200988311192,0,1.0,,epidemiology_change,85,78,True,0.5,baseline,78.0,9543193.616606504,344.25925788673976,164.975096689,epidemiology_change,109,49.4925290067,0.0,1.1246755373782051,55.0
2025-11-01,143,East,Therapy D,236.42086489594124,236.42086489594124,0.0,16.50794082497667,221.05350867770505,236.42086489594124,0,1.0,,epidemiology_change,85,78,True,0.5,baseline,78.0,9547160.86385905,344.4023715706786,165.0436792857042,epidemiology_change,109,49.51310378571126,0.0,1.1246755373782051,55.0
2025-12-01,144,East,Therapy D,237.57762635663465,237.57762635663465,0.0,16.52411767892957,222.13508064345336,237.57762635663465,0,1.0,,epidemiology_change,85,78,True,0.5,baseline,78.0,9551129.76035517,344.5455447491004,165.11229039321194,epidemiology_change,109,49.53368711796358,0.0,1.1246755373782051,55.0
2014-01-01,1,North,Therapy D,0.0,0.0,0.0,0.0,0.0,0.0,0,1.0,,early_market_before_b_launch,85,78,False,0.0,not_launched,,11000000.0,433.02875,207.515,baseline,1,62.2545,392.634,0.5444725411997668,1.0
2014-02-01,2,North,Therapy D,0.0,0.0,0.0,0.0,0.0,0.0,0,1.0,,early_market_before_b_launch,85,78,False,0.0,not_launched,,11004572.86329202,433.2087664795696,207.60126706600403,baseline,1,62.28038011980121,0.0,0.5444725411997668,1.0
2014-03-01,3,North,Therapy D,0.0,0.0,0.0,0.0,0.0,0.0,0,1.0,,early_market_before_b_launch,85,78,False,0.0,not_launched,,11009147.627591193,433.3888577946619,207.6875699945079,baseline,1,62.30627099835237,0.0,0.5444725411997668,1.0
2014-04-01,4,North,Therapy D,0.0,0.0,0.0,0.0,0.0,0.0,0,1.0,,early_market_before_b_launch,85,78,False,0.0,not_launched,,11013724.293687792,433.5690239763871,207.77390880042023,baseline,1,62.33217264012607,0.0,0.5444725411997668,1.0
2014-05-01,5,North,Therapy D,0.0,0.0,0.0,0.0,0.0,0.0,0,1.0,,early_market_before_b_launch,85,78,False,0.0,not_launched,,11018302.862372434,433.7492650558688,207.860283498656,baseline,1,62.35808504959679,0.0,0.5444725411997668,1.0
2014-06-01,6,North,Therapy D,0.0,0.0,0.0,0.0,0.0,0.0,0,1.0,,early_market_before_b_launch,85,78,False,0.0,not_launched,,11022883.33443604,433.9295810642428,207.94669410413596,baseline,1,62.38400823124078,0.0,0.5444725411997668,1.0
2014-07-01,7,North,Therapy D,0.0,0.0,0.0,0.0,0.0,0.0,0,1.0,,early_market_before_b_launch,85,78,False,0.0,not_launched,,11027465.710669884,434.1099720326582,208.0331406317873,baseline,1,62.4099421895362,0.0,0.5444725411997668,1.0
2014-08-01,8,North,Therapy D,0.0,0.0,0.0,0.0,0.0,0.0,0,1.0,,early_market_before_b_launch,85,78,False,0.0,not_launched,,11032049.991865547,434.2904379922771,208.1196230965436,baseline,1,62.435886928963065,0.0,0.5444725411997668,1.0
2014-09-01,9,North,Therapy D,0.0,0.0,0.0,0.0,0.0,0.0,0,1.0,,early_market_before_b_launch,85,78,False,0.0,not_launched,,11036636.178814957,434.4709789742744,208.20614151334425,baseline,1,62.46184245400326,0.0,0.5444725411997668,1.0
2014-10-01,10,North,Therapy D,0.0,0.0,0.0,0.0,0.0,0.0,0,1.0,,early_market_before_b_launch,85,78,False,0.0,not_launched,,11041224.272310363,434.65159500983793,208.29269589713508,baseline,1,62.48780876914052,0.0,0.5444725411997668,1.0
2014-11-01,11,North,Therapy D,0.0,0.0,0.0,0.0,0.0,0.0,0,1.0,,early_market_before_b_launch,85,78,False,0.0,not_launched,,11045814.273144346,434.8322861301687,208.3792862628681,baseline,1,62.51378587886044,0.0,0.5444725411997668,1.0
2014-12-01,12,North,Therapy D,0.0,0.0,0.0,0.0,0.0,0.0,0,1.0,,early_market_before_b_launch,85,78,False,0.0,not_launched,,11050406.18210981,435.01305236648034,208.4659126255016,baseline,1,62.53977378765048,0.0,0.5444725411997668,1.0
2015-01-01,13,North,Therapy D,0.0,0.0,0.0,0.0,0.0,0.0,0,1.0,,early_market_before_b_launch,85,78,False,0.0,not_launched,,11054999.999999998,435.19389375,208.552575,baseline,1,62.5657725,0.0,0.5444725411997668,1.0
2015-02-01,14,North,Therapy D,0.0,0.0,0.0,0.0,0.0,0.0,0,1.0,,early_market_before_b_launch,85,78,False,0.0,not_launched,,11059595.727608478,435.3748103119673,208.639273401334,baseline,1,62.59178202040019,0.0,0.5444725411997668,1.0
2015-03-01,15,North,Therapy D,0.0,0.0,0.0,0.0,0.0,0.0,0,1.0,,early_market_before_b_launch,85,78,False,0.0,not_launched,,11064193.365729146,435.5558020836351,208.7260078444804,baseline,1,62.61780235334412,0.0,0.5444725411997668,1.0
2015-04-01,16,North,Therapy D,0.0,0.0,0.0,0.0,0.0,0.0,0,1.0,,early_market_before_b_launch,85,78,False,0.0,not_launched,,11068792.915156232,435.73686909626906,208.8127783444224,baseline,1,62.643833503326704,0.0,0.5444725411997668,1.0
2015-05-01,17,North,Therapy D,0.0,0.0,0.0,0.0,0.0,0.0,0,1.0,,early_market_before_b_launch,85,78,False,0.0,not_launched,,11073394.376684291,435.9180113811479,208.89958491614917,baseline,1,62.66987547484474,0.0,0.5444725411997668,1.0
2015-06-01,18,North,Therapy D,0.0,0.0,0.0,0.0,0.0,0.0,0,1.0,,early_market_before_b_launch,85,78,False,0.0,not_launched,,11077997.751108218,436.099228969564,208.9864275746566,baseline,1,62.695928272396976,0.0,0.5444725411997668,1.0
2015-07-01,19,North,Therapy D,0.0,0.0,0.0,0.0,0.0,0.0,0,1.0,,b_launch_growth,85,78,False,0.0,not_launched,,11082603.03922323,436.2805218928215,209.07330633494624,baseline,1,62.72199190048387,0.0,1.2244725411997668,12.0
2015-08-01,20,North,Therapy D,0.0,0.0,0.0,0.0,0.0,0.0,0,1.0,,b_launch_growth,85,78,False,0.0,not_launched,,11087210.241824873,436.4618901822385,209.16022121202627,baseline,1,62.74806636360788,0.0,1.2244725411997668,12.0
2015-09-01,21,North,Therapy D,0.0,0.0,0.0,0.0,0.0,0.0,0,1.0,,b_launch_growth,85,78,False,0.0,not_launched,,11091819.359709032,436.6433338691457,209.24717222091093,baseline,1,62.77415166627328,0.0,1.2244725411997668,12.0
2015-10-01,22,North,Therapy D,0.0,0.0,0.0,0.0,0.0,0.0,0,1.0,,b_launch_growth,85,78,False,0.0,not_launched,,11096430.393671917,436.8248529848871,209.3341593766207,baseline,1,62.80024781298621,0.0,1.2244725411997668,12.0
2015-11-01,23,North,Therapy D,0.0,0.0,0.0,0.0,0.0,0.0,0,1.0,,b_launch_growth,85,78,False,0.0,not_launched,,11101043.344510067,437.0064475608194,209.4211826941824,baseline,1,62.82635480825472,0.0,1.2244725411997668,12.0
2015-12-01,24,North,Therapy D,0.0,0.0,0.0,0.0,0.0,0.0,0,1.0,,b_launch_growth,85,78,False,0.0,not_launched,,11105658.213020358,437.1881176283127,209.50824218862908,baseline,1,62.85247265658872,0.0,1.2244725411997668,12.0
2016-01-01,25,North,Therapy D,0.0,0.0,0.0,0.0,0.0,0.0,0,1.0,,b_launch_growth,85,78,False,0.0,not_launched,,11110274.999999996,437.3698632187499,209.595337875,baseline,1,62.87860136249999,0.0,1.2244725411997668,12.0
2016-02-01,26,North,Therapy D,0.0,0.0,0.0,0.0,0.0,0.0,0,1.0,,b_launch_growth,85,78,False,0.0,not_launched,,11114893.70624652,437.55168436352704,209.6824697683406,baseline,1,62.90474093050218,0.0,1.2244725411997668,12.0
2016-03-01,27,North,Therapy D,0.0,0.0,0.0,0.0,0.0,0.0,0,1.0,,b_launch_growth,85,78,False,0.0,not_launched,,11119514.33255779,437.73358109405314,209.7696378837028,baseline,1,62.93089136511082,0.0,1.2244725411997668,12.0
2016-04-01,28,North,Therapy D,0.0,0.0,0.0,0.0,0.0,0.0,0,1.0,,b_launch_growth,85,78,False,0.0,not_launched,,11124136.879732013,437.9155534417503,209.8568422361444,baseline,1,62.957052670843325,0.0,1.2244725411997668,12.0
2016-05-01,29,North,Therapy D,0.0,0.0,0.0,0.0,0.0,0.0,0,1.0,,b_launch_growth,85,78,False,0.0,not_launched,,11128761.348567711,438.09760143805374,209.94408284072992,baseline,1,62.983224852218974,0.0,1.2244725411997668,12.0
2016-06-01,30,North,Therapy D,0.0,0.0,0.0,0.0,0.0,0.0,0,1.0,,b_launch_growth,85,78,False,0.0,not_launched,,11133387.73986376,438.2797251144117,210.03135971252985,baseline,1,63.00940791375894,0.0,1.2244725411997668,12.0
2016-07-01,31,North,Therapy D,0.0,0.0,0.0,0.0,0.0,0.0,0,1.0,,b_launch_growth,85,78,False,0.0,not_launched,,11138016.054419344,438.4619245022856,210.11867286662095,baseline,1,63.03560185998629,0.0,1.2244725411997668,12.0
2016-08-01,32,North,Therapy D,0.0,0.0,0.0,0.0,0.0,0.0,0,1.0,,b_launch_growth,85,78,False,0.0,not_launched,,11142646.293033997,438.6441996331495,210.20602231808635,baseline,1,63.0618066954259,0.0,1.2244725411997668,12.0
2016-09-01,33,North,Therapy D,0.0,0.0,0.0,0.0,0.0,0.0,0,1.0,,b_launch_growth,85,78,False,0.0,not_launched,,11147278.456507573,438.82655053849135,210.29340808201545,baseline,1,63.088022424604624,0.0,1.2244725411997668,12.0
2016-10-01,34,North,Therapy D,0.0,0.0,0.0,0.0,0.0,0.0,0,1.0,,b_launch_growth,85,78,False,0.0,not_launched,,11151912.545640271,439.0089772498113,210.3808301735037,baseline,1,63.11424905205112,0.0,1.2244725411997668,12.0
2016-11-01,35,North,Therapy D,0.0,0.0,0.0,0.0,0.0,0.0,0,1.0,,b_launch_growth,85,78,False,0.0,not_launched,,11156548.561232615,439.19147979862345,210.4682886076533,baseline,1,63.14048658229599,0.0,1.2244725411997668,12.0
2016-12-01,36,North,Therapy D,0.0,0.0,0.0,0.0,0.0,0.0,0,1.0,,b_launch_growth,85,78,False,0.0,not_launched,,11161186.50408546,439.3740582164542,210.55578339957225,baseline,1,63.16673501987167,0.0,1.2244725411997668,12.0
2017-01-01,37,North,Therapy D,0.0,0.0,0.0,0.0,0.0,0.0,0,1.0,,b_launch_growth,85,78,False,0.0,not_launched,,11165826.374999996,439.55671253484365,210.64331456437495,baseline,1,63.19299436931249,0.0,1.2244725411997668,12.0
2017-02-01,38,North,Therapy D,0.0,0.0,0.0,0.0,0.0,0.0,0,1.0,,b_launch_growth,85,78,False,0.0,not_launched,,11170468.17477775,439.7394427853446,210.73088211718223,baseline,1,63.21926463515467,0.0,1.2244725411997668,12.0
2017-03-01,39,North,Therapy D,0.0,0.0,0.0,0.0,0.0,0.0,0,1.0,,b_launch_growth,85,78,False,0.0,not_launched,,11175111.904220575,439.9222489995234,210.81848607312125,baseline,1,63.245545821936375,0.0,1.2244725411997668,12.0
2017-04-01,40,North,Therapy D,0.0,0.0,0.0,0.0,0.0,0.0,0,1.0,,b_launch_growth,85,78,False,0.0,not_launched,,11179757.56413067,440.1051312089591,210.90612644732516,baseline,1,63.271837934197535,0.0,1.2244725411997668,12.0
2017-05-01,41,North,Therapy D,0.0,0.0,0.0,0.0,0.0,0.0,0,1.0,,b_launch_growth,85,78,False,0.0,not_launched,,11184405.15531055,440.288089445244,210.99380325493357,baseline,1,63.298140976480056,0.0,1.2244725411997668,12.0
2017-06-01,42,North,Therapy D,0.0,0.0,0.0,0.0,0.0,0.0,0,1.0,,b_launch_growth,85,78,False,0.0,not_launched,,11189054.678563075,440.4711237399838,211.0815165110925,baseline,1,63.32445495332775,0.0,1.2244725411997668,12.0
2017-07-01,43,North,Therapy D,0.0,0.0,0.0,0.0,0.0,0.0,0,1.0,,b_launch_growth,85,78,False,0.0,not_launched,,11193706.13469144,440.654234124797,211.1692662309541,baseline,1,63.35077986928623,0.0,1.2244725411997668,12.0
2017-08-01,44,North,Therapy D,0.0,0.0,0.0,0.0,0.0,0.0,0,1.0,,b_launch_growth,85,78,False,0.0,not_launched,,11198359.524499165,440.8374206313153,211.2570524296768,baseline,1,63.37711572890303,0.0,1.2244725411997668,12.0
2017-09-01,45,North,Therapy D,0.0,0.0,0.0,0.0,0.0,0.0,0,1.0,,b_launch_growth,85,78,False,0.0,not_launched,,11203014.848790113,441.0206832911838,211.3448751224255,baseline,1,63.403462536727645,0.0,1.2244725411997668,12.0
2017-10-01,46,North,Therapy D,0.0,0.0,0.0,0.0,0.0,0.0,0,1.0,,b_launch_growth,85,78,False,0.0,not_launched,,11207672.108368471,441.2040221360604,211.43273432437124,baseline,1,63.429820297311366,0.0,1.2244725411997668,12.0
2017-11-01,47,North,Therapy D,0.0,0.0,0.0,0.0,0.0,0.0,0,1.0,,b_launch_growth,85,78,False,0.0,not_launched,,11212331.304038778,441.3874371976165,211.52063005069155,baseline,1,63.45618901520746,0.0,1.2244725411997668,12.0
2017-12-01,48,North,Therapy D,0.0,0.0,0.0,0.0,0.0,0.0,0,1.0,,b_launch_growth,85,78,False,0.0,not_launched,,11216992.436605886,441.5709285075365,211.60856231657004,baseline,1,63.48256869497101,0.0,1.2244725411997668,12.0
2018-01-01,49,North,Therapy D,0.0,0.0,0.0,0.0,0.0,0.0,0,1.0,,b_launch_growth,85,78,False,0.0,not_launched,,11221655.506874995,441.7544960975178,211.6965311371968,baseline,1,63.50895934115904,0.0,1.2244725411997668,12.0
2018-02-01,50,North,Therapy D,0.0,0.0,0.0,0.0,0.0,0.0,0,1.0,,b_launch_growth,85,78,False,0.0,not_launched,,11226320.515651638,441.9381399992712,211.78453652776813,baseline,1,63.53536095833044,0.0,1.2244725411997668,12.0
2018-03-01,51,North,Therapy D,0.0,0.0,0.0,0.0,0.0,0.0,0,1.0,,b_launch_growth,85,78,False,0.0,not_launched,,11230987.46374168,442.1218602445209,211.8725785034868,baseline,1,63.56177355104604,0.0,1.2244725411997668,12.0
2018-04-01,52,North,Therapy D,0.0,0.0,0.0,0.0,0.0,0.0,0,1.0,,b_launch_growth,85,78,False,0.0,not_launched,,11235656.351951323,442.30565686500375,211.9606570795617,baseline,1,63.58819712386851,0.0,1.2244725411997668,12.0
2018-05-01,53,North,Therapy D,0.0,0.0,0.0,0.0,0.0,0.0,0,1.0,,b_launch_growth,85,78,False,0.0,not_launched,,11240327.181087105,442.48952989247016,212.0487722712082,baseline,1,63.61463168136246,0.0,1.2244725411997668,12.0
2018-06-01,54,North,Therapy D,0.0,0.0,0.0,0.0,0.0,0.0,0,1.0,,b_launch_growth,85,78,False,0.0,not_launched,,11244999.95195589,442.6734793586836,212.13692409364788,baseline,1,63.64107722809436,0.0,1.2244725411997668,12.0
2018-07-01,55,North,Therapy D,0.0,0.0,0.0,0.0,0.0,0.0,0,1.0,,b_launch_growth,85,78,False,0.0,not_launched,,11249674.665364897,442.8575052954208,212.2251125621088,baseline,1,63.66753376863262,0.0,1.2244725411997668,12.0
2018-08-01,56,North,Therapy D,0.0,0.0,0.0,0.0,0.0,0.0,0,1.0,,b_launch_growth,85,78,False,0.0,not_launched,,11254351.32212166,443.04160773447177,212.31333769182515,baseline,1,63.69400130754754,0.0,1.2244725411997668,12.0
2018-09-01,57,North,Therapy D,0.0,0.0,0.0,0.0,0.0,0.0,0,1.0,,b_launch_growth,85,78,False,0.0,not_launched,,11259029.92303406,443.2257867076396,212.4015994980376,baseline,1,63.72047984941127,0.0,1.2244725411997668,12.0
2018-10-01,58,North,Therapy D,0.0,0.0,0.0,0.0,0.0,0.0,0,1.0,,b_launch_growth,85,78,False,0.0,not_launched,,11263710.468910314,443.4100422467407,212.48989799599312,baseline,1,63.74696939879793,0.0,1.2244725411997668,12.0
2018-11-01,59,North,Therapy D,0.0,0.0,0.0,0.0,0.0,0.0,0,1.0,,b_launch_growth,85,78,False,0.0,not_launched,,11268392.96055897,443.5943743836046,212.578233200945,baseline,1,63.77346996028349,0.0,1.2244725411997668,12.0
2018-12-01,60,North,Therapy D,0.0,0.0,0.0,0.0,0.0,0.0,0,1.0,,b_launch_growth,85,78,False,0.0,not_launched,,11273077.398788914,443.7787831500741,212.6666051281529,baseline,1,63.79998153844586,0.0,1.2244725411997668,12.0
2019-01-01,61,North,Therapy D,0.0,0.0,0.0,0.0,0.0,0.0,0,1.0,,access_expansion,85,78,False,0.0,not_launched,,11277763.784409368,443.9632685780054,212.7550137928828,baseline,1,63.82650413786484,0.0,1.2244725411997668,12.0
2019-02-01,62,North,Therapy D,0.0,0.0,0.0,0.0,0.0,0.0,0,1.0,,access_expansion,85,78,False,0.0,not_launched,,11282452.118229896,444.1478306992677,212.84345921040705,baseline,1,63.8530377631221,0.0,1.2244725411997668,12.0
2019-03-01,63,North,Therapy D,0.0,0.0,0.0,0.0,0.0,0.0,0,1.0,,access_expansion,85,78,False,0.0,not_launched,,11287142.401060386,444.3324695457435,212.93194139600425,baseline,1,63.87958241880127,0.0,1.2244725411997668,12.0
2019-04-01,64,North,Therapy D,0.0,0.0,0.0,0.0,0.0,0.0,0,1.0,,access_expansion,85,78,False,0.0,not_launched,,11291834.63371108,444.5171851493288,213.02046036495955,baseline,1,63.90613810948786,0.0,1.2244725411997668,12.0
2019-05-01,65,North,Therapy D,0.0,0.0,0.0,0.0,0.0,0.0,0,1.0,,access_expansion,85,78,False,0.0,not_launched,,11296528.816992538,444.7019775419325,213.10901613256425,baseline,1,63.93270483976927,0.0,1.2244725411997668,12.0
2019-06-01,66,North,Therapy D,0.0,0.0,0.0,0.0,0.0,0.0,0,1.0,,access_expansion,85,78,False,0.0,not_launched,,11301224.951715669,444.886846755477,213.19760871411611,baseline,1,63.95928261423484,0.0,1.2244725411997668,12.0
2019-07-01,67,North,Therapy D,0.0,0.0,0.0,0.0,0.0,0.0,0,1.0,,access_expansion,85,78,False,0.0,not_launched,,11305923.03869172,445.071792821898,213.28623812491932,baseline,1,63.9858714374758,0.0,1.2244725411997668,12.0
2019-08-01,68,North,Therapy D,0.0,0.0,0.0,0.0,0.0,0.0,0,1.0,,access_expansion,85,78,False,0.0,not_launched,,11310623.078732269,445.2568157731442,213.37490438028428,baseline,1,64.01247131408527,0.0,1.2244725411997668,12.0
2019-09-01,69,North,Therapy D,0.0,0.0,0.0,0.0,0.0,0.0,0,1.0,,access_expansion,85,78,False,0.0,not_launched,,11315325.072649231,445.4419156411778,213.46360749552773,baseline,1,64.03908224865832,0.0,1.2244725411997668,12.0
2019-10-01,70,North,Therapy D,0.0,0.0,0.0,0.0,0.0,0.0,0,1.0,,access_expansion,85,78,False,0.0,not_launched,,11320029.021254864,445.6270924579743,213.55234748597303,baseline,1,64.0657042457919,0.0,1.2244725411997668,12.0
2019-11-01,71,North,Therapy D,0.0,0.0,0.0,0.0,0.0,0.0,0,1.0,,access_expansion,85,78,False,0.0,not_launched,,11324734.925361764,445.8123462555225,213.6411243669497,baseline,1,64.0923373100849,0.0,1.2244725411997668,12.0
2019-12-01,72,North,Therapy D,0.0,0.0,0.0,0.0,0.0,0.0,0,1.0,,access_expansion,85,78,False,0.0,not_launched,,11329442.785782857,445.9976770658244,213.72993815379365,baseline,1,64.11898144613808,0.0,1.2244725411997668,12.0
2020-01-01,73,North,Therapy D,0.0,0.0,0.0,0.0,0.0,0.0,0,1.0,,access_expansion,85,78,False,0.0,not_launched,,11334152.603331417,446.1830849208953,213.81878886184717,baseline,1,64.14563665855414,0.0,1.2244725411997668,12.0
2020-02-01,74,North,Therapy D,0.0,0.0,0.0,0.0,0.0,0.0,0,1.0,,access_expansion,85,78,False,0.0,not_launched,,11338864.378821043,446.3685698527639,213.907676506459,baseline,1,64.1723029519377,0.0,1.2244725411997668,12.0
2020-03-01,75,North,Therapy D,0.0,0.0,0.0,0.0,0.0,0.0,0,1.0,,access_expansion,85,78,False,0.0,not_launched,,11343578.113065686,446.554131893472,213.99660110298416,baseline,1,64.19898033089524,0.0,1.2244725411997668,12.0
2020-04-01,76,North,Therapy D,0.0,0.0,0.0,0.0,0.0,0.0,0,1.0,,access_expansion,85,78,False,0.0,not_launched,,11348293.806879632,446.73977107507534,214.08556266678428,baseline,1,64.22566880003528,0.0,1.2244725411997668,12.0
2020-05-01,77,North,Therapy D,0.0,0.0,0.0,0.0,0.0,0.0,0,1.0,,access_expansion,85,78,False,0.0,not_launched,,11353011.461077496,446.925487429642,214.174561213227,baseline,1,64.2523683639681,0.0,1.2244725411997668,12.0
2020-06-01,78,North,Therapy D,0.0,0.0,0.0,0.0,0.0,0.0,0,1.0,,access_expansion,85,78,False,0.0,not_launched,,11357731.076474246,447.1112809892544,214.26359675768668,baseline,1,64.279079027306,0.0,1.2244725411997668,12.0
2020-07-01,79,North,Therapy D,0.0,0.0,0.0,0.0,0.0,0.0,0,1.0,,access_expansion,85,78,False,0.0,not_launched,,11362452.653885176,447.29715178600736,214.3526693155439,baseline,1,64.30580079466317,0.0,1.2244725411997668,12.0
2020-08-01,80,North,Therapy D,0.0,0.0,0.0,0.0,0.0,0.0,0,1.0,,access_expansion,85,78,False,0.0,not_launched,,11367176.194125928,447.4830998520098,214.4417789021857,baseline,1,64.33253367065569,0.0,1.2244725411997668,12.0
2020-09-01,81,North,Therapy D,0.0,0.0,0.0,0.0,0.0,0.0,0,1.0,,access_expansion,85,78,False,0.0,not_launched,,11371901.698012477,447.6691252193836,214.53092553300536,baseline,1,64.35927765990161,0.0,1.2244725411997668,12.0
2020-10-01,82,North,Therapy D,0.0,0.0,0.0,0.0,0.0,0.0,0,1.0,,access_expansion,85,78,False,0.0,not_launched,,11376629.166361136,447.85522792026416,214.6201092234029,baseline,1,64.38603276702086,0.0,1.2244725411997668,12.0
2020-11-01,83,North,Therapy D,0.0,0.0,0.0,0.0,0.0,0.0,0,1.0,,access_expansion,85,78,False,0.0,not_launched,,11381358.59998857,448.0414079868,214.7093299887844,baseline,1,64.41279899663532,0.0,1.2244725411997668,12.0
2020-12-01,84,North,Therapy D,0.0,0.0,0.0,0.0,0.0,0.0,0,1.0,,access_expansion,85,78,False,0.0,not_launched,,11386089.999711769,448.2276654511534,214.79858784456252,baseline,1,64.43957635336876,0.0,1.2244725411997668,12.0
2021-01-01,85,North,Therapy D,4.482502934406644,4.482502934406644,0.0,4.482502934406644,4.191140243670212,4.482502934406644,0,1.0,,overlapping_competitor_launch,85,78,True,0.65,baseline,78.0,11390823.366348073,448.4140003454997,214.88788280615637,baseline,1,64.4663648418469,0.0,1.2244725411997668,12.0
2021-02-01,86,North,Therapy D,9.374502123284582,9.374502123284582,0.0,5.18336187961437,8.765159485271084,9.374502123284582,0,1.0,,overlapping_competitor_launch,85,78,True,0.65,baseline,78.0,11395558.700715149,448.6004127020277,214.97721488899128,baseline,1,64.49316446669738,0.0,1.2244725411997668,12.0
2021-03-01,87,North,Therapy D,14.726929580787443,14.726929580787443,0.0,5.961770095516359,13.76967915803626,14.726929580787443,0,1.0,,overlapping_competitor_launch,85,78,True,0.65,baseline,78.0,11400296.003631016,448.78690255293947,215.06658410849911,baseline,1,64.51997523254973,0.0,1.2244725411997668,12.0
2021-04-01,88,North,Therapy D,20.586371889612614,20.586371889612614,0.0,6.8166927315763575,19.2482577167878,20.586371889612614,0,1.0,,overlapping_competitor_launch,85,78,True,0.65,baseline,78.0,11405035.27591403,448.9734699304507,215.1559904801182,baseline,1,64.54679714403545,0.0,1.2244725411997668,12.0
2021-05-01,89,North,Therapy D,26.99248531220301,26.99248531220301,0.0,7.744227595415211,25.23797376690981,26.99248531220301,0,1.0,,overlapping_competitor_launch,85,78,True,0.65,baseline,78.0,11409776.518382885,449.1601148667903,215.2454340192932,baseline,1,64.57363020578795,0.0,1.2244725411997668,12.0
2021-06-01,90,North,Therapy D,33.9752896618155,33.9752896618155,0.0,8.737315894905688,31.76689583379749,33.9752896618155,0,1.0,,overlapping_competitor_launch,85,78,True,0.65,baseline,78.0,11414519.731856618,449.34683739420063,215.33491474147516,baseline,1,64.60047442244253,0.0,1.2244725411997668,12.0
2021-07-01,91,North,Therapy D,41.55259041534925,41.55259041534925,0.0,9.785694581551756,38.85167203835155,41.55259041534925,0,1.0,,overlapping_competitor_launch,85,78,True,0.65,baseline,78.0,11419264.917154605,449.5336375449374,215.4244326621216,baseline,1,64.62732979863648,0.0,1.2244725411997668,12.0
2021-08-01,92,North,Therapy D,49.72782138032432,49.72782138032432,0.0,10.876149341972775,46.495512990603245,49.72782138032432,0,1.0,,overlapping_competitor_launch,85,78,True,0.65,baseline,78.0,11424012.075096557,449.72051535126974,215.5139877966965,baseline,1,64.65419633900895,0.0,1.2244725411997668,12.0
2021-09-01,93,North,Therapy D,58.488599103343645,58.488599103343645,0.0,11.993086112740407,54.68684016162631,58.488599103343645,0,1.0,,overlapping_competitor_launch,85,78,True,0.65,baseline,78.0,11428761.206502536,449.9074708454804,215.60358016067036,baseline,1,64.6810740482011,0.0,1.2244725411997668,12.0
2021-10-01,94,North,Therapy D,67.80622469458915,67.80622469458915,0.0,13.119384532962831,63.39882008944085,67.80622469458915,0,1.0,,overlapping_competitor_launch,85,78,True,0.65,baseline,78.0,11433512.31219294,450.09450405986536,215.69320976951985,baseline,1,64.70796293085596,0.0,1.2244725411997668,12.0
2021-11-01,95,North,Therapy D,77.6362619122249,77.6362619122249,0.0,14.23744182278404,72.58990488793027,77.6362619122249,0,1.0,,overlapping_competitor_launch,85,78,True,0.65,baseline,78.0,11438265.392988512,450.281615026734,215.7828766387283,baseline,1,64.73486299161848,0.0,1.2244725411997668,12.0
2021-12-01,96,North,Therapy D,87.92018057455265,87.92018057455265,0.0,15.330275686622366,82.20536883720672,87.92018057455265,0,1.0,,overlapping_competitor_launch,85,78,True,0.65,baseline,78.0,11443020.449710326,450.4688037784092,215.8725807837853,baseline,1,64.7617742351356,0.0,1.2244725411997668,12.0
2022-01-01,97,North,Therapy D,98.58791116753493,98.58791116753493,0.0,16.38254233032819,92.17969694164516,98.58791116753493,0,1.0,,overlapping_competitor_launch,85,78,True,0.65,baseline,78.0,11447777.483179811,450.6560703472273,215.9623222201872,baseline,1,64.78869666605615,0.0,1.2244725411997668,12.0
2022-02-01,98,North,Therapy D,109.56104147431222,109.56104147431222,0.0,17.381344532667065,102.43957377848191,109.56104147431222,0,1.0,,overlapping_competitor_launch,85,78,True,0.65,baseline,78.0,11452536.494218722,450.8434147655377,216.05210096343615,baseline,1,64.81563028903085,0.0,1.2244725411997668,12.0
2022-03-01,99,North,Therapy D,120.7563225766264,120.7563225766264,0.0,18.31674879814446,112.90716160914567,120.7563225766264,0,1.0,,overlapping_competitor_launch,85,78,True,0.65,baseline,78.0,11457297.483649168,451.0308370657041,216.1419170290416,baseline,1,64.84257510871248,0.0,1.2244725411997668,12.0
2022-04-01,100,North,Therapy D,132.0891480220297,132.0891480220297,0.0,19.181986412884022,123.50335340059776,132.0891480220297,0,1.0,,overlapping_competitor_launch,85,78,True,0.65,baseline,78.0,11462060.4522936,451.2183372801029,216.23177043251877,baseline,1,64.86953112975561,0.0,1.2244725411997668,12.0
2022-05-01,101,North,Therapy D,143.4767188165254,143.4767188165254,0.0,19.973365415927617,134.15073209345124,143.4767188165254,0,1.0,,overlapping_competitor_launch,85,78,True,0.65,baseline,78.0,11466825.4009748,451.4059154411242,216.3216611893896,baseline,1,64.89649835681688,0.0,1.2244725411997668,12.0
2022-06-01,102,North,Therapy D,154.8406896227202,154.8406896227202,0.0,20.68995752926895,144.7760447972434,154.8406896227202,0,1.0,,overlapping_competitor_launch,85,78,True,0.65,baseline,78.0,11471592.3305159,451.5935715811715,216.41158931518245,baseline,1,64.92347679455473,0.0,1.2244725411997668,12.0
2022-07-01,103,North,Therapy D,166.109185940724,166.109185940724,0.0,21.3331411434806,155.31208885457693,166.109185940724,0,1.0,,persistence_change,85,78,True,0.65,baseline,78.0,11476361.241740374,451.781305732662,216.50155482543212,baseline,1,64.95046644762964,0.0,1.2244725411997668,12.0
2022-08-01,104,North,Therapy D,177.21816905431015,177.21816905431015,0.0,21.90608019973324,165.69898806578,177.21816905431015,0,1.0,,persistence_change,85,78,True,0.65,baseline,78.0,11481132.135472037,451.969117928026,216.59155773567997,baseline,1,64.97746732070398,0.0,1.2244725411997668,12.0
2022-09-01,105,North,Therapy D,188.00158831031592,188.00158831031592,0.0,22.30260024453594,175.78148507014538,188.00158831031592,0,1.0,,persistence_change,85,78,True,0.65,baseline,78.0,11485905.012535049,452.1570081997079,216.6815980614737,baseline,1,65.00447941844212,0.0,1.2244725411997668,12.0
2022-10-01,106,North,Therapy D,198.4300871226729,198.4300871226729,0.0,22.64860205252748,185.53213145969917,198.4300871226729,0,1.0,,persistence_change,85,78,True,0.65,baseline,78.0,11490679.873753903,452.3449765801647,216.77167581836744,baseline,1,65.03150274551022,0.0,1.2244725411997668,12.0
2022-11-01,107,North,Therapy D,208.4816044341704,208.4816044341704,0.0,22.94947297447128,194.93030014594933,208.4816044341704,0,1.0,,persistence_change,85,78,True,0.65,baseline,78.0,11495456.719953451,452.5330231018676,216.8617910219219,baseline,1,65.05853730657657,0.0,1.2244725411997668,12.0
2022-12-01,108,North,Therapy D,218.140801288171,218.140801288171,0.0,23.210501142221663,203.96164920443988,218.140801288171,0,1.0,,persistence_change,85,78,True,0.65,baseline,78.0,11500235.551958878,452.7211477973012,216.95194368770424,baseline,1,65.08558310631128,0.0,1.2244725411997668,12.0
2023-01-01,109,North,Therapy D,227.3983534670528,227.3983534670528,0.0,23.436704262612903,212.61746049169437,227.3983534670528,0,1.0,,persistence_change,85,78,True,0.65,baseline,78.0,11505016.370595708,452.9093506989633,217.04213383128808,baseline,1,65.11264014938641,0.0,1.2244725411997668,12.0
2023-02-01,110,North,Therapy D,236.25018148279503,236.25018148279503,0.0,23.63272099110067,220.89391968641337,236.25018148279503,0,1.0,,persistence_change,85,78,True,0.65,baseline,78.0,11509799.176689817,453.0976318393654,217.13236146825335,baseline,1,65.13970844047601,0.0,1.2244725411997668,12.0
2023-03-01,111,North,Therapy D,244.6966720204482,244.6966720204482,0.0,23.802752334034853,228.7913883391191,244.6966720204482,0,1.0,,persistence_change,85,78,True,0.65,baseline,78.0,11514583.971067414,453.28599125103256,217.2226266141868,baseline,1,65.16678798425603,0.0,1.2244725411997668,12.0
2023-04-01,112,North,Therapy D,252.74192902281996,252.74192902281996,0.0,23.950540683700822,236.31370363633664,252.74192902281996,0,1.0,,persistence_change,85,78,True,0.65,baseline,78.0,11519370.754555063,453.4744289665033,217.3129292846813,baseline,1,65.1938787854044,0.0,1.2244725411997668,12.0
2023-05-01,113,North,Therapy D,260.39307911693885,260.39307911693885,0.0,24.079375480602188,243.46752897433785,260.39307911693885,0,1.0,,persistence_change,85,78,True,0.65,baseline,78.0,11524159.52797967,453.6629450183297,217.4032694953365,baseline,1,65.22098084860095,0.0,1.2244725411997668,12.0
2023-06-01,114,North,Therapy D,267.65964540203146,267.65964540203146,0.0,24.192116427693627,250.2617684508994,267.65964540203146,0,1.0,,persistence_change,85,78,True,0.65,baseline,78.0,11528950.292168476,453.85153943907727,217.49364726175835,baseline,1,65.2480941785275,0.0,1.2244725411997668,12.0
2023-07-01,115,North,Therapy D,276.3991781889464,276.3991781889464,0.0,26.13740973804697,258.43323160666483,276.3991781889464,0,1.0,,epidemiology_change,85,78,True,0.65,baseline,78.0,11533743.047949074,508.5250377326844,243.69415011150647,epidemiology_change,109,73.10824503345194,0.0,1.2244725411997668,12.0
2023-08-01,116,North,Therapy D,284.75454049423854,284.75454049423854,0.0,26.32130888757367,266.24549536211305,284.75454049423854,0,1.0,,epidemiology_change,85,78,True,0.65,baseline,78.0,11538537.796149395,508.7364391397861,243.79545738728137,epidemiology_change,109,73.1386372161844,0.0,1.2244725411997668,12.0
2023-09-01,117,North,Therapy D,292.7329545742112,292.7329545742112,0.0,26.48745921209816,273.70531252688744,292.7329545742112,0,1.0,,epidemiology_change,85,78,True,0.65,baseline,78.0,11543334.53759772,508.9479284295911,243.8968067779948,epidemiology_change,109,73.16904203339843,0.0,1.2244725411997668,12.0
2023-10-01,118,North,Therapy D,300.3433531430651,300.3433531430651,0.0,26.638040616177623,280.82103518876585,300.3433531430651,0,1.0,,epidemiology_change,85,78,True,0.65,baseline,78.0,11548133.273122674,509.1595056386334,243.9981983011544,epidemiology_change,109,73.19945949034633,0.0,1.2244725411997668,12.0
2023-11-01,119,North,Therapy D,307.595985262449,307.595985262449,0.0,26.77495007368316,287.6022462203898,307.595985262449,0,1.0,,epidemiology_change,85,78,True,0.65,baseline,78.0,11552934.00355322,509.3711708034623,244.09963197427533,epidemiology_change,109,73.2298895922826,0.0,1.2244725411997668,12.0
2023-12-01,120,North,Therapy D,314.50208065636286,314.50208065636286,0.0,26.89983443597307,294.0594454136993,314.50208065636286,0,1.0,,epidemiology_change,85,78,True,0.65,baseline,78.0,11557736.729718672,509.5829239606423,244.20110781487995,epidemiology_change,109,73.26033234446398,0.0,1.2244725411997668,12.0
2024-01-01,121,North,Therapy D,321.07356665814274,321.07356665814274,0.0,27.014121244443444,300.2037848253634,321.07356665814274,0,1.0,,epidemiology_change,85,78,True,0.65,baseline,78.0,11562541.452448685,509.7947651467531,244.30262584049785,epidemiology_change,109,73.29078775214934,0.0,1.2244725411997668,12.0
2024-02-01,122,North,Therapy D,327.3228318052072,327.3228318052072,0.0,27.119046979843723,306.0468477378687,327.3228318052072,0,1.0,,epidemiology_change,85,78,True,0.65,baseline,78.0,11567348.17257326,510.0066943983897,244.404186068666,epidemiology_change,109,73.32125582059979,0.0,1.2244725411997668,12.0
2024-03-01,123,North,Therapy D,333.262530242401,333.262530242401,0.0,27.215682504532356,311.60046577664497,333.262530242401,0,1.0,,epidemiology_change,85,78,True,0.65,baseline,78.0,11572156.89092275,510.2187117521623,244.50578851692865,epidemiology_change,109,73.35173655507859,0.0,1.2244725411997668,12.0
2024-04-01,124,North,Therapy D,338.9054214455876,338.9054214455876,0.0,27.30495566894264,316.8765690516244,338.9054214455876,0,1.0,,epidemiology_change,85,78,True,0.65,baseline,78.0,11576967.60832784,510.4308172446962,244.6074332028373,epidemiology_change,109,73.38222996085119,0.0,1.2244725411997668,12.0
2024-05-01,125,North,Therapy D,344.2642402410255,344.2642402410255,0.0,27.38767118940112,321.88706462535885,344.2642402410255,0,1.0,,epidemiology_change,85,78,True,0.65,baseline,78.0,11581780.325619567,510.643010912632,244.7091201439508,epidemiology_change,109,73.41273604318523,0.0,1.2244725411997668,12.0
2024-06-01,126,North,Therapy D,349.35159260945863,349.35159260945863,0.0,27.46452798409981,326.64373908984385,349.35159260945863,0,1.0,,epidemiology_change,85,78,True,0.65,baseline,78.0,11586595.043629318,510.8552927926255,244.8108493578352,epidemiology_change,109,73.44325480735056,0.0,1.2244725411997668,12.0
2024-07-01,127,North,Therapy D,354.1798732847252,354.1798732847252,0.0,27.536134194881377,331.15818152121807,354.1798732847252,0,1.0,,epidemiology_change,85,78,True,0.65,baseline,78.0,11591411.763188817,511.0676629213476,244.91262086206396,epidemiology_change,109,73.47378625861917,0.0,1.2244725411997668,12.0
2024-08-01,128,North,Therapy D,358.7612016586095,358.7612016586095,0.0,27.603020137391447,335.4417235507999,358.7612016586095,0,1.0,,epidemiology_change,85,78,True,0.65,baseline,78.0,11596230.48513014,511.280121335485,245.01443467421777,epidemiology_change,109,73.50433040226532,0.0,1.2244725411997668,12.0
2024-09-01,129,North,Therapy D,363.1073729711404,363.1073729711404,0.0,27.665649420340536,339.5053937280163,363.1073729711404,0,1.0,,epidemiology_change,85,78,True,0.65,baseline,78.0,11601051.21028571,511.4926680717392,245.1162908118848,epidemiology_change,109,73.53488724356544,0.0,1.2244725411997668,12.0
2024-10-01,130,North,Therapy D,367.2298221906391,367.2298221906391,0.0,27.72442846262279,343.3598837482475,367.2298221906391,0,1.0,,epidemiology_change,85,78,True,0.65,baseline,78.0,11605873.939488284,511.70530316682647,245.21818929266013,epidemiology_change,109,73.56545678779804,0.0,1.2244725411997668,12.0
2024-11-01,131,North,Therapy D,371.13959836761046,371.13959836761046,0.0,27.779714619362952,347.0155244737158,371.13959836761046,0,1.0,,epidemiology_change,85,78,True,0.65,baseline,78.0,11610698.673570983,511.9180266574795,245.3201301341467,epidemiology_change,109,73.59603904024401,0.0,1.2244725411997668,12.0
2024-12-01,132,North,Therapy D,374.8473475813454,374.8473475813454,0.0,27.831823107629557,350.4822699885579,374.8473475813454,0,1.0,,epidemiology_change,85,78,True,0.65,baseline,78.0,11615525.413367262,512.1308385804455,245.42211335395436,epidemiology_change,109,73.6266340061863,0.0,1.2244725411997668,12.0
2025-01-01,133,North,Therapy D,378.36330289009305,378.36330289009305,0.0,27.88103290153515,353.76968820223703,378.36330289009305,0,1.0,,epidemiology_change,85,78,True,0.65,baseline,78.0,11620354.159710929,512.3437389724868,245.5241389697003,epidemiology_change,109,73.65724169091008,0.0,1.2244725411997668,12.0
2025-02-01,134,North,Therapy D,381.6972799482127,381.6972799482127,0.0,27.92759174597559,356.8869567515788,381.6972799482127,0,1.0,,epidemiology_change,85,78,True,0.65,baseline,78.0,11625184.913436128,512.5567278703817,245.62620699900933,epidemiology_change,109,73.6878620997028,0.0,1.2244725411997668,12.0
2025-03-01,135,North,Therapy D,384.8586771706415,384.8586771706415,0.0,27.97172041906269,359.8428631545498,384.8586771706415,0,1.0,,epidemiology_change,85,78,True,0.65,baseline,78.0,11630017.67537736,512.7698053109231,245.72831745951328,epidemiology_change,109,73.71849523785399,0.0,1.2244725411997668,12.0
2025-04-01,136,North,Therapy D,387.8564795103084,387.8564795103084,0.0,28.0136163557586,362.6458083421384,387.8564795103084,0,1.0,,epidemiology_change,85,78,True,0.65,baseline,78.0,11634852.446369477,512.9829713309197,245.8304703688515,epidemiology_change,109,73.74914111065544,0.0,1.2244725411997668,12.0
2025-05-01,137,North,Therapy D,390.6992650716159,390.6992650716159,0.0,28.053456729477567,365.3038128419609,390.6992650716159,0,1.0,,epidemiology_change,85,78,True,0.65,baseline,78.0,11639689.227247665,513.196225967195,245.9326657446705,epidemiology_change,109,73.77979972340114,0.0,1.2244725411997668,12.0
2025-06-01,138,North,Therapy D,393.39521391645246,393.39521391645246,0.0,28.091401074491564,367.8245250118831,393.39521391645246,0,1.0,,epidemiology_change,85,78,True,0.65,baseline,78.0,11644528.018847464,513.4095692565886,246.0349036046244,epidemiology_change,109,73.81047108138732,0.0,1.2244725411997668,12.0
2025-07-01,139,North,Therapy D,395.9521185316641,395.9521185316641,0.0,28.12759351978105,370.2152308271059,395.9521185316641,0,1.0,,epidemiology_change,85,78,True,0.65,baseline,78.0,11649368.822004762,513.6230012359545,246.1371839663743,epidemiology_change,109,73.84115518991229,0.0,1.2244725411997668,12.0
2025-08-01,140,North,Therapy D,398.3773955214911,398.3773955214911,0.0,28.162164694385147,372.4828648125941,398.3773955214911,0,1.0,,epidemiology_change,85,78,True,0.65,baseline,78.0,11654211.637555793,513.8365219421624,246.23950684758887,epidemiology_change,109,73.87185205427666,0.0,1.2244725411997668,12.0
2025-09-01,141,North,Therapy D,400.67809816776696,400.67809816776696,0.0,28.1952333551728,374.6340217868621,400.67809816776696,0,1.0,,epidemiology_change,85,78,True,0.65,baseline,78.0,11659056.466337137,514.0501314120976,246.3418722659441,epidemiology_change,109,73.90256167978322,0.0,1.2244725411997668,12.0
2025-10-01,142,North,Therapy D,402.8609295669854,402.8609295669854,0.0,28.226907780123334,376.6749691451314,402.8609295669854,0,1.0,,epidemiology_change,85,78,True,0.65,baseline,78.0,11663903.309185728,514.2638296826606,246.44428023912343,epidemiology_change,109,73.93328407173702,0.0,1.2244725411997668,12.0
2025-11-01,143,North,Therapy D,404.9322561086443,404.9322561086443,0.0,28.25728696351296,378.61165946158246,404.9322561086443,0,1.0,,epidemiology_change,85,78,True,0.65,baseline,78.0,11668752.166938838,514.4776167907669,246.5467307848174,epidemiology_change,109,73.96401923544522,0.0,1.2244725411997668,12.0
2025-12-01,144,North,Therapy D,406.8981211052911,406.8981211052911,0.0,28.286461643708638,380.4497432334472,406.8981211052911,0,1.0,,epidemiology_change,85,78,True,0.65,baseline,78.0,11673603.040434098,514.6914927733475,246.649223920724,epidemiology_change,109,73.9947671762172,0.0,1.2244725411997668,12.0
2014-01-01,1,South,Therapy D,0.0,0.0,0.0,0.0,0.0,0.0,0,1.0,,early_market_before_b_launch,85,78,False,0.0,not_launched,,10000000.0,291.4125,139.65,baseline,1,41.895,356.94000000000005,0.44146422259440554,1.0
2014-02-01,2,South,Therapy D,0.0,0.0,0.0,0.0,0.0,0.0,0,1.0,,early_market_before_b_launch,85,78,False,0.0,not_launched,,10004157.14844729,291.5336445021896,139.7080545780664,baseline,1,41.91241637341992,0.0,0.44146422259440554,1.0
2014-03-01,3,South,Therapy D,0.0,0.0,0.0,0.0,0.0,0.0,0,1.0,,early_market_before_b_launch,85,78,False,0.0,not_launched,,10008316.0250829,291.65483936594705,139.7661332902827,baseline,1,41.92983998708481,0.0,0.44146422259440554,1.0
2014-04-01,4,South,Therapy D,0.0,0.0,0.0,0.0,0.0,0.0,0,1.0,,early_market_before_b_launch,85,78,False,0.0,not_launched,,10012476.630625268,291.77608461220854,139.82423614668184,baseline,1,41.94727084400455,0.0,0.44146422259440554,1.0
2014-05-01,5,South,Therapy D,0.0,0.0,0.0,0.0,0.0,0.0,0,1.0,,early_market_before_b_launch,85,78,False,0.0,not_launched,,10016638.965793122,291.8973802619188,139.88236315730094,baseline,1,41.96470894719028,0.0,0.44146422259440554,1.0
2014-06-01,6,South,Therapy D,0.0,0.0,0.0,0.0,0.0,0.0,0,1.0,,early_market_before_b_launch,85,78,False,0.0,not_launched,,10020803.031305492,292.0187263360311,139.94051433218115,baseline,1,41.98215429965435,0.0,0.44146422259440554,1.0
2014-07-01,7,South,Therapy D,0.0,0.0,0.0,0.0,0.0,0.0,0,1.0,,early_market_before_b_launch,85,78,False,0.0,not_launched,,10024968.82788171,292.1401228555079,139.99868968136812,baseline,1,41.99960690441044,0.0,0.44146422259440554,1.0
2014-08-01,8,South,Therapy D,0.0,0.0,0.0,0.0,0.0,0.0,0,1.0,,early_market_before_b_launch,85,78,False,0.0,not_launched,,10029136.356241409,292.2615698413199,140.05688921491125,baseline,1,42.01706676447338,0.0,0.44146422259440554,1.0
2014-09-01,9,South,Therapy D,0.0,0.0,0.0,0.0,0.0,0.0,0,1.0,,early_market_before_b_launch,85,78,False,0.0,not_launched,,10033305.617104506,292.3830673144467,140.11511294286444,baseline,1,42.03453388285933,0.0,0.44146422259440554,1.0
2014-10-01,10,South,Therapy D,0.0,0.0,0.0,0.0,0.0,0.0,0,1.0,,early_market_before_b_launch,85,78,False,0.0,not_launched,,10037476.61119124,292.5046152958768,140.1733608752857,baseline,1,42.05200826258571,0.0,0.44146422259440554,1.0
2014-11-01,11,South,Therapy D,0.0,0.0,0.0,0.0,0.0,0.0,0,1.0,,early_market_before_b_launch,85,78,False,0.0,not_launched,,10041649.339222131,292.6262138066069,140.23163302223708,baseline,1,42.06948990667112,0.0,0.44146422259440554,1.0
2014-12-01,12,South,Therapy D,0.0,0.0,0.0,0.0,0.0,0.0,0,1.0,,early_market_before_b_launch,85,78,False,0.0,not_launched,,10045823.80191801,292.7478628676431,140.28992939378497,baseline,1,42.08697881813549,0.0,0.44146422259440554,1.0
2015-01-01,13,South,Therapy D,0.0,0.0,0.0,0.0,0.0,0.0,0,1.0,,early_market_before_b_launch,85,78,False,0.0,not_launched,,10049999.999999998,292.8695624999999,140.34824999999998,baseline,1,42.104475,0.0,0.44146422259440554,1.0
2015-02-01,14,South,Therapy D,0.0,0.0,0.0,0.0,0.0,0.0,0,1.0,,early_market_before_b_launch,85,78,False,0.0,not_launched,,10054177.934189526,292.9913127247005,140.40659485095676,baseline,1,42.12197845528703,0.0,0.44146422259440554,1.0
2015-03-01,15,South,Therapy D,0.0,0.0,0.0,0.0,0.0,0.0,0,1.0,,early_market_before_b_launch,85,78,False,0.0,not_launched,,10058357.605208317,293.1131135627768,140.46496395673412,baseline,1,42.13948918702024,0.0,0.44146422259440554,1.0
2015-04-01,16,South,Therapy D,0.0,0.0,0.0,0.0,0.0,0.0,0,1.0,,early_market_before_b_launch,85,78,False,0.0,not_launched,,10062539.013778394,293.2349650352696,140.52335732741528,baseline,1,42.15700719822458,0.0,0.44146422259440554,1.0
2015-05-01,17,South,Therapy D,0.0,0.0,0.0,0.0,0.0,0.0,0,1.0,,early_market_before_b_launch,85,78,False,0.0,not_launched,,10066722.160622085,293.35686716322823,140.5817749730874,baseline,1,42.174532491926215,0.0,0.44146422259440554,1.0
2015-06-01,18,South,Therapy D,0.0,0.0,0.0,0.0,0.0,0.0,0,1.0,,early_market_before_b_launch,85,78,False,0.0,not_launched,,10070907.046462016,293.4788199677112,140.64021690384203,baseline,1,42.192065071152605,0.0,0.44146422259440554,1.0
2015-07-01,19,South,Therapy D,0.0,0.0,0.0,0.0,0.0,0.0,0,1.0,,b_launch_growth,85,78,False,0.0,not_launched,,10075093.67202112,293.6008234697854,140.6986831297749,baseline,1,42.20960493893247,0.0,0.9914642225944056,12.0
2015-08-01,20,South,Therapy D,0.0,0.0,0.0,0.0,0.0,0.0,0,1.0,,b_launch_growth,85,78,False,0.0,not_launched,,10079282.038022611,293.72287769052645,140.7571736609858,baseline,1,42.22715209829573,0.0,0.9914642225944056,12.0
2015-09-01,21,South,Therapy D,0.0,0.0,0.0,0.0,0.0,0.0,0,1.0,,b_launch_growth,85,78,False,0.0,not_launched,,10083472.145190028,293.8449826510189,140.81568850757876,baseline,1,42.24470655227363,0.0,0.9914642225944056,12.0
2015-10-01,22,South,Therapy D,0.0,0.0,0.0,0.0,0.0,0.0,0,1.0,,b_launch_growth,85,78,False,0.0,not_launched,,10087663.994247196,293.9671383723561,140.8742276796621,baseline,1,42.26226830389863,0.0,0.9914642225944056,12.0
2015-11-01,23,South,Therapy D,0.0,0.0,0.0,0.0,0.0,0.0,0,1.0,,b_launch_growth,85,78,False,0.0,not_launched,,10091857.585918242,294.08934487563994,140.93279118734824,baseline,1,42.27983735620448,0.0,0.9914642225944056,12.0
2015-12-01,24,South,Therapy D,0.0,0.0,0.0,0.0,0.0,0.0,0,1.0,,b_launch_growth,85,78,False,0.0,not_launched,,10096052.9209276,294.2116021819814,140.99137904075394,baseline,1,42.29741371222618,0.0,0.9914642225944056,12.0
2016-01-01,25,South,Therapy D,0.0,0.0,0.0,0.0,0.0,0.0,0,1.0,,b_launch_growth,85,78,False,0.0,not_launched,,10100249.999999998,294.3339103124999,141.04999124999995,baseline,1,42.31499737499998,0.0,0.9914642225944056,12.0
2016-02-01,26,South,Therapy D,0.0,0.0,0.0,0.0,0.0,0.0,0,1.0,,b_launch_growth,85,78,False,0.0,not_launched,,10104448.823860472,294.456269288324,141.1086278252115,baseline,1,42.33258834756345,0.0,0.9914642225944056,12.0
2016-03-01,27,South,Therapy D,0.0,0.0,0.0,0.0,0.0,0.0,0,1.0,,b_launch_growth,85,78,False,0.0,not_launched,,10108649.393234355,294.5786791305906,141.16728877651775,baseline,1,42.35018663295532,0.0,0.9914642225944056,12.0
2016-04-01,28,South,Therapy D,0.0,0.0,0.0,0.0,0.0,0.0,0,1.0,,b_launch_growth,85,78,False,0.0,not_launched,,10112851.708847284,294.70113986044595,141.22597411405235,baseline,1,42.367792234215706,0.0,0.9914642225944056,12.0
2016-05-01,29,South,Therapy D,0.0,0.0,0.0,0.0,0.0,0.0,0,1.0,,b_launch_growth,85,78,False,0.0,not_launched,,10117055.771425191,294.8236514990444,141.28468384795283,baseline,1,42.38540515438585,0.0,0.9914642225944056,12.0
2016-06-01,30,South,Therapy D,0.0,0.0,0.0,0.0,0.0,0.0,0,1.0,,b_launch_growth,85,78,False,0.0,not_launched,,10121261.581694327,294.9462140675498,141.3434179883613,baseline,1,42.40302539650839,0.0,0.9914642225944056,12.0
2016-07-01,31,South,Therapy D,0.0,0.0,0.0,0.0,0.0,0.0,0,1.0,,b_launch_growth,85,78,False,0.0,not_launched,,10125469.140381224,295.0688275871342,141.40217654542374,baseline,1,42.42065296362712,0.0,0.9914642225944056,12.0
2016-08-01,32,South,Therapy D,0.0,0.0,0.0,0.0,0.0,0.0,0,1.0,,b_launch_growth,85,78,False,0.0,not_launched,,10129678.448212724,295.1914920789791,141.46095952929073,baseline,1,42.43828785878722,0.0,0.9914642225944056,12.0
2016-09-01,33,South,Therapy D,0.0,0.0,0.0,0.0,0.0,0.0,0,1.0,,b_launch_growth,85,78,False,0.0,not_launched,,10133889.505915975,295.31420756427394,141.51976695011663,baseline,1,42.455930085034986,0.0,0.9914642225944056,12.0
2016-10-01,34,South,Therapy D,0.0,0.0,0.0,0.0,0.0,0.0,0,1.0,,b_launch_growth,85,78,False,0.0,not_launched,,10138102.31421843,295.4369740642178,141.5785988180604,baseline,1,42.47357964541811,0.0,0.9914642225944056,12.0
2016-11-01,35,South,Therapy D,0.0,0.0,0.0,0.0,0.0,0.0,0,1.0,,b_launch_growth,85,78,False,0.0,not_launched,,10142316.873847833,295.5597916000182,141.637455143285,baseline,1,42.4912365429855,0.0,0.9914642225944056,12.0
2016-12-01,36,South,Therapy D,0.0,0.0,0.0,0.0,0.0,0.0,0,1.0,,b_launch_growth,85,78,False,0.0,not_launched,,10146533.185532236,295.68266019289126,141.69633593595768,baseline,1,42.5089007807873,0.0,0.9914642225944056,12.0
2017-01-01,37,South,Therapy D,0.0,0.0,0.0,0.0,0.0,0.0,0,1.0,,b_launch_growth,85,78,False,0.0,not_launched,,10150751.249999996,295.80557986406234,141.7552412062499,baseline,1,42.526572361874976,0.0,0.9914642225944056,12.0
2017-02-01,38,South,Therapy D,0.0,0.0,0.0,0.0,0.0,0.0,0,1.0,,b_launch_growth,85,78,False,0.0,not_launched,,10154971.067979772,295.9285506347655,141.8141709643375,baseline,1,42.54425128930125,0.0,0.9914642225944056,12.0
2017-03-01,39,South,Therapy D,0.0,0.0,0.0,0.0,0.0,0.0,0,1.0,,b_launch_growth,85,78,False,0.0,not_launched,,10159192.640200526,296.05157252624355,141.87312522040034,baseline,1,42.5619375661201,0.0,0.9914642225944056,12.0
2017-04-01,40,South,Therapy D,0.0,0.0,0.0,0.0,0.0,0.0,0,1.0,,b_launch_growth,85,78,False,0.0,not_launched,,10163415.96739152,296.1746455597481,141.9321039846226,baseline,1,42.57963119538677,0.0,0.9914642225944056,12.0
2017-05-01,41,South,Therapy D,0.0,0.0,0.0,0.0,0.0,0.0,0,1.0,,b_launch_growth,85,78,False,0.0,not_launched,,10167641.050282318,296.2977697565396,141.99110726719258,baseline,1,42.59733218015777,0.0,0.9914642225944056,12.0
2017-06-01,42,South,Therapy D,0.0,0.0,0.0,0.0,0.0,0.0,0,1.0,,b_launch_growth,85,78,False,0.0,not_launched,,10171867.889602795,296.42094513788754,142.0501350783031,baseline,1,42.615040523490926,0.0,0.9914642225944056,12.0
2017-07-01,43,South,Therapy D,0.0,0.0,0.0,0.0,0.0,0.0,0,1.0,,b_launch_growth,85,78,False,0.0,not_launched,,10176096.486083128,296.54417172507,142.10918742815088,baseline,1,42.63275622844526,0.0,0.9914642225944056,12.0
2017-08-01,44,South,Therapy D,0.0,0.0,0.0,0.0,0.0,0.0,0,1.0,,b_launch_growth,85,78,False,0.0,not_launched,,10180326.840453789,296.6674495393738,142.1682643269371,baseline,1,42.65047929808113,0.0,0.9914642225944056,12.0
2017-09-01,45,South,Therapy D,0.0,0.0,0.0,0.0,0.0,0.0,0,1.0,,b_launch_growth,85,78,False,0.0,not_launched,,10184558.953445558,296.7907786020954,142.22736578486723,baseline,1,42.66820973546017,0.0,0.9914642225944056,12.0
2017-10-01,46,South,Therapy D,0.0,0.0,0.0,0.0,0.0,0.0,0,1.0,,b_launch_growth,85,78,False,0.0,not_launched,,10188792.82578952,296.9141589345388,142.28649181215064,baseline,1,42.68594754364519,0.0,0.9914642225944056,12.0
2017-11-01,47,South,Therapy D,0.0,0.0,0.0,0.0,0.0,0.0,0,1.0,,b_launch_growth,85,78,False,0.0,not_launched,,10193028.458217071,297.03759055801817,142.3456424190014,baseline,1,42.703692725700414,0.0,0.9914642225944056,12.0
2017-12-01,48,South,Therapy D,0.0,0.0,0.0,0.0,0.0,0.0,0,1.0,,b_launch_growth,85,78,False,0.0,not_launched,,10197265.851459896,297.16107349385567,142.40481761563746,baseline,1,42.72144528469124,0.0,0.9914642225944056,12.0
2018-01-01,49,South,Therapy D,0.0,0.0,0.0,0.0,0.0,0.0,0,1.0,,b_launch_growth,85,78,False,0.0,not_launched,,10201505.006249996,297.28460776338267,142.46401741228118,baseline,1,42.73920522368435,0.0,0.9914642225944056,12.0
2018-02-01,50,South,Therapy D,0.0,0.0,0.0,0.0,0.0,0.0,0,1.0,,b_launch_growth,85,78,False,0.0,not_launched,,10205745.923319671,297.4081933879393,142.5232418191592,baseline,1,42.756972545747765,0.0,0.9914642225944056,12.0
2018-03-01,51,South,Therapy D,0.0,0.0,0.0,0.0,0.0,0.0,0,1.0,,b_launch_growth,85,78,False,0.0,not_launched,,10209988.603401529,297.5318303888747,142.5824908465023,baseline,1,42.77474725395069,0.0,0.9914642225944056,12.0
2018-04-01,52,South,Therapy D,0.0,0.0,0.0,0.0,0.0,0.0,0,1.0,,b_launch_growth,85,78,False,0.0,not_launched,,10214233.047228476,297.6555187875468,142.64176450454565,baseline,1,42.79252935136369,0.0,0.9914642225944056,12.0
2018-05-01,53,South,Therapy D,0.0,0.0,0.0,0.0,0.0,0.0,0,1.0,,b_launch_growth,85,78,False,0.0,not_launched,,10218479.25553373,297.7792586053223,142.70106280352854,baseline,1,42.81031884105856,0.0,0.9914642225944056,12.0
2018-06-01,54,South,Therapy D,0.0,0.0,0.0,0.0,0.0,0.0,0,1.0,,b_launch_growth,85,78,False,0.0,not_launched,,10222727.22905081,297.9030498635769,142.76038575369455,baseline,1,42.828115726108365,0.0,0.9914642225944056,12.0
2018-07-01,55,South,Therapy D,0.0,0.0,0.0,0.0,0.0,0.0,0,1.0,,b_launch_growth,85,78,False,0.0,not_launched,,10226976.96851354,298.02689258369526,142.81973336529165,baseline,1,42.84592000958749,0.0,0.9914642225944056,12.0
2018-08-01,56,South,Therapy D,0.0,0.0,0.0,0.0,0.0,0.0,0,1.0,,b_launch_growth,85,78,False,0.0,not_launched,,10231228.474656053,298.1507867870707,142.87910564857177,baseline,1,42.86373169457153,0.0,0.9914642225944056,12.0
2018-09-01,57,South,Therapy D,0.0,0.0,0.0,0.0,0.0,0.0,0,1.0,,b_launch_growth,85,78,False,0.0,not_launched,,10235481.748212785,298.2747324951057,142.93850261379148,baseline,1,42.881550784137445,0.0,0.9914642225944056,12.0
2018-10-01,58,South,Therapy D,0.0,0.0,0.0,0.0,0.0,0.0,0,1.0,,b_launch_growth,85,78,False,0.0,not_launched,,10239736.789918467,298.3987297292115,142.9979242712114,baseline,1,42.89937728136341,0.0,0.9914642225944056,12.0
2018-11-01,59,South,Therapy D,0.0,0.0,0.0,0.0,0.0,0.0,0,1.0,,b_launch_growth,85,78,False,0.0,not_launched,,10243993.600508155,298.5227785108083,143.0573706310964,baseline,1,42.91721118932892,0.0,0.9914642225944056,12.0
2018-12-01,60,South,Therapy D,0.0,0.0,0.0,0.0,0.0,0.0,0,1.0,,b_launch_growth,85,78,False,0.0,not_launched,,10248252.180717194,298.6468788613249,143.11684170371564,baseline,1,42.93505251111469,0.0,0.9914642225944056,12.0
2019-01-01,61,South,Therapy D,0.0,0.0,0.0,0.0,0.0,0.0,0,1.0,,access_expansion,85,78,False,0.0,not_launched,,10252512.531281244,298.7710308021996,143.1763374993426,baseline,1,42.95290124980278,0.0,0.9914642225944056,12.0
2019-02-01,62,South,Therapy D,0.0,0.0,0.0,0.0,0.0,0.0,0,1.0,,access_expansion,85,78,False,0.0,not_launched,,10256774.652936269,298.895234354879,143.235858028255,baseline,1,42.970757408476494,0.0,0.9914642225944056,12.0
2019-03-01,63,South,Therapy D,0.0,0.0,0.0,0.0,0.0,0.0,0,1.0,,access_expansion,85,78,False,0.0,not_launched,,10261038.546418533,299.01948954081905,143.29540330073482,baseline,1,42.98862099022045,0.0,0.9914642225944056,12.0
2019-04-01,64,South,Therapy D,0.0,0.0,0.0,0.0,0.0,0.0,0,1.0,,access_expansion,85,78,False,0.0,not_launched,,10265304.212464616,299.1437963814845,143.35497332706836,baseline,1,43.00649199812051,0.0,0.9914642225944056,12.0
2019-05-01,65,South,Therapy D,0.0,0.0,0.0,0.0,0.0,0.0,0,1.0,,access_expansion,85,78,False,0.0,not_launched,,10269571.6518114,299.26815489834894,143.4145681175462,baseline,1,43.024370435263855,0.0,0.9914642225944056,12.0
2019-06-01,66,South,Therapy D,0.0,0.0,0.0,0.0,0.0,0.0,0,1.0,,access_expansion,85,78,False,0.0,not_launched,,10273840.865196062,299.3925651128948,143.47418768246305,baseline,1,43.042256304738906,0.0,0.9914642225944056,12.0
2019-07-01,67,South,Therapy D,0.0,0.0,0.0,0.0,0.0,0.0,0,1.0,,access_expansion,85,78,False,0.0,not_launched,,10278111.853356108,299.51702704661363,143.53383203211803,baseline,1,43.06014960963541,0.0,0.9914642225944056,12.0
2019-08-01,68,South,Therapy D,0.0,0.0,0.0,0.0,0.0,0.0,0,1.0,,access_expansion,85,78,False,0.0,not_launched,,10282384.617029332,299.64154072100604,143.59350117681464,baseline,1,43.07805035304439,0.0,0.9914642225944056,12.0
2019-09-01,69,South,Therapy D,0.0,0.0,0.0,0.0,0.0,0.0,0,1.0,,access_expansion,85,78,False,0.0,not_launched,,10286659.156953843,299.76610615758125,143.65319512686045,baseline,1,43.09595853805813,0.0,0.9914642225944056,12.0
2019-10-01,70,South,Therapy D,0.0,0.0,0.0,0.0,0.0,0.0,0,1.0,,access_expansion,85,78,False,0.0,not_launched,,10290935.47386806,299.8907233778576,143.71291389256746,baseline,1,43.11387416777024,0.0,0.9914642225944056,12.0
2019-11-01,71,South,Therapy D,0.0,0.0,0.0,0.0,0.0,0.0,0,1.0,,access_expansion,85,78,False,0.0,not_launched,,10295213.568510694,300.0153924033623,143.77265748425185,baseline,1,43.13179724527556,0.0,0.9914642225944056,12.0
2019-12-01,72,South,Therapy D,0.0,0.0,0.0,0.0,0.0,0.0,0,1.0,,access_expansion,85,78,False,0.0,not_launched,,10299493.44162078,300.14011325563155,143.8324259122342,baseline,1,43.14972777367026,0.0,0.9914642225944056,12.0
2020-01-01,73,South,Therapy D,0.0,0.0,0.0,0.0,0.0,0.0,0,1.0,,access_expansion,85,78,False,0.0,not_launched,,10303775.09393765,300.2648859562105,143.89221918683927,baseline,1,43.16766575605178,0.0,0.9914642225944056,12.0
2020-02-01,74,South,Therapy D,0.0,0.0,0.0,0.0,0.0,0.0,0,1.0,,access_expansion,85,78,False,0.0,not_launched,,10308058.52620095,300.3897105266534,143.95203731839626,baseline,1,43.18561119551888,0.0,0.9914642225944056,12.0
2020-03-01,75,South,Therapy D,0.0,0.0,0.0,0.0,0.0,0.0,0,1.0,,access_expansion,85,78,False,0.0,not_launched,,10312343.739150625,300.5145869885231,144.01188031723845,baseline,1,43.20356409517154,0.0,0.9914642225944056,12.0
2020-04-01,76,South,Therapy D,0.0,0.0,0.0,0.0,0.0,0.0,0,1.0,,access_expansion,85,78,False,0.0,not_launched,,10316630.73352694,300.63951536339187,144.07174819370368,baseline,1,43.22152445811111,0.0,0.9914642225944056,12.0
2020-05-01,77,South,Therapy D,0.0,0.0,0.0,0.0,0.0,0.0,0,1.0,,access_expansion,85,78,False,0.0,not_launched,,10320919.510070452,300.7644956728405,144.1316409581339,baseline,1,43.23949228744016,0.0,0.9914642225944056,12.0
2020-06-01,78,South,Therapy D,0.0,0.0,0.0,0.0,0.0,0.0,0,1.0,,access_expansion,85,78,False,0.0,not_launched,,10325210.069522042,300.8895279384592,144.19155862087533,baseline,1,43.2574675862626,0.0,0.9914642225944056,12.0
2020-07-01,79,South,Therapy D,0.0,0.0,0.0,0.0,0.0,0.0,0,1.0,,access_expansion,85,78,False,0.0,not_launched,,10329502.412622888,301.0146121818467,144.25150119227862,baseline,1,43.27545035768359,0.0,0.9914642225944056,12.0
2020-08-01,80,South,Therapy D,0.0,0.0,0.0,0.0,0.0,0.0,0,1.0,,access_expansion,85,78,False,0.0,not_launched,,10333796.54011448,301.13974842461107,144.31146868269872,baseline,1,43.29344060480961,0.0,0.9914642225944056,12.0
2020-09-01,81,South,Therapy D,0.0,0.0,0.0,0.0,0.0,0.0,0,1.0,,access_expansion,85,78,False,0.0,not_launched,,10338092.452738617,301.2649366883691,144.37146110249475,baseline,1,43.31143833074842,0.0,0.9914642225944056,12.0
2020-10-01,82,South,Therapy D,0.0,0.0,0.0,0.0,0.0,0.0,0,1.0,,access_expansion,85,78,False,0.0,not_launched,,10342390.151237397,301.39017699474675,144.43147846203024,baseline,1,43.32944353860907,0.0,0.9914642225944056,12.0
2020-11-01,83,South,Therapy D,0.0,0.0,0.0,0.0,0.0,0.0,0,1.0,,access_expansion,85,78,False,0.0,not_launched,,10346689.636353243,301.515469365379,144.49152077167307,baseline,1,43.34745623150192,0.0,0.9914642225944056,12.0
2020-12-01,84,South,Therapy D,0.0,0.0,0.0,0.0,0.0,0.0,0,1.0,,access_expansion,85,78,False,0.0,not_launched,,10350990.90882888,301.6408138219096,144.55158804179533,baseline,1,43.3654764125386,0.0,0.9914642225944056,12.0
2021-01-01,85,South,Therapy D,2.9984402348558774,2.9984402348558774,0.0,2.9984402348558774,2.803541619590246,2.9984402348558774,0,1.0,,overlapping_competitor_launch,85,78,True,0.55,baseline,78.0,10355293.969407337,301.7662103859915,144.61168028277345,baseline,1,43.38350408483203,0.0,0.9914642225944056,12.0
2021-02-01,86,South,Therapy D,6.27106608509312,6.27106608509312,0.0,3.4675244655028736,5.863446789562066,6.27106608509312,0,1.0,,overlapping_competitor_launch,85,78,True,0.55,baseline,78.0,10359598.818831952,301.8916590792866,144.67179750498823,baseline,1,43.40153925149647,0.0,0.9914642225944056,12.0
2021-03-01,87,South,Therapy D,9.85202649634175,9.85202649634175,0.0,3.988579706779685,9.211644774079538,9.85202649634175,0,1.0,,overlapping_competitor_launch,85,78,True,0.55,baseline,78.0,10363905.45784638,302.0171599234657,144.73193971882466,baseline,1,43.4195819156474,0.0,0.9914642225944056,12.0
2021-04-01,88,South,Therapy D,13.772578249450325,13.772578249450325,0.0,4.560933475370787,12.877360663236054,13.772578249450325,0,1.0,,overlapping_competitor_launch,85,78,True,0.55,baseline,78.0,10368213.887194572,302.14271294020887,144.79210693467223,baseline,1,43.43763208040167,0.0,0.9914642225944056,12.0
2021-05-01,89,South,Therapy D,18.05935600153516,18.05935600153516,0.0,5.181995338299107,16.885497861435375,18.05935600153516,0,1.0,,overlapping_competitor_launch,85,78,True,0.55,baseline,78.0,10372524.107620804,302.2683181512047,144.8522991629245,baseline,1,43.45568974887736,0.0,0.9914642225944056,12.0
2021-06-01,90,South,Therapy D,22.732559900668548,22.732559900668548,0.0,5.8470620392331725,21.25494350712509,22.732559900668548,0,1.0,,overlapping_competitor_launch,85,78,True,0.55,baseline,78.0,10376836.119869651,302.3939755781515,144.91251641397972,baseline,1,43.47375492419391,0.0,0.9914642225944056,12.0
2021-07-01,91,South,Therapy D,27.804227602121763,27.804227602121763,0.0,6.549284094996672,25.996952807983845,27.804227602121763,0,1.0,,overlapping_competitor_launch,85,78,True,0.55,baseline,78.0,10381149.924686002,302.51968524275594,144.97275869824003,baseline,1,43.491827609472,0.0,0.9914642225944056,12.0
2021-08-01,92,South,Therapy D,33.276786375279954,33.276786375279954,0.0,7.2798335672961105,31.11379526088676,33.276786375279954,0,1.0,,overlapping_competitor_launch,85,78,True,0.55,baseline,78.0,10385465.522815049,302.6454471667341,145.0330260261122,baseline,1,43.509907807833656,0.0,0.9914642225944056,12.0
2021-09-01,93,South,Therapy D,39.14208045144387,39.14208045144387,0.0,8.028285190557105,36.59784522210001,39.14208045144387,0,1.0,,overlapping_competitor_launch,85,78,True,0.55,baseline,78.0,10389782.915002303,302.7712613718109,145.0933184080072,baseline,1,43.52799552240216,0.0,0.9914642225944056,12.0
2021-10-01,94,South,Therapy D,45.381031786343485,45.381031786343485,0.0,8.783186564243474,42.43126472023116,45.381031786343485,0,1.0,,overlapping_competitor_launch,85,78,True,0.55,baseline,78.0,10394102.101993583,302.89712787972053,145.15363585434042,baseline,1,43.54609075630213,0.0,0.9914642225944056,12.0
2021-11-01,95,South,Therapy D,51.96402100520276,51.96402100520276,0.0,9.532756284971605,48.58635963986458,51.96402100520276,0,1.0,,overlapping_competitor_launch,85,78,True,0.55,baseline,78.0,10398423.084535012,303.0230467122059,145.21397837553144,baseline,1,43.56419351265943,0.0,0.9914642225944056,12.0
2021-12-01,96,South,Therapy D,58.85198174110164,58.85198174110164,0.0,10.265622101237064,55.02660292793004,58.85198174110164,0,1.0,,overlapping_competitor_launch,85,78,True,0.55,baseline,78.0,10402745.863373024,303.1490178910191,145.2743459820043,baseline,1,43.58230379460129,0.0,0.9914642225944056,12.0
2022-01-01,97,South,Therapy D,65.99810564382173,65.99810564382173,0.0,10.971502715891694,61.708228776973314,65.99810564382173,0,1.0,,overlapping_competitor_launch,85,78,True,0.55,baseline,78.0,10407070.439254371,303.2750414379215,145.33473868418733,baseline,1,43.600421605256194,0.0,0.9914642225944056,12.0
2022-02-01,98,South,Therapy D,73.34997820374105,73.34997820374105,0.0,11.641749426767731,68.58222962049788,73.34997820374105,0,1.0,,overlapping_competitor_launch,85,78,True,0.55,baseline,78.0,10411396.81292611,303.401117374683,145.39515649251314,baseline,1,43.61854694775394,0.0,0.9914642225944056,12.0
2022-03-01,99,South,Therapy D,80.85192290865818,80.85192290865818,0.0,12.269693288160305,75.5965479195954,80.85192290865818,0,1.0,,overlapping_competitor_launch,85,78,True,0.55,baseline,78.0,10415724.985135607,303.527245723083,145.45559941741877,baseline,1,43.63667982522563,0.0,0.9914642225944056,12.0
2022-04-01,100,South,Therapy D,88.44732874877113,88.44732874877113,0.0,12.850780829175728,82.698252380101,88.44732874877113,0,1.0,,overlapping_competitor_launch,85,78,True,0.55,baseline,78.0,10420054.956630545,303.6534265049099,145.5160674693456,baseline,1,43.65482024080367,0.0,0.9914642225944056,12.0
2022-05-01,101,South,Therapy D,96.0807686945094,96.0807686945094,0.0,13.382516314408392,89.83551872936627,96.0807686945094,0,1.0,,overlapping_competitor_launch,85,78,True,0.55,baseline,78.0,10424386.728158908,303.7796597419608,145.57656065873914,baseline,1,43.67296819762174,0.0,0.9914642225944056,12.0
2022-06-01,102,South,Therapy D,103.69977206304829,103.69977206304829,0.0,13.86425333368199,96.95928687895012,103.69977206304829,0,1.0,,overlapping_competitor_launch,85,78,True,0.55,baseline,78.0,10428720.300468998,303.90594545604216,145.63707899604955,baseline,1,43.69112369881486,0.0,0.9914642225944056,12.0
2022-07-01,103,South,Therapy D,111.25617681388526,111.25617681388526,0.0,14.296889934935136,104.02452532098272,111.25617681388526,0,1.0,,persistence_change,85,78,True,0.55,baseline,78.0,10433055.67430943,304.0322836689697,145.6976224917312,baseline,1,43.70928674751936,0.0,0.9914642225944056,12.0
2022-08-01,104,South,Therapy D,118.70704600849945,118.70704600849945,0.0,14.682520687516712,110.99108801794696,118.70704600849945,0,1.0,,persistence_change,85,78,True,0.55,baseline,78.0,10437392.850429123,304.15867440256767,145.7581911562427,baseline,1,43.72745734687281,0.0,0.9914642225944056,12.0
2022-09-01,105,South,Therapy D,125.94323473155774,125.94323473155774,0.0,14.952146713610766,117.75692447400648,125.94323473155774,0,1.0,,persistence_change,85,78,True,0.55,baseline,78.0,10441731.829577316,304.2851176786699,145.8187850000472,baseline,1,43.74563550001416,0.0,0.9914642225944056,12.0
2022-10-01,106,South,Therapy D,132.9446695086329,132.9446695086329,0.0,15.187745034626426,124.30326599057176,132.9446695086329,0,1.0,,persistence_change,85,78,True,0.55,baseline,78.0,10446072.61250355,304.41161351911904,145.87940403361208,baseline,1,43.76382121008362,0.0,0.9914642225944056,12.0
2022-11-01,107,South,Therapy D,139.69617683922084,139.69617683922084,0.0,15.392910848649093,130.6159253446715,139.69617683922084,0,1.0,,persistence_change,85,78,True,0.55,baseline,78.0,10450415.199957686,304.5381619457669,145.94004826740908,baseline,1,43.78201448022272,0.0,0.9914642225944056,12.0
2022-12-01,108,South,Therapy D,146.18710421210787,146.18710421210787,0.0,15.57117886743637,136.68494243832083,146.18710421210787,0,1.0,,persistence_change,85,78,True,0.55,baseline,78.0,10454759.592689889,304.6647629804742,146.00071771191432,baseline,1,43.80021531357429,0.0,0.9914642225944056,12.0
2023-01-01,109,South,Therapy D,152.41085005619402,152.41085005619402,0.0,15.725907617873174,142.50414480254142,152.41085005619402,0,1.0,,persistence_change,85,78,True,0.55,baseline,78.0,10459105.791450642,304.791416645111,146.0614123776082,baseline,1,43.81842371328246,0.0,0.9914642225944056,12.0
2023-02-01,110,South,Therapy D,158.3643505137556,158.3643505137556,0.0,15.8602057112142,148.0706677303615,158.3643505137556,0,1.0,,persistence_change,85,78,True,0.55,baseline,78.0,10463453.79699074,304.9181229615564,146.12213227497568,baseline,1,43.8366396824927,0.0,0.9914642225944056,12.0
2023-03-01,111,South,Therapy D,164.0475594396964,164.0475594396964,0.0,15.976891709334875,153.3844680761161,164.0475594396964,0,1.0,,persistence_change,85,78,True,0.55,baseline,78.0,10467803.610061286,305.04488195169847,146.1828774145059,baseline,1,43.85486322435177,0.0,0.9914642225944056,12.0
2023-04-01,112,South,Therapy D,169.4629473807546,169.4629473807546,0.0,16.078479304638478,158.44785580100557,169.4629473807546,0,1.0,,persistence_change,85,78,True,0.55,baseline,78.0,10472155.231413696,305.1716936374344,146.24364780669228,baseline,1,43.87309434200768,0.0,0.9914642225944056,12.0
2023-05-01,113,South,Therapy D,174.61503624999486,174.61503624999486,0.0,16.167180448989324,163.2650588937452,174.61503624999486,0,1.0,,persistence_change,85,78,True,0.55,baseline,78.0,10476508.6617997,305.29855804067046,146.3044434620328,baseline,1,43.89133303860984,0.0,0.9914642225944056,12.0
2023-06-01,114,South,Therapy D,179.5099792447919,179.5099792447919,0.0,16.244920351046723,167.84183059388042,179.5099792447919,0,1.0,,persistence_change,85,78,True,0.55,baseline,78.0,10480863.901971342,305.4254751833223,146.36526439102977,baseline,1,43.90957931730893,0.0,0.9914642225944056,12.0
2023-07-01,115,South,Therapy D,185.40931446609608,185.40931446609608,0.0,17.567483872215654,173.35770902579983,185.40931446609608,0,1.0,,epidemiology_change,85,78,True,0.55,baseline,78.0,10485220.952680975,342.21873849779223,163.99724387669264,epidemiology_change,109,49.19917316300779,0.0,0.9914642225944056,12.0
2023-08-01,116,South,Therapy D,191.0493223457003,191.0493223457003,0.0,17.691613319900455,178.63111639322975,191.0493223457003,0,1.0,,epidemiology_change,85,78,True,0.55,baseline,78.0,10489579.81468127,342.36100390753023,164.06541996546682,epidemiology_change,109,49.21962598964004,0.0,0.9914642225944056,12.0
2023-09-01,117,South,Therapy D,196.43491161927773,196.43491161927773,0.0,17.803795226047953,183.66664236402465,196.43491161927773,0,1.0,,epidemiology_change,85,78,True,0.55,baseline,78.0,10493940.488725202,342.5033284591109,164.13362439605316,epidemiology_change,109,49.240087318815945,0.0,0.9914642225944056,12.0
2023-10-01,118,South,Therapy D,201.5721346353606,201.5721346353606,0.0,17.905492271335948,188.46994588406216,201.5721346353606,0,1.0,,epidemiology_change,85,78,True,0.55,baseline,78.0,10498302.975566069,342.64571217712034,164.20185718023373,epidemiology_change,109,49.26055715407012,0.0,0.9914642225944056,12.0
2023-11-01,119,South,Therapy D,206.46792369640065,206.46792369640065,0.0,17.9979778123385,193.04750865613465,206.46792369640065,0,1.0,,epidemiology_change,85,78,True,0.55,baseline,78.0,10502667.275957473,342.78815508615514,164.27011832979562,epidemiology_change,109,49.281035498938685,0.0,0.9914642225944056,12.0
2023-12-01,120,South,Therapy D,211.12986643102997,211.12986643102997,0.0,18.08235777489532,197.406425113013,211.12986643102997,0,1.0,,epidemiology_change,85,78,True,0.55,baseline,78.0,10507033.390653338,342.9306572108218,164.33840785653075,epidemiology_change,109,49.301522356959225,0.0,0.9914642225944056,12.0
2024-01-01,121,South,Therapy D,215.56601633963515,215.56601633963515,0.0,18.15959122662217,201.55422527755888,215.56601633963515,0,1.0,,epidemiology_change,85,78,True,0.55,baseline,78.0,10511401.320407895,343.07321857573703,164.40672577223586,epidemiology_change,109,49.32201773167076,0.0,0.9914642225944056,12.0
2024-02-01,122,South,Therapy D,219.784734524188,219.784734524188,0.0,18.23050924662914,205.4987267801158,219.784734524188,0,1.0,,epidemiology_change,85,78,True,0.55,baseline,78.0,10515771.065975692,343.2158392055278,164.4750720887126,epidemiology_change,109,49.34252162661378,0.0,0.9914642225944056,12.0
2024-03-01,123,South,Therapy D,223.79455870732332,223.79455870732332,0.0,18.29583192720757,209.2479123913473,223.79455870732332,0,1.0,,epidemiology_change,85,78,True,0.55,baseline,78.0,10520142.62811159,343.3585191248317,164.54344681776777,epidemiology_change,109,49.36303404533033,0.0,0.9914642225944056,12.0
2024-04-01,124,South,Therapy D,227.60409587767668,227.60409587767668,0.0,18.35618348632936,212.8098296456277,227.60409587767668,0,1.0,,epidemiology_change,85,78,True,0.55,baseline,78.0,10524516.007570764,343.5012583582961,164.61184997121282,epidemiology_change,109,49.383554991363845,0.0,0.9914642225944056,12.0
2024-05-01,125,South,Therapy D,231.2219352065632,231.2219352065632,0.0,18.41210556093548,216.19250941813655,231.2219352065632,0,1.0,,epidemiology_change,85,78,True,0.55,baseline,78.0,10528891.205108697,343.6440569305787,164.68028156086413,epidemiology_change,109,49.40408446825924,0.0,0.9914642225944056,12.0
2024-06-01,126,South,Therapy D,234.65657822266817,234.65657822266817,0.0,18.46406880453158,219.40390063819476,234.65657822266817,0,1.0,,epidemiology_change,85,78,True,0.55,baseline,78.0,10533268.221481198,343.7869148663476,164.74874159854312,epidemiology_change,109,49.424622479562935,0.0,0.9914642225944056,12.0
2024-07-01,127,South,Therapy D,237.91638357837945,237.91638357837945,0.0,18.512482940184714,222.4518186457848,237.91638357837945,0,1.0,,epidemiology_change,85,78,True,0.55,baseline,78.0,10537647.05744438,343.9298321902812,164.81723009607606,epidemiology_change,109,49.44516902882282,0.0,0.9914642225944056,12.0
2024-08-01,128,South,Therapy D,241.00952407598615,241.00952407598615,0.0,18.55770543020137,225.34390501104707,241.00952407598615,0,1.0,,epidemiology_change,85,78,True,0.55,baseline,78.0,10542027.713754674,344.0728089270678,164.8857470652941,epidemiology_change,109,49.46572411958823,0.0,0.9914642225944056,12.0
2024-09-01,129,South,Therapy D,243.94395393379747,243.94395393379747,0.0,18.6000489227504,228.08759692810065,243.94395393379747,0,1.0,,epidemiology_change,85,78,True,0.55,baseline,78.0,10546410.191168826,344.2158451014064,164.95429251803338,epidemiology_change,109,49.48628775541001,0.0,0.9914642225944056,12.0
2024-10-01,130,South,Therapy D,246.72738455593745,246.72738455593745,0.0,18.63978762783678,230.6901045598015,246.72738455593745,0,1.0,,epidemiology_change,85,78,True,0.55,baseline,78.0,10550794.490443897,344.3589407380059,165.02286646613487,epidemiology_change,109,49.50685993984046,0.0,0.9914642225944056,12.0
2024-11-01,131,South,Therapy D,249.36726732314855,249.36726732314855,0.0,18.67716276334708,233.15839494714396,249.36726732314855,0,1.0,,epidemiology_change,85,78,True,0.55,baseline,78.0,10555180.612337258,344.5020958615859,165.0914689214446,epidemiology_change,109,49.52744067643338,0.0,0.9914642225944056,12.0
2024-12-01,132,South,Therapy D,251.8707821455435,251.8707821455435,0.0,18.712387198399576,235.4991813060832,251.8707821455435,0,1.0,,epidemiology_change,85,78,True,0.55,baseline,78.0,10559568.557606602,344.64531049687577,165.16009989581335,epidemiology_change,109,49.548029968744,0.0,0.9914642225944056,12.0
2025-01-01,133,South,Therapy D,254.24483071334797,254.24483071334797,0.0,18.745649407264736,237.71891671698032,254.24483071334797,0,1.0,,epidemiology_change,85,78,True,0.55,baseline,78.0,10563958.327009937,344.7885846686156,165.228759401097,epidemiology_change,109,49.5686278203291,0.0,0.9914642225944056,12.0
2025-02-01,134,South,Therapy D,256.4960335504828,256.4960335504828,0.0,18.777116833502497,239.8237913697014,256.4960335504828,0,1.0,,epidemiology_change,85,78,True,0.55,baseline,78.0,10568349.92130557,344.9319184015554,165.29744744915612,epidemiology_change,109,49.58923423474683,0.0,0.9914642225944056,12.0
2025-03-01,135,South,Therapy D,258.63073012088,258.63073012088,0.0,18.806938751178578,241.8197326630228,258.63073012088,0,1.0,,epidemiology_change,85,78,True,0.55,baseline,78.0,10572743.341252146,345.07531172045583,165.3661640518566,epidemiology_change,109,49.60984921555698,0.0,0.9914642225944056,12.0
2025-04-01,136,South,Therapy D,260.6549813613519,260.6549813613519,0.0,18.83524869832912,243.71240757286404,260.6549813613519,0,1.0,,epidemiology_change,85,78,True,0.55,baseline,78.0,10577138.587608617,345.2187646500875,165.43490922106884,epidemiology_change,109,49.63047276632065,0.0,0.9914642225944056,12.0
2025-05-01,137,South,Therapy D,262.57457412021085,262.57457412021085,0.0,18.862166547346806,245.50722680239716,262.57457412021085,0,1.0,,epidemiology_change,85,78,True,0.55,baseline,78.0,10581535.66113424,345.3622772152316,165.5036829686684,epidemiology_change,109,49.65110489060052,0.0,0.9914642225944056,12.0
2025-06-01,138,South,Therapy D,264.3950270700666,264.3950270700666,0.0,18.88780026766948,247.20935031051224,264.3950270700666,0,1.0,,epidemiology_change,85,78,True,0.55,baseline,78.0,10585934.562588604,345.50584944067936,165.57248530653584,epidemiology_change,109,49.67174559196075,0.0,0.9914642225944056,12.0
2025-07-01,139,South,Therapy D,266.12159773852625,266.12159773852625,0.0,18.91224742801396,248.82369388552203,266.12159773852625,0,1.0,,epidemiology_change,85,78,True,0.55,baseline,78.0,10590335.2927316,345.6494813512325,165.6413162465564,epidemiology_change,109,49.692394873966926,0.0,0.9914642225944056,12.0
2025-08-01,140,South,Therapy D,267.75929036385145,267.75929036385145,0.0,18.935596478329416,250.3549364902011,267.75929036385145,0,1.0,,epidemiology_change,85,78,True,0.55,baseline,78.0,10594737.852323446,345.79317297170314,165.7101758006206,epidemiology_change,109,49.71305274018618,0.0,0.9914642225944056,12.0
2025-09-01,141,South,Therapy D,269.31286433574724,269.31286433574724,0.0,18.957927845546138,251.80752815392364,269.31286433574724,0,1.0,,epidemiology_change,85,78,True,0.55,baseline,78.0,10599142.24212467,345.9369243269134,165.77906398062356,epidemiology_change,109,49.73371919418707,0.0,0.9914642225944056,12.0
2025-10-01,142,South,Therapy D,270.78684302588545,270.78684302588545,0.0,18.97931487196185,253.1856982292029,270.78684302588545,0,1.0,,epidemiology_change,85,78,True,0.55,baseline,78.0,10603548.462896116,346.080735441696,165.84798079846558,epidemiology_change,109,49.75439423953967,0.0,0.9914642225944056,12.0
2025-11-01,143,South,Therapy D,272.18552284983923,272.18552284983923,0.0,18.99982462063629,254.49346386459965,272.18552284983923,0,1.0,,epidemiology_change,85,78,True,0.55,baseline,78.0,10607956.515398944,346.2246063408938,165.9169262660518,epidemiology_change,109,49.77507787981554,0.0,0.9914642225944056,12.0
2025-12-01,144,South,Therapy D,273.5129824329575,273.5129824329575,0.0,19.01951856835781,255.7346385748152,273.5129824329575,0,1.0,,epidemiology_change,85,78,True,0.55,baseline,78.0,10612366.400394635,346.3685370493602,165.98590039529245,epidemiology_change,109,49.79577011858773,0.0,0.9914642225944056,12.0
2014-01-01,1,West,Therapy D,0.0,0.0,0.0,0.0,0.0,0.0,0,1.0,,early_market_before_b_launch,85,78,False,0.0,not_launched,,10000000.0,330.2675,158.27,baseline,1,47.481,356.94000000000005,0.47825290781060603,1.0
2014-02-01,2,West,Therapy D,0.0,0.0,0.0,0.0,0.0,0.0,0,1.0,,early_market_before_b_launch,85,78,False,0.0,not_launched,,10004157.14844729,330.40479710248155,158.3357951884753,baseline,1,47.500738556542586,0.0,0.47825290781060603,1.0
2014-03-01,3,West,Therapy D,0.0,0.0,0.0,0.0,0.0,0.0,0,1.0,,early_market_before_b_launch,85,78,False,0.0,not_launched,,10008316.0250829,330.5421512814067,158.40161772898708,baseline,1,47.520485318696124,0.0,0.47825290781060603,1.0
2014-04-01,4,West,Therapy D,0.0,0.0,0.0,0.0,0.0,0.0,0,1.0,,early_market_before_b_launch,85,78,False,0.0,not_launched,,10012476.630625268,330.679562560503,158.46746763290608,baseline,1,47.54024028987183,0.0,0.47825290781060603,1.0
2014-05-01,5,West,Therapy D,0.0,0.0,0.0,0.0,0.0,0.0,0,1.0,,early_market_before_b_launch,85,78,False,0.0,not_launched,,10016638.965793122,330.817030963508,158.53334491160774,baseline,1,47.56000347348232,0.0,0.47825290781060603,1.0
2014-06-01,6,West,Therapy D,0.0,0.0,0.0,0.0,0.0,0.0,0,1.0,,early_market_before_b_launch,85,78,False,0.0,not_launched,,10020803.031305492,330.95455651416864,158.59924957647203,baseline,1,47.579774872941606,0.0,0.47825290781060603,1.0
2014-07-01,7,West,Therapy D,0.0,0.0,0.0,0.0,0.0,0.0,0,1.0,,early_market_before_b_launch,85,78,False,0.0,not_launched,,10024968.82788171,331.0921392362423,158.6651816388839,baseline,1,47.59955449166516,0.0,0.47825290781060603,1.0
2014-08-01,8,West,Therapy D,0.0,0.0,0.0,0.0,0.0,0.0,0,1.0,,early_market_before_b_launch,85,78,False,0.0,not_launched,,10029136.356241409,331.2297791534959,158.73114111023276,baseline,1,47.619342333069824,0.0,0.47825290781060603,1.0
2014-09-01,9,West,Therapy D,0.0,0.0,0.0,0.0,0.0,0.0,0,1.0,,early_market_before_b_launch,85,78,False,0.0,not_launched,,10033305.617104506,331.3674762897062,158.797128001913,baseline,1,47.6391384005739,0.0,0.47825290781060603,1.0
2014-10-01,10,West,Therapy D,0.0,0.0,0.0,0.0,0.0,0.0,0,1.0,,early_market_before_b_launch,85,78,False,0.0,not_launched,,10037476.61119124,331.5052306686603,158.8631423253238,baseline,1,47.65894269759713,0.0,0.47825290781060603,1.0
2014-11-01,11,West,Therapy D,0.0,0.0,0.0,0.0,0.0,0.0,0,1.0,,early_market_before_b_launch,85,78,False,0.0,not_launched,,10041649.339222131,331.6430423141545,158.92918409186868,baseline,1,47.6787552275606,0.0,0.47825290781060603,1.0
2014-12-01,12,West,Therapy D,0.0,0.0,0.0,0.0,0.0,0.0,0,1.0,,early_market_before_b_launch,85,78,False,0.0,not_launched,,10045823.80191801,331.7809112499956,158.99525331295635,baseline,1,47.698575993886905,0.0,0.47825290781060603,1.0
2015-01-01,13,West,Therapy D,0.0,0.0,0.0,0.0,0.0,0.0,0,1.0,,early_market_before_b_launch,85,78,False,0.0,not_launched,,10049999.999999998,331.91883749999994,159.06134999999998,baseline,1,47.71840499999999,0.0,0.47825290781060603,1.0
2015-02-01,14,West,Therapy D,0.0,0.0,0.0,0.0,0.0,0.0,0,1.0,,early_market_before_b_launch,85,78,False,0.0,not_launched,,10054177.934189526,332.05682108799385,159.1274741644176,baseline,1,47.73824224932528,0.0,0.47825290781060603,1.0
2015-03-01,15,West,Therapy D,0.0,0.0,0.0,0.0,0.0,0.0,0,1.0,,early_market_before_b_launch,85,78,False,0.0,not_launched,,10058357.605208317,332.19486203781366,159.19362581763198,baseline,1,47.75808774528959,0.0,0.47825290781060603,1.0
2015-04-01,16,West,Therapy D,0.0,0.0,0.0,0.0,0.0,0.0,0,1.0,,early_market_before_b_launch,85,78,False,0.0,not_launched,,10062539.013778394,332.3329603733055,159.25980497107062,baseline,1,47.77794149132119,0.0,0.47825290781060603,1.0
2015-05-01,17,West,Therapy D,0.0,0.0,0.0,0.0,0.0,0.0,0,1.0,,early_market_before_b_launch,85,78,False,0.0,not_launched,,10066722.160622085,332.47111611832537,159.32601163616573,baseline,1,47.79780349084972,0.0,0.47825290781060603,1.0
2015-06-01,18,West,Therapy D,0.0,0.0,0.0,0.0,0.0,0.0,0,1.0,,early_market_before_b_launch,85,78,False,0.0,not_launched,,10070907.046462016,332.60932929673936,159.39224582435432,baseline,1,47.81767374730629,0.0,0.47825290781060603,1.0
2015-07-01,19,West,Therapy D,0.0,0.0,0.0,0.0,0.0,0.0,0,1.0,,b_launch_growth,85,78,False,0.0,not_launched,,10075093.67202112,332.74759993242344,159.45850754707823,baseline,1,47.83755226412347,0.0,1.078252907810606,12.0
2015-08-01,20,West,Therapy D,0.0,0.0,0.0,0.0,0.0,0.0,0,1.0,,b_launch_growth,85,78,False,0.0,not_launched,,10079282.038022611,332.8859280492633,159.5247968157839,baseline,1,47.857439044735166,0.0,1.078252907810606,12.0
2015-09-01,21,West,Therapy D,0.0,0.0,0.0,0.0,0.0,0.0,0,1.0,,b_launch_growth,85,78,False,0.0,not_launched,,10083472.145190028,333.02431367115474,159.5911136419226,baseline,1,47.87733409257677,0.0,1.078252907810606,12.0
2015-10-01,22,West,Therapy D,0.0,0.0,0.0,0.0,0.0,0.0,0,1.0,,b_launch_growth,85,78,False,0.0,not_launched,,10087663.994247196,333.1627568220036,159.65745803695037,baseline,1,47.89723741108511,0.0,1.078252907810606,12.0
2015-11-01,23,West,Therapy D,0.0,0.0,0.0,0.0,0.0,0.0,0,1.0,,b_launch_growth,85,78,False,0.0,not_launched,,10091857.585918242,333.30125752572525,159.723830012328,baseline,1,47.9171490036984,0.0,1.078252907810606,12.0
2015-12-01,24,West,Therapy D,0.0,0.0,0.0,0.0,0.0,0.0,0,1.0,,b_launch_growth,85,78,False,0.0,not_launched,,10096052.9209276,333.43981580624563,159.79022957952114,baseline,1,47.93706887385634,0.0,1.078252907810606,12.0
2016-01-01,25,West,Therapy D,0.0,0.0,0.0,0.0,0.0,0.0,0,1.0,,b_launch_growth,85,78,False,0.0,not_launched,,10100249.999999998,333.5784316874999,159.85665674999998,baseline,1,47.95699702499999,0.0,1.078252907810606,12.0
2016-02-01,26,West,Therapy D,0.0,0.0,0.0,0.0,0.0,0.0,0,1.0,,b_launch_growth,85,78,False,0.0,not_launched,,10104448.823860472,333.71710519343384,159.9231115352397,baseline,1,47.97693346057192,0.0,1.078252907810606,12.0
2016-03-01,27,West,Therapy D,0.0,0.0,0.0,0.0,0.0,0.0,0,1.0,,b_launch_growth,85,78,False,0.0,not_launched,,10108649.393234355,333.85583634800275,159.98959394672016,baseline,1,47.99687818401605,0.0,1.078252907810606,12.0
2016-04-01,28,West,Therapy D,0.0,0.0,0.0,0.0,0.0,0.0,0,1.0,,b_launch_growth,85,78,False,0.0,not_launched,,10112851.708847284,333.994625175172,160.05610399592598,baseline,1,48.016831198777794,0.0,1.078252907810606,12.0
2016-05-01,29,West,Therapy D,0.0,0.0,0.0,0.0,0.0,0.0,0,1.0,,b_launch_growth,85,78,False,0.0,not_launched,,10117055.771425191,334.133471698917,160.12264169434656,baseline,1,48.03679250830397,0.0,1.078252907810606,12.0
2016-06-01,30,West,Therapy D,0.0,0.0,0.0,0.0,0.0,0.0,0,1.0,,b_launch_growth,85,78,False,0.0,not_launched,,10121261.581694327,334.2723759432231,160.1892070534761,baseline,1,48.05676211604283,0.0,1.078252907810606,12.0
2016-07-01,31,West,Therapy D,0.0,0.0,0.0,0.0,0.0,0.0,0,1.0,,b_launch_growth,85,78,False,0.0,not_launched,,10125469.140381224,334.4113379320856,160.2558000848136,baseline,1,48.07674002544408,0.0,1.078252907810606,12.0
2016-08-01,32,West,Therapy D,0.0,0.0,0.0,0.0,0.0,0.0,0,1.0,,b_launch_growth,85,78,False,0.0,not_launched,,10129678.448212724,334.55035768950955,160.32242079986278,baseline,1,48.096726239958834,0.0,1.078252907810606,12.0
2016-09-01,33,West,Therapy D,0.0,0.0,0.0,0.0,0.0,0.0,0,1.0,,b_launch_growth,85,78,False,0.0,not_launched,,10133889.505915975,334.68943523951054,160.38906921013222,baseline,1,48.11672076303967,0.0,1.078252907810606,12.0
2016-10-01,34,West,Therapy D,0.0,0.0,0.0,0.0,0.0,0.0,0,1.0,,b_launch_growth,85,78,False,0.0,not_launched,,10138102.31421843,334.82857060611354,160.4557453271351,baseline,1,48.13672359814053,0.0,1.078252907810606,12.0
2016-11-01,35,West,Therapy D,0.0,0.0,0.0,0.0,0.0,0.0,0,1.0,,b_launch_growth,85,78,False,0.0,not_launched,,10142316.873847833,334.96776381335394,160.52244916238968,baseline,1,48.1567347487169,0.0,1.078252907810606,12.0
2016-12-01,36,West,Therapy D,0.0,0.0,0.0,0.0,0.0,0.0,0,1.0,,b_launch_growth,85,78,False,0.0,not_launched,,10146533.185532236,335.10701488527684,160.58918072741875,baseline,1,48.176754218225625,0.0,1.078252907810606,12.0
2017-01-01,37,West,Therapy D,0.0,0.0,0.0,0.0,0.0,0.0,0,1.0,,b_launch_growth,85,78,False,0.0,not_launched,,10150751.249999996,335.2463238459373,160.65594003374994,baseline,1,48.19678201012498,0.0,1.078252907810606,12.0
2017-02-01,38,West,Therapy D,0.0,0.0,0.0,0.0,0.0,0.0,0,1.0,,b_launch_growth,85,78,False,0.0,not_launched,,10154971.067979772,335.3856907194008,160.72272709291582,baseline,1,48.216818127874745,0.0,1.078252907810606,12.0
2017-03-01,39,West,Therapy D,0.0,0.0,0.0,0.0,0.0,0.0,0,1.0,,b_launch_growth,85,78,False,0.0,not_launched,,10159192.640200526,335.5251155297427,160.78954191645374,baseline,1,48.23686257493612,0.0,1.078252907810606,12.0
2017-04-01,40,West,Therapy D,0.0,0.0,0.0,0.0,0.0,0.0,0,1.0,,b_launch_growth,85,78,False,0.0,not_launched,,10163415.96739152,335.6645983010478,160.85638451590555,baseline,1,48.25691535477167,0.0,1.078252907810606,12.0
2017-05-01,41,West,Therapy D,0.0,0.0,0.0,0.0,0.0,0.0,0,1.0,,b_launch_growth,85,78,False,0.0,not_launched,,10167641.050282318,335.80413905741153,160.92325490281826,baseline,1,48.27697647084548,0.0,1.078252907810606,12.0
2017-06-01,42,West,Therapy D,0.0,0.0,0.0,0.0,0.0,0.0,0,1.0,,b_launch_growth,85,78,False,0.0,not_launched,,10171867.889602795,335.9437378229392,160.99015308874348,baseline,1,48.29704592662304,0.0,1.078252907810606,12.0
2017-07-01,43,West,Therapy D,0.0,0.0,0.0,0.0,0.0,0.0,0,1.0,,b_launch_growth,85,78,False,0.0,not_launched,,10176096.486083128,336.08339462174587,161.05707908523763,baseline,1,48.317123725571285,0.0,1.078252907810606,12.0
2017-08-01,44,West,Therapy D,0.0,0.0,0.0,0.0,0.0,0.0,0,1.0,,b_launch_growth,85,78,False,0.0,not_launched,,10180326.840453789,336.2231094779571,161.1240329038621,baseline,1,48.33720987115863,0.0,1.078252907810606,12.0
2017-09-01,45,West,Therapy D,0.0,0.0,0.0,0.0,0.0,0.0,0,1.0,,b_launch_growth,85,78,False,0.0,not_launched,,10184558.953445558,336.36288241570804,161.19101455618284,baseline,1,48.35730436685485,0.0,1.078252907810606,12.0
2017-10-01,46,West,Therapy D,0.0,0.0,0.0,0.0,0.0,0.0,0,1.0,,b_launch_growth,85,78,False,0.0,not_launched,,10188792.82578952,336.50271345914405,161.25802405377075,baseline,1,48.377407216131225,0.0,1.078252907810606,12.0
2017-11-01,47,West,Therapy D,0.0,0.0,0.0,0.0,0.0,0.0,0,1.0,,b_launch_growth,85,78,False,0.0,not_launched,,10193028.458217071,336.6426026324206,161.32506140820158,baseline,1,48.39751842246047,0.0,1.078252907810606,12.0
2017-12-01,48,West,Therapy D,0.0,0.0,0.0,0.0,0.0,0.0,0,1.0,,b_launch_growth,85,78,False,0.0,not_launched,,10197265.851459896,336.7825499597031,161.39212663105576,baseline,1,48.41763798931672,0.0,1.078252907810606,12.0
2018-01-01,49,West,Therapy D,0.0,0.0,0.0,0.0,0.0,0.0,0,1.0,,b_launch_growth,85,78,False,0.0,not_launched,,10201505.006249996,336.922555465167,161.45921973391867,baseline,1,48.4377659201756,0.0,1.078252907810606,12.0
2018-02-01,50,West,Therapy D,0.0,0.0,0.0,0.0,0.0,0.0,0,1.0,,b_launch_growth,85,78,False,0.0,not_launched,,10205745.923319671,337.0626191729979,161.52634072838043,baseline,1,48.45790221851413,0.0,1.078252907810606,12.0
2018-03-01,51,West,Therapy D,0.0,0.0,0.0,0.0,0.0,0.0,0,1.0,,b_launch_growth,85,78,False,0.0,not_launched,,10209988.603401529,337.2027411073914,161.593489626036,baseline,1,48.4780468878108,0.0,1.078252907810606,12.0
2018-04-01,52,West,Therapy D,0.0,0.0,0.0,0.0,0.0,0.0,0,1.0,,b_launch_growth,85,78,False,0.0,not_launched,,10214233.047228476,337.342921292553,161.66066643848507,baseline,1,48.49819993154552,0.0,1.078252907810606,12.0
2018-05-01,53,West,Therapy D,0.0,0.0,0.0,0.0,0.0,0.0,0,1.0,,b_launch_growth,85,78,False,0.0,not_launched,,10218479.25553373,337.4831597526986,161.72787117733236,baseline,1,48.51836135319971,0.0,1.078252907810606,12.0
2018-06-01,54,West,Therapy D,0.0,0.0,0.0,0.0,0.0,0.0,0,1.0,,b_launch_growth,85,78,False,0.0,not_launched,,10222727.22905081,337.6234565120538,161.79510385418718,baseline,1,48.53853115625615,0.0,1.078252907810606,12.0
2018-07-01,55,West,Therapy D,0.0,0.0,0.0,0.0,0.0,0.0,0,1.0,,b_launch_growth,85,78,False,0.0,not_launched,,10226976.96851354,337.76381159485453,161.8623644806638,baseline,1,48.55870934419914,0.0,1.078252907810606,12.0
2018-08-01,56,West,Therapy D,0.0,0.0,0.0,0.0,0.0,0.0,0,1.0,,b_launch_growth,85,78,False,0.0,not_launched,,10231228.474656053,337.9042250253468,161.92965306838138,baseline,1,48.57889592051441,0.0,1.078252907810606,12.0
2018-09-01,57,West,Therapy D,0.0,0.0,0.0,0.0,0.0,0.0,0,1.0,,b_launch_growth,85,78,False,0.0,not_launched,,10235481.748212785,338.0446968277865,161.9969696289637,baseline,1,48.59909088868911,0.0,1.078252907810606,12.0
2018-10-01,58,West,Therapy D,0.0,0.0,0.0,0.0,0.0,0.0,0,1.0,,b_launch_growth,85,78,False,0.0,not_launched,,10239736.789918467,338.18522702643975,162.0643141740396,baseline,1,48.61929425221188,0.0,1.078252907810606,12.0
2018-11-01,59,West,Therapy D,0.0,0.0,0.0,0.0,0.0,0.0,0,1.0,,b_launch_growth,85,78,False,0.0,not_launched,,10243993.600508155,338.3258156455827,162.13168671524258,baseline,1,48.63950601457277,0.0,1.078252907810606,12.0
2018-12-01,60,West,Therapy D,0.0,0.0,0.0,0.0,0.0,0.0,0,1.0,,b_launch_growth,85,78,False,0.0,not_launched,,10248252.180717194,338.4664627095016,162.19908726421104,baseline,1,48.65972617926331,0.0,1.078252907810606,12.0
2019-01-01,61,West,Therapy D,0.0,0.0,0.0,0.0,0.0,0.0,0,1.0,,access_expansion,85,78,False,0.0,not_launched,,10252512.531281244,338.60716824249283,162.26651583258823,baseline,1,48.67995474977648,0.0,1.078252907810606,12.0
2019-02-01,62,West,Therapy D,0.0,0.0,0.0,0.0,0.0,0.0,0,1.0,,access_expansion,85,78,False,0.0,not_launched,,10256774.652936269,338.7479322688629,162.33397243202234,baseline,1,48.7001917296067,0.0,1.078252907810606,12.0
2019-03-01,63,West,Therapy D,0.0,0.0,0.0,0.0,0.0,0.0,0,1.0,,access_expansion,85,78,False,0.0,not_launched,,10261038.546418533,338.88875481292825,162.40145707416613,baseline,1,48.72043712224984,0.0,1.078252907810606,12.0
2019-04-01,64,West,Therapy D,0.0,0.0,0.0,0.0,0.0,0.0,0,1.0,,access_expansion,85,78,False,0.0,not_launched,,10265304.212464616,339.0296358990157,162.46896977067746,baseline,1,48.74069093120324,0.0,1.078252907810606,12.0
2019-05-01,65,West,Therapy D,0.0,0.0,0.0,0.0,0.0,0.0,0,1.0,,access_expansion,85,78,False,0.0,not_launched,,10269571.6518114,339.1705755514621,162.536510533219,baseline,1,48.7609531599657,0.0,1.078252907810606,12.0
2019-06-01,66,West,Therapy D,0.0,0.0,0.0,0.0,0.0,0.0,0,1.0,,access_expansion,85,78,False,0.0,not_launched,,10273840.865196062,339.311573794614,162.60407937345806,baseline,1,48.78122381203742,0.0,1.078252907810606,12.0
2019-07-01,67,West,Therapy D,0.0,0.0,0.0,0.0,0.0,0.0,0,1.0,,access_expansion,85,78,False,0.0,not_launched,,10278111.853356108,339.4526306528289,162.67167630306716,baseline,1,48.80150289092015,0.0,1.078252907810606,12.0
2019-08-01,68,West,Therapy D,0.0,0.0,0.0,0.0,0.0,0.0,0,1.0,,access_expansion,85,78,False,0.0,not_launched,,10282384.617029332,339.5937461504735,162.73930133372326,baseline,1,48.821790400116974,0.0,1.078252907810606,12.0
2019-09-01,69,West,Therapy D,0.0,0.0,0.0,0.0,0.0,0.0,0,1.0,,access_expansion,85,78,False,0.0,not_launched,,10286659.156953843,339.7349203119253,162.8069544771085,baseline,1,48.84208634313254,0.0,1.078252907810606,12.0
2019-10-01,70,West,Therapy D,0.0,0.0,0.0,0.0,0.0,0.0,0,1.0,,access_expansion,85,78,False,0.0,not_launched,,10290935.47386806,339.8761531615719,162.87463574490977,baseline,1,48.86239072347293,0.0,1.078252907810606,12.0
2019-11-01,71,West,Therapy D,0.0,0.0,0.0,0.0,0.0,0.0,0,1.0,,access_expansion,85,78,False,0.0,not_launched,,10295213.568510694,340.0174447238105,162.94234514881873,baseline,1,48.882703544645615,0.0,1.078252907810606,12.0
2019-12-01,72,West,Therapy D,0.0,0.0,0.0,0.0,0.0,0.0,0,1.0,,access_expansion,85,78,False,0.0,not_launched,,10299493.44162078,340.15879502304904,163.01008270053208,baseline,1,48.90302481015962,0.0,1.078252907810606,12.0
2020-01-01,73,West,Therapy D,0.0,0.0,0.0,0.0,0.0,0.0,0,1.0,,access_expansion,85,78,False,0.0,not_launched,,10303775.09393765,340.30020408370524,163.07784841175118,baseline,1,48.92335452352536,0.0,1.078252907810606,12.0
2020-02-01,74,West,Therapy D,0.0,0.0,0.0,0.0,0.0,0.0,0,1.0,,access_expansion,85,78,False,0.0,not_launched,,10308058.52620095,340.44167193020724,163.1456422941825,baseline,1,48.943692688254735,0.0,1.078252907810606,12.0
2020-03-01,75,West,Therapy D,0.0,0.0,0.0,0.0,0.0,0.0,0,1.0,,access_expansion,85,78,False,0.0,not_launched,,10312343.739150625,340.58319858699286,163.21346435953694,baseline,1,48.96403930786108,0.0,1.078252907810606,12.0
2020-04-01,76,West,Therapy D,0.0,0.0,0.0,0.0,0.0,0.0,0,1.0,,access_expansion,85,78,False,0.0,not_launched,,10316630.73352694,340.7247840785108,163.28131461953086,baseline,1,48.98439438585925,0.0,1.078252907810606,12.0
2020-05-01,77,West,Therapy D,0.0,0.0,0.0,0.0,0.0,0.0,0,1.0,,access_expansion,85,78,False,0.0,not_launched,,10320919.510070452,340.8664284292193,163.34919308588505,baseline,1,49.00475792576551,0.0,1.078252907810606,12.0
2020-06-01,78,West,Therapy D,0.0,0.0,0.0,0.0,0.0,0.0,0,1.0,,access_expansion,85,78,False,0.0,not_launched,,10325210.069522042,341.0081316635871,163.41709977032536,baseline,1,49.02512993109761,0.0,1.078252907810606,12.0
2020-07-01,79,West,Therapy D,0.0,0.0,0.0,0.0,0.0,0.0,0,1.0,,access_expansion,85,78,False,0.0,not_launched,,10329502.412622888,341.14989380609296,163.48503468458247,baseline,1,49.04551040537474,0.0,1.078252907810606,12.0
2020-08-01,80,West,Therapy D,0.0,0.0,0.0,0.0,0.0,0.0,0,1.0,,access_expansion,85,78,False,0.0,not_launched,,10333796.54011448,341.29171488122586,163.55299784039187,baseline,1,49.06589935211756,0.0,1.078252907810606,12.0
2020-09-01,81,West,Therapy D,0.0,0.0,0.0,0.0,0.0,0.0,0,1.0,,access_expansion,85,78,False,0.0,not_launched,,10338092.452738617,341.433594913485,163.62098924949407,baseline,1,49.08629677484822,0.0,1.078252907810606,12.0
2020-10-01,82,West,Therapy D,0.0,0.0,0.0,0.0,0.0,0.0,0,1.0,,access_expansion,85,78,False,0.0,not_launched,,10342390.151237397,341.5755339273797,163.6890089236343,baseline,1,49.10670267709029,0.0,1.078252907810606,12.0
2020-11-01,83,West,Therapy D,0.0,0.0,0.0,0.0,0.0,0.0,0,1.0,,access_expansion,85,78,False,0.0,not_launched,,10346689.636353243,341.7175319474296,163.75705687456283,baseline,1,49.127117062368846,0.0,1.078252907810606,12.0
2020-12-01,84,West,Therapy D,0.0,0.0,0.0,0.0,0.0,0.0,0,1.0,,access_expansion,85,78,False,0.0,not_launched,,10350990.90882888,341.8595889981642,163.82513311403468,baseline,1,49.14753993421041,0.0,1.078252907810606,12.0
2021-01-01,85,West,Therapy D,3.473846091084721,3.473846091084721,0.0,3.473846091084721,3.2480460951642147,3.473846091084721,0,1.0,,overlapping_competitor_launch,85,78,True,0.6,baseline,78.0,10355293.969407337,342.0017051041237,163.8932376538099,baseline,1,49.16797129614297,0.0,1.078252907810606,12.0
2021-02-01,86,West,Therapy D,7.264345348813726,7.264345348813726,0.0,4.016299253649511,6.792162901140834,7.264345348813726,0,1.0,,overlapping_competitor_launch,85,78,True,0.6,baseline,78.0,10359598.818831952,342.14388028985815,163.96137050565332,baseline,1,49.188411151696,0.0,1.078252907810606,12.0
2021-03-01,87,West,Therapy D,11.410708921908869,11.410708921908869,0.0,4.618546020768033,10.669012841984792,11.410708921908869,0,1.0,,overlapping_competitor_launch,85,78,True,0.6,baseline,78.0,10363905.45784638,342.2861145799279,164.02953168133467,baseline,1,49.2088595044004,0.0,1.078252907810606,12.0
2021-04-01,88,West,Therapy D,15.94872859639773,15.94872859639773,0.0,5.2797157544129405,14.912061237631878,15.94872859639773,0,1.0,,overlapping_competitor_launch,85,78,True,0.6,baseline,78.0,10368213.887194572,342.4284079989033,164.09772119262848,baseline,1,49.22931635778854,0.0,1.078252907810606,12.0
2021-05-01,89,West,Therapy D,20.90877889534692,20.90877889534692,0.0,5.99671765771504,19.549708267149366,20.90877889534692,0,1.0,,overlapping_competitor_launch,85,78,True,0.6,baseline,78.0,10372524.107620804,342.5707605713654,164.16593905131447,baseline,1,49.24978171539434,0.0,1.078252907810606,12.0
2021-06-01,90,West,Therapy D,26.313732165270167,26.313732165270167,0.0,6.764023898120803,24.60333957452761,26.313732165270167,0,1.0,,overlapping_competitor_launch,85,78,True,0.6,baseline,78.0,10376836.119869651,342.71317232190506,164.234185269177,baseline,1,49.2702555807531,0.0,1.078252907810606,12.0
2021-07-01,91,West,Therapy D,32.17698060228699,32.17698060228699,0.0,7.573641027759377,30.08547686313833,32.17698060228699,0,1.0,,overlapping_competitor_launch,85,78,True,0.6,baseline,78.0,10381149.924686002,342.8556432751234,164.30245985800536,baseline,1,49.29073795740161,0.0,1.078252907810606,12.0
2021-08-01,92,West,Therapy D,38.500791089633495,38.500791089633495,0.0,8.415314226495164,35.998239668807315,38.500791089633495,0,1.0,,overlapping_competitor_launch,85,78,True,0.6,baseline,78.0,10385465.522815049,342.9981734556319,164.3707628295938,baseline,1,49.31122884887814,0.0,1.078252907810606,12.0
2021-09-01,93,West,Therapy D,45.27521630246955,45.27521630246955,0.0,9.276976633662237,42.33232724280903,45.27521630246955,0,1.0,,overlapping_competitor_launch,85,78,True,0.6,baseline,78.0,10389782.915002303,343.14076288805234,164.4390941957415,baseline,1,49.33172825872244,0.0,1.078252907810606,12.0
2021-10-01,94,West,Therapy D,52.477741086095634,52.477741086095634,0.0,10.1454138432866,49.066687915499415,52.477741086095634,0,1.0,,overlapping_competitor_launch,85,78,True,0.6,baseline,78.0,10394102.101993583,343.28341159701654,164.50745396825243,baseline,1,49.35223619047573,0.0,1.078252907810606,12.0
2021-11-01,95,West,Therapy D,60.07375946928107,60.07375946928107,0.0,11.007071553781662,56.16896510377781,60.07375946928107,0,1.0,,overlapping_competitor_launch,85,78,True,0.6,baseline,78.0,10398423.084535012,343.4261196071667,164.57584215893564,baseline,1,49.37275264768069,0.0,1.078252907810606,12.0
2021-12-01,96,West,Therapy D,68.01786943335009,68.01786943335009,0.0,11.848904329572282,63.59670792018233,68.01786943335009,0,1.0,,overlapping_competitor_launch,85,78,True,0.6,baseline,78.0,10402745.863373024,343.568886943155,164.64425877960483,baseline,1,49.39327763388145,0.0,1.078252907810606,12.0
2022-01-01,97,West,Therapy D,76.25586268616689,76.25586268616689,0.0,12.659154765984551,71.29923161156603,76.25586268616689,0,1.0,,overlapping_competitor_launch,85,78,True,0.6,baseline,78.0,10407070.439254371,343.7117136296444,164.712703842079,baseline,1,49.4138111526237,0.0,1.078252907810606,12.0
2022-02-01,98,West,Therapy D,84.72719941277579,84.72719941277579,0.0,13.427967801209752,79.21993145094537,84.72719941277579,0,1.0,,overlapping_competitor_launch,85,78,True,0.6,baseline,78.0,10411396.81292611,343.8545996913074,164.78117735818154,baseline,1,49.43435320745446,0.0,1.078252907810606,12.0
2022-03-01,99,West,Therapy D,93.36771092142256,93.36771092142256,0.0,14.147779470477197,87.2988097115301,93.36771092142256,0,1.0,,overlapping_competitor_launch,85,78,True,0.6,baseline,78.0,10415724.985135607,343.9975451528274,164.84967933974127,baseline,1,49.45490380192238,0.0,1.078252907810606,12.0
2022-04-01,100,West,Therapy D,102.11227218453688,102.11227218453688,0.0,14.813462473006792,95.474974492542,102.11227218453688,0,1.0,,overlapping_competitor_launch,85,78,True,0.6,baseline,78.0,10420054.956630545,344.14055003889786,164.91820979859165,baseline,1,49.47546293957749,0.0,1.078252907810606,12.0
2022-05-01,101,West,Therapy D,110.8972252620473,110.8972252620473,0.0,15.4222507695053,103.68890562001422,110.8972252620473,0,1.0,,overlapping_competitor_launch,85,78,True,0.6,baseline,78.0,10424386.728158908,344.28361437422217,164.98676874657102,baseline,1,49.4960306239713,0.0,1.078252907810606,12.0
2022-06-01,102,West,Therapy D,119.66239895593556,119.66239895593556,0.0,15.973493335921354,111.88434302379976,119.66239895593556,0,1.0,,overlapping_competitor_launch,85,78,True,0.6,baseline,78.0,10428720.300468998,344.4267381835145,165.05535619552285,baseline,1,49.51660685865685,0.0,1.078252907810606,12.0
2022-07-01,103,West,Therapy D,128.3526427126971,128.3526427126971,0.0,16.46829968889734,120.0097209363718,128.3526427126971,0,1.0,,persistence_change,85,78,True,0.6,baseline,78.0,10433055.67430943,344.569921491499,165.12397215729536,baseline,1,49.53719164718861,0.0,1.078252907810606,12.0
2022-08-01,104,West,Therapy D,136.91885926809536,136.91885926809536,0.0,16.90913833172357,128.01913341566916,136.91885926809536,0,1.0,,persistence_change,85,78,True,0.6,baseline,78.0,10437392.850429123,344.7131643229101,165.19261664374176,baseline,1,49.557784993122524,0.0,1.078252907810606,12.0
2022-09-01,105,West,Therapy D,145.23541475856192,145.23541475856192,0.0,17.21628134289275,135.79511279925538,145.23541475856192,0,1.0,,persistence_change,85,78,True,0.6,baseline,78.0,10441731.829577316,344.85646670249264,165.26128966672022,baseline,1,49.57838690001606,0.0,1.078252907810606,12.0
2022-10-01,106,West,Therapy D,153.2796408698611,153.2796408698611,0.0,17.484528070605712,143.31646421332013,153.2796408698611,0,1.0,,persistence_change,85,78,True,0.6,baseline,78.0,10446072.61250355,344.9998286550016,165.32999123809367,baseline,1,49.5989973714281,0.0,1.078252907810606,12.0
2022-11-01,107,West,Therapy D,161.0344829442131,161.0344829442131,0.0,17.718018730892954,150.56724155283922,161.0344829442131,0,1.0,,persistence_change,85,78,True,0.6,baseline,78.0,10450415.199957686,345.14325020520243,165.39872136973028,baseline,1,49.619616410919086,0.0,1.078252907810606,12.0
2022-12-01,108,West,Therapy D,168.48805665467205,168.48805665467205,0.0,17.92081510183283,157.53633297211837,168.48805665467205,0,1.0,,persistence_change,85,78,True,0.6,baseline,78.0,10454759.592689889,345.28673137787075,165.46748007350286,baseline,1,49.64024402205086,0.0,1.078252907810606,12.0
2023-01-01,109,West,Therapy D,175.63310300156297,175.63310300156297,0.0,18.09677002944459,164.21695130646137,175.63310300156297,0,1.0,,persistence_change,85,78,True,0.6,baseline,78.0,10459105.791450642,345.4302721977925,165.5362673612893,baseline,1,49.66088020838679,0.0,1.078252907810606,12.0
2023-02-01,110,West,Therapy D,182.4663961036524,182.4663961036524,0.0,18.249444797191003,170.606080356915,182.4663961036524,0,1.0,,persistence_change,85,78,True,0.6,baseline,78.0,10463453.79699074,345.573872689764,165.60508324497246,baseline,1,49.68152497349174,0.0,1.078252907810606,12.0
2023-03-01,111,West,Therapy D,188.9881450534776,188.9881450534776,0.0,18.38206469656259,176.7039156250015,188.9881450534776,0,1.0,,persistence_change,85,78,True,0.6,baseline,78.0,10467803.610061286,345.7175328785916,165.67392773643996,baseline,1,49.70217832093199,0.0,1.078252907810606,12.0
2023-04-01,112,West,Therapy D,195.20141891971596,195.20141891971596,0.0,18.4975032947144,182.5133266899344,195.20141891971596,0,1.0,,persistence_change,85,78,True,0.6,baseline,78.0,10472155.231413696,345.86125278909225,165.74280084758456,baseline,1,49.72284025427537,0.0,1.078252907810606,12.0
2023-05-01,113,West,Therapy D,201.1116136724371,201.1116136724371,0.0,18.59828698250268,188.0393587837287,201.1116136724371,0,1.0,,persistence_change,85,78,True,0.6,baseline,78.0,10476508.6617997,346.0050324460932,165.81170259030384,baseline,1,49.74351077709115,0.0,1.078252907810606,12.0
2023-06-01,114,West,Therapy D,206.7259716583233,206.7259716583233,0.0,18.68661287459463,193.2887835005323,206.7259716583233,0,1.0,,persistence_change,85,78,True,0.6,baseline,78.0,10480863.901971342,346.148871874432,165.8806329765004,baseline,1,49.76418989295012,0.0,1.078252907810606,12.0
2023-07-01,115,West,Therapy D,213.4899758783887,213.4899758783887,0.0,20.201192377856376,199.6131274462934,213.4899758783887,0,1.0,,epidemiology_change,85,78,True,0.6,baseline,78.0,10485220.952680975,387.8479036308312,185.86354306025163,epidemiology_change,109,55.759062918075486,0.0,1.078252907810606,12.0
2023-08-01,116,West,Therapy D,219.956590163667,219.956590163667,0.0,20.3434627173736,205.65941180302863,219.956590163667,0,1.0,,epidemiology_change,85,78,True,0.6,baseline,78.0,10489579.81468127,388.0091377618675,185.9408092941957,epidemiology_change,109,55.78224278825871,0.0,1.078252907810606,12.0
2023-09-01,117,West,Therapy D,226.13148498291167,226.13148498291167,0.0,20.472073179883,211.4329384590224,226.13148498291167,0,1.0,,epidemiology_change,85,78,True,0.6,baseline,78.0,10493940.488725202,388.1704389203257,186.01810764886025,epidemiology_change,109,55.80543229465808,0.0,1.078252907810606,12.0
2023-10-01,118,West,Therapy D,232.02163374898367,232.02163374898367,0.0,20.588695289961265,216.9402275552997,232.02163374898367,0,1.0,,epidemiology_change,85,78,True,0.6,baseline,78.0,10498302.975566069,388.3318071340698,186.09543813759828,epidemiology_change,109,55.82863144127949,0.0,1.078252907810606,12.0
2023-11-01,119,West,Therapy D,237.63501149068705,237.63501149068705,0.0,20.69478393538732,222.1887357437924,237.63501149068705,0,1.0,,epidemiology_change,85,78,True,0.6,baseline,78.0,10502667.275957473,388.4932424309759,186.1728007737684,epidemiology_change,109,55.85184023213052,0.0,1.078252907810606,12.0
2023-12-01,120,West,Therapy D,242.98033825717232,242.98033825717232,0.0,20.79160251337992,227.1866162704561,242.98033825717232,0,1.0,,epidemiology_change,85,78,True,0.6,baseline,78.0,10507033.390653338,388.6547448389314,186.2501955707349,epidemiology_change,109,55.87505867122046,0.0,1.078252907810606,12.0
2024-01-01,121,West,Therapy D,248.0668627991442,248.0668627991442,0.0,20.88024652868809,231.94251671719985,248.0668627991442,0,1.0,,epidemiology_change,85,78,True,0.6,baseline,78.0,10511401.320407895,388.81631438583526,186.32762254186727,epidemiology_change,109,55.89828676256018,0.0,1.078252907810606,12.0
2024-02-01,122,West,Therapy D,252.9041819343095,252.9041819343095,0.0,20.961665217109665,236.46541010857936,252.9041819343095,0,1.0,,epidemiology_change,85,78,True,0.6,baseline,78.0,10515771.065975692,388.9779510995982,186.40508170054096,epidemiology_change,109,55.921524510162286,0.0,1.078252907810606,12.0
2024-03-01,123,West,Therapy D,257.502091121925,257.502091121925,0.0,21.036681013345632,240.76445519899983,257.502091121925,0,1.0,,epidemiology_change,85,78,True,0.6,baseline,78.0,10520142.62811159,389.1396550081426,186.4825730601368,epidemiology_change,109,55.94477191804104,0.0,1.078252907810606,12.0
2024-04-01,124,West,Therapy D,261.87046204388395,261.87046204388395,0.0,21.106006844884085,244.8488820110315,261.87046204388395,0,1.0,,epidemiology_change,85,78,True,0.6,baseline,78.0,10524516.007570764,389.3014261394023,186.5600966340412,epidemiology_change,109,55.96802899021236,0.0,1.078252907810606,12.0
2024-05-01,125,West,Therapy D,266.0191433473083,266.0191433473083,0.0,21.170261336276774,248.7278990297332,266.0191433473083,0,1.0,,epidemiology_change,85,78,True,0.6,baseline,78.0,10528891.205108697,389.4632645213225,186.637652435646,epidemiology_change,109,55.9912957306938,0.0,1.078252907810606,12.0
2024-06-01,126,West,Therapy D,269.9578810979475,269.9578810979475,0.0,21.22998206821429,252.4106188265809,269.9578810979475,0,1.0,,epidemiology_change,85,78,True,0.6,baseline,78.0,10533268.221481198,389.6251701818607,186.7152404783489,epidemiology_change,109,56.01457214350467,0.0,1.078252907810606,12.0
2024-07-01,127,West,Therapy D,273.69625589302865,273.69625589302865,0.0,21.28563706644771,255.9059992599818,273.69625589302865,0,1.0,,epidemiology_change,85,78,True,0.6,baseline,78.0,10537647.05744438,389.7871431489853,186.79286077555287,epidemiology_change,109,56.03785823266586,0.0,1.078252907810606,12.0
2024-08-01,128,West,Therapy D,277.2436339665721,277.2436339665721,0.0,21.33763470659028,259.2227977587449,277.2436339665721,0,1.0,,epidemiology_change,85,78,True,0.6,baseline,78.0,10542027.713754674,389.94918345067686,186.8705133406667,epidemiology_change,109,56.061154002200006,0.0,1.078252907810606,12.0
2024-09-01,129,West,Therapy D,280.6091299779264,280.6091299779264,0.0,21.386332219181423,262.3695365293611,280.6091299779264,0,1.0,,epidemiology_change,85,78,True,0.6,baseline,78.0,10546410.191168826,390.11129111492727,186.9481981871045,epidemiology_change,109,56.08445945613136,0.0,1.078252907810606,12.0
2024-10-01,130,West,Therapy D,283.80157949941656,283.80157949941656,0.0,21.432042970055427,265.35447683195446,283.80157949941656,0,1.0,,epidemiology_change,85,78,True,0.6,baseline,78.0,10550794.490443897,390.2734661697401,187.02591532828623,epidemiology_change,109,56.10777459848587,0.0,1.078252907810606,12.0
2024-11-01,131,West,Therapy D,286.8295195093929,286.8295195093929,0.0,21.47504267743846,268.1856007412824,286.8295195093929,0,1.0,,epidemiology_change,85,78,True,0.6,baseline,78.0,10555180.612337258,390.4357086431307,187.1036647776372,epidemiology_change,109,56.13109943329116,0.0,1.078252907810606,12.0
2024-12-01,132,West,Therapy D,289.701175452874,289.701175452874,0.0,21.51557471159164,270.8705990484372,289.701175452874,0,1.0,,epidemiology_change,85,78,True,0.6,baseline,78.0,10559568.557606602,390.5980185631259,187.18144654858847,epidemiology_change,109,56.15443396457654,0.0,1.078252907810606,12.0
2025-01-01,133,West,Therapy D,292.4244536551538,292.4244536551538,0.0,21.553854606716605,273.4168641675688,292.4244536551538,0,1.0,,epidemiology_change,85,78,True,0.6,baseline,78.0,10563958.327009937,390.7603959577644,187.2592606545766,epidemiology_change,109,56.17777819637298,0.0,1.078252907810606,12.0
2025-02-01,134,West,Therapy D,295.0069380667458,295.0069380667458,0.0,21.590073899176986,275.8314870924073,295.0069380667458,0,1.0,,epidemiology_change,85,78,True,0.6,baseline,78.0,10568349.92130557,390.9228408550962,187.3371071090437,epidemiology_change,109,56.20113213271311,0.0,1.078252907810606,12.0
2025-03-01,135,West,Therapy D,297.4558904838154,297.4558904838154,0.0,21.62440339140804,278.1212576023674,297.4558904838154,0,1.0,,epidemiology_change,85,78,True,0.6,baseline,78.0,10572743.341252146,391.0853532831833,187.4149859254375,epidemiology_change,109,56.22449577763125,0.0,1.078252907810606,12.0
2025-04-01,136,West,Therapy D,299.77825352984263,299.77825352984263,0.0,21.65699592747524,280.2926670504029,299.77825352984263,0,1.0,,epidemiology_change,85,78,True,0.6,baseline,78.0,10577138.587608617,391.2479332700991,187.49289711721133,epidemiology_change,109,56.2478691351634,0.0,1.078252907810606,12.0
2025-05-01,137,West,Therapy D,301.9806558046153,301.9806558046153,0.0,21.68798875421244,282.3519131773153,301.9806558046153,0,1.0,,epidemiology_change,85,78,True,0.6,baseline,78.0,10581535.66113424,391.4105808439292,187.57084069782425,epidemiology_change,109,56.27125220934728,0.0,1.078252907810606,12.0
2025-06-01,138,West,Therapy D,304.06941870854405,304.06941870854405,0.0,21.71750553122872,284.30490649248867,304.06941870854405,0,1.0,,epidemiology_change,85,78,True,0.6,baseline,78.0,10585934.562588604,391.57329603277,187.64881668074065,epidemiology_change,109,56.2946450042222,0.0,1.078252907810606,12.0
2025-07-01,139,West,Therapy D,306.0505645362454,306.0505645362454,0.0,21.74565804375677,286.1572778413895,306.0505645362454,0,1.0,,epidemiology_change,85,78,True,0.6,baseline,78.0,10590335.2927316,391.7360788647303,187.72682507943065,epidemiology_change,109,56.31804752382919,0.0,1.078252907810606,12.0
2025-08-01,140,West,Therapy D,307.92982550561806,307.92982550561806,0.0,21.772547664228583,287.9143868477529,307.92982550561806,0,1.0,,epidemiology_change,85,78,True,0.6,baseline,78.0,10594737.852323446,391.89892936793024,187.80486590737,epidemiology_change,109,56.341459772211,0.0,1.078252907810606,12.0
2025-09-01,141,West,Therapy D,309.7126534492419,309.7126534492419,0.0,21.79826660148895,289.5813309750411,309.7126534492419,0,1.0,,epidemiology_change,85,78,True,0.6,baseline,78.0,10599142.24212467,392.0618475705018,187.88293917804,epidemiology_change,109,56.364881753412,0.0,1.078252907810606,12.0
2025-10-01,142,West,Therapy D,311.4042299456148,311.4042299456148,0.0,21.82289897057361,291.1629549991498,311.4042299456148,0,1.0,,epidemiology_change,85,78,True,0.6,baseline,78.0,10603548.462896116,392.2248335005888,187.9610449049277,epidemiology_change,109,56.3883134714783,0.0,1.078252907810606,12.0
2025-11-01,143,West,Therapy D,313.00947671001785,313.00947671001785,0.0,21.846521710868046,292.66386072386666,313.00947671001785,0,1.0,,epidemiology_change,85,78,True,0.6,baseline,78.0,10607956.515398944,392.3878871863464,188.0391831015254,epidemiology_change,109,56.41175493045762,0.0,1.078252907810606,12.0
2025-12-01,144,West,Therapy D,314.533066099979,314.533066099979,0.0,21.869205376112347,294.0884168034804,314.533066099979,0,1.0,,epidemiology_change,85,78,True,0.6,baseline,78.0,10612366.400394635,392.55100865594153,188.11735378133145,epidemiology_change,109,56.43520613439942,0.0,1.078252907810606,12.0
