therapy,region,forecast_origin_month_index,target_month_index,horizon_months,actual_sales_units,target_market_regime,target_supply_constrained,target_access_rate_allowed,target_new_metastatic_diagnoses_allowed,target_eligible_new_1l_patient_pool_allowed,target_competitor_overlap_pressure_allowed,target_patient_driver_index,origin_patient_driver_index,driver_growth_ratio,access_change_vs_origin,competitor_pressure_change_vs_origin,naive_prediction,seasonal_naive_prediction,historical_xgboost_prediction,patient_driver_prediction,hybrid_xgboost_prediction
Therapy A,East,37,38,1,200.7633974491796,b_launch_growth,0,0.55,141.067780590841,42.3203341772523,0.5,19.20285163292823,19.194872039678668,1.0003857899463868,0.0,0.0,201.9426610583358,200.58561902943484,199.7982,199.29149111585167,202.00778
Therapy A,North,37,38,1,319.2752824462332,b_launch_growth,0,0.74,210.73088211718223,63.21926463515467,0.68,35.64807894247102,35.63326566496793,1.000399041252785,0.0,0.0,321.63475275516925,327.2499629812145,317.02008,317.58177214790743,324.5946
Therapy A,South,37,38,1,206.0963682122436,b_launch_growth,0,0.6,141.8141709643375,42.54425128930125,0.55,20.612689749666455,20.604124309328423,1.0003876987715759,0.0,0.0,207.4494884998248,208.5438385461053,204.93694,204.944197603551,206.39383
Therapy A,West,37,38,1,237.1642368093144,b_launch_growth,0,0.65,160.72272709291582,48.216818127874745,0.6,24.759336108663682,24.749047562199177,1.0003921245922498,0.0,0.0,238.80987304452412,241.31306076143744,236.83636,235.8928212477619,240.22513
Therapy B,East,37,38,1,135.39280332330088,b_launch_growth,0,0.5,141.067780590841,42.3203341772523,0.4046755373782051,18.16311639296531,18.155568853478425,1.000384206750911,0.0,0.0,127.67139152876868,35.41001415475134,137.09103,117.54655780245807,138.17365
Therapy B,North,37,38,1,227.2633180151171,b_launch_growth,0,0.68,210.73088211718223,63.21926463515467,0.5444725411997668,34.796865378758575,34.78240581632535,1.0003986501202458,0.0,0.0,214.9170657038136,62.713954167186245,217.6972,198.20526480539635,220.56201
Therapy B,South,37,38,1,141.7580590863295,b_launch_growth,0,0.55,141.8141709643375,42.54425128930125,0.4414642225944055,19.7838484810169,19.775627459118315,1.0003866072249654,0.0,0.0,133.80660139808657,37.7709571855217,145.65808,123.26601066543287,141.30078
Therapy B,West,37,38,1,166.11841758270754,b_launch_growth,0,0.6,160.72272709291582,48.216818127874745,0.478252907810606,24.087525846968287,24.077516465949188,1.0003915049674774,0.0,0.0,156.92007395933092,44.88927426807784,162.36101,144.62245522678967,164.75272
Therapy C,East,37,38,1,845.4172361611239,b_launch_growth,0,0.66,141.067780590841,98.7474464135887,0.0,65.17331463296854,65.14623237709124,1.0004064260528036,0.0,0.0,837.4464037698295,692.7236680785543,847.24365,814.7801949988409,845.6325
Therapy C,North,37,38,1,1315.8454490794056,b_launch_growth,0,0.76,210.73088211718223,147.51161748202756,0.0,112.10882928634095,112.06224334824748,1.0004102639097523,0.0,0.0,1303.5995800686574,1080.4557150370724,1230.688,1268.4973795208346,1254.2965
Therapy C,South,37,38,1,867.9235296362373,b_launch_growth,0,0.7,141.8141709643375,99.26991967503623,0.0,69.48894377252536,69.46006819106248,1.0004069908294513,0.0,0.0,860.0407644323057,717.0654100266681,855.54865,837.6828581064171,861.1859
Therapy C,West,37,38,1,990.0522516830345,b_launch_growth,0,0.72,160.72272709291582,112.50590896504106,0.0,81.00425445482956,80.97059377700997,1.0004082086151826,0.0,0.0,980.937608658194,815.2830091085025,988.3654,954.9648963803603,984.8222
Therapy D,East,37,38,1,0.0,b_launch_growth,0,,141.067780590841,42.3203341772523,0.9046755373782052,0.0,0.0,1.0,0.0,0.0,0.0,0.0,0.0,0.0,0.0
Therapy D,North,37,38,1,0.0,b_launch_growth,0,,210.73088211718223,63.21926463515467,1.2244725411997668,0.0,0.0,1.0,0.0,0.0,0.0,0.0,0.0,0.0,0.0
Therapy D,South,37,38,1,0.0,b_launch_growth,0,,141.8141709643375,42.54425128930125,0.9914642225944056,0.0,0.0,1.0,0.0,0.0,0.0,0.0,0.0,0.0,0.0
Therapy D,West,37,38,1,0.0,b_launch_growth,0,,160.72272709291582,48.216818127874745,1.078252907810606,0.0,0.0,1.0,0.0,0.0,0.0,0.0,0.0,0.0,0.0
Therapy A,East,40,41,1,197.03370470333,b_launch_growth,0,0.55,141.24378564999685,42.37313569499906,0.5,19.22681032160582,19.2188207725125,1.0003857899463873,0.0,0.0,198.2882114587252,205.2181874662504,199.9758,197.33710599989547,199.73837
Therapy A,North,40,41,1,312.0596424340709,b_launch_growth,0,0.74,210.9938032549336,63.298140976480056,0.68,35.69255573381757,35.67772397433531,1.000399041252785,0.0,0.0,314.45554746007264,332.4209896629864,316.53534,313.46022202480134,318.04745
Therapy A,South,40,41,1,201.89345120924,b_launch_growth,0,0.6,141.99110726719258,42.59733218015777,0.55,20.63840744128644,20.62983131416489,1.0003876987715756,0.0,0.0,203.29748181215285,212.5437057662301,204.58696,202.57906836648314,203.71124
Therapy A,West,40,41,1,232.088856616124,b_launch_growth,0,0.65,160.92325490281826,48.27697647084548,0.6,24.790227417779157,24.779926034675253,1.0003921245922502,0.0,0.0,233.77968933733155,245.60886702667625,235.47032,233.00565093837224,236.8696
Therapy B,East,40,41,1,157.2431133401924,b_launch_growth,0,0.5,141.24378564999685,42.37313569499906,0.4046755373782051,18.185777842389193,18.17822088611607,1.0003842067509112,0.0,0.0,150.20187817241296,56.08022551096805,160.1479,138.40714664424232,160.86751
Therapy B,North,40,41,1,262.0103663397648,b_launch_growth,0,0.68,210.9938032549336,63.298140976480056,0.5444725411997668,34.840280142383364,34.82580253928819,1.0003986501202458,0.0,0.0,250.84154980478,97.87601203910074,248.79936,231.54675106284196,254.01144
Therapy B,South,40,41,1,164.21591764123144,b_launch_growth,0,0.55,141.99110726719258,42.59733218015777,0.4414642225944055,19.808532058001294,19.80030077903735,1.0003866072249654,0.0,0.0,156.98540221567174,59.514784673771686,164.38559,144.74430573109544,165.68416
Therapy B,West,40,41,1,192.0599839349967,b_launch_growth,0,0.6,160.92325490281826,48.27697647084548,0.478252907810606,24.117578963235218,24.107557093881137,1.0003915049674776,0.0,0.0,183.7134890566857,70.46360618970546,187.3382,169.4660586661145,187.56213
Therapy C,East,40,41,1,866.4722578736068,b_launch_growth,0,0.66,141.24378564999685,98.8706499549978,0.0,65.25462897029855,65.22751292489093,1.0004064260528036,0.0,0.0,859.9027837696823,738.6276068703398,850.4929,839.4137172065449,858.7514
Therapy C,North,40,41,1,1348.181388206421,b_launch_growth,0,0.76,210.9938032549336,147.69566227845343,0.0,112.24870333162461,112.20205926997697,1.000410263909752,0.0,0.0,1338.0936667000706,1151.4447483629856,1270.674,1306.447621572856,1296.6041
Therapy C,South,40,41,1,888.7533855749066,b_launch_growth,0,0.7,141.99110726719258,99.3937750870348,0.0,69.57564256092435,69.54673095246505,1.0004069908294515,0.0,0.0,882.252867560436,762.393184969776,876.951,862.0384726840595,884.1727
Therapy C,West,40,41,1,1014.1293125392244,b_launch_growth,0,0.72,160.92325490281826,112.64627843197276,0.0,81.10532047102039,81.0716177960164,1.0004082086151829,0.0,0.0,1006.6166616561768,867.8793245515267,1017.4696,983.1626584954886,1008.98596
Therapy D,East,40,41,1,0.0,b_launch_growth,0,,141.24378564999685,42.37313569499906,0.9046755373782052,0.0,0.0,1.0,0.0,0.0,0.0,0.0,3.9936185e-05,0.0,0.0
Therapy D,North,40,41,1,0.0,b_launch_growth,0,,210.9938032549336,63.298140976480056,1.2244725411997668,0.0,0.0,1.0,0.0,0.0,0.0,0.0,0.0,0.0,0.0
Therapy D,South,40,41,1,0.0,b_launch_growth,0,,141.99110726719258,42.59733218015777,0.9914642225944056,0.0,0.0,1.0,0.0,0.0,0.0,0.0,0.0,0.0,0.0
Therapy D,West,40,41,1,0.0,b_launch_growth,0,,160.92325490281826,48.27697647084548,1.078252907810606,0.0,0.0,1.0,0.0,0.0,0.0,0.0,0.0,0.0,0.0
Therapy A,East,43,44,1,193.38294625663613,b_launch_growth,0,0.55,141.42001030416375,42.42600309124912,0.5,19.25079890265429,19.24279938529569,1.0003857899463866,0.0,0.0,194.56968099043127,206.3582197258453,197.29178,195.42276733583617,195.81519
Therapy A,North,43,44,1,305.20250399975043,b_launch_growth,0,0.74,211.2570524296768,63.37711572890303,0.68,35.73708801721384,35.72223775269312,1.0003990412527852,0.0,0.0,307.41614546454247,332.1564723432687,312.0298,309.7507672974829,311.42734
Therapy A,South,43,44,1,197.84319696412703,b_launch_growth,0,0.6,142.1682643269371,42.65047929808113,0.55,20.664157219920305,20.655570392681728,1.0003876987715754,0.0,0.0,199.15504149952875,213.04517796047003,198.73764,200.33840504508652,197.76596
Therapy A,West,43,44,1,227.22865846576727,b_launch_growth,0,0.65,161.1240329038621,48.33720987115863,0.6,24.821157268839958,24.810843033080857,1.0003921245922505,0.0,0.0,228.8004929527705,245.8582082721736,231.51453,230.32448986516397,232.85916
Therapy B,East,43,44,1,176.74506297724474,b_launch_growth,0,0.5,141.42001030416375,42.42600309124912,0.4046755373782051,18.20846756566645,18.200901180858132,1.0003842067509106,0.0,0.0,170.52297363965246,79.28604737872249,176.72481,157.3643850088236,177.0052
Therapy B,North,43,44,1,292.8219517783036,b_launch_growth,0,0.68,211.2570524296768,63.37711572890303,0.5444725411997668,34.883749073005106,34.86925340673932,1.0003986501202458,0.0,0.0,283.009793859101,136.45671119388706,287.67786,261.6331351172439,285.924
Therapy B,South,43,44,1,184.21372899294025,b_launch_growth,0,0.55,142.1682643269371,42.65047929808113,0.4414642225944055,19.833246431772938,19.825004882946274,1.0003866072249654,0.0,0.0,177.83769681144076,83.7359590890932,183.93256,164.2141560303948,184.90263
Therapy B,West,43,44,1,215.1202542009687,b_launch_growth,0,0.6,161.1240329038621,48.33720987115863,0.478252907810606,24.147669575665216,24.13763520239492,1.0003915049674776,0.0,0.0,207.7713691548924,98.7784246369148,208.54036,191.94436754186907,208.32346
Therapy C,East,43,44,1,883.7952464386324,b_launch_growth,0,0.66,141.42001030416375,98.99400721291462,0.0,65.33604476052365,65.3088948834278,1.0004064260528032,0.0,0.0,878.3941657465018,777.5969112632242,873.5232,861.2194272686198,880.7495
Therapy C,North,43,44,1,1374.7768974318817,b_launch_growth,0,0.76,211.2570524296768,147.87993670077373,0.0,112.38875189258803,112.34204963486756,1.0004102639097523,0.0,0.0,1366.4853255432354,1211.5364529565911,1297.589,1340.0251911065166,1330.1552
Therapy C,South,43,44,1,905.90157583472,b_launch_growth,0,0.7,142.1682643269371,99.51778502885595,0.0,69.66244952019916,69.63350183979392,1.0004069908294513,0.0,0.0,900.5537711300595,800.8868218761454,893.10657,883.6060271958596,896.3176
Therapy C,West,43,44,1,1033.9419058122733,b_launch_growth,0,0.72,161.1240329038621,112.78682303270344,0.0,81.20651258354647,81.17276785895976,1.0004082086151829,0.0,0.0,1027.7640741811183,912.4838483701856,1029.393,1008.1229139689076,1025.6862
Therapy D,East,43,44,1,0.0,b_launch_growth,0,,141.42001030416375,42.42600309124912,0.9046755373782052,0.0,0.0,1.0,0.0,0.0,0.0,0.0,0.0,0.0,0.0
Therapy D,North,43,44,1,0.0,b_launch_growth,0,,211.2570524296768,63.37711572890303,1.2244725411997668,0.0,0.0,1.0,0.0,0.0,0.0,0.0,0.0,0.0,0.0
Therapy D,South,43,44,1,0.0,b_launch_growth,0,,142.1682643269371,42.65047929808113,0.9914642225944056,0.0,0.0,1.0,0.0,0.0,0.0,0.0,0.0,0.0,0.0
Therapy D,West,43,44,1,0.0,b_launch_growth,0,,161.1240329038621,48.33720987115863,1.078252907810606,0.0,0.0,1.0,0.0,0.0,0.0,0.0,0.0,0.0,0.0
Therapy A,East,46,47,1,190.09137909683247,b_launch_growth,0,0.55,141.59645482732242,42.47893644819673,0.5,19.274817413369266,19.266807915308334,1.000385789946387,0.0,0.0,191.1389482978075,204.9244836669108,195.13287,192.66005799288146,193.3964
Therapy A,North,46,47,1,299.118659744412,b_launch_growth,0,0.74,211.52063005069155,63.45618901520746,0.68,35.78167586189518,35.76680706924793,1.0003990412527854,0.0,0.0,301.0472796206165,328.0021522580517,306.3468,304.3195211394155,302.6164
Therapy A,South,46,47,1,194.2219362388028,b_launch_growth,0,0.6,142.3456424190014,42.703692725700414,0.55,20.68993912560185,20.681341584896096,1.0003876987715759,0.0,0.0,195.372074851098,210.9962572468892,195.52008,197.19304128999357,194.92256
Therapy A,West,46,47,1,222.89825607780028,b_launch_growth,0,0.65,161.32506140820158,48.39751842246047,0.6,24.852125709933453,24.841798605483387,1.00039212459225,0.0,0.0,224.2724596997316,243.18160686348543,225.63618,226.51690611440793,225.4614
Therapy B,East,46,47,1,193.71648444667863,b_launch_growth,0,0.5,141.59645482732242,42.47893644819673,0.4046755373782051,18.231185598073353,18.22360977296619,1.0003842067509108,0.0,0.0,188.34009369730848,103.64240359970869,192.3998,175.6593696741276,193.82123
Therapy B,North,46,47,1,319.5081470523556,b_launch_growth,0,0.68,211.52063005069155,63.45618901520746,0.5444725411997668,34.927272238205944,34.912758486232775,1.0003986501202462,0.0,0.0,311.0658159426852,176.2198084742356,313.14212,290.66842610722773,317.26523
Therapy B,South,46,47,1,201.5867313094856,b_launch_growth,0,0.55,142.3456424190014,42.703692725700414,0.4414642225944055,19.857991640755852,19.849739809253133,1.0003866072249656,0.0,0.0,196.08588538323383,108.9997963461487,196.26064,183.00182302640602,197.39658
Therapy B,West,46,47,1,235.12909175957927,b_launch_growth,0,0.6,161.32506140820158,48.39751842246047,0.478252907810606,24.177797731040872,24.167750838253696,1.0003915049674776,0.0,0.0,228.7958741672159,128.1680206319187,232.56963,213.63555517296078,233.2079
Therapy C,East,46,47,1,898.0277281160696,b_launch_growth,0,0.66,141.59645482732242,99.11751837912568,0.0,65.41756213022296,65.3903783792283,1.0004064260528034,0.0,0.0,893.5910166424525,810.2765460605549,889.86035,879.3621857915888,892.48645
Therapy C,North,46,47,1,1396.6252688952568,b_launch_growth,0,0.76,211.52063005069155,148.06444103548407,0.0,112.5289751869679,112.48221466056549,1.0004102639097527,0.0,0.0,1389.8144524088143,1261.8337176158257,1331.3381,1367.9313348187632,1358.185
Therapy C,South,46,47,1,920.0002911436612,b_launch_growth,0,0.7,142.3456424190014,99.64194969330096,0.0,69.74936478531066,69.7203809879538,1.0004069908294517,0.0,0.0,915.6041257305484,833.1801423807351,910.2167,901.5610562687883,915.1507
Therapy C,West,46,47,1,1050.224716453501,b_launch_growth,0,0.72,161.32506140820158,112.9275429857411,0.0,81.30783094973359,81.27404412310045,1.0004082086151829,0.0,0.0,1045.1481978535244,949.8666481052936,1047.983,1028.886612408675,1047.5399
Therapy D,East,46,47,1,0.0,b_launch_growth,0,,141.59645482732242,42.47893644819673,0.9046755373782052,0.0,0.0,1.0,0.0,0.0,0.0,0.0,0.0,0.0,0.0
Therapy D,North,46,47,1,0.0,b_launch_growth,0,,211.52063005069155,63.45618901520746,1.2244725411997668,0.0,0.0,1.0,0.0,0.0,0.0,0.0,0.0,0.0,0.0
Therapy D,South,46,47,1,0.0,b_launch_growth,0,,142.3456424190014,42.703692725700414,0.9914642225944056,0.0,0.0,1.0,0.0,0.0,0.0,0.0,0.0,0.0,0.0
Therapy D,West,46,47,1,0.0,b_launch_growth,0,,161.32506140820158,48.39751842246047,1.078252907810606,0.0,0.0,1.0,0.0,0.0,0.0,0.0,0.0,0.0,0.0
Therapy A,East,49,50,1,187.2742942861448,b_launch_growth,0,0.55,141.77311949379524,42.531935848138566,0.5,19.298865891092873,19.290846399877058,1.0003857899463873,0.0,0.0,188.15815137648087,201.9426610583358,189.7359,190.01769026608977,189.04802
Therapy A,North,49,50,1,293.9588078165845,b_launch_growth,0,0.74,211.78453652776813,63.53536095833044,0.68,35.82631933718337,35.811431993292764,1.0003990412527852,0.0,0.0,295.57414604018,321.63475275516925,297.8719,299.25653922873215,292.20163
Therapy A,South,49,50,1,191.13728837476984,b_launch_growth,0,0.6,142.5232418191592,42.756972545747765,0.55,20.71575319841479,20.707144930875067,1.0003876987715759,0.0,0.0,192.1039780117863,207.4494884998248,192.31691,194.22815627162078,193.03976
Therapy A,West,49,50,1,219.21667359863,b_launch_growth,0,0.65,161.52634072838043,48.45790221851413,0.6,24.883132789207007,24.87279280001017,1.0003921245922502,0.0,0.0,220.3699033129534,238.80987304452412,221.2519,222.94559927915864,220.90807
Therapy B,East,49,50,1,208.22535307640808,b_launch_growth,0,0.5,141.77311949379524,42.531935848138566,0.4046755373782051,18.25393197493014,18.246346697745814,1.0003842067509112,0.0,0.0,203.65180547657053,127.67139152876868,205.25238,191.8437116806311,205.80289
Therapy B,North,49,50,1,342.2420481744628,b_launch_growth,0,0.68,211.78453652776813,63.53536095833044,0.5444725411997668,34.97084970565236,34.95631784540697,1.0003986501202458,0.0,0.0,335.0830992142808,214.9170657038136,331.25302,316.2447454201766,333.44672
Therapy B,South,49,50,1,216.4196882712693,b_launch_growth,0,0.55,142.5232418191592,42.756972545747765,0.4414642225944055,19.88276772342199,19.874505596413908,1.0003866072249656,0.0,0.0,211.7457617302677,133.80660139808657,211.2855,199.59674096411166,212.5318
Therapy B,West,49,50,1,252.1973932534296,b_launch_growth,0,0.6,161.52634072838043,48.45790221851413,0.478252907810606,24.207963476203133,24.197904048278932,1.0003915049674776,0.0,0.0,246.82045667750387,156.92007395933092,246.78166,232.77421694126522,245.5484
Therapy C,East,49,50,1,909.7225872396464,b_launch_growth,0,0.66,141.77311949379524,99.24118364565666,0.0,65.4991812061334,65.47196353897668,1.0004064260528038,0.0,0.0,906.0757105770144,837.4464037698295,908.19977,894.394820306024,907.8361
Therapy C,North,49,50,1,1414.579273656917,b_launch_growth,0,0.76,211.78453652776813,148.2491755694377,0.0,112.66937343277266,112.6225545649887,1.0004102639097525,0.0,0.0,1408.9802826036985,1303.5995800686574,1351.9633,1391.0374907293844,1378.0181
Therapy C,South,49,50,1,931.5945194161316,b_launch_growth,0,0.7,142.5232418191592,99.76626927341144,0.0,69.836388491388,69.80736853201776,1.000406990829452,0.0,0.0,927.9779351944832,860.0407644323057,918.8987,916.447799561139,918.7136
Therapy C,West,49,50,1,1063.6099838150562,b_launch_growth,0,0.72,161.52634072838043,113.0684385098663,0.0,81.40927572710373,81.37544674589502,1.0004082086151829,0.0,0.0,1059.4352682717144,980.937608658194,1077.5607,1046.0913673946434,1070.1638
Therapy D,East,49,50,1,0.0,b_launch_growth,0,,141.77311949379524,42.531935848138566,0.9046755373782052,0.0,0.0,1.0,0.0,0.0,0.0,0.0,0.0,0.0,0.0
Therapy D,North,49,50,1,0.0,b_launch_growth,0,,211.78453652776813,63.53536095833044,1.2244725411997668,0.0,0.0,1.0,0.0,0.0,0.0,0.0,0.0,0.0,0.0
Therapy D,South,49,50,1,0.0,b_launch_growth,0,,142.5232418191592,42.756972545747765,0.9914642225944056,0.0,0.0,1.0,0.0,0.0,0.0,0.0,0.0,0.0,0.0
Therapy D,West,49,50,1,0.0,b_launch_growth,0,,161.52634072838043,48.45790221851413,1.078252907810606,0.0,0.0,1.0,0.0,0.0,0.0,0.0,0.00015588412,0.0,0.0
Therapy A,East,52,53,1,184.94827788645395,b_launch_growth,0,0.55,141.95000457824682,42.58500137347404,0.5,19.32294437321385,19.31491487637506,1.0003857899463875,0.0,0.0,185.6705347952308,198.2882114587252,186.79306,187.61453288959544,185.8443
Therapy A,North,52,53,1,289.7188447852493,b_launch_growth,0,0.74,212.0487722712082,63.61463168136246,0.68,35.871018512486664,35.85611259420698,1.0003990412527854,0.0,0.0,291.0340443384713,314.45554746007264,293.09076,294.72888513137826,301.84222
Therapy A,South,52,53,1,188.59682405243524,b_launch_growth,0,0.6,142.70106280352854,42.81031884105856,0.55,20.74159947849287,20.732980470735708,1.0003876987715756,0.0,0.0,189.3852249560457,203.29748181215285,191.1155,191.55685260726665,190.60025
Therapy A,West,52,53,1,216.18755551063435,b_launch_growth,0,0.65,161.72787117733236,48.51836135319971,0.6,24.91417855486805,24.903825664848625,1.0003921245922502,0.0,0.0,217.12742024955656,233.77968933733155,217.45406,219.7385463099682,219.51727
Therapy B,East,52,53,1,220.47748875365903,b_launch_growth,0,0.5,141.95000457824682,42.58500137347404,0.4046755373782051,18.276706731601134,18.269111990546648,1.000384206750911,0.0,0.0,216.62840153073725,150.20187817241296,219.36539,205.95754150926714,220.96817
Therapy B,North,52,53,1,361.3897068197888,b_launch_growth,0,0.68,212.0487722712082,63.61463168136246,0.5444725411997668,35.014481543095286,34.99993155198462,1.0003986501202462,0.0,0.0,355.3789351052429,250.84154980478,347.238,338.4687129763988,359.52844
Therapy B,South,52,53,1,228.93318500602143,b_launch_growth,0,0.55,142.70106280352854,42.81031884105856,0.4414642225944055,19.9075747182913,19.89930228293253,1.0003866072249659,0.0,0.0,225.00313355607364,156.98540221567174,225.36208,214.0499408512552,227.29526
Therapy B,West,52,53,1,266.58755142431374,b_launch_growth,0,0.6,161.72787117733236,48.51836135319971,0.478252907810606,24.238166858051393,24.22809487935054,1.0003915049674776,0.0,0.0,262.0689210007854,183.7134890566857,277.86685,249.42766529617344,270.282
Therapy C,East,52,53,1,919.3475249151238,b_launch_growth,0,0.66,141.95000457824682,99.36500320477276,0.0,65.58090211515002,65.55365048951538,1.0004064260528034,0.0,0.0,916.3436172781512,859.9027837696823,912.25635,906.8236890049349,914.3774
Therapy C,North,52,53,1,1429.358530368353,b_launch_growth,0,0.76,212.0487722712082,148.43414058984573,0.0,112.80994684828275,112.76306956632682,1.0004102639097525,0.0,0.0,1424.7455407806233,1338.0936667000706,1378.4033,1410.1342751549719,1397.2559
Therapy C,South,52,53,1,941.1454098056072,b_launch_growth,0,0.7,142.70106280352854,99.89074396246995,0.0,69.92352077372897,69.89446460722738,1.0004069908294515,0.0,0.0,938.1635844638618,882.252867560436,940.8343,928.7651907017851,936.3808
Therapy C,West,52,53,1,1074.632063265968,b_launch_growth,0,0.72,161.72787117733236,113.20950982413264,0.0,81.5108470733755,81.47697588499646,1.000408208615183,0.0,0.0,1071.1913923651457,1006.6166616561768,1085.2577,1060.3190947236717,1072.7305
Therapy D,East,52,53,1,0.0,b_launch_growth,0,,141.95000457824682,42.58500137347404,0.9046755373782052,0.0,0.0,1.0,0.0,0.0,0.0,0.0,0.0,0.0,0.0
Therapy D,North,52,53,1,0.0,b_launch_growth,0,,212.0487722712082,63.61463168136246,1.2244725411997668,0.0,0.0,1.0,0.0,0.0,0.0,0.0,0.0,0.0,0.0
Therapy D,South,52,53,1,0.0,b_launch_growth,0,,142.70106280352854,42.81031884105856,0.9914642225944056,0.0,0.0,1.0,0.0,0.0,0.0,0.0,0.0,0.0,0.0
Therapy D,West,52,53,1,0.0,b_launch_growth,0,,161.72787117733236,48.51836135319971,1.078252907810606,0.0,0.0,1.0,0.0,0.0,0.0,0.0,0.0,0.0,0.0
Therapy A,East,54,55,1,183.6543385274821,b_launch_growth,0,0.55,142.06805055810585,42.62041516743175,0.5,19.33901338222216,19.330977208033666,1.000385789946387,0.0,0.0,184.27687982820825,195.7899530348876,187.79974,186.17692685862542,185.32498
Therapy A,North,54,55,1,287.36433770741945,b_launch_growth,0,0.74,212.2251125621088,63.66753376863262,0.68,35.900848941456566,35.885930627377846,1.0003990412527854,0.0,0.0,288.4969651152386,309.7067982795052,296.24783,292.04709701909394,291.97955
Therapy A,South,54,55,1,187.1849923771925,b_launch_growth,0,0.6,142.81973336529165,42.84592000958749,0.55,20.758848244645137,20.750222069299504,1.0003876987715759,0.0,0.0,187.864185080478,200.50842562274696,187.78246,189.9675258505442,186.09125
Therapy A,West,54,55,1,214.50466400271017,b_launch_growth,0,0.65,161.8623644806638,48.55870934419914,0.6,24.93489724824626,24.924535748737533,1.00039212459225,0.0,0.0,215.31424537478443,230.4243112838581,216.90703,217.83419441102097,217.61995
Therapy B,East,54,55,1,227.5220357142381,b_launch_growth,0,0.5,142.06805055810585,42.62041516743175,0.4046755373782051,18.291905686762412,18.28430462990222,1.0003842067509108,0.0,0.0,224.1052377962272,164.02026335354907,227.75117,214.27285253179113,226.54015
Therapy B,North,54,55,1,372.3803883349249,b_launch_growth,0,0.68,212.2251125621088,63.66753376863262,0.5444725411997668,35.043599673772995,35.029037582853235,1.000398650120246,0.0,0.0,367.05119915048704,272.73721463857794,372.615,351.5276690941158,363.7744
Therapy B,South,54,55,1,236.12333898499045,b_launch_growth,0,0.55,142.81973336529165,42.84592000958749,0.4414642225944055,19.924129907361007,19.915850592624242,1.0003866072249659,0.0,0.0,232.6363241001586,171.16991861404307,239.56418,222.55708867270187,236.7282
Therapy B,West,54,55,1,274.85277828950484,b_launch_growth,0,0.6,161.8623644806638,48.55870934419914,0.478252907810606,24.258323378406892,24.248243023823296,1.0003915049674774,0.0,0.0,270.84465542762166,200.08273366833856,277.43265,259.2233964728952,274.4972
Therapy C,East,54,55,1,924.8098666544626,b_launch_growth,0,0.66,142.06805055810585,99.4476353906741,0.0,65.6354393578449,65.60816506969,1.0004064260528038,0.0,0.0,922.1653736863868,872.6277624318872,910.99347,913.8867150714981,919.50073
Therapy C,North,54,55,1,1437.7482362516675,b_launch_growth,0,0.76,212.2251125621088,148.55757879347613,0.0,112.90375988304186,112.85684361782067,1.0004102639097525,0.0,0.0,1433.6862627169671,1357.6324233754906,1392.8085,1420.9851697943982,1410.5306
Therapy C,South,54,55,1,946.5704636190576,b_launch_growth,0,0.7,142.81973336529165,99.97381335570414,0.0,69.9816693489929,69.95258901931032,1.000406990829452,0.0,0.0,943.9435258543474,894.8455186357037,943.21844,935.769835595119,943.5156
Therapy C,West,54,55,1,1080.8906818606229,b_launch_growth,0,0.72,161.8623644806638,113.30365513646464,0.0,81.57863169825454,81.54473234251033,1.0004082086151826,0.0,0.0,1077.8603256633742,1021.1689521750984,1077.358,1068.4067774451678,1077.9773
Therapy D,East,54,55,1,0.0,b_launch_growth,0,,142.06805055810585,42.62041516743175,0.9046755373782052,0.0,0.0,1.0,0.0,0.0,0.0,0.0,0.071365714,0.0,0.0
Therapy D,North,54,55,1,0.0,b_launch_growth,0,,212.2251125621088,63.66753376863262,1.2244725411997668,0.0,0.0,1.0,0.0,0.0,0.0,0.0,0.09150792,0.0,0.0
Therapy D,South,54,55,1,0.0,b_launch_growth,0,,142.81973336529165,42.84592000958749,0.9914642225944056,0.0,0.0,1.0,0.0,0.0,0.0,0.0,0.07146056,0.0,0.0
Therapy D,West,54,55,1,0.0,b_launch_growth,0,,161.8623644806638,48.55870934419914,1.078252907810606,0.0,0.0,1.0,0.0,0.0,0.0,0.0,0.07449194,0.0,0.0
Therapy A,East,55,56,1,183.0784828989916,b_launch_growth,0,0.55,142.12711035568455,42.63813310670536,0.5,19.347052897167558,19.33901338222216,1.000385789946387,0.0,0.0,183.6543385274821,194.56968099043127,185.57436,185.51106839946578,184.65735
Therapy A,North,55,56,1,286.3166784707772,b_launch_growth,0,0.74,212.31333769182515,63.69400130754754,0.68,35.915773457299906,35.900848941456566,1.0003990412527854,0.0,0.0,287.36433770741945,307.41614546454247,289.10315,290.81051141894454,291.27908
Therapy A,South,55,56,1,186.5567736871028,b_launch_growth,0,0.6,142.87910564857177,42.86373169457153,0.55,20.767478006019907,20.758848244645137,1.0003876987715754,0.0,0.0,187.1849923771925,199.15504149952875,185.6532,189.23319596561555,185.51566
Therapy A,West,55,56,1,213.75581333536724,b_launch_growth,0,0.65,161.92965306838138,48.57889592051441,0.6,24.945263055184153,24.93489724824626,1.0003921245922502,0.0,0.0,214.50466400271017,228.8004929527705,217.6088,216.95508185401937,216.6798
Therapy B,East,55,56,1,230.73825059211748,b_launch_growth,0,0.5,142.12711035568455,42.63813310670536,0.4046755373782051,18.29950990349478,18.291905686762412,1.000384206750911,0.0,0.0,227.5220357142381,170.52297363965246,230.64569,218.11924905747316,231.55731
Therapy B,North,55,56,1,377.394106889654,b_launch_growth,0,0.68,212.31333769182515,63.69400130754754,0.5444725411997668,35.05816781837013,35.043599673772995,1.0003986501202462,0.0,0.0,372.3803883349249,283.009793859101,369.84613,357.5597664728615,367.5465
Therapy B,South,55,56,1,239.40497190953187,b_launch_growth,0,0.55,142.87910564857177,42.86373169457153,0.4414642225944055,19.932412663931796,19.924129907361007,1.0003866072249652,0.0,0.0,236.12333898499045,177.83769681144076,239.3507,226.49019350698518,238.33238
Therapy B,West,55,56,1,278.62438983145046,b_launch_growth,0,0.6,161.92965306838138,48.57889592051441,0.478252907810606,24.26840792354354,24.258323378406892,1.0003915049674779,0.0,0.0,274.85277828950484,207.7713691548924,288.6998,263.75065762569574,280.69846
Therapy C,East,55,56,1,927.2929108625378,b_launch_growth,0,0.66,142.12711035568455,99.48897724897918,0.0,65.66272498432626,65.6354393578449,1.0004064260528036,0.0,0.0,924.8098666544626,878.3941657465018,919.64166,917.0965199660475,920.87256
Therapy C,North,55,56,1,1441.5627224032924,b_launch_growth,0,0.76,212.31333769182515,148.61933638427757,0.0,112.95069565205095,112.90375988304186,1.0004102639097525,0.0,0.0,1437.7482362516675,1366.4853255432354,1386.1034,1425.916373219634,1417.3823
Therapy C,South,55,56,1,949.0379699267698,b_launch_growth,0,0.7,142.87910564857177,100.01537395400022,0.0,70.01076176780015,69.9816693489929,1.000406990829451,0.0,0.0,946.5704636190576,900.5537711300595,946.8941,938.9545999679812,945.7897
Therapy C,West,55,56,1,1083.7367244092804,b_launch_growth,0,0.72,161.92965306838138,113.35075714786696,0.0,81.6125451464642,81.57863169825454,1.000408208615183,0.0,0.0,1080.8906818606229,1027.7640741811183,1076.5203,1072.0830856656473,1082.8798
Therapy D,East,55,56,1,0.0,b_launch_growth,0,,142.12711035568455,42.63813310670536,0.9046755373782052,0.0,0.0,1.0,0.0,0.0,0.0,0.0,0.0,0.0,0.0
Therapy D,North,55,56,1,0.0,b_launch_growth,0,,212.31333769182515,63.69400130754754,1.2244725411997668,0.0,0.0,1.0,0.0,0.0,0.0,0.0,0.0,0.0,0.0
Therapy D,South,55,56,1,0.0,b_launch_growth,0,,142.87910564857177,42.86373169457153,0.9914642225944056,0.0,0.0,1.0,0.0,0.0,0.0,0.0,0.0,0.0,0.0
Therapy D,West,55,56,1,0.0,b_launch_growth,0,,161.92965306838138,48.57889592051441,1.078252907810606,0.0,0.0,1.0,0.0,0.0,0.0,0.0,0.0,0.0,0.0
Therapy A,East,58,59,1,181.60805424867624,b_launch_growth,0,0.55,142.30443710145903,42.69133113043771,0.5,19.37119150043611,19.363141954884874,1.000385789946387,0.0,0.0,182.05767429765424,191.1389482978075,183.2331,183.72913362348896,182.71866
Therapy A,North,58,59,1,283.6394148505988,b_launch_growth,0,0.74,212.578233200945,63.77346996028349,0.68,35.96058424120466,35.94564110459418,1.000399041252785,0.0,0.0,284.4586348609684,301.0472796206165,284.7228,287.5150365741846,288.63058
Therapy A,South,58,59,1,184.9521789753969,b_launch_growth,0,0.6,143.0573706310964,42.91721118932892,0.55,20.79338882122986,20.78474829282057,1.000387698771576,0.0,0.0,185.4429670395171,195.372074851098,185.15846,187.27254508296966,185.94179
Therapy A,West,58,59,1,211.842567219108,b_launch_growth,0,0.65,162.13168671524258,48.63950601457277,0.6,24.97638633848312,24.966007598510803,1.00039212459225,0.0,0.0,212.4278897087061,224.2724596997316,211.11946,214.6097389308793,211.21506
Therapy B,East,58,59,1,239.284829485911,b_launch_growth,0,0.5,142.30443710145903,42.69133113043771,0.4046755373782051,18.32234152606372,18.314727821831013,1.0003842067509112,0.0,0.0,236.60972714172368,188.34009369730848,238.66093,228.4919414788656,237.67754
Therapy B,North,58,59,1,390.7058494942749,b_launch_growth,0,0.68,212.578233200945,63.77346996028349,0.5444725411997668,35.10190859939697,35.08732227866394,1.000398650120246,0.0,0.0,386.5409251696525,311.0658159426852,388.34305,373.8003166885722,384.75082
Therapy B,South,58,59,1,248.12237676483952,b_launch_growth,0,0.55,143.0573706310964,42.91721118932892,0.4414642225944055,19.957281598959632,19.948988508299394,1.000386607224966,0.0,0.0,245.39425764804983,196.08588538323383,247.90997,237.09038080859574,246.13739
Therapy B,West,58,59,1,288.6415612411722,b_launch_growth,0,0.6,162.13168671524258,48.63950601457277,0.478252907810606,24.298686719696075,24.288589592444968,1.0003915049674774,0.0,0.0,285.5069401123293,228.7958741672159,287.73456,275.94730936794144,283.7969
Therapy C,East,58,59,1,933.881329056382,b_launch_growth,0,0.66,142.30443710145903,99.61310597102133,0.0,65.74464994087408,65.71733027112441,1.0004064260528038,0.0,0.0,931.818544112018,893.5910166424525,936.5055,925.5993195848702,938.7859
Therapy C,North,58,59,1,1451.6868936383244,b_launch_growth,0,0.76,212.578233200945,148.8047632406615,0.0,113.09162006290273,113.04462573386832,1.0004102639097527,0.0,0.0,1448.5165640540358,1389.8144524088143,1406.9437,1438.9801929897108,1430.1334
Therapy C,South,58,59,1,955.590439188066,b_launch_growth,0,0.7,143.0573706310964,100.14015944176748,0.0,70.09811160923724,70.06898289289357,1.0004069908294522,0.0,0.0,953.5379934567388,915.6041257305484,949.84705,947.3966713870876,950.7956
Therapy C,West,58,59,1,1091.2922238774745,b_launch_growth,0,0.72,162.13168671524258,113.4921807006698,0.0,81.71437010448226,81.68041434371595,1.000408208615183,0.0,0.0,1088.9259693617564,1045.1481978535244,1090.136,1081.825159140481,1085.5198
Therapy D,East,58,59,1,0.0,b_launch_growth,0,,142.30443710145903,42.69133113043771,0.9046755373782052,0.0,0.0,1.0,0.0,0.0,0.0,0.0,0.0,0.0,0.0
Therapy D,North,58,59,1,0.0,b_launch_growth,0,,212.578233200945,63.77346996028349,1.2244725411997668,0.0,0.0,1.0,0.0,0.0,0.0,0.0,0.0,0.0,0.0
Therapy D,South,58,59,1,0.0,b_launch_growth,0,,143.0573706310964,42.91721118932892,0.9914642225944056,0.0,0.0,1.0,0.0,0.0,0.0,0.0,0.0,0.0,0.0
Therapy D,West,58,59,1,0.0,b_launch_growth,0,,162.13168671524258,48.63950601457277,1.078252907810606,0.0,0.0,1.0,0.0,0.0,0.0,0.0,0.0,0.0,0.0
Therapy A,East,60,61,1,178.82310615774355,access_expansion,0,0.55,142.4227778282934,42.726833348488015,0.72,17.577819239567972,19.379244392302933,0.9138802386773354,0.0,0.21999999999999997,181.1958592705368,189.0973201408933,182.69781,180.03922875975167,181.88718
Therapy A,North,60,61,1,282.1989977291983,access_expansion,0,0.74,212.7550137928828,63.82650413786484,0.68,35.990489153259226,35.97553358989885,1.000398666571214,0.0,0.0,282.88760480582704,297.29394177801674,284.31042,285.65167984340536,284.38907
Therapy A,South,60,61,1,184.09004334296537,access_expansion,0,0.6,143.1763374993426,42.95290124980278,0.55,20.810680655529445,20.80203294163507,1.0003870874921978,0.0,0.0,184.50203864060504,193.1322212501459,185.02855,186.16224452240607,185.01712
Therapy A,West,60,61,1,210.8138784815756,access_expansion,0,0.65,162.26651583258823,48.67995474977648,0.6,24.997156764010224,24.986769393051713,1.0003916038738647,0.0,0.0,211.3055611823866,221.5970655426304,209.06036,213.2824161086524,210.09631
Therapy B,East,60,61,1,247.712432475624,access_expansion,0,0.72,142.4227778282934,42.726833348488015,0.4046755373782051,26.40611294097773,18.3299583954263,1.406482612432158,0.21999999999999997,0.0,241.7989233547796,198.81816312833084,244.48242,247.255129593811,246.21555
Therapy B,North,60,61,1,398.2943496564088,access_expansion,0,0.68,212.7550137928828,63.82650413786484,0.5444725411997668,35.131099434634,35.11650098388006,1.0003982670336262,0.0,0.0,394.6188077218437,327.5098082593974,418.11588,383.1987633826391,411.93558
Therapy B,South,60,61,1,253.0943613359196,access_expansion,0,0.55,143.1763374993426,42.95290124980278,0.4414642225944055,19.97387812439598,19.965578137180756,1.000385973956244,0.0,0.0,250.68594251212664,206.804272592509,254.32146,243.23169278342,256.76657
Therapy B,West,60,61,1,294.3538798709172,access_expansion,0,0.6,162.26651583258823,48.67995474977648,0.478252907810606,24.318893568520327,24.30878804447287,1.0003909714348795,0.0,0.0,291.58692078729814,241.13438284817448,294.34204,283.01046636846195,286.17804
Therapy C,East,60,61,1,937.6524778564054,access_expansion,0,0.66,142.4227778282934,99.69594447980536,0.0,65.79932335667154,65.77198096781602,1.0004062133678386,0.0,0.0,935.8231339216696,902.1831869956446,924.81384,930.4481345741007,934.6111
Therapy C,North,60,61,1,1457.4843545274389,access_expansion,0,0.76,212.7550137928828,148.92850965501796,0.0,113.18566733781365,113.13863392817734,1.0004101378941728,0.0,0.0,1454.671803534898,1403.0044796689897,1414.8989,1446.4314037692093,1433.7979
Therapy C,South,60,61,1,959.3452422930897,access_expansion,0,0.7,143.1763374993426,100.22343624953982,0.0,70.15640537467786,70.12725243482066,1.0004067907922018,0.0,0.0,957.5233860821018,924.1188745622007,955.4279,952.2153737011496,949.41504
Therapy C,West,60,61,1,1095.6200924473494,access_expansion,0,0.72,162.26651583258823,113.58656108281176,0.0,81.78232397962446,81.74833998116235,1.0004080359743037,0.0,0.0,1093.5203570708863,1054.9800961349438,1098.3777,1087.3836927617112,1099.6628
Therapy D,East,60,61,1,0.0,access_expansion,0,,142.4227778282934,42.726833348488015,1.1246755373782051,0.0,0.0,1.0,0.0,0.21999999999999997,0.0,0.0,0.0,0.0,0.0
Therapy D,North,60,61,1,0.0,access_expansion,0,,212.7550137928828,63.82650413786484,1.2244725411997668,0.0,0.0,1.0,0.0,0.0,0.0,0.0,0.0,0.0,0.0
Therapy D,South,60,61,1,0.0,access_expansion,0,,143.1763374993426,42.95290124980278,0.9914642225944056,0.0,0.0,1.0,0.0,0.0,0.0,0.0,0.0,0.0,0.0
Therapy D,West,60,61,1,0.0,access_expansion,0,,162.26651583258823,48.67995474977648,1.078252907810606,0.0,0.0,1.0,0.0,0.0,0.0,0.0,0.0,0.0,0.0
Therapy A,East,61,62,1,176.64191705717178,access_expansion,0,0.55,142.48198509126416,42.744595527379246,0.72,17.585126599963825,17.577819239567972,1.0003822463141712,0.0,0.0,178.82310615774355,188.15815137648087,181.64586,177.98738904363307,180.73358
Therapy A,North,61,62,1,281.5695307816779,access_expansion,0,0.74,212.84345921040705,63.8530377631221,0.68,36.00545093386929,35.990489153259226,1.0003986665712137,0.0,0.0,282.1989977291983,295.57414604018,284.67007,284.8147554071837,282.62314
Therapy A,South,61,62,1,183.7137691001232,access_expansion,0,0.6,143.235858028255,42.970757408476494,0.55,20.81933196440686,20.810680655529445,1.0003870874921978,0.0,0.0,184.09004334296537,192.1039780117863,184.70532,185.66336146131437,184.57149
Therapy A,West,61,62,1,210.3646239560951,access_expansion,0,0.65,162.33397243202234,48.7001917296067,0.6,25.007548453153046,24.997156764010224,1.000391603873865,0.0,0.0,210.8138784815756,220.3699033129534,208.56982,212.68609734325307,209.9338
Therapy B,East,61,62,1,253.2421865470044,access_expansion,0,0.72,142.48198509126416,42.744595527379246,0.4046755373782051,26.417090354118887,26.40611294097773,1.000392819514556,0.0,0.0,247.712432475624,203.65180547657053,248.66599,252.64840193258004,251.39778
Therapy B,North,61,62,1,401.7464141706466,access_expansion,0,0.68,212.84345921040705,63.8530377631221,0.5444725411997668,35.14570395418063,35.131099434634,1.0003982670336262,0.0,0.0,398.2943496564088,335.0830992142808,415.75653,387.50556857181215,411.4959
Therapy B,South,61,62,1,255.3566594332431,access_expansion,0,0.55,143.235858028255,42.970757408476494,0.4414642225944055,19.982181562039095,19.97387812439598,1.0003859739562435,0.0,0.0,253.0943613359196,211.7457617302677,261.21136,246.04753275243198,261.0545
Therapy B,West,61,62,1,296.9528536809878,access_expansion,0,0.6,162.33397243202234,48.7001917296067,0.478252907810606,24.329003293584147,24.318893568520327,1.0003909714348798,0.0,0.0,294.3538798709172,246.82045667750387,295.25858,286.24827835136466,292.26147
Therapy C,East,61,62,1,939.3773132510324,access_expansion,0,0.66,142.48198509126416,99.7373895638849,0.0,65.82667711216403,65.79932335667154,1.0004062133678393,0.0,0.0,937.6524778564054,906.0757105770144,939.4247,932.6588086494353,935.6351
Therapy C,North,61,62,1,1460.136737171098,access_expansion,0,0.76,212.84345921040705,148.99042144728492,0.0,113.23272029993653,113.18566733781365,1.0004101378941725,0.0,0.0,1457.4843545274389,1408.9802826036985,1422.1577,1449.8291211552917,1435.9293
Therapy C,South,61,62,1,961.0638572496982,access_expansion,0,0.7,143.235858028255,100.2651006197785,0.0,70.18557043384494,70.15640537467786,1.000406790792202,0.0,0.0,959.3452422930897,927.9779351944832,953.5558,954.4136695969912,954.65295
Therapy C,West,61,62,1,1097.6005065976628,access_expansion,0,0.72,162.33397243202234,113.63378070241562,0.0,81.81632210573925,81.78232397962446,1.000408035974304,0.0,0.0,1095.6200924473494,1059.4352682717144,1116.4851,1089.9188823496909,1092.1482
Therapy D,East,61,62,1,0.0,access_expansion,0,,142.48198509126416,42.744595527379246,1.1246755373782051,0.0,0.0,1.0,0.0,0.0,0.0,0.0,0.0,0.0,0.0
Therapy D,North,61,62,1,0.0,access_expansion,0,,212.84345921040705,63.8530377631221,1.2244725411997668,0.0,0.0,1.0,0.0,0.0,0.0,0.0,0.0,0.0,0.0
Therapy D,South,61,62,1,0.0,access_expansion,0,,143.235858028255,42.970757408476494,0.9914642225944056,0.0,0.0,1.0,0.0,0.0,0.0,0.0,0.0,0.0,0.0
Therapy D,West,61,62,1,0.0,access_expansion,0,,162.33397243202234,48.7001917296067,1.078252907810606,0.0,0.0,1.0,0.0,0.0,0.0,0.0,0.0,0.0,0.0
Therapy A,East,64,65,1,171.1052902881341,access_expansion,0,0.55,142.65975460113802,42.7979263803414,0.72,17.607066912872455,17.599750435352956,1.000382246314171,0.0,0.0,172.79618803407774,185.6705347952308,174.73929,172.72718575127132,172.3742
Therapy A,North,64,65,1,279.9978705086392,access_expansion,0,0.74,213.10901613256425,63.93270483976927,0.68,36.050373605049096,36.035393157178014,1.0003986665712137,0.0,0.0,280.47259735679023,291.0340443384713,280.29388,282.6551294584327,281.4646
Therapy A,South,64,65,1,182.7764645502268,access_expansion,0,0.6,143.4145681175462,43.024370435263855,0.55,20.84530747588534,20.836645373089386,1.000387087492198,0.0,0.0,183.0591570642349,189.3852249560457,182.17267,184.37625488913767,183.06091
Therapy A,West,64,65,1,209.24422927806984,access_expansion,0,0.65,162.536510533219,48.7609531599657,0.6,25.038749447642388,25.028344793172863,1.000391603873865,0.0,0.0,209.5823937284548,217.12742024955656,207.95834,211.1473813225922,209.87839
Therapy B,East,64,65,1,267.7710773277978,access_expansion,0,0.72,142.65975460113802,42.7979263803414,0.4046755373782051,26.45004998197315,26.4390588727191,1.0003928195145557,0.0,0.0,263.24880197020883,216.62840153073725,268.0368,266.7631049780028,269.05283
Therapy B,North,64,65,1,410.8917050284547,access_expansion,0,0.68,213.10901613256425,63.93270483976927,0.5444725411997668,35.189553950810755,35.17493120974456,1.0003982670336258,0.0,0.0,408.0327273822296,355.3789351052429,421.36096,399.00053398258456,421.26086
Therapy B,South,64,65,1,261.351158603584,access_expansion,0,0.55,143.4145681175462,43.024370435263855,0.4414642225944055,20.007112591882755,19.998798794347195,1.000385973956244,0.0,0.0,259.47702512498057,225.00313355607364,263.29828,253.56762164270106,260.69836
Therapy B,West,64,65,1,303.8390901332435,access_expansion,0,0.6,162.536510533219,48.7609531599657,0.478252907810606,24.359357692341646,24.349235353747286,1.00039097143488,0.0,0.0,301.68620186019035,262.0689210007854,300.0072,294.8933538208876,298.49576
Therapy C,East,64,65,1,943.9964898027348,access_expansion,0,0.66,142.65975460113802,99.8618282207966,0.0,65.90880662572576,65.88141874196292,1.000406213367839,0.0,0.0,942.5426354161438,916.3436172781512,933.1146,938.5477774017634,940.41675
Therapy C,North,64,65,1,1467.2428063260306,access_expansion,0,0.76,213.10901613256425,149.17631129279496,0.0,113.37399658252417,113.32688491415847,1.0004101378941725,0.0,0.0,1465.0057191894848,1424.7455407806233,1433.0461,1458.8826574918623,1447.557
Therapy C,South,64,65,1,965.6710559894792,access_expansion,0,0.7,143.4145681175462,100.39019768228232,0.0,70.27313837759762,70.24393693026349,1.000406790792202,0.0,0.0,964.22016551608,938.1635844638618,953.71106,960.274728065829,961.0067
Therapy C,West,64,65,1,1102.9076829435498,access_expansion,0,0.72,162.536510533219,113.77555737325328,0.0,81.91840130874236,81.88436076442142,1.0004080359743042,0.0,0.0,1101.2366730312542,1071.1913923651457,1118.1382,1096.6759491126695,1098.2666
Therapy D,East,64,65,1,0.0,access_expansion,0,,142.65975460113802,42.7979263803414,1.1246755373782051,0.0,0.0,1.0,0.0,0.0,0.0,0.0,0.0,0.0,0.0
Therapy D,North,64,65,1,0.0,access_expansion,0,,213.10901613256425,63.93270483976927,1.2244725411997668,0.0,0.0,1.0,0.0,0.0,0.0,0.0,0.0,0.0,0.0
Therapy D,South,64,65,1,0.0,access_expansion,0,,143.4145681175462,43.024370435263855,0.9914642225944056,0.0,0.0,1.0,0.0,0.0,0.0,0.0,0.0,0.0,0.0
Therapy D,West,64,65,1,0.0,access_expansion,0,,162.536510533219,48.7609531599657,1.078252907810606,0.0,0.0,1.0,0.0,0.0,0.0,0.0,0.0,0.0,0.0
Therapy A,East,67,68,1,166.8223295866256,access_expansion,0,0.55,142.837745907463,42.85132377223889,0.72,17.629034599899082,17.621708993880837,1.0003822463141707,0.0,0.0,168.12878017133357,183.6543385274821,169.02545,168.5956779834529,168.82272
Therapy A,North,67,68,1,278.8290169807196,access_expansion,0,0.74,213.37490438028428,64.01247131408527,0.68,36.0953523245864,36.080353186163855,1.0003986665712137,0.0,0.0,279.1791482467478,287.36433770741945,279.32312,280.9676685187865,281.31354
Therapy A,South,67,68,1,182.0830082511647,access_expansion,0,0.6,143.59350117681464,43.07805035304439,0.55,20.871315396050004,20.862642485868356,1.0003870874921978,0.0,0.0,182.290237960035,187.1849923771925,181.51727,183.372115014829,181.6058
Therapy A,West,67,68,1,208.41317439891407,access_expansion,0,0.65,162.73930133372326,48.821790400116974,0.6,25.069989370460068,25.0595717344875,1.0003916038738645,0.0,0.0,208.66181718608567,214.50466400271017,207.7295,209.94594347677344,209.1366
Therapy B,East,67,68,1,279.6572349753061,access_expansion,0,0.72,142.837745907463,42.85132377223889,0.4046755373782051,26.48305073233765,26.472045909882567,1.0003928195145557,0.0,0.0,275.9566177525589,227.5220357142381,278.7316,278.1996755314186,283.49423
Therapy B,North,67,68,1,418.4672584584959,access_expansion,0,0.68,213.37490438028428,64.01247131408527,0.5444725411997668,35.23345865746197,35.21881767214187,1.000398267033626,0.0,0.0,416.0984495736367,372.3803883349249,425.46387,408.601041551578,419.7763
Therapy B,South,67,68,1,266.3174436508158,access_expansion,0,0.55,143.59350117681464,43.07805035304439,0.4414642225944055,20.032074727251455,20.023750556897802,1.0003859739562437,0.0,0.0,264.7645124589432,236.12333898499045,266.61554,259.8527620822855,264.73322
Therapy B,West,67,68,1,309.54404385529966,access_expansion,0,0.6,162.73930133372326,48.821790400116974,0.478252907810606,24.38974996316125,24.379614995298933,1.0003909714348795,0.0,0.0,307.76012026244246,274.85277828950484,308.18848,302.11690382528633,306.82626
Therapy C,East,67,68,1,947.9137693557687,access_expansion,0,0.66,142.837745907463,99.98642213522407,0.0,65.9910386092479,65.96361655463414,1.0004062133678389,0.0,0.0,946.6766544609792,924.8098666544626,940.35474,943.4916504934085,946.42053
Therapy C,North,67,68,1,1473.273173241654,access_expansion,0,0.76,213.37490438028428,149.36243306619895,0.0,113.5154491303112,113.46827868245708,1.0004101378941725,0.0,0.0,1471.3682546650905,1437.7482362516675,1432.9033,1466.4870235908515,1455.5305
Therapy C,South,67,68,1,969.5847205929956,access_expansion,0,0.7,143.59350117681464,100.51545082377024,0.0,70.36081557663915,70.3315776957378,1.0004067907922023,0.0,0.0,968.347998885021,946.5704636190576,969.8319,965.2023007018105,973.0588
Therapy C,West,67,68,1,1107.413395581718,access_expansion,0,0.72,162.73930133372326,113.91751093360628,0.0,82.02060787219652,81.98652485674583,1.0004080359743037,0.0,0.0,1105.9898777249473,1080.8906818606229,1128.5471,1102.3538259802865,1105.3821
Therapy D,East,67,68,1,0.0,access_expansion,0,,142.837745907463,42.85132377223889,1.1246755373782051,0.0,0.0,1.0,0.0,0.0,0.0,0.0,0.0,0.0,0.0
Therapy D,North,67,68,1,0.0,access_expansion,0,,213.37490438028428,64.01247131408527,1.2244725411997668,0.0,0.0,1.0,0.0,0.0,0.0,0.0,0.0,0.0,0.0
Therapy D,South,67,68,1,0.0,access_expansion,0,,143.59350117681464,43.07805035304439,0.9914642225944056,0.0,0.0,1.0,0.0,0.0,0.0,0.0,0.0,0.0,0.0
Therapy D,West,67,68,1,0.0,access_expansion,0,,162.73930133372326,48.821790400116974,1.078252907810606,0.0,0.0,1.0,0.0,0.0,0.0,0.0,0.0,0.0,0.0
Therapy A,East,70,71,1,163.52124488210444,access_expansion,0,0.55,143.0159592869663,42.90478778608989,0.72,17.651029695197384,17.64369494929109,1.0003822463141714,0.0,0.0,164.52676702946445,182.05767429765424,167.66522,165.36048464384353,165.92587
Therapy A,North,70,71,1,277.98254810018614,access_expansion,0,0.74,213.6411243669497,64.0923373100849,0.68,36.140387162410676,36.12536931011714,1.000398666571214,0.0,0.0,278.23324714644025,284.4586348609684,278.2036,279.68033796024747,280.14932
Therapy A,South,70,71,1,181.5849475167813,access_expansion,0,0.6,143.77265748425185,43.13179724527556,0.55,20.897355765336005,20.88867203428468,1.0003870874921978,0.0,0.0,181.7318911593161,185.4429670395171,180.9325,182.60876766668417,181.37234
Therapy A,West,70,71,1,207.81384315198247,access_expansion,0,0.65,162.94234514881873,48.882703544645615,0.6,25.101268270175524,25.090837636503352,1.0003916038738645,0.0,0.0,207.9910025253442,212.4278897087061,207.69476,209.0309823510575,208.6252
Therapy B,East,70,71,1,289.3902384517053,access_expansion,0,0.72,143.0159592869663,42.90478778608989,0.4046755373782051,26.516092656519405,26.50507410375383,1.000392819514556,0.0,0.0,286.3587448495367,236.60972714172368,286.55212,287.4365705904129,285.7678
Therapy B,North,70,71,1,424.74965087988807,access_expansion,0,0.68,213.6411243669497,64.0923373100849,0.5444725411997668,35.27741814239395,35.262758890057256,1.000398267033626,0.0,0.0,422.7840255222397,386.5409251696525,435.40216,416.5998883252767,433.15222
Therapy B,South,70,71,1,270.4357773062491,access_expansion,0,0.55,143.77265748425185,43.13179724527556,0.4414642225944055,20.057068006954427,20.048733450840903,1.0003859739562435,0.0,0.0,269.1473075072239,245.39425764804983,274.73087,265.0916486024676,272.13257
Therapy B,West,70,71,1,314.2751842515542,access_expansion,0,0.6,162.94234514881873,48.882703544645615,0.478252907810606,24.420180153294545,24.410032540407183,1.0003909714348795,0.0,0.0,312.7949415763608,285.5069401123293,314.6447,308.13711116008477,312.42825
Therapy C,East,70,71,1,951.2704706992598,access_expansion,0,0.66,143.0159592869663,100.1111715008764,0.0,66.07337319057842,66.04591692248002,1.000406213367839,0.0,0.0,950.2063257584988,931.818544112018,942.5001,947.6752374770276,945.6181
Therapy C,North,70,71,1,1478.4443989200631,access_expansion,0,0.76,213.6411243669497,149.54878705686477,0.0,113.65707816321722,113.60984886253765,1.0004101378941728,0.0,0.0,1476.8045770225908,1448.5165640540358,1447.3989,1472.9258235033062,1459.4758
Therapy C,South,70,71,1,972.9444033728868,access_expansion,0,0.7,143.77265748425185,100.64086023897627,0.0,70.44860216728338,70.41932780735803,1.0004067907922018,0.0,0.0,971.8786247065505,953.5379934567388,979.21326,969.3788025321016,972.56146
Therapy C,West,70,71,1,1111.2789554161286,access_expansion,0,0.72,162.94234514881873,114.05964160417312,0.0,82.12294195500465,82.08881641543452,1.0004080359743037,0.0,0.0,1110.0529667165792,1088.9259693617564,1113.0178,1107.1635411828663,1109.3088
Therapy D,East,70,71,1,0.0,access_expansion,0,,143.0159592869663,42.90478778608989,1.1246755373782051,0.0,0.0,1.0,0.0,0.0,0.0,0.0,0.0,0.0,0.0
Therapy D,North,70,71,1,0.0,access_expansion,0,,213.6411243669497,64.0923373100849,1.2244725411997668,0.0,0.0,1.0,0.0,0.0,0.0,0.0,0.0,0.0,0.0
Therapy D,South,70,71,1,0.0,access_expansion,0,,143.77265748425185,43.13179724527556,0.9914642225944056,0.0,0.0,1.0,0.0,0.0,0.0,0.0,0.0,0.0,0.0
Therapy D,West,70,71,1,0.0,access_expansion,0,,162.94234514881873,48.882703544645615,1.078252907810606,0.0,0.0,1.0,0.0,0.0,0.0,0.0,0.0,0.0,0.0
Therapy A,East,73,74,1,160.98806466619052,access_expansion,0,0.55,143.1943950167205,42.95831850501615,0.72,17.67305223296365,17.665708335765817,1.0003822463141712,0.0,0.0,161.75833661259284,178.82310615774355,162.85492,162.83379443132065,161.52878
Therapy A,North,73,74,1,277.3922534947229,access_expansion,0,0.74,213.907676506459,64.1723029519377,0.68,36.18547818853863,36.17044159902551,1.000398666571214,0.0,0.0,277.56410417201414,282.1989977291983,277.6636,278.7245646459569,276.61084
Therapy A,South,73,74,1,181.2422868869321,access_expansion,0,0.6,143.95203731839626,43.18561119551888,0.55,20.923428624228897,20.91473405880709,1.000387087492198,0.0,0.0,181.34138752362296,184.09004334296537,180.6402,182.04552602052786,181.27689
Therapy A,West,73,74,1,207.3987323544594,access_expansion,0,0.65,163.1456422941825,48.943692688254735,0.6,25.132586195418806,25.122142547830276,1.0003916038738647,0.0,0.0,207.519182278076,210.8138784815756,207.26482,208.3537822341487,208.24501
Therapy B,East,73,74,1,297.3710564926548,access_expansion,0,0.72,143.1943950167205,42.95831850501615,0.4046755373782051,26.54917580588949,26.538143505682633,1.0003928195145557,0.0,0.0,294.88389386958164,247.712432475624,293.63242,294.87997302089605,296.35672
Therapy B,North,73,74,1,429.9708582475454,access_expansion,0,0.68,213.907676506459,64.1723029519377,0.5444725411997668,35.321432473951525,35.30675493180716,1.0003982670336262,0.0,0.0,428.3357182576434,398.2943496564088,446.73618,423.2588683083694,434.65262
Therapy B,South,73,74,1,273.85767656691826,access_expansion,0,0.55,143.95203731839626,43.18561119551888,0.4414642225944055,20.082092469849293,20.073747515017953,1.000385973956244,0.0,0.0,272.7861546230054,253.0943613359196,275.9681,269.45385481789015,274.16925
Therapy B,West,73,74,1,318.2067539394097,access_expansion,0,0.6,163.1456422941825,48.943692688254735,0.478252907810606,24.45064831005207,24.44048803636293,1.0003909714348798,0.0,0.0,316.97556528388475,294.3538798709172,317.29044,313.1496461493813,315.4742
Therapy C,East,73,74,1,954.1803917498293,access_expansion,0,0.66,143.1943950167205,100.23607651170435,0.0,66.15581049772487,66.12831997345492,1.000406213367839,0.0,0.0,953.254008371566,937.6524778564054,940.0909,951.2491083598585,945.2891
Therapy C,North,73,74,1,1482.9308618012008,access_expansion,0,0.76,213.907676506459,149.7353735545213,0.0,113.79888390143618,113.75159567450268,1.0004101378941728,0.0,0.0,1481.5021852692405,1457.4843545274389,1455.4534,1478.4299918239371,1466.3755
Therapy C,South,73,74,1,975.8625037179954,access_expansion,0,0.7,143.95203731839626,100.76642612287738,0.0,70.53649828601417,70.50718740155123,1.0004067907922023,0.0,0.0,974.9328898998072,959.3452422930897,963.86096,972.9528851994553,962.9196
Therapy C,West,73,74,1,1114.6342704120736,access_expansion,0,0.72,163.1456422941825,114.20194960592772,0.0,82.22540371626796,82.19123559952259,1.0004080359743042,0.0,0.0,1113.5656167678162,1095.6200924473494,1125.9061,1111.2770056049635,1111.8616
Therapy D,East,73,74,1,0.0,access_expansion,0,,143.1943950167205,42.95831850501615,1.1246755373782051,0.0,0.0,1.0,0.0,0.0,0.0,0.0,0.0,0.0,0.0
Therapy D,North,73,74,1,0.0,access_expansion,0,,213.907676506459,64.1723029519377,1.2244725411997668,0.0,0.0,1.0,0.0,0.0,0.0,0.0,0.0,0.0,0.0
Therapy D,South,73,74,1,0.0,access_expansion,0,,143.95203731839626,43.18561119551888,0.9914642225944056,0.0,0.0,1.0,0.0,0.0,0.0,0.0,0.0,0.0,0.0
Therapy D,West,73,74,1,0.0,access_expansion,0,,163.1456422941825,48.943692688254735,1.078252907810606,0.0,0.0,1.0,0.0,0.0,0.0,0.0,0.0,0.0,0.0
Therapy A,East,76,77,1,159.05480843478455,access_expansion,0,0.55,143.37305337414367,43.0119160122431,0.72,17.69510224743681,17.68774918752972,1.0003822463141705,0.0,0.0,159.64134897183095,172.79618803407774,161.56638,160.86494894657523,160.2676
Therapy A,North,76,77,1,277.00447826642244,access_expansion,0,0.74,214.174561213227,64.2523683639681,0.68,36.23062547307433,36.21557012296389,1.000398666571214,0.0,0.0,277.11408738756364,280.47259735679023,275.32513,278.0390384149973,275.7074
Therapy A,South,76,77,1,181.0225570524838,access_expansion,0,0.6,144.1316409581339,43.23949228744016,0.55,20.949534013264756,20.940828599954834,1.0003870874921976,0.0,0.0,181.0838693971137,183.0591570642349,180.94568,181.64572285398404,181.20987
Therapy A,West,76,77,1,207.1293088541129,access_expansion,0,0.65,163.34919308588505,49.00475792576551,0.6,25.16394319488059,25.153486517138724,1.0003916038738647,0.0,0.0,207.20497910652605,209.5823937284548,206.652,207.8705968114476,207.74174
Therapy B,East,76,77,1,303.9272090409244,access_expansion,0,0.72,143.37305337414367,43.0119160122431,0.4046755373782051,26.582300231883014,26.5712541670827,1.0003928195145555,0.0,0.0,301.88252113409635,263.24880197020883,302.08292,300.86893409804736,302.95694
Therapy B,North,76,77,1,434.3237295739028,access_expansion,0,0.68,214.174561213227,64.2523683639681,0.5444725411997668,35.36550172056481,35.35080586579326,1.0003982670336262,0.0,0.0,432.9587893217228,408.0327273822296,452.01654,428.80586100643933,449.0419
Therapy B,South,76,77,1,276.7093103559758,access_expansion,0,0.55,144.1316409581339,43.23949228744016,0.4414642225944055,20.107148154842164,20.09879278831893,1.0003859739562437,0.0,0.0,275.81527553771707,259.47702512498057,276.2239,273.08753735309773,273.58334
Therapy B,West,76,77,1,321.48375636314614,access_expansion,0,0.6,163.34919308588505,49.00475792576551,0.478252907810606,24.481154480803344,24.47098153051602,1.0003909714348795,0.0,0.0,320.45627856913165,301.68620186019035,322.33853,317.3252106183545,320.59595
Therapy C,East,76,77,1,956.734908955738,access_expansion,0,0.66,143.37305337414367,100.36113736190056,0.0,66.23835065885437,66.21082583567275,1.0004062133678386,0.0,0.0,955.9180415716808,942.5426354161438,948.3153,954.3353259591674,952.249
Therapy C,North,76,77,1,1486.8725828908964,access_expansion,0,0.76,214.174561213227,149.9221928492589,0.0,113.94086656543676,113.89351933872923,1.0004101378941725,0.0,0.0,1485.611769185629,1465.0057191894848,1460.0972,1483.1866760693472,1470.8639
Therapy C,South,76,77,1,978.4292931464512,access_expansion,0,0.7,144.1316409581339,100.89214867069371,0.0,70.6245040694856,70.5951566149148,1.000406790792202,0.0,0.0,977.6079382750572,964.22016551608,978.8899,976.0450818595415,977.1183
Therapy C,West,76,77,1,1117.5836635155392,access_expansion,0,0.72,163.34919308588505,114.34443516011952,0.0,82.32799331528605,82.29378256824354,1.0004080359743037,0.0,0.0,1116.6400962316357,1101.2366730312542,1117.7423,1114.8335773220856,1115.8235
Therapy D,East,76,77,1,0.0,access_expansion,0,,143.37305337414367,43.0119160122431,1.1246755373782051,0.0,0.0,1.0,0.0,0.0,0.0,0.0,0.0,0.0,0.0
Therapy D,North,76,77,1,0.0,access_expansion,0,,214.174561213227,64.2523683639681,1.2244725411997668,0.0,0.0,1.0,0.0,0.0,0.0,0.0,0.0,0.0,0.0
Therapy D,South,76,77,1,0.0,access_expansion,0,,144.1316409581339,43.23949228744016,0.9914642225944056,0.0,0.0,1.0,0.0,0.0,0.0,0.0,0.0,0.0,0.0
Therapy D,West,76,77,1,0.0,access_expansion,0,,163.34919308588505,49.00475792576551,1.078252907810606,0.0,0.0,1.0,0.0,0.0,0.0,0.0,0.0,0.0,0.0
Therapy A,East,77,78,1,158.52006958158432,access_expansion,0,0.55,143.43265568076544,43.02979670422963,0.72,17.70245836412007,17.69510224743681,1.0003822463141712,0.0,0.0,159.05480843478455,171.1052902881341,160.81534,160.3111128481759,159.73572
Therapy A,North,77,78,1,276.91252063054367,access_expansion,0,0.74,214.26359675768668,64.279079027306,0.68,36.24568708191731,36.23062547307433,1.000398666571214,0.0,0.0,277.00447826642244,279.9978705086392,275.97617,277.861237589974,276.53937
Therapy A,South,77,78,1,180.97196475376927,access_expansion,0,0.6,144.19155862087533,43.2574675862626,0.55,20.95824304554423,20.949534013264756,1.000387087492198,0.0,0.0,181.0225570524838,182.7764645502268,180.93388,181.54315973696635,180.92078
Therapy A,West,77,78,1,207.0663401767904,access_expansion,0,0.65,163.41709977032536,49.02512993109761,0.6,25.174404219618626,25.16394319488059,1.000391603873865,0.0,0.0,207.1293088541129,209.24422927806984,206.5723,207.74596369320437,208.10826
Therapy B,East,77,78,1,305.84367637835226,access_expansion,0,0.72,143.43265568076544,43.02979670422963,0.4046755373782051,26.593350888696452,26.582300231883014,1.000392819514556,0.0,0.0,303.9272090409244,267.7710773277978,305.5997,302.59192435143086,305.83856
Therapy B,North,77,78,1,435.61012288496056,access_expansion,0,0.68,214.26359675768668,64.279079027306,0.5444725411997668,35.380203684621335,35.36550172056481,1.000398267033626,0.0,0.0,434.3237295739028,410.8917050284547,447.0211,430.4422930881661,447.40277
Therapy B,South,77,78,1,277.55173057633465,access_expansion,0,0.55,144.19155862087533,43.2574675862626,0.4414642225944055,20.115506994815302,20.107148154842164,1.000385973956244,0.0,0.0,276.7093103559758,261.351158603584,275.4941,274.1593834087729,275.12323
Therapy B,West,77,78,1,322.4520003860387,access_expansion,0,0.6,163.41709977032536,49.02512993109761,0.478252907810606,24.49133166013712,24.481154480803344,1.0003909714348798,0.0,0.0,321.48375636314614,303.8390901332435,323.56906,318.55698552945273,320.73337
Therapy C,East,77,78,1,957.520539769794,access_expansion,0,0.66,143.43265568076544,100.4028589765358,0.0,66.26588692451362,66.23835065885437,1.000406213367839,0.0,0.0,956.734908955738,943.9964898027348,952.6668,955.2733228813471,952.9074
Therapy C,North,77,78,1,1488.0855162535406,access_expansion,0,0.76,214.26359675768668,149.98451773038067,0.0,113.98823347508932,113.94086656543676,1.0004101378941728,0.0,0.0,1486.8725828908964,1467.2428063260306,1459.164,1484.6331478370673,1472.9906
Therapy C,South,77,78,1,979.219767871428,access_expansion,0,0.7,144.19155862087533,100.93409103461272,0.0,70.6538637242289,70.6245040694856,1.0004067907922018,0.0,0.0,978.4292931464512,965.6710559894792,978.8815,976.9861355690937,971.15906
Therapy C,West,77,78,1,1118.4915513574738,access_expansion,0,0.72,163.41709977032536,114.39196983922774,0.0,82.36221828424397,82.32799331528605,1.0004080359743037,0.0,0.0,1117.5836635155392,1102.9076829435498,1134.1073,1115.9154699457808,1120.1042
Therapy D,East,77,78,1,0.0,access_expansion,0,,143.43265568076544,43.02979670422963,1.1246755373782051,0.0,0.0,1.0,0.0,0.0,0.0,0.0,0.0,0.0,0.0
Therapy D,North,77,78,1,0.0,access_expansion,0,,214.26359675768668,64.279079027306,1.2244725411997668,0.0,0.0,1.0,0.0,0.0,0.0,0.0,0.0,0.0,0.0
Therapy D,South,77,78,1,0.0,access_expansion,0,,144.19155862087533,43.2574675862626,0.9914642225944056,0.0,0.0,1.0,0.0,0.0,0.0,0.0,0.0,0.0,0.0
Therapy D,West,77,78,1,0.0,access_expansion,0,,163.41709977032536,49.02512993109761,1.078252907810606,0.0,0.0,1.0,0.0,0.0,0.0,0.0,0.0,0.0,0.0
Therapy A,East,78,79,1,158.03302103078906,access_expansion,0,0.55,143.4922827649509,43.04768482948526,0.72,17.70981753885024,17.70245836412007,1.0003822463141714,0.0,0.0,158.52006958158432,169.5530979124557,162.73979,159.80192441667262,158.82942
Therapy A,North,78,79,1,276.83685333903054,access_expansion,0,0.74,214.3526693155439,64.30580079466317,0.68,36.26075495209467,36.24568708191731,1.000398666571214,0.0,0.0,276.91252063054367,279.5677745230639,274.97092,277.70581970941674,277.01566
Therapy A,South,78,79,1,180.93126719199395,access_expansion,0,0.6,144.25150119227862,43.27545035768359,0.55,20.9669556982977,20.95824304554423,1.0003870874921978,0.0,0.0,180.97196475376927,182.52079249828537,180.5253,181.45415947438323,181.1965
Therapy A,West,78,79,1,207.01509449524136,access_expansion,0,0.65,163.48503468458247,49.04551040537474,0.6,25.18486959315993,25.174404219618626,1.0003916038738647,0.0,0.0,207.0663401767904,208.93812499277087,205.49486,207.63741677144904,207.51822
Therapy B,East,78,79,1,307.64050805116915,access_expansion,0,0.72,143.4922827649509,43.04768482948526,0.4046755373782051,26.60440613943198,26.593350888696452,1.0003928195145562,0.0,0.0,305.84367637835226,272.0005855547148,305.95416,304.19382754268753,305.7253
Therapy B,North,78,79,1,436.8231313448256,access_expansion,0,0.68,214.3526693155439,64.30580079466317,0.5444725411997668,35.394911760502566,35.380203684621335,1.000398267033626,0.0,0.0,435.61012288496056,413.5766732859304,454.88867,431.983460553285,449.6638
Therapy B,South,78,79,1,278.34592050590874,access_expansion,0,0.55,144.25150119227862,43.27545035768359,0.4414642225944055,20.12386930968229,20.115506994815302,1.0003859739562435,0.0,0.0,277.55173057633465,263.1113058190517,276.26514,275.1687309836244,275.3528
Therapy B,West,78,79,1,323.36489723456555,access_expansion,0,0.6,163.48503468458247,49.04551040537474,0.478252907810606,24.501513070275426,24.49133166013712,1.0003909714348798,0.0,0.0,322.4520003860387,305.86102587715385,321.5861,319.71699410132885,321.86847
Therapy C,East,78,79,1,958.2772567289176,access_expansion,0,0.66,143.4922827649509,100.4445979354656,0.0,66.2934346374073,66.26588692451362,1.0004062133678395,0.0,0.0,957.520539769794,945.372630976318,942.4142,956.1713870091978,951.2409
Therapy C,North,78,79,1,1489.2541287521417,access_expansion,0,0.76,214.3526693155439,150.0468685208807,0.0,114.03562007586933,113.98823347508932,1.0004101378941725,0.0,0.0,1488.0855162535406,1469.3607931859071,1459.5741,1486.0184105435164,1476.2004
Therapy C,South,78,79,1,979.9816578027256,access_expansion,0,0.7,144.25150119227862,100.97605083459504,0.0,70.68323558421652,70.6538637242289,1.0004067907922018,0.0,0.0,979.219767871428,967.045158699564,991.03687,977.8877218761544,982.08264
Therapy C,West,78,79,1,1119.3664120655123,access_expansion,0,0.72,163.48503468458247,114.43952427920772,0.0,82.39645748102956,82.36221828424397,1.000408035974304,0.0,0.0,1118.4915513574738,1104.4899555212291,1134.5822,1116.9517560815011,1115.3656
Therapy D,East,78,79,1,0.0,access_expansion,0,,143.4922827649509,43.04768482948526,1.1246755373782051,0.0,0.0,1.0,0.0,0.0,0.0,0.0,0.040379502,0.0,0.0
Therapy D,North,78,79,1,0.0,access_expansion,0,,214.3526693155439,64.30580079466317,1.2244725411997668,0.0,0.0,1.0,0.0,0.0,0.0,0.0,0.04268361,0.0,0.0
Therapy D,South,78,79,1,0.0,access_expansion,0,,144.25150119227862,43.27545035768359,0.9914642225944056,0.0,0.0,1.0,0.0,0.0,0.0,0.0,0.040212143,0.0,0.0
Therapy D,West,78,79,1,0.0,access_expansion,0,,163.48503468458247,49.04551040537474,1.078252907810606,0.0,0.0,1.0,0.0,0.0,0.0,0.0,0.04206841,0.0,0.0
Therapy A,East,79,80,1,157.5898752761282,access_expansion,0,0.55,143.5519346370003,43.06558039110009,0.72,17.71717977289858,17.70981753885024,1.000382246314171,0.0,0.0,158.03302103078906,168.12878017133357,160.20816,159.33387802745867,158.59053
Therapy A,North,79,80,1,276.77621639355635,access_expansion,0,0.74,214.4417789021857,64.33253367065569,0.68,36.27582908620933,36.26075495209467,1.0003986665712135,0.0,0.0,276.83685333903054,279.1791482467478,276.01578,277.5711631244366,276.88788
Therapy A,South,79,80,1,180.89970018694493,access_expansion,0,0.6,144.31146868269872,43.29344060480961,0.55,20.975671973030256,20.9669556982977,1.0003870874921978,0.0,0.0,180.93126719199395,182.290237960035,180.37839,181.3777438606854,180.75188
Therapy A,West,79,80,1,206.9746658165932,access_expansion,0,0.65,163.55299784039187,49.06589935211756,0.6,25.19533931731237,25.18486959315993,1.0003916038738647,0.0,0.0,207.01509449524136,208.66181718608567,206.11514,207.54379348320592,207.50677
Therapy B,East,79,80,1,309.32571931765114,access_expansion,0,0.72,143.5519346370003,43.06558039110009,0.4046755373782051,26.61546598599934,26.60440613943198,1.0003928195145557,0.0,0.0,307.64050805116915,275.9566177525589,306.47186,305.68307977452423,306.29523
Therapy B,North,79,80,1,437.9675890740084,access_expansion,0,0.68,214.4417789021857,64.33253367065569,0.5444725411997668,35.40962595074929,35.394911760502566,1.0003982670336262,0.0,0.0,436.8231313448256,416.0984495736367,457.84903,433.4354155063945,455.51474
Therapy B,South,79,80,1,279.09505044815114,access_expansion,0,0.55,144.31146868269872,43.29344060480961,0.4414642225944055,20.132235100887712,20.12386930968229,1.0003859739562437,0.0,0.0,278.34592050590874,264.7645124589432,278.0467,276.119534634624,276.4593
Therapy B,West,79,80,1,324.2260873372821,access_expansion,0,0.6,163.55299784039187,49.06589935211756,0.478252907810606,24.511698712977058,24.501513070275426,1.0003909714348795,0.0,0.0,323.36489723456555,307.76012026244246,322.75708,320.80978371333373,321.38266
Therapy C,East,79,80,1,959.0072148314327,access_expansion,0,0.66,143.5519346370003,100.4863542459002,0.0,66.32099380229414,66.2934346374073,1.000406213367839,0.0,0.0,958.2772567289176,946.6766544609792,951.56335,957.0324406246102,951.78955
Therapy C,North,79,80,1,1490.381722916086,access_expansion,0,0.76,214.4417789021857,150.10924523152994,0.0,114.08302637596276,114.03562007586933,1.0004101378941728,0.0,0.0,1489.2541287521417,1471.3682546650905,1465.3528,1487.3469431892709,1474.9712
Therapy C,South,79,80,1,980.7170926735034,access_expansion,0,0.7,144.31146868269872,101.0180280778891,0.0,70.71261965452237,70.68323558421652,1.0004067907922023,0.0,0.0,979.9816578027256,968.347998885021,979.4026,978.752727615939,968.6762
Therapy C,West,79,80,1,1120.2107065249625,access_expansion,0,0.72,163.55299784039187,114.4870984882743,0.0,82.4307109115575,82.39645748102956,1.0004080359743037,0.0,0.0,1119.3664120655123,1105.9898777249473,1130.6426,1117.9457723055725,1125.4602
Therapy D,East,79,80,1,0.0,access_expansion,0,,143.5519346370003,43.06558039110009,1.1246755373782051,0.0,0.0,1.0,0.0,0.0,0.0,0.0,0.0,0.0,0.0
Therapy D,North,79,80,1,0.0,access_expansion,0,,214.4417789021857,64.33253367065569,1.2244725411997668,0.0,0.0,1.0,0.0,0.0,0.0,0.0,0.0,0.0,0.0
Therapy D,South,79,80,1,0.0,access_expansion,0,,144.31146868269872,43.29344060480961,0.9914642225944056,0.0,0.0,1.0,0.0,0.0,0.0,0.0,0.0,0.0,0.0
Therapy D,West,79,80,1,0.0,access_expansion,0,,163.55299784039187,49.06589935211756,1.078252907810606,0.0,0.0,1.0,0.0,0.0,0.0,0.0,0.0,0.0,0.0
Therapy A,East,82,83,1,156.49032408578054,access_expansion,0,0.55,143.73103908340113,43.11931172502034,0.72,17.739284843673367,17.731913424037543,1.0003822463141712,0.0,0.0,156.8216128807403,164.52676702946445,158.93494,158.14539179276443,157.86172
Therapy A,North,82,83,1,276.6732639671204,access_expansion,0,0.74,214.7093299887844,64.41279899663532,0.68,36.32108909822272,36.305996156667725,1.0003986665712137,0.0,0.0,276.69545868698674,278.23324714644025,275.46445,277.2770643855812,276.57483
Therapy A,South,82,83,1,180.85297320734503,access_expansion,0,0.6,144.49152077167307,43.34745623150192,0.55,21.00184254416268,20.993115394456094,1.000387087492198,0.0,0.0,180.86118244940107,181.7318911593161,181.1502,181.21512927913136,181.09897
Therapy A,West,82,83,1,206.9102100446788,access_expansion,0,0.65,163.75705687456283,49.127117062368846,0.6,25.226774611526405,25.216291824685864,1.0003916038738647,0.0,0.0,206.922969442079,207.9910025253442,205.99695,207.34192254975144,207.36107
Therapy B,East,82,83,1,313.78400083827137,access_expansion,0,0.72,143.73103908340113,43.11931172502034,0.4046755373782051,26.648673119802,26.637599474272598,1.000392819514556,0.0,0.0,312.3907134746611,286.3587448495367,315.25214,309.5511048905253,312.2052
Therapy B,North,82,83,1,441.0334778296582,access_expansion,0,0.68,214.7093299887844,64.41279899663532,0.5444725411997668,35.45380523310592,35.439072684507536,1.0003982670336262,0.0,0.0,440.068663651753,422.7840255222397,459.2508,437.31133849223875,451.8848
Therapy B,South,82,83,1,281.100830603386,access_expansion,0,0.55,144.49152077167307,43.34745623150192,0.4414642225944055,20.157353346989193,20.148977118095093,1.000385973956244,0.0,0.0,280.46981562237386,269.1473075072239,278.99194,278.6568677337262,276.89743
Therapy B,West,82,83,1,326.5324259945355,access_expansion,0,0.6,163.75705687456283,49.127117062368846,0.478252907810606,24.54228105406102,24.532082703109218,1.0003909714348798,0.0,0.0,325.806763696353,312.7949415763608,324.50583,323.72643594674963,323.86078
Therapy C,East,82,83,1,961.0558103836782,access_expansion,0,0.66,143.73103908340113,100.6117273583808,0.0,66.40374005653133,66.37614650709241,1.0004062133678393,0.0,0.0,960.3947052471,950.2063257584988,957.5025,959.4197503124359,957.6881
Therapy C,North,82,83,1,1493.547934354927,access_expansion,0,0.76,214.7093299887844,150.29653099214906,0.0,114.22536355403328,114.17789810685034,1.0004101378941725,0.0,0.0,1492.5258878844943,1476.8045770225908,1466.6434,1491.0323349523733,1479.8833
Therapy C,South,82,83,1,982.7837168799728,access_expansion,0,0.7,144.49152077167307,101.14406454017114,0.0,70.8008451781198,70.7714244463948,1.000406790792202,0.0,0.0,982.1163565041708,971.8786247065505,979.4498,981.1541577527736,979.9478
Therapy C,West,82,83,1,1122.5822038780184,access_expansion,0,0.72,163.75705687456283,114.62993981219398,0.0,82.53355666477967,82.49926049751167,1.000408035974304,0.0,0.0,1121.8165622602337,1110.0529667165792,1140.8291,1120.7041305772132,1121.1937
Therapy D,East,82,83,1,0.0,access_expansion,0,,143.73103908340113,43.11931172502034,1.1246755373782051,0.0,0.0,1.0,0.0,0.0,0.0,0.0,0.0,0.0,0.0
Therapy D,North,82,83,1,0.0,access_expansion,0,,214.7093299887844,64.41279899663532,1.2244725411997668,0.0,0.0,1.0,0.0,0.0,0.0,0.0,0.0,0.0,0.0
Therapy D,South,82,83,1,0.0,access_expansion,0,,144.49152077167307,43.34745623150192,0.9914642225944056,0.0,0.0,1.0,0.0,0.0,0.0,0.0,0.0,0.0,0.0
Therapy D,West,82,83,1,0.0,access_expansion,0,,163.75705687456283,49.127117062368846,1.078252907810606,0.0,0.0,1.0,0.0,0.0,0.0,0.0,0.0,0.0,0.0
Therapy A,East,84,85,1,155.31477050701753,overlapping_competitor_launch,0,0.55,143.85056617602206,43.155169852806615,1.22,13.600351779112005,17.746659327717758,0.7788241906932584,0.0,0.5,156.19055246402917,162.60066930107251,156.89899,151.71663341751744,155.62613
Therapy A,North,84,85,1,275.38874649392494,overlapping_competitor_launch,0,0.74,214.8878828061564,64.4663648418469,1.33,25.498381285895704,36.33618831413758,0.7097237956629313,0.0,0.65,276.66193974468894,277.76020930816685,275.33292,264.62108173622437,273.26196
Therapy A,South,84,85,1,180.01310180187386,overlapping_competitor_launch,0,0.6,144.61168028277345,43.38350408483203,1.1,16.00851300730302,21.01057332187495,0.7727428431134644,0.0,0.55,180.8513703254281,181.4552084449916,179.65187,174.61515545320754,178.91592
Therapy A,West,84,85,1,205.9287253414689,overlapping_competitor_launch,0,0.65,163.8932376538099,49.16797129614297,1.2,18.536325178645903,25.237261756217045,0.7446022896812652,0.0,0.6,206.90527570645384,207.65707871294288,206.405,198.91848547872877,206.0388
Therapy B,East,84,85,1,314.8984562949728,overlapping_competitor_launch,0,0.72,143.85056617602206,43.155169852806615,0.9046755373782052,21.233282821757406,26.659751368810234,0.8038135457294154,0.0,0.5,315.0927399035869,292.2276469114948,314.07852,302.75374240935184,311.315
Therapy B,North,84,85,1,440.3405231393352,overlapping_competitor_launch,0,0.68,214.8878828061564,64.4663648418469,1.194472541199767,25.51034206543247,35.468543906243454,0.7269372238603108,0.0,0.6500000000000001,441.9461700521948,426.59768887682463,476.36713,421.58787612441415,460.52216
Therapy B,South,84,85,1,280.6909623489909,overlapping_competitor_launch,0,0.55,144.61168028277345,43.38350408483203,0.9914642225944056,15.580887757611448,20.165733058005987,0.7833835810066446,0.0,0.55,281.6975672035397,271.6470742409087,280.75406,270.85743628951064,275.18524
Therapy B,West,84,85,1,326.0072480831764,overlapping_competitor_launch,0,0.6,163.8932376538099,49.16797129614297,1.078252907810606,18.367526093230722,24.552483644618704,0.7579508263303196,0.0,0.6000000000000001,327.2187591260373,315.66682648050687,325.72296,313.48424215995624,323.3831
Therapy C,East,84,85,1,962.3207172230182,overlapping_competitor_launch,0,0.66,143.85056617602206,100.69539632321543,0.0,66.45896157332218,66.43134507701834,1.0004095498357968,0.0,0.0,961.6973220248184,952.2851570036364,953.38696,960.871147199745,962.34155
Therapy C,North,84,85,1,1495.5041807436985,overlapping_competitor_launch,0,0.76,214.8878828061564,150.42151796430943,0.0,114.32035365287517,114.27284873330727,1.0004121084894657,0.0,0.0,1494.5399440209198,1480.008417421842,1468.9946,1493.2744436490718,1482.2141
Therapy C,South,84,85,1,984.0617794303608,overlapping_competitor_launch,0,0.7,144.61168028277345,101.2281761979414,0.0,70.85972333855896,70.83027814047969,1.0004099273849627,0.0,0.0,983.431704480264,973.961298541298,982.318,982.6165796310754,976.6231
Therapy C,West,84,85,1,1124.048024917239,overlapping_competitor_launch,0,0.72,163.8932376538099,114.72526635766692,0.0,82.60219177752019,82.56786708947348,1.000410740267069,0.0,0.0,1123.325462421922,1112.448459770245,1152.4281,1122.3829661251614,1131.8951
Therapy D,East,84,85,1,2.4373806294612947,overlapping_competitor_launch,0,0.5,143.85056617602206,43.155169852806615,1.1246755373782051,13.083861253554034,0.0,4.0,0.5,0.0,0.0,0.0,0.0,161.38714984235963,0.33869573
Therapy D,North,84,85,1,4.482502934406644,overlapping_competitor_launch,0,0.65,214.8878828061564,64.4663648418469,1.2244725411997668,23.944902857794258,0.0,4.0,0.65,0.0,0.0,0.0,0.0,295.3562064426418,5.475992
Therapy D,South,84,85,1,2.9984402348558774,overlapping_competitor_launch,0,0.55,144.61168028277345,43.38350408483203,0.9914642225944056,15.580887757611448,0.0,4.0,0.55,0.0,0.0,0.0,0.0,192.1875368811011,0.23840806
Therapy D,West,84,85,1,3.473846091084721,overlapping_competitor_launch,0,0.6,163.8932376538099,49.16797129614297,1.078252907810606,18.367526093230722,0.0,4.0,0.6,0.0,0.0,0.0,0.0,226.56023542258782,5.029845
Therapy A,East,85,86,1,154.41728379561823,overlapping_competitor_launch,0,0.55,143.91036699180407,43.17311009754122,1.22,13.606005647240115,13.600351779112005,1.0003872419112667,0.0,0.0,155.31477050701753,161.75833661259284,148.75067,151.10984233767485,155.96355
Therapy A,North,85,86,1,274.0250056901898,overlapping_competitor_launch,0,0.74,214.97721488899128,64.49316446669738,1.33,25.50898134151281,25.498381285895704,1.0004000265338,0.0,0.0,275.38874649392494,277.56410417201414,269.06647,263.86460352633185,272.82318
Therapy A,South,85,86,1,179.11445502389765,overlapping_competitor_launch,0,0.6,144.67179750498823,43.40153925149647,1.1,16.015167983802197,16.00851300730302,1.000391273269822,0.0,0.0,180.01310180187386,181.34138752362296,174.46573,174.08394904570162,178.85236
Therapy A,West,85,86,1,204.88234682908143,overlapping_competitor_launch,0,0.65,163.96137050565332,49.188411151696,1.2,18.544031004189396,18.536325178645903,1.0003944357740275,0.0,0.0,205.9287253414689,207.519182278076,198.55229,198.31330962326842,204.38324
Therapy B,East,85,86,1,314.5176960790934,overlapping_competitor_launch,0,0.72,143.91036699180407,43.17311009754122,0.9046755373782052,21.242109812628733,21.233282821757406,1.000397016983146,0.0,0.0,314.8984562949728,294.88389386958164,315.1377,302.80292856509095,310.9956
Therapy B,North,85,86,1,438.50117384973663,overlapping_competitor_launch,0,0.68,214.97721488899128,64.49316446669738,1.194472541199767,25.520947093323194,25.51034206543247,1.0004000336119596,0.0,0.0,440.3405231393352,428.3357182576434,459.3274,420.9485523087679,458.03745
Therapy B,South,85,86,1,279.53586410066043,overlapping_competitor_launch,0,0.55,144.67179750498823,43.40153925149647,0.9914642225944056,15.587364963946348,15.580887757611448,1.0003906429154812,0.0,0.0,280.6909623489909,272.7861546230054,277.7544,270.43308954322487,274.0618
Therapy B,West,85,86,1,324.62087098080303,overlapping_competitor_launch,0,0.6,163.96137050565332,49.188411151696,1.078252907810606,18.375161746488633,18.367526093230722,1.0003942503147358,0.0,0.0,326.0072480831764,316.97556528388475,322.24652,312.97338982921866,316.91803
Therapy C,East,85,86,1,962.9273647947454,overlapping_competitor_launch,0,0.66,143.91036699180407,100.73725689426284,0.0,66.48658955021348,66.45896157332218,1.0004095523596412,0.0,0.0,962.3207172230182,953.254008371566,942.1637,961.56087925068,962.1634
Therapy C,North,85,86,1,1496.442742549335,overlapping_competitor_launch,0,0.76,214.97721488899128,150.48405042229388,0.0,114.36787832094335,114.32035365287517,1.0004121099750634,0.0,0.0,1495.5041807436985,1481.5021852692405,1456.75,1494.340365348663,1480.44
Therapy C,South,85,86,1,984.6752949275768,overlapping_competitor_launch,0,0.7,144.67179750498823,101.27025825349176,0.0,70.88918077744422,70.85972333855896,1.0004099297564295,0.0,0.0,984.0617794303608,974.9328898998072,974.5597,983.3122356569011,986.4853
Therapy C,West,85,86,1,1124.7514548239988,overlapping_competitor_launch,0,0.72,163.96137050565332,114.77295935395732,0.0,82.63653073484927,82.60219177752019,1.0004107423094895,0.0,0.0,1124.048024917239,1113.5656167678162,1143.9968,1123.1813017817162,1131.5587
Therapy D,East,85,86,1,5.104589692289556,overlapping_competitor_launch,0,0.5,143.91036699180407,43.17311009754122,1.1246755373782051,13.089300408903506,13.083861253554034,1.000386197737364,0.0,0.0,2.4373806294612947,0.0,0.35896367,2.4375326177577827,2.1853518
Therapy D,North,85,86,1,9.374502123284582,overlapping_competitor_launch,0,0.65,214.97721488899128,64.49316446669738,1.2244725411997668,23.954857109367847,23.944902857794258,1.000399049522475,0.0,0.0,4.482502934406644,0.0,5.9601593,4.48278245085835,9.876737
Therapy D,South,85,86,1,6.27106608509312,overlapping_competitor_launch,0,0.55,144.67179750498823,43.40153925149647,0.9914642225944056,15.587364963946348,15.580887757611448,1.0003906429154812,0.0,0.0,2.9984402348558774,0.0,0.37462705,2.998627209273377,2.764128
Therapy D,West,85,86,1,7.264345348813726,overlapping_competitor_launch,0,0.6,163.96137050565332,49.188411151696,1.078252907810606,18.375161746488633,18.367526093230722,1.0003942503147358,0.0,0.0,3.473846091084721,0.0,0.37831253,3.4740627104929764,4.308249
Therapy A,East,88,89,1,151.5016477884913,overlapping_competitor_launch,0,0.55,144.0899186410144,43.22697559230432,1.22,13.622981357914707,13.617320435664166,1.000387274964345,0.0,0.0,152.51918690187665,159.64134897183095,154.58713,148.95829782914302,153.9411
Therapy A,North,88,89,1,269.2389662938929,overlapping_competitor_launch,0,0.74,215.2454340192932,64.57363020578795,1.33,25.540807955295307,25.53019467438034,1.000400045346264,0.0,0.0,270.96366128273587,277.11408738756364,272.70987,261.10780470219294,268.35037
Therapy A,South,88,89,1,175.9567158844972,overlapping_competitor_launch,0,0.6,144.8522991629245,43.45568974887736,1.1,16.035149517335746,16.028486237668215,1.0003913019380897,0.0,0.0,177.09514376693286,181.0838693971137,177.24158,172.1527756491081,178.16664
Therapy A,West,88,89,1,201.209211743716,overlapping_competitor_launch,0,0.65,164.16593905131447,49.24978171539434,1.2,18.567167706703668,18.559452266886282,1.0003944609343918,0.0,0.0,202.5328357085631,207.20497910652605,201.91061,196.1132011729897,203.10771
Therapy B,East,88,89,1,312.1461736929401,overlapping_competitor_launch,0,0.72,144.0899186410144,43.22697559230432,0.9046755373782052,21.268612808412087,21.259774804430283,1.0003970392359964,0.0,0.0,313.15125569520904,301.88252113409635,308.2712,303.11518464913314,307.8353
Therapy B,North,88,89,1,431.3677855980014,overlapping_competitor_launch,0,0.68,215.2454340192932,64.57363020578795,1.194472541199767,25.552788636332235,25.54217037693994,1.0004000524162682,0.0,0.0,434.0329243549321,432.9587893217228,432.56348,417.7140482583569,426.20352
Therapy B,South,88,89,1,275.0438752141744,overlapping_competitor_launch,0,0.55,144.8522991629245,43.45568974887736,0.9914642225944056,15.606812743453984,15.600327455748,1.0003906722757894,0.0,0.0,276.7238685832965,275.81527553771707,273.74786,268.29941509834765,270.81393
Therapy B,West,88,89,1,319.2532068409711,overlapping_competitor_launch,0,0.6,164.16593905131447,49.24978171539434,1.078252907810606,18.398087757067678,18.390442577087242,1.000394275682468,0.0,0.0,321.25735088660883,320.45627856913165,318.39557,310.43986328193046,315.53336
Therapy C,East,88,89,1,964.6590447333092,overlapping_competitor_launch,0,0.66,144.0899186410144,100.86294304871008,0.0,66.56954241214865,66.54187996485109,1.000409559925071,0.0,0.0,964.0953969073274,955.9180415716808,955.7787,963.5067506320795,961.97644
Therapy C,North,88,89,1,1499.1231137553625,overlapping_competitor_launch,0,0.76,215.2454340192932,150.6718038135052,0.0,114.51057089826395,114.46298693542286,1.0004121144282168,0.0,0.0,1498.2504744330686,1485.611769185629,1478.8704,1497.349082114758,1484.5576
Therapy C,South,88,89,1,986.4285690711408,overlapping_competitor_launch,0,0.7,144.8522991629245,101.39660941404716,0.0,70.97762658983301,70.94813239798938,1.0004099368650805,0.0,0.0,985.8575708847565,977.6079382750572,989.66125,985.2772843102618,992.7275
Therapy C,West,88,89,1,1126.760910822995,overlapping_competitor_launch,0,0.72,164.16593905131447,114.91615733592012,0.0,82.73963328186248,82.70525148108474,1.0004107484317815,0.0,0.0,1126.106605101319,1116.6400962316357,1144.361,1125.4354379508738,1135.2472
Therapy D,East,88,89,1,14.776201275300387,overlapping_competitor_launch,0,0.5,144.0899186410144,43.22697559230432,1.1246755373782051,13.105631445538013,13.100185503955311,1.0003862319102947,0.0,0.0,11.247352502676524,0.0,14.479643,10.567087655667148,15.155036
Therapy D,North,88,89,1,26.99248531220301,overlapping_competitor_launch,0,0.65,215.2454340192932,64.57363020578795,1.2244725411997668,23.98474469975131,23.974778028625725,1.0003990694577611,0.0,0.0,20.58637188961261,0.0,21.916946,19.34421932668395,25.295712
Therapy D,South,88,89,1,18.05935600153516,overlapping_competitor_launch,0,0.55,144.8522991629245,43.45568974887736,0.9914642225944056,15.606812743453984,15.600327455748,1.0003906722757894,0.0,0.0,13.772578249450325,0.0,15.368404,12.941502934377224,17.670763
Therapy D,West,88,89,1,20.90877889534692,overlapping_competitor_launch,0,0.6,164.16593905131447,49.24978171539434,1.078252907810606,18.398087757067678,18.390442577087242,1.000394275682468,0.0,0.0,15.94872859639773,0.0,19.531319,14.986565490484809,22.898056
Therapy A,East,91,92,1,148.1029157542659,overlapping_competitor_launch,0,0.55,144.26969431018526,43.280908293055575,1.22,13.639978248556464,13.63431026338234,1.0003873079818668,0.0,0.0,149.29722850469528,158.03302103078906,152.06633,146.49401747836063,152.334
Therapy A,North,91,92,1,263.1851681038736,overlapping_competitor_launch,0,0.74,215.5139877966965,64.65419633900895,1.33,25.572674277968208,25.562047755254685,1.0004000641370514,0.0,0.0,265.3537415974552,276.83685333903054,264.1014,257.3711024597576,265.26517
Therapy A,South,91,92,1,171.9588905701797,overlapping_competitor_launch,0,0.6,145.0330260261122,43.509907807833656,1.1,16.055155981090618,16.048484387895165,1.0003913305748275,0.0,0.0,173.39115287470435,180.93126719199395,174.06842,169.54967486531072,170.90805
Therapy A,West,91,92,1,196.5655655409411,overlapping_competitor_launch,0,0.65,164.3707628295938,49.31122884887814,1.2,18.59033327602706,18.58260820994041,1.0003944860666072,0.0,0.0,198.2284615687343,207.01509449524136,197.74228,193.14623958916343,197.97061
Therapy B,East,91,92,1,307.7843064695552,overlapping_competitor_launch,0,0.72,144.26969431018526,43.280908293055575,0.9046755373782052,21.295148871004322,21.286299840171417,1.0003970614636062,0.0,0.0,309.4629441619959,307.64050805116915,307.88022,301.60126553965597,308.8825
Therapy B,North,91,92,1,421.5435454752173,overlapping_competitor_launch,0,0.68,215.5139877966965,64.65419633900895,1.194472541199767,25.58466990685833,25.574038399456015,1.0004000711989087,0.0,0.0,425.12325202601335,436.8231313448256,430.06006,412.1792635340269,429.98135
Therapy B,South,91,92,1,268.840876818997,overlapping_competitor_launch,0,0.55,145.0330260261122,43.509907807833656,0.9914642225944056,15.626284787237763,15.619791408077852,1.0003907016039177,0.0,0.0,271.1025163597974,278.34592050590874,267.4961,264.6658715751315,266.7806
Therapy B,West,91,92,1,311.8744286095136,overlapping_competitor_launch,0,0.6,164.3707628295938,49.31122884887814,1.078252907810606,18.421042371583294,18.4133876529942,1.0003943010218475,0.0,0.0,314.56168469975853,323.36489723456555,309.56607,306.1610044698117,309.61273
Therapy C,East,91,92,1,966.2804034508316,overlapping_competitor_launch,0,0.66,144.26969431018526,100.98878601712968,0.0,66.65259877130559,66.62490181059432,1.0004095674813525,0.0,0.0,965.7506493026737,958.2772567289176,962.70135,965.2980349300233,967.4212
Therapy C,North,91,92,1,1501.6343487231115,overlapping_competitor_launch,0,0.76,215.5139877966965,150.85979145768755,0.0,114.65344150784254,114.6057981762487,1.0004121188759167,0.0,0.0,1500.81367322065,1489.2541287521417,1476.6049,1500.1208210100233,1486.5742
Therapy C,South,91,92,1,988.0727592988718,overlapping_competitor_launch,0,0.7,145.0330260261122,101.52311821827853,0.0,71.06618275279496,71.03665176213761,1.0004099439651202,0.0,0.0,987.53527460357,979.9816578027256,975.74567,987.089501412693,978.3508
Therapy C,West,91,92,1,1128.6443309846338,overlapping_competitor_launch,0,0.72,164.3707628295938,115.05953398071564,0.0,82.84286446611526,82.80843976843471,1.0004107545466263,0.0,0.0,1128.0287470696949,1119.3664120655123,1143.034,1127.5129874131424,1134.7576
Therapy D,East,91,92,1,27.409686277723587,overlapping_competitor_launch,0,0.5,144.26969431018526,43.280908293055575,1.1246755373782051,13.121982857803696,13.11653012152085,1.0003862660466776,0.0,0.0,22.847693777424084,0.0,27.232805,21.203861547309586,27.60225
Therapy D,North,91,92,1,49.72782138032432,overlapping_competitor_launch,0,0.65,215.5139877966965,64.65419633900895,1.2244725411997668,24.01466957977732,24.004690473604324,1.0003990893701935,0.0,0.0,41.55259041534925,0.0,45.057693,38.575623646164686,47.470688
Therapy D,South,91,92,1,33.276786375279954,overlapping_competitor_launch,0,0.55,145.0330260261122,43.509907807833656,0.9914642225944056,15.626284787237763,15.619791408077852,1.0003907016039177,0.0,0.0,27.804227602121763,0.0,32.31298,25.81200250612208,33.865654
Therapy D,West,91,92,1,38.500791089633495,overlapping_competitor_launch,0,0.6,164.3707628295938,49.31122884887814,1.078252907810606,18.421042371583294,18.4133876529942,1.0003943010218475,0.0,0.0,32.17698060228699,0.0,35.596348,29.87241743371752,37.40988
Therapy A,East,94,95,1,144.15567701185796,overlapping_competitor_launch,0,0.55,144.4496942788181,43.33490828364543,1.22,13.656996345590859,13.651321288680991,1.000387340963866,0.0,0.0,145.52871709638202,156.8216128807403,150.36684,143.59230506391899,147.44012
Therapy A,North,94,95,1,255.8238599455364,overlapping_competitor_launch,0,0.74,215.7828766387283,64.73486299161848,1.33,25.604580359074856,25.593940578041458,1.0004000829061859,0.0,0.0,258.4101940445102,276.69545868698674,259.6398,252.50653389125418,258.87152
Therapy A,South,94,95,1,167.09720657927767,overlapping_competitor_launch,0,0.6,145.21397837553144,43.56419351265943,1.1,16.075187406171327,16.068507489075483,1.0003913591800642,0.0,0.0,168.80519974679976,180.86118244940107,167.72717,166.17577500914422,165.2028
Therapy A,West,94,95,1,190.92610729047007,overlapping_competitor_launch,0,0.65,164.57584215893564,49.37275264768069,1.2,18.613527748175624,18.605793043809353,1.0003945111707029,0.0,0.0,192.9065272136965,206.922969442079,192.06174,189.30103094471514,193.67859
Therapy B,East,94,95,1,301.4984612687625,overlapping_competitor_launch,0,0.72,144.4496942788181,43.33490828364543,0.9046755373782052,21.321718041661683,21.312857970219866,1.0003970836660028,0.0,0.0,303.78752112330534,312.3907134746611,302.305,298.2180065390094,300.57327
Therapy B,North,94,95,1,409.1434592782541,overlapping_competitor_launch,0,0.68,215.7828766387283,64.73486299161848,1.194472541199767,25.61659095446806,25.60594618252665,1.0004000899599053,0.0,0.0,413.5293378190303,440.068663651753,411.8535,404.2474138110254,405.98514
Therapy B,South,94,95,1,260.9990688396252,overlapping_competitor_launch,0,0.55,145.21397837553144,43.56419351265943,0.9914642225944056,15.645781125571322,15.639279644862087,1.0003907308998947,0.0,0.0,263.7737155119644,280.46981562237386,262.81442,259.4680717780708,260.41974
Therapy B,West,94,95,1,302.57544864226975,overlapping_competitor_launch,0,0.6,164.57584215893564,49.37275264768069,1.078252907810606,18.444025625723558,18.43636135662482,1.0003943263329031,0.0,0.0,305.86291635792134,325.806763696353,304.14426,300.0661004519901,303.2806
Therapy C,East,94,95,1,967.8149072825204,overlapping_competitor_launch,0,0.66,144.4496942788181,101.11478599517268,0.0,66.73575875681398,66.70802723962788,1.0004095750284963,0.0,0.0,967.3118196584978,960.3947052471,962.7804,966.9671529056677,970.0495
Therapy C,North,94,95,1,1504.0124209041908,overlapping_competitor_launch,0,0.76,215.7828766387283,151.0480136471098,0.0,114.79649037180344,114.74878759738456,1.0004121233181709,0.0,0.0,1503.232629801998,1492.5258878844943,1471.104,1502.7052759418896,1490.8342
Therapy C,South,94,95,1,989.6310704606268,overlapping_competitor_launch,0,0.7,145.21397837553144,101.649784862872,0.0,71.15484940401039,71.12528156862679,1.000409951056558,0.0,0.0,989.11995230821,982.1163565041708,980.1939,988.7809358030236,983.5111
Therapy C,West,94,95,1,1130.4285240245538,overlapping_competitor_launch,0,0.72,164.57584215893564,115.20308951125494,0.0,82.94622444810356,82.91175679999922,1.0004107606540344,0.0,0.0,1129.8434050844544,1121.8165622602337,1166.4963,1129.450980462498,1135.7681
Therapy D,East,94,95,1,43.13255662422371,overlapping_competitor_launch,0,0.5,144.4496942788181,43.33490828364543,1.1246755373782051,13.138354671122489,13.132895131661991,1.0003863001465472,0.0,0.0,37.56955925550524,0.0,43.18914,34.64607471124547,44.292862
Therapy D,North,94,95,1,77.6362619122249,overlapping_competitor_launch,0,0.65,215.7828766387283,64.73486299161848,1.2244725411997668,24.04463179597079,24.03464023923562,1.0003991092597972,0.0,0.0,67.80622469458915,0.0,74.0522,62.56223716544879,74.321915
Therapy D,South,94,95,1,51.96402100520276,overlapping_competitor_launch,0,0.55,145.21397837553144,43.56419351265943,0.9914642225944056,15.645781125571322,15.639279644862087,1.0003907308998947,0.0,0.0,45.381031786343485,0.0,53.1399,41.87075488416319,52.349396
Therapy D,West,94,95,1,60.07375946928107,overlapping_competitor_launch,0,0.6,164.57584215893564,49.37275264768069,1.078252907810606,18.444025625723558,18.43636135662482,1.0003943263329031,0.0,0.0,52.477741086095634,0.0,60.638805,48.421051145601254,61.597504
Therapy A,East,97,98,1,139.78059364273508,overlapping_competitor_launch,0,0.55,144.6299188267631,43.388975648028925,1.22,13.674035675476317,13.668353538007564,1.000387373910373,0.0,0.0,141.27201770154724,155.31477050701753,144.24074,140.28156655958347,140.25157
Therapy A,North,97,98,1,247.47791808076008,overlapping_competitor_launch,0,0.74,216.05210096343612,64.81563028903085,1.33,25.63652624822037,25.625873192325187,1.0004001016536899,0.0,0.0,250.33621120679348,275.38874649392494,249.63454,246.6640956317846,249.05653
Therapy A,South,97,98,1,161.58712374345694,overlapping_competitor_launch,0,0.6,145.39515649251314,43.61854694775394,1.1,16.0952438237212,16.088555572339537,1.0003913877538304,0.0,0.0,163.47391600262077,180.01310180187386,162.05244,162.12926127019227,163.66237
Therapy A,West,97,98,1,184.5422202594372,overlapping_competitor_launch,0,0.65,164.78117735818154,49.43435320745446,1.2,18.636751159210334,18.629006804539138,1.0003945362467044,0.0,0.0,186.7274287461248,205.9287253414689,183.45383,184.6943870800926,185.74739
Therapy B,East,97,98,1,293.736906675057,overlapping_competitor_launch,0,0.72,144.6299188267631,43.388975648028925,0.9046755373782052,21.348320361691876,21.339449235866187,1.0003971058432115,0.0,0.0,296.44639237415663,314.8984562949728,295.20407,293.2293383095809,294.3019
Therapy B,North,97,98,1,394.9024464293748,overlapping_competitor_launch,0,0.68,216.05210096343612,64.81563028903085,1.194472541199767,25.648551828789802,25.637893775759647,1.000400108699279,0.0,0.0,399.7879091194986,440.3405231393352,399.42426,394.3442896976676,401.71863
Therapy B,South,97,98,1,251.98539980159225,overlapping_competitor_launch,0,0.55,145.39515649251314,43.61854694775394,0.9914642225944056,15.665301788766074,15.658792196399505,1.0003907601637516,0.0,0.0,255.07811943284105,280.6909623489909,252.39482,252.97445073872748,253.43886
Therapy B,West,97,98,1,291.91107640590985,overlapping_competitor_launch,0,0.6,164.78117735818154,49.43435320745446,1.078252907810606,18.467037555221065,18.45936372369688,1.0003943516156615,0.0,0.0,295.5679230198408,326.0072480831764,295.6264,292.47661948455567,294.97266
Therapy C,East,97,98,1,969.2811653092206,overlapping_competitor_launch,0,0.66,144.6299188267631,101.24094317873416,0.0,66.81902249796454,66.79125638118879,1.0004095825665131,0.0,0.0,968.799015460703,962.3207172230182,964.7852,968.5399055533903,970.13055
Therapy C,North,97,98,1,1506.2858600728196,overlapping_competitor_launch,0,0.76,216.05210096343612,151.23647067440533,0.0,114.93971771254805,114.89195542113958,1.0004121277549844,0.0,0.0,1505.538170309978,1495.5041807436985,1477.0996,1505.1419966600852,1494.8353
Therapy C,South,97,98,1,991.12190661391,overlapping_competitor_launch,0,0.7,145.39515649251314,101.7766095447592,0.0,71.24362668133143,71.21402195525178,1.000409958139404,0.0,0.0,990.6314891279968,984.0617794303608,994.50366,990.3770962052109,999.0054
Therapy C,West,97,98,1,1132.1347516837272,overlapping_competitor_launch,0,0.72,164.78117735818154,115.34682415072707,0.0,83.04971338852349,83.01520273640782,1.0004107667540116,0.0,0.0,1131.5735521342467,1124.048024917239,1154.4896,1131.2788893818208,1155.1494
Therapy D,East,97,98,1,61.36442279567063,overlapping_competitor_launch,0,0.5,144.6299188267631,43.388975648028925,1.1246755373782051,13.154746910948024,13.1492805598218,1.0003863342099346,0.0,0.0,55.071281803369146,2.4373806294612947,55.86814,50.60121706641688,59.95004
Therapy D,North,97,98,1,109.56104147431222,overlapping_competitor_launch,0,0.65,216.05210096343612,64.81563028903085,1.2244725411997668,24.07463139491468,24.06462737208324,1.0003991291265946,0.0,0.0,98.58791116753493,4.482502934406644,100.32627,90.6487407681866,110.751175
Therapy D,South,97,98,1,73.34997820374105,overlapping_competitor_launch,0,0.55,145.39515649251314,43.61854694775394,0.9914642225944056,15.665301788766074,15.658792196399505,1.0003907601637516,0.0,0.0,65.99810564382173,2.9984402348558774,62.781197,60.682134620533255,75.06841
Therapy D,West,97,98,1,84.72719941277579,overlapping_competitor_launch,0,0.6,164.78117735818154,49.43435320745446,1.078252907810606,18.467037555221065,18.45936372369688,1.0003943516156615,0.0,0.0,76.25586268616689,3.473846091084721,78.08623,70.11862793899303,88.09185
Therapy A,East,100,101,1,135.2428303961049,overlapping_competitor_launch,0,0.55,144.81036823421945,43.44311047026584,1.22,13.69109626470428,13.685407037842488,1.000387383766712,0.0,0.0,136.75438990437772,152.51918690187665,139.35358,136.73731965206085,137.60712
Therapy A,North,100,101,1,238.7345499738536,overlapping_competitor_launch,0,0.74,216.3216611893896,64.89649835681688,1.33,25.66851199507178,25.657845647752236,1.0004001072619504,0.0,0.0,241.6527084824983,270.96366128273587,243.75471,240.26753639868656,241.73645
Therapy A,South,100,101,1,155.8174163097698,overlapping_competitor_launch,0,0.6,145.57656065873914,43.67296819762174,1.1,16.115325264922422,16.108628668856557,1.000391396301878,0.0,0.0,157.7427848101721,177.09514376693286,156.93625,157.6886731073637,157.22073
Therapy A,West,100,101,1,177.8642997249358,overlapping_competitor_launch,0,0.65,164.98676874657102,49.4960306239713,1.2,18.660003545237185,18.652249528220718,1.0003945437482789,0.0,0.0,180.09207796631077,202.5328357085631,180.15443,179.65058500594807,181.84236
Therapy B,East,100,101,1,285.22809039005267,overlapping_competitor_launch,0,0.72,144.81036823421945,43.44311047026584,0.9046755373782052,21.374955872454148,21.366073678452434,1.0003971124775355,0.0,0.0,288.0981315294961,313.15125569520904,282.89172,287.1873520266473,282.73907
Therapy B,North,100,101,1,379.9546882058431,overlapping_competitor_launch,0,0.68,216.3216611893896,64.89649835681688,1.194472541199767,25.68055257951389,25.669881228824636,1.0004001143051078,0.0,0.0,384.9415607589832,434.0329243549321,385.8758,383.33121973749917,382.27487
Therapy B,South,100,101,1,242.52168003020927,overlapping_competitor_launch,0,0.55,145.57656065873914,43.67296819762174,0.9914642225944056,15.684846807171253,15.678329093026738,1.000390768918266,0.0,0.0,245.6789818471273,276.7238685832965,242.00269,245.73181092813294,241.53952
Therapy B,West,100,101,1,280.7319759279507,overlapping_competitor_launch,0,0.6,164.98676874657102,49.4960306239713,1.078252907810606,18.49007819585301,18.48239478997268,1.0003943591790934,0.0,0.0,284.46001677405764,321.25735088660883,283.04663,284.03857324895745,282.9674
Therapy C,East,100,101,1,970.6939172260664,overlapping_competitor_launch,0,0.66,144.81036823421945,101.36725776395362,0.0,66.90239012420939,66.87458936467534,1.0004095848214052,0.0,0.0,970.2281693890164,964.0953969073274,966.14984,970.0367946711954,972.9761
Therapy C,North,100,101,1,1508.4772656771806,overlapping_competitor_launch,0,0.76,216.3216611893896,151.4251628325727,0.0,115.08312375275526,115.03530187009996,1.0004121290821824,0.0,0.0,1507.7547226529075,1498.2504744330686,1479.9519,1507.4624121137927,1494.9365
Therapy C,South,100,101,1,992.5598468033872,overlapping_competitor_launch,0,0.7,145.57656065873914,101.9035924611174,0.0,71.33251472278218,71.30287305997932,1.000409960258135,0.0,0.0,992.0856434743152,985.8575708847565,998.0364,991.8982549529482,991.30743
Therapy C,West,100,101,1,1133.7798563491465,overlapping_competitor_launch,0,0.72,164.98676874657102,115.49073812259972,0.0,83.1533314482718,83.1187777384902,1.0004107685787265,0.0,0.0,1133.237393208638,1126.106605101319,1146.9242,1133.0201355335723,1137.1349
Therapy D,East,100,101,1,80.96515353272353,overlapping_competitor_launch,0,0.5,144.81036823421945,43.44311047026584,1.1246755373782051,13.171159602765702,13.165686431475088,1.000386344400443,0.0,0.0,74.36078840022199,11.247352502676524,83.51284,68.2033733627537,83.33845
Therapy D,North,100,101,1,143.4767188165254,overlapping_competitor_launch,0,0.65,216.3216611893896,64.89649835681688,1.2244725411997668,24.104668423250065,24.094651918768847,1.0003991350697112,0.0,0.0,132.0891480220297,20.58637188961261,142.6123,121.25364755358316,144.18623
Therapy D,South,100,101,1,96.0807686945094,overlapping_competitor_launch,0,0.55,145.57656065873914,43.67296819762174,0.9914642225944056,15.684846807171253,15.678329093026738,1.000390768918266,0.0,0.0,88.44732874877113,13.772578249450325,97.358574,81.18972556919955,96.539825
Therapy D,West,100,101,1,110.8972252620473,overlapping_competitor_launch,0,0.6,164.98676874657102,49.4960306239713,1.078252907810606,18.49007819585301,18.48239478997268,1.0003943591790934,0.0,0.0,102.11227218453688,15.94872859639773,105.07298,93.74152929006894,109.73014
Therapy A,East,102,103,1,132.27736307319554,persistence_change,0,0.55,144.93079289966946,43.47923786990084,1.22,13.70248181469925,13.696787856662132,1.0003873837667119,0.0,0.0,133.7471323591862,150.42925212349903,141.6544,134.36543780587124,135.90865
Therapy A,North,102,103,1,232.9996765827448,persistence_change,0,0.74,216.50155482543207,64.95046644762964,1.33,25.689857994030948,25.67918277655023,1.0004001072619502,0.0,0.0,235.84335378665216,267.3710383548842,233.88028,235.95980157110162,234.12535
Therapy A,South,102,103,1,152.0344541962374,persistence_change,0,0.6,145.6976224917312,43.70928674751936,1.1,16.128726809834642,16.122024644862684,1.0003913963018785,0.0,0.0,153.9101278799271,174.72337326047216,155.18625,154.68296734137104,153.79156
Therapy A,West,102,103,1,173.48883651686305,persistence_change,0,0.65,165.12397215729536,49.53719164718861,1.2,18.67552125099011,18.667760785713636,1.000394543748279,0.0,0.0,175.65802392273184,199.77592379556867,175.7111,176.24620967490117,177.54407
Therapy B,East,102,103,1,279.5237574915151,persistence_change,0,0.72,144.93079289966946,43.47923786990084,0.9046755373782052,21.392731339372272,21.383841758915754,1.000397112477535,0.0,0.0,282.3615833492012,310.9175469142652,282.0777,282.90347396209876,281.73895
Therapy B,North,102,103,1,370.1679551317198,persistence_change,0,0.68,216.50155482543207,64.95046644762964,1.194472541199767,25.701908591453286,25.691228366442036,1.0004001143051076,0.0,0.0,375.01814181792855,428.3992313308276,373.634,375.8653375405921,369.54987
Therapy B,South,102,103,1,236.32620934469327,persistence_change,0,0.55,145.6976224917312,43.70928674751936,0.9914642225944056,15.69789036511824,15.691367230826291,1.0003907689182663,0.0,0.0,239.3964377087865,273.17095358229494,245.37576,240.8007963889928,239.74652
Therapy B,West,102,103,1,273.41994353254904,persistence_change,0,0.6,165.12397215729536,49.53719164718861,1.078252907810606,18.505454591259163,18.497764795839228,1.0003943591790936,0.0,0.0,277.0430053528135,317.022263913096,278.05002,278.3100377728714,277.02228
Therapy C,East,102,103,1,971.6118918808304,persistence_change,0,0.66,144.93079289966946,101.4515550297686,0.0,66.95802631964727,66.93020244093186,1.0004095848214052,0.0,0.0,971.155035706122,965.2104844290354,956.4998,971.0007553315722,971.6747
Therapy C,North,102,103,1,1509.9016226647402,persistence_change,0,0.76,216.50155482543207,151.5510883778025,0.0,115.1788271671299,115.13096551567706,1.0004121290821821,0.0,0.0,1509.192711396343,1499.9770364479728,1474.4476,1508.9572839097054,1494.3154
Therapy C,South,102,103,1,993.4948892871524,persistence_change,0,0.7,145.6976224917312,101.98833574421184,0.0,71.39183502094828,71.36216870806427,1.000409960258135,0.0,0.0,993.02947436759,986.987496019157,1003.094,992.8787835927349,1004.8311
Therapy C,West,102,103,1,1134.8493385644474,persistence_change,0,0.72,165.12397215729536,115.58678051010672,0.0,83.22248196727683,83.18789952254352,1.0004107685787262,0.0,0.0,1134.317031641819,1127.4012694085136,1146.028,1134.142167159133,1130.8434
Therapy D,East,102,103,1,94.15113314008072,persistence_change,0,0.5,144.93079289966946,43.47923786990084,1.1246755373782051,13.182112772128452,13.176635049334866,1.0003863444004428,0.0,0.0,87.57658626544335,18.638443658701053,95.137794,80.29352439657974,95.21874
Therapy D,North,102,103,1,166.109185940724,persistence_change,0,0.65,216.50155482543207,64.95046644762964,1.2244725411997668,24.124713925972333,24.114689091740875,1.0003991350697108,0.0,0.0,154.8406896227202,33.9752896618155,156.57037,142.09403806201885,163.07837
Therapy D,South,102,103,1,111.25617681388526,persistence_change,0,0.55,145.6976224917312,43.70928674751936,0.9914642225944056,15.69789036511824,15.691367230826291,1.0003907689182663,0.0,0.0,103.69977206304829,22.732559900668548,115.58084,95.16021914458908,115.06644
Therapy D,West,102,103,1,128.3526427126971,persistence_change,0,0.6,165.12397215729536,49.53719164718861,1.078252907810606,18.505454591259163,18.497764795839228,1.0003943591790936,0.0,0.0,119.66239895593556,26.313732165270167,124.70185,109.81883914480302,125.98101
Therapy A,East,103,104,1,126.87410698060349,persistence_change,0,0.55,144.99104278173618,43.497312834520855,1.22,13.708178139799246,13.70248181469925,1.0003873837667117,0.0,0.0,132.27736307319554,149.29722850469528,134.19063,133.20345922670853,132.48888
Therapy A,North,103,104,1,223.23157152761723,persistence_change,0,0.74,216.59155773568,64.97746732070398,1.33,25.700537649358044,25.689857994030948,1.0004001072619502,0.0,0.0,232.9996765827448,265.3537415974552,234.76753,233.84933895011272,232.76752
Therapy A,South,103,104,1,145.6412313569831,persistence_change,0,0.6,145.7581911562427,43.72745734687281,1.1,16.135431760996067,16.128726809834642,1.0003913963018782,0.0,0.0,152.0344541962374,173.39115287470435,151.62918,153.20346949516795,151.13277
Therapy A,West,103,104,1,166.16572652765586,persistence_change,0,0.65,165.19261664374176,49.557784993122524,1.2,18.683284942407195,18.67552125099011,1.0003945437482789,0.0,0.0,173.48883651686305,198.2284615687343,174.74641,174.57412814853802,176.55946
Therapy B,East,103,104,1,276.73686501182146,persistence_change,0,0.72,144.99104278173618,43.497312834520855,0.9046755373782052,21.401624615359342,21.392731339372272,1.0003971124775348,0.0,0.0,279.5237574915151,309.4629441619959,278.31467,280.7547301593112,279.7311
Therapy B,North,103,104,1,365.4354330620881,persistence_change,0,0.68,216.59155773568,64.97746732070398,1.194472541199767,25.712593256392616,25.701908591453286,1.0004001143051076,0.0,0.0,370.1679551317198,425.12325202601335,370.46893,372.19618935438194,366.55002
Therapy B,South,103,104,1,233.33093570321068,persistence_change,0,0.55,145.7581911562427,43.72745734687281,0.9914642225944056,15.704416211173948,15.69789036511824,1.0003907689182663,0.0,0.0,236.32620934469327,271.1025163597974,235.2306,238.36879293077985,232.61073
Therapy B,West,103,104,1,269.8860742691947,persistence_change,0,0.6,165.19261664374176,49.557784993122524,1.078252907810606,18.51314758344121,18.505454591259163,1.0003943591790938,0.0,0.0,273.41994353254904,314.56168469975853,272.88336,275.49003296669207,272.3697
Therapy C,East,103,104,1,972.064825077834,persistence_change,0,0.66,144.99104278173618,101.49372994721531,0.0,66.98586176516211,66.95802631964727,1.0004095848214052,0.0,0.0,971.6118918808304,965.7506493026737,961.7092,971.4740888751516,968.2675
Therapy C,North,103,104,1,1510.604519836738,persistence_change,0,0.76,216.59155773568,151.61409041497595,0.0,115.22670871538172,115.1788271671299,1.000412129082182,0.0,0.0,1509.9016226647402,1500.81367322065,1481.9362,1509.6914637061614,1496.1047
Therapy C,South,103,104,1,993.9564272668986,persistence_change,0,0.7,145.7581911562427,102.03073380936988,0.0,71.42151366655891,71.39183502094828,1.0004099602581347,0.0,0.0,993.4948892871524,987.53527460357,1002.0527,993.3605006540339,1001.66724
Therapy C,West,103,104,1,1135.377164921935,persistence_change,0,0.72,165.19261664374176,115.63483165061922,0.0,83.25707878844584,83.22248196727683,1.000410768578727,0.0,0.0,1134.8493385644474,1128.0287470696949,1154.412,1134.693306062075,1140.0856
Therapy D,East,103,104,1,100.64914475550157,persistence_change,0,0.5,144.99104278173618,43.497312834520855,1.1246755373782051,13.187592772092716,13.182112772128452,1.0003863444004426,0.0,0.0,94.15113314008072,22.847693777424084,96.157425,86.32135750339367,99.398285
Therapy D,North,103,104,1,177.21816905431015,persistence_change,0,0.65,216.59155773568,64.97746732070398,1.2244725411997668,24.1347429276762,24.124713925972333,1.000399135069711,0.0,0.0,166.109185940724,41.55259041534925,164.48593,152.43961730584965,175.26836
Therapy D,South,103,104,1,118.70704600849945,persistence_change,0,0.55,145.7581911562427,43.72745734687281,0.9914642225944056,15.704416211173948,15.69789036511824,1.0003907689182663,0.0,0.0,111.25617681388526,27.804227602121763,115.89752,102.09730464274308,120.67487
Therapy D,West,103,104,1,136.91885926809536,persistence_change,0,0.6,165.19261664374176,49.557784993122524,1.078252907810606,18.51314758344121,18.505454591259163,1.0003943591790938,0.0,0.0,128.3526427126971,32.17698060228699,132.36069,117.79804731786311,139.5187
Therapy A,East,106,107,1,113.60957130854752,persistence_change,0,0.55,145.1719427502122,43.551582825063655,1.22,13.72528132731881,13.719577895124393,1.0003873837667117,0.0,0.0,117.58579450412508,145.52871709638202,125.555275,120.82849990317833,120.31626
Therapy A,North,106,107,1,199.19859685452303,persistence_change,0,0.74,216.8617910219219,65.05853730657657,1.33,25.732603260870228,25.721910280931656,1.0004001072619502,0.0,0.0,206.41098224021752,258.4101940445102,203.66791,211.9136950615118,204.6956
Therapy A,South,106,107,1,129.9091677445136,persistence_change,0,0.6,145.94004826740908,43.78201448022272,1.1,16.155563343202182,16.148850026520854,1.0003913963018785,0.0,0.0,134.6307981782967,168.80519974679976,135.8762,138.5627209235579,134.66513
Therapy A,West,106,107,1,148.1423939929508,persistence_change,0,0.65,165.39872136973028,49.619616410919086,1.2,18.7065953869165,18.698822009028394,1.0003945437482795,0.0,0.0,153.55216354775246,192.9065272136965,147.95915,157.93397625639136,148.21365
Therapy B,East,106,107,1,268.434231687873,persistence_change,0,0.72,145.1719427502122,43.551582825063655,0.9046755373782052,21.42832663186999,21.41942226007096,1.000397112477535,0.0,0.0,271.1619350241993,303.78752112330534,270.38202,274.30917154522604,271.00595
Therapy B,North,106,107,1,351.5282777488303,persistence_change,0,0.68,216.8617910219219,65.05853730657657,1.194472541199767,25.744673909240394,25.73397591343928,1.0004001143051076,0.0,0.0,356.07151419543175,413.5293378190303,355.39935,361.450299917484,348.38568
Therapy B,South,106,107,1,224.54004890543305,persistence_change,0,0.55,145.94004826740908,43.78201448022272,0.9914642225944056,15.724010031199175,15.717476043086393,1.0003907689182663,0.0,0.0,227.4101655976676,263.7737155119644,227.58893,231.2154007101406,226.89989
Therapy B,West,106,107,1,259.5266766191219,persistence_change,0,0.6,165.39872136973028,49.619616410919086,1.078252907810606,18.536245753852175,18.52854316340794,1.0003943591790938,0.0,0.0,262.90731500237354,305.86291635792134,262.29175,267.21905957809827,264.76184
Therapy C,East,106,107,1,973.403106462591,persistence_change,0,0.66,145.1719427502122,101.62035992514852,0.0,67.06943755059802,67.04156737582599,1.0004095848214052,0.0,0.0,972.9601534458444,967.3118196584978,963.41156,972.8646814611814,968.97217
Therapy C,North,106,107,1,1512.6817575528123,persistence_change,0,0.76,216.8617910219219,151.8032537153453,0.0,115.37047282366244,115.32253153537148,1.0004121290821821,0.0,0.0,1511.9941595297823,1503.232629801998,1486.3196,1511.8489196448015,1501.1008
Therapy C,South,106,107,1,995.3207671361788,persistence_change,0,0.7,145.94004826740908,102.15803378718635,0.0,71.51062365103044,71.48090797646991,1.0004099602581351,0.0,0.0,994.8690902234424,989.11995230821,1000.3414,994.7765854953154,1010.61945
Therapy C,West,106,107,1,1136.937211799931,persistence_change,0,0.72,165.39872136973028,115.7791049588112,0.0,83.36095557034406,83.3263155839992,1.000410768578727,0.0,0.0,1136.4207827474454,1129.8434050844544,1153.6597,1136.3131331313425,1148.5757
Therapy D,East,106,107,1,119.08255106369975,persistence_change,0,0.5,145.1719427502122,43.551582825063655,1.1246755373782051,13.204046444478099,13.198559607320297,1.0003863444004428,0.0,0.0,113.13432884547063,37.56955925550524,117.38996,103.79985918115501,117.685974
Therapy D,North,106,107,1,208.4816044341704,persistence_change,0,0.65,216.8617910219219,65.05853730657657,1.2244725411997668,24.16485495495064,24.15481344043179,1.000399135069711,0.0,0.0,198.4300871226729,67.80622469458915,200.63324,182.24624285943207,204.71188
Therapy D,South,106,107,1,139.69617683922084,persistence_change,0,0.55,145.94004826740908,43.78201448022272,0.9914642225944056,15.724010031199175,15.717476043086393,1.0003907689182663,0.0,0.0,132.9446695086329,45.381031786343485,134.2533,122.09665259337362,135.20618
Therapy D,West,106,107,1,161.0344829442131,persistence_change,0,0.6,165.39872136973028,49.619616410919086,1.078252907810606,18.536245753852175,18.52854316340794,1.0003943591790938,0.0,0.0,153.2796408698611,52.477741086095634,154.49495,140.78762358289066,158.20139
Therapy A,East,108,109,1,106.79512025205725,persistence_change,0,0.55,145.2926681019366,43.58780043058098,1.22,13.736695305697596,13.730987130514661,1.0003873837667117,0.0,0.0,110.0246876394972,142.73382346583543,124.987366,114.36892424416465,109.72777
Therapy A,North,108,109,1,186.8208618159898,persistence_change,0,0.74,217.04213383128808,65.11264014938641,1.33,25.754002558286807,25.743300686039298,1.0004001072619502,0.0,0.0,192.689794579792,253.1257898973384,193.17155,200.5084106570232,189.25575
Therapy A,South,108,109,1,121.80522144670432,persistence_change,0,0.6,146.0614123776082,43.81842371328246,1.1,16.168998350201228,16.162279450708912,1.0003913963018782,0.0,0.0,125.64785381691652,165.31564035929114,136.77415,130.8888166950186,121.014465
Therapy A,West,108,109,1,138.85639726428832,persistence_change,0,0.65,165.5362673612893,49.66088020838679,1.2,18.722151838561825,18.714371996313176,1.000394543748279,0.0,0.0,143.2596753198778,188.8612183668621,153.86635,149.23667632185084,143.8262
Therapy B,East,108,109,1,263.2073377801251,persistence_change,0,0.72,145.2926681019366,43.58780043058098,0.9046755373782052,21.44614648204551,21.437234705348562,1.0003971124775348,0.0,0.0,265.77707326501513,299.0429506988247,260.75177,270.0677041780964,265.71832
Therapy B,North,108,109,1,342.87449832633354,persistence_change,0,0.68,217.04213383128808,65.11264014938641,1.194472541199767,25.76608324463843,25.755376352357175,1.0004001143051076,0.0,0.0,347.121439858815,404.5495318798602,346.2173,354.5615387056912,343.55548
Therapy B,South,108,109,1,219.0777401433572,persistence_change,0,0.55,146.0614123776082,43.81842371328246,0.9914642225944056,15.737086157381498,15.730546735587815,1.000390768918266,0.0,0.0,221.75766878217465,258.0919796336955,217.90932,226.6034635492236,218.35382
Therapy B,West,108,109,1,253.09564152172652,persistence_change,0,0.6,165.5362673612893,49.66088020838679,1.078252907810606,18.551660542315357,18.543951546377592,1.0003943591790936,0.0,0.0,256.2504508931693,299.1336776613496,256.76044,261.90756866161064,257.34207
Therapy C,East,108,109,1,974.280829657933,persistence_change,0,0.66,145.2926681019366,101.70486767135564,0.0,67.12521266309473,67.09731931141543,1.0004095848214054,0.0,0.0,973.8432556070028,968.3104436782228,974.96124,973.7709312172772,971.7406
Therapy C,North,108,109,1,1514.044410889667,persistence_change,0,0.76,217.04213383128808,151.92949368190162,0.0,115.46641519824523,115.41843404185866,1.0004121290821821,0.0,0.0,1513.3650577152864,1504.7806346070147,1523.1675,1513.2553193701174,1503.1422
Therapy C,South,108,109,1,996.2160382550306,persistence_change,0,0.7,146.0614123776082,102.24298866432574,0.0,71.570092065028,71.54035167883801,1.0004099602581344,0.0,0.0,995.769674355518,990.1347226662808,1010.54706,995.700074870635,999.75616
Therapy C,West,108,109,1,1137.9607269109438,persistence_change,0,0.72,165.5362673612893,115.8753871529025,0.0,83.4302787500898,83.39560995704544,1.0004107685787265,0.0,0.0,1137.4504393550949,1131.005016280681,1185.6866,1137.3692485869162,1149.6161
Therapy D,East,108,109,1,130.32561554234314,persistence_change,0,0.5,145.2926681019366,43.58780043058098,1.1246755373782051,13.215026962620904,13.209535562595562,1.0003863444004426,0.0,0.0,124.815950803828,48.97927046181677,155.25241,114.62813583855578,129.07158
Therapy D,North,108,109,1,227.3983534670528,persistence_change,0,0.65,217.04213383128808,65.11264014938641,1.2244725411997668,24.184950508943647,24.174900643876143,1.0003991350697108,0.0,0.0,218.140801288171,87.92018057455265,250.17555,200.55406229968338,219.65486
Therapy D,South,108,109,1,152.41085005619402,persistence_change,0,0.55,146.0614123776082,43.81842371328246,0.9914642225944056,15.737086157381498,15.730546735587815,1.000390768918266,0.0,0.0,146.18710421210787,58.85198174110164,180.9698,134.39444509476476,153.97627
Therapy D,West,108,109,1,175.63310300156297,persistence_change,0,0.6,165.5362673612893,49.66088020838679,1.078252907810606,18.551660542315357,18.543951546377592,1.0003943591790936,0.0,0.0,168.48805665467205,68.01786943335009,199.54243,154.91401284679768,177.81807
Therapy A,East,109,110,1,103.88796697457396,persistence_change,0,0.55,145.35306842089685,43.60592052626905,1.22,13.742405853853692,13.736695305697596,1.0003873837667117,0.0,0.0,106.79512025205725,141.27201770154724,106.10228,111.57923366038692,104.86192
Therapy A,North,109,110,1,181.5334248232444,persistence_change,0,0.74,217.13236146825332,65.13970844047601,1.33,25.764708879461477,25.754002558286807,1.0004001072619502,0.0,0.0,186.8208618159898,250.33621120679348,185.31822,195.59994302387906,181.33382
Therapy A,South,109,110,1,118.34311601885103,persistence_change,0,0.6,146.12213227497568,43.8366396824927,1.1,16.175720042839806,16.168998350201228,1.0003913963018785,0.0,0.0,121.80522144670432,163.47391600262077,119.49225,127.56647404376237,120.17543
Therapy A,West,109,110,1,134.8889179667623,persistence_change,0,0.65,165.60508324497246,49.68152497349174,1.2,18.72993491500639,18.722151838561825,1.0003945437482793,0.0,0.0,138.85639726428832,186.7274287461248,134.31483,145.47918846013673,135.4821
Therapy B,East,109,110,1,260.7377506546705,persistence_change,0,0.72,145.35306842089685,43.60592052626905,0.9046755373782052,21.455061963500327,21.44614648204551,1.000397112477535,0.0,0.0,263.2073377801251,296.44639237415663,260.49802,268.0205009597057,262.0844
Therapy B,North,109,110,1,338.8046710937923,persistence_change,0,0.68,217.13236146825332,65.13970844047601,1.194472541199767,25.776794587933754,25.76608324463843,1.0004001143051078,0.0,0.0,342.87449832633354,399.7879091194986,346.57095,351.2799177625649,341.67645
Therapy B,South,109,110,1,216.51101533547387,persistence_change,0,0.55,146.12213227497568,43.8366396824927,0.9914642225944056,15.743628297709902,15.737086157381498,1.0003907689182663,0.0,0.0,219.0777401433572,255.07811943284105,219.28922,224.39491851082207,219.64233
Therapy B,West,109,110,1,250.0746400429572,persistence_change,0,0.6,165.60508324497246,49.68152497349174,1.078252907810606,18.559372742997176,18.551660542315357,1.000394359179094,0.0,0.0,253.09564152172652,295.5679230198408,251.47963,259.3707781874987,253.24615
Therapy C,East,109,110,1,974.7160399883296,persistence_change,0,0.66,145.35306842089685,101.7471478946278,0.0,67.15311761045436,67.12521266309473,1.000409584821405,0.0,0.0,974.280829657933,968.799015460703,970.9714,974.2187789144923,973.7199
Therapy C,North,109,110,1,1514.7201412610732,persistence_change,0,0.76,217.13236146825332,151.99265302777735,0.0,115.51441630111078,115.46641519824523,1.0004121290821824,0.0,0.0,1514.044410889667,1505.538170309978,1490.6877,1513.9504298681238,1501.8418
Therapy C,South,109,110,1,996.6600679919262,persistence_change,0,0.7,146.12213227497568,102.28549259248295,0.0,71.59984481473806,71.570092065028,1.000409960258135,0.0,0.0,996.2160382550306,990.6314891279968,1007.55035,996.1566054187614,998.91284
Therapy C,West,109,110,1,1138.468316076452,persistence_change,0,0.72,165.60508324497246,115.92355827148072,0.0,83.46496195546611,83.4302787500898,1.000410768578727,0.0,0.0,1137.9607269109438,1131.5735521342467,1150.1067,1137.8912799448253,1135.3513
Therapy D,East,109,110,1,135.6061257359696,persistence_change,0,0.5,145.35306842089685,43.60592052626905,1.1246755373782051,13.22052064550276,13.215026962620904,1.0003863444004428,0.0,0.0,130.32561554234314,55.071281803369146,135.95918,119.75785433488446,137.2762
Therapy D,North,109,110,1,236.25018148279503,persistence_change,0,0.65,217.13236146825332,65.13970844047601,1.2244725411997668,24.19500455188925,24.184950508943647,1.000399135069711,0.0,0.0,227.3983534670528,98.58791116753493,233.34541,209.19239686954484,233.82507
Therapy D,South,109,110,1,158.3643505137556,persistence_change,0,0.55,146.12213227497568,43.8366396824927,0.9914642225944056,15.743628297709902,15.737086157381498,1.0003907689182663,0.0,0.0,152.41085005619402,65.99810564382173,155.44937,140.2006469636625,156.6072
Therapy D,West,109,110,1,182.4663961036524,persistence_change,0,0.6,165.60508324497246,49.68152497349174,1.078252907810606,18.559372742997176,18.551660542315357,1.000394359179094,0.0,0.0,175.63310300156297,76.25586268616689,181.96707,161.58116905993668,183.17433
Therapy A,East,112,113,1,96.81303400570042,persistence_change,0,0.55,145.53442007539053,43.66032602261716,1.22,13.759551746027798,13.753834073031701,1.0003873837667119,0.0,0.0,98.9232161361674,136.75438990437772,101.76481,103.92812970418979,100.00996
Therapy A,North,112,113,1,168.6471062705968,persistence_change,0,0.74,217.4032694953365,65.22098084860095,1.33,25.79685455504713,25.786134875991,1.0004001072619502,0.0,0.0,172.49350841705774,241.6527084824983,166.58209,181.66522959034978,170.42346
Therapy A,South,112,113,1,109.90455949510796,persistence_change,0,0.6,146.3044434620328,43.89133303860984,1.1,16.19590189124703,16.189171812200833,1.0003913963018782,0.0,0.0,112.42349560518966,157.7427848101721,110.64673,118.43811814166543,111.50275
Therapy A,West,112,113,1,125.21750623776616,persistence_change,0,0.65,165.81170259030384,49.74351077709115,1.2,18.75330356296337,18.745510775861817,1.000394543748279,0.0,0.0,128.1046187631234,180.09207796631077,126.34403,135.0114966702444,127.37898
Therapy B,East,112,113,1,254.0070372225998,persistence_change,0,0.72,145.53442007539053,43.66032602261716,0.9046755373782052,21.481830651816413,21.4729040468447,1.000397112477535,0.0,0.0,256.13269362917777,288.0981315294961,251.19098,260.99295099351593,252.05408
Therapy B,North,112,113,1,327.7553760823472,persistence_change,0,0.68,217.4032694953365,65.22098084860095,1.194472541199767,25.808955342411455,25.798230634968757,1.0004001143051076,0.0,0.0,331.2395043641224,384.9415607589832,324.1988,339.51842105262045,324.70532
Therapy B,South,112,113,1,209.55045925721947,persistence_change,0,0.55,146.3044434620328,43.89133303860984,0.9914642225944056,15.763271041207103,15.756720738491868,1.000390768918266,0.0,0.0,211.7439505296146,245.6789818471273,207.81273,216.9780788097392,208.5051
Therapy B,West,112,113,1,241.8835934768318,persistence_change,0,0.6,165.81170259030384,49.74351077709115,1.078252907810606,18.58252858683227,18.57480676392254,1.0003943591790936,0.0,0.0,244.46474406059792,284.46001677405764,237.6583,250.63536987305991,239.68408
Therapy C,East,112,113,1,976.0093680644424,persistence_change,0,0.66,145.53442007539053,101.87409405277336,0.0,67.23690207483043,67.20896231149872,1.000409584821405,0.0,0.0,975.5801356918856,970.2281693890164,969.9958,975.5444522084038,975.5128
Therapy C,North,112,113,1,1516.7284781252297,persistence_change,0,0.76,217.4032694953365,152.18228864673554,0.0,115.65853937151901,115.61047837945046,1.0004121290821821,0.0,0.0,1516.061908765154,1507.7547226529075,1490.3207,1516.0083707938984,1503.686
Therapy C,South,112,113,1,997.980012017375,persistence_change,0,0.7,146.3044434620328,102.41311042342296,0.0,71.68917729639607,71.65938742527922,1.0004099602581344,0.0,0.0,997.541883179174,992.0856434743152,996.8695,997.508544851679,998.806
Therapy C,West,112,113,1,1139.977041559784,persistence_change,0,0.72,165.81170259030384,116.06819181321268,0.0,83.56909810551312,83.53437162718261,1.0004107685787265,0.0,0.0,1139.4762750704638,1133.237393208638,1162.1083,1139.4369701998858,1140.7964
Therapy D,East,112,113,1,150.0611649805596,persistence_change,0,0.5,145.53442007539053,43.66032602261716,1.1246755373782051,13.237015400779528,13.231514863632464,1.0003863444004428,0.0,0.0,145.4726686265165,74.36078840022199,149.54697,135.08300200411358,151.62605
Therapy D,North,112,113,1,260.39307911693885,persistence_change,0,0.65,217.4032694953365,65.22098084860095,1.2244725411997668,24.225191765366308,24.215125178362694,1.0003991350697108,0.0,0.0,252.74192902282,132.0891480220297,258.52786,234.98796674927115,258.0227
Therapy D,South,112,113,1,174.61503624999486,persistence_change,0,0.55,146.3044434620328,43.89133303860984,0.9914642225944056,15.763271041207103,15.756720738491868,1.000390768918266,0.0,0.0,169.4629473807546,88.44732874877113,174.44255,157.54680450675696,175.80667
Therapy D,West,112,113,1,201.1116136724371,persistence_change,0,0.6,165.81170259030384,49.74351077709115,1.078252907810606,18.58252858683227,18.57480676392254,1.0003943591790936,0.0,0.0,195.201418919716,102.11227218453688,200.1689,181.49896535612538,200.76634
Therapy A,East,114,115,1,94.27154957581944,epidemiology_change,0,0.55,163.13410048786793,48.94023014636038,1.22,15.423513530625472,13.76527179594544,1.1113452526220509,0.0,0.0,94.91969498604416,133.7471323591862,100.08657,102.14768344510695,96.95353
Therapy A,North,114,115,1,163.9045489467788,epidemiology_change,0,0.74,243.69415011150647,73.10824503345194,1.33,28.916504158081242,25.80757869043298,1.1154228328957023,0.0,0.0,165.19369875636772,235.84335378665216,161.16216,178.2716227528769,166.70175
Therapy A,South,114,115,1,106.7913144412068,epidemiology_change,0,0.6,163.99724387669264,49.19917316300779,1.1,18.154494897149874,16.202634768086995,1.1126279646353123,0.0,0.0,107.642882414991,153.9101278799271,107.3364,116.20445559321847,105.956116
Therapy A,West,114,115,1,121.63891348267286,epidemiology_change,0,0.65,185.86354306025163,55.759062918075486,1.2,21.02116672011446,18.7610995896422,1.1136361952590181,0.0,0.0,122.62512399380223,175.65802392273184,120.56903,132.43531933085697,122.420364
Therapy B,East,114,115,1,251.35395576977527,epidemiology_change,0,0.72,163.13410048786793,48.94023014636038,0.9046755373782052,24.079658395597423,21.49076096771033,1.1144603942144906,0.0,0.0,252.0020908650166,282.3615833492012,249.23975,261.86960125079077,250.84549
Therapy B,North,114,115,1,322.8843227850486,epidemiology_change,0,0.68,243.69415011150647,73.10824503345194,1.194472541199767,28.930068310539827,25.819684508274243,1.1154250983190461,0.0,0.0,324.4722285827949,375.01814181792855,324.2036,339.28173980590594,320.4193
Therapy B,South,114,115,1,206.5171201047092,epidemiology_change,0,0.55,163.99724387669264,49.19917316300779,0.9914642225944056,17.669545394977092,15.76982406698042,1.1124272104464474,0.0,0.0,207.4847820881816,239.3964377087865,204.6954,216.88696852650133,203.49017
Therapy B,West,114,115,1,238.283786187649,epidemiology_change,0,0.6,185.86354306025163,55.759062918075486,1.078252907810606,20.829739687921315,18.59025361981842,1.1135770214208052,0.0,0.0,239.45280275257625,277.0430053528135,237.02834,250.4406195721153,236.6926
Therapy C,East,114,115,1,984.2996109115338,epidemiology_change,0,0.66,163.13410048786793,114.19387034150752,0.0,75.36795442539497,67.26485345313654,1.1184795977788125,0.0,0.0,976.4369328737898,971.155035706122,968.1395,993.9889613760581,982.7279
Therapy C,North,114,115,1,1529.513887102008,epidemiology_change,0,0.76,243.69415011150647,170.5859050780545,0.0,129.64528785932143,115.70662034325542,1.1193030342004922,0.0,0.0,1517.3924924458,1509.192711396343,1495.5131,1544.6703359011144,1503.9249
Therapy C,South,114,115,1,1006.4281472337882,epidemiology_change,0,0.7,163.99724387669264,114.79807071368484,0.0,80.35864949957939,71.71897955160459,1.1186010299284965,0.0,0.0,998.4164956029376,993.02947436759,1010.20996,1016.3666174488019,1016.687
Therapy C,West,114,115,1,1149.613259621461,epidemiology_change,0,0.72,185.86354306025163,130.10448014217613,0.0,93.67522570236682,83.6038390201562,1.1188625642742476,0.0,0.0,1140.4759054461583,1134.317031641819,1160.0193,1160.9788899643545,1152.8241
Therapy D,East,114,115,1,159.6767264281446,epidemiology_change,0,0.5,163.13410048786793,48.94023014636038,1.1246755373782051,14.837786136307782,13.242518224581538,1.1110134724132328,0.0,0.0,154.4245955113037,87.57658626544335,159.63274,145.94528360851237,162.0313
Therapy D,North,114,115,1,276.3991781889464,epidemiology_change,0,0.65,243.69415011150647,73.10824503345194,1.2244725411997668,27.154777995074465,24.235262537199578,1.1151102163698308,0.0,0.0,267.65964540203146,154.8406896227202,274.74994,253.333167616011,275.4278
Therapy D,South,114,115,1,185.40931446609608,epidemiology_change,0,0.55,163.99724387669264,49.19917316300779,0.9914642225944056,17.669545394977092,15.76982406698042,1.1124272104464474,0.0,0.0,179.5099792447919,103.69977206304829,183.765,169.88471113337243,184.50018
Therapy D,West,114,115,1,213.4899758783887,epidemiology_change,0,0.6,185.86354306025163,55.759062918075486,1.078252907810606,20.829739687921315,18.59025361981842,1.1135770214208052,0.0,0.0,206.7259716583233,119.66239895593556,209.67477,195.67064764607326,207.41751
Therapy A,East,115,116,1,93.68370737617636,epidemiology_change,0,0.55,163.2019177551223,48.96057532653669,1.22,15.429925314158037,15.423513530625472,1.000387383766712,0.0,0.0,94.27154957581944,132.27736307319554,95.21347,101.11610465157919,94.279495
Therapy A,North,115,116,1,162.73527329284428,epidemiology_change,0,0.74,243.79545738728137,73.1386372161844,1.33,28.928525178117418,28.916504158081242,1.0004001072619502,0.0,0.0,163.9045489467788,232.9996765827448,160.20409,176.29839832225008,161.63748
Therapy A,South,115,116,1,106.01896515771998,epidemiology_change,0,0.6,164.06541996546682,49.21962598964004,1.1,18.162041990177176,18.154494897149874,1.0003913963018782,0.0,0.0,106.7913144412068,152.0344541962374,100.830055,114.90523298506614,101.06627
Therapy A,West,115,116,1,120.74450654971464,epidemiology_change,0,0.65,185.9408092941957,55.78224278825871,1.2,21.029905531173537,21.02116672011446,1.000394543748279,0.0,0.0,121.63891348267286,173.48883651686305,118.43446,130.93624960890858,120.124535
Therapy B,East,115,116,1,250.7968757602081,epidemiology_change,0,0.72,163.2019177551223,48.96057532653669,0.9046755373782052,24.089668667048485,24.079658395597423,1.0003971124775355,0.0,0.0,251.35395576977527,279.5237574915151,250.59871,260.68933973365375,252.92157
Therapy B,North,115,116,1,321.46537629783813,epidemiology_change,0,0.68,243.79545738728137,73.1386372161844,1.194472541199767,28.942094969395534,28.930068310539827,1.0004001143051076,0.0,0.0,322.8843227850486,370.1679551317198,318.24255,336.917786182748,321.29535
Therapy B,South,115,116,1,205.6546236161532,epidemiology_change,0,0.55,164.06541996546682,49.21962598964004,0.9914642225944056,17.676890887297397,17.669545394977092,1.0003907689182663,0.0,0.0,206.5171201047092,236.32620934469327,204.54333,215.42172665203407,204.91739
Therapy B,West,115,116,1,237.23951471512103,epidemiology_change,0,0.6,185.9408092941957,55.78224278825871,1.078252907810606,20.838398919921424,20.829739687921315,1.0003943591790938,0.0,0.0,238.283786187649,273.41994353254904,234.73651,248.69233663908636,237.39749
Therapy C,East,115,116,1,991.7517608765984,epidemiology_change,0,0.66,163.2019177551223,114.2413424285856,0.0,75.3992860028665,75.36795442539497,1.0004095848214056,0.0,0.0,984.2996109115338,971.6118918808304,976.0895,1000.0131731642242,988.7325
Therapy C,North,115,116,1,1541.0138152684835,epidemiology_change,0,0.76,243.79545738728137,170.65682017109694,0.0,129.69918333003366,129.64528785932143,1.000412129082182,0.0,0.0,1529.513887102008,1509.9016226647402,1491.2795,1553.9484603343053,1504.8789
Therapy C,South,115,116,1,1014.024725493329,epidemiology_change,0,0.7,164.06541996546682,114.84579397582677,0.0,80.39205578307873,80.35864949957939,1.000409960258135,0.0,0.0,1006.4281472337882,993.4948892871524,1003.82587,1022.5020812621996,1013.42303
Therapy C,West,115,116,1,1158.2789276329204,epidemiology_change,0,0.72,185.9408092941957,130.158566505937,0.0,93.71416788427463,93.67522570236682,1.0004107685787267,0.0,0.0,1149.613259621461,1134.8493385644474,1157.16,1167.97527919516,1147.3961
Therapy D,East,115,116,1,164.69700865833352,epidemiology_change,0,0.5,163.2019177551223,48.96057532653669,1.1246755373782051,14.843954424267565,14.837786136307782,1.0003863444004433,0.0,0.0,159.6767264281446,94.15113314008072,166.66713,151.28743094885164,166.15097
Therapy D,North,115,116,1,284.75454049423854,epidemiology_change,0,0.65,243.79545738728137,73.1386372161844,1.2244725411997668,27.16606663939233,27.154777995074465,1.0003991350697108,0.0,0.0,276.3991781889464,166.109185940724,280.1307,262.26784542042265,281.68167
Therapy D,South,115,116,1,191.0493223457003,epidemiology_change,0,0.55,164.06541996546682,49.21962598964004,0.9914642225944056,17.676890887297397,17.669545394977092,1.0003907689182663,0.0,0.0,185.40931446609608,111.25617681388526,188.38022,175.9099149114865,188.80548
Therapy D,West,115,116,1,219.956590163667,epidemiology_change,0,0.6,185.9408092941957,55.78224278825871,1.078252907810606,20.838398919921424,20.829739687921315,1.0003943591790938,0.0,0.0,213.4899758783887,128.3526427126971,214.43797,202.58281977541208,216.5752
Therapy A,East,118,119,1,92.2400705723156,epidemiology_change,0,0.55,163.40553875963883,49.021661627891646,1.22,15.449176662030053,15.442756878752016,1.0003873837667119,0.0,0.0,92.67204352205796,117.58579450412508,94.40266,98.3668422324324,92.56989
Therapy A,North,118,119,1,159.86202160614846,epidemiology_change,0,0.74,244.09963197427533,73.2298895922826,1.33,28.964618230435537,28.952582212216683,1.0004001072619502,0.0,0.0,160.72220884750274,206.41098224021752,160.11993,171.05192020929786,159.1048
Therapy A,South,118,119,1,104.12112693928276,epidemiology_change,0,0.6,164.27011832979562,49.281035498938685,1.1,18.184702099108375,18.17714558985187,1.0003913963018785,0.0,0.0,104.68930070410968,134.6307981782967,102.58779,111.45211323043159,102.98514
Therapy A,West,118,119,1,118.54686531944624,epidemiology_change,0,0.65,186.1728007737684,55.85184023213052,1.2,21.05614376751321,21.04739405336237,1.0003945437482789,0.0,0.0,119.20479080374206,153.55216354775246,119.17827,126.95393630261441,121.06224
Therapy B,East,118,119,1,249.6142636487187,epidemiology_change,0,0.72,163.40553875963883,49.021661627891646,0.9046755373782052,24.119724456832856,24.109701695935875,1.0003971124775348,0.0,0.0,249.93284842806577,271.1619350241993,242.37794,257.67344712990655,244.82141
Therapy B,North,118,119,1,318.11960313877256,epidemiology_change,0,0.68,244.09963197427533,73.2298895922826,1.194472541199767,28.978204952240997,28.966163288167262,1.0004001143051076,0.0,0.0,319.09328079084366,356.07151419543175,312.36325,330.7969710157584,313.89545
Therapy B,South,118,119,1,203.63429171173323,epidemiology_change,0,0.55,164.27011832979562,49.281035498938685,0.9914642225944056,17.69894569111779,17.691591034098042,1.0003907689182663,0.0,0.0,204.21960538680963,227.4101655976676,200.4272,211.63321262938467,201.09776
Therapy B,West,118,119,1,234.7796618071136,epidemiology_change,0,0.6,186.1728007737684,55.85184023213052,1.078252907810606,20.864398220536007,20.855728184731984,1.0003943591790936,0.0,0.0,235.4950120466522,262.90731500237354,229.08206,244.1667315932466,232.48033
Therapy C,East,118,119,1,1011.8088705893274,epidemiology_change,0,0.66,163.40553875963883,114.38387713174716,0.0,75.49335890695312,75.46198823822976,1.0004095848214045,0.0,0.0,1005.4898718609472,972.9601534458444,1011.6054,1016.3518612248112,1014.23456
Therapy C,North,118,119,1,1572.0195385426305,epidemiology_change,0,0.76,244.09963197427533,170.86974238199275,0.0,129.8610042103145,129.80704149621414,1.0004121290821824,0.0,0.0,1562.2427278328817,1511.9941595297823,1499.1404,1579.1627701148439,1519.9622
Therapy C,South,118,119,1,1034.485906949518,epidemiology_change,0,0.7,164.27011832979562,114.98908283085692,0.0,80.49235798159984,80.45891001831451,1.000409960258135,0.0,0.0,1028.0372130548003,994.8690902234424,1042.2311,1039.1568535849149,1036.5538
Therapy C,West,118,119,1,1181.6277800679873,epidemiology_change,0,0.72,186.1728007737684,130.32096054163787,0.0,93.83109158997927,93.79210082134952,1.0004107685787265,0.0,0.0,1174.2677247243191,1136.4207827474454,1189.5895,1186.9745561073682,1179.7527
Therapy D,East,118,119,1,178.4124057356192,epidemiology_change,0,0.5,163.40553875963883,49.021661627891646,1.1246755373782051,14.862474677904547,14.856298693999726,1.0003863444004426,0.0,0.0,174.0592685834941,113.13432884547063,178.37616,166.11337817751138,176.68295
Therapy D,North,118,119,1,307.595985262449,epidemiology_change,0,0.65,244.09963197427533,73.2298895922826,1.2244725411997668,27.199960737292447,27.188658008550032,1.000399135069711,0.0,0.0,300.3433531430651,198.4300871226729,303.35693,287.0586984671477,305.7351
Therapy D,South,118,119,1,206.46792369640065,epidemiology_change,0,0.55,164.27011832979562,49.281035498938685,0.9914642225944056,17.69894569111779,17.691591034098042,1.0003907689182663,0.0,0.0,201.5721346353606,132.9446695086329,206.94301,192.6287890140719,208.88945
Therapy D,West,118,119,1,237.63501149068705,epidemiology_change,0,0.6,186.1728007737684,55.85184023213052,1.078252907810606,20.864398220536007,20.855728184731984,1.0003943591790936,0.0,0.0,232.02163374898367,153.2796408698611,233.64061,221.76145090578447,235.5399
Therapy A,East,121,122,1,91.19424891312818,epidemiology_change,0,0.55,163.60941381456152,49.08282414436845,1.22,15.468452029097717,15.462024236093217,1.0003873837667119,0.0,0.0,91.5047066774768,106.79512025205725,90.10185,96.07586566890035,91.06802
Therapy A,North,121,122,1,157.77607790329125,epidemiology_change,0,0.74,244.404186068666,73.32125582059979,1.33,29.000756314721833,28.988705279607625,1.0004001072619502,0.0,0.0,158.39600845411098,186.8208618159898,154.54782,166.69801748056165,158.16873
Therapy A,South,121,122,1,102.74319024881191,epidemiology_change,0,0.6,164.4750720887126,49.34252162661378,1.1,18.207390480220486,18.199824542986512,1.000391396301878,0.0,0.0,103.15273525305868,121.80522144670432,100.43199,108.58815285975513,102.65326
Therapy A,West,121,122,1,116.95112424736276,epidemiology_change,0,0.65,186.40508170054096,55.921524510162286,1.2,21.082414740331185,21.073654109485194,1.0003945437482786,0.0,0.0,117.42544102284036,138.85639726428832,113.898544,123.65357871266615,116.19405
Therapy B,East,121,122,1,249.04405781243744,epidemiology_change,0,0.72,163.60941381456152,49.08282414436845,0.9046755373782052,24.14981774611597,24.139782480190433,1.0003971124775348,0.0,0.0,249.1753582268255,263.2073377801251,242.05519,255.37692146629655,243.4595
Therapy B,North,121,122,1,315.9288779929376,epidemiology_change,0,0.68,244.404186068666,73.32125582059979,1.194472541199767,29.014359988178228,29.00230330016502,1.0004001143051076,0.0,0.0,316.54696195751774,342.87449832633354,310.16522,326.0011700570837,311.76093
Therapy B,South,121,122,1,202.33267080743127,epidemiology_change,0,0.55,164.4750720887126,49.34252162661378,0.9914642225944056,17.721028011902263,17.713664178748623,1.0003907689182658,0.0,0.0,202.6968062422411,219.0777401433572,198.73897,208.6739301529041,198.07861
Therapy B,West,121,122,1,233.17328263799,epidemiology_change,0,0.6,186.40508170054096,55.921524510162286,1.078252907810606,20.890429959517615,20.881749106430167,1.0003943591790936,0.0,0.0,233.6258583385745,253.09564152172652,226.34785,240.62337727636063,228.11873
Therapy C,East,121,122,1,1028.76229917385,epidemiology_change,0,0.66,163.60941381456152,114.52658967019306,0.0,75.58754918232742,75.55613937357941,1.0004095848214052,0.0,0.0,1023.4289486516408,974.280829657933,1030.6127,1030.3188859919412,1027.8616
Therapy C,North,121,122,1,1598.287919655447,epidemiology_change,0,0.76,244.404186068666,171.08293024806616,0.0,130.0230269885303,129.96899694714483,1.0004121290821821,0.0,0.0,1590.0182749523242,1514.044410889667,1516.406,1600.7734000712308,1543.1552
Therapy C,South,121,122,1,1051.7980290277608,epidemiology_change,0,0.7,164.4750720887126,115.13255046209882,0.0,80.59278532346917,80.55929562839555,1.0004099602581347,0.0,0.0,1046.350161131619,996.2160382550306,1044.5828,1053.4101087530798,1047.558
Therapy C,West,121,122,1,1201.392194614901,epidemiology_change,0,0.72,186.40508170054096,130.48355719037866,0.0,93.94816117707263,93.90912176110109,1.0004107685787265,0.0,0.0,1195.171743474609,1137.9607269109438,1200.6447,1203.2426322053502,1195.9097
Therapy D,East,121,122,1,190.240720542462,epidemiology_change,0,0.5,163.60941381456152,49.08282414436845,1.1246755373782051,14.881018038577908,14.874834349126093,1.0003863444004428,0.0,0.0,186.49583641830287,130.32561554234314,189.20903,179.16131445513608,188.75201
Therapy D,North,121,122,1,327.3228318052072,epidemiology_change,0,0.65,244.404186068666,73.32125582059979,1.2244725411997668,27.233897123606535,27.22258029286697,1.0003991350697108,0.0,0.0,321.07356665814274,227.3983534670528,326.5113,308.87484823428946,327.70157
Therapy D,South,121,122,1,219.784734524188,epidemiology_change,0,0.55,164.4750720887126,49.34252162661378,0.9914642225944056,17.721028011902263,17.713664178748623,1.0003907689182658,0.0,0.0,215.56601633963515,152.41085005619402,215.16652,207.3435469684806,218.26608
Therapy D,West,121,122,1,252.9041819343095,epidemiology_change,0,0.6,186.40508170054096,55.921524510162286,1.078252907810606,20.890429959517615,20.881749106430167,1.0003943591790936,0.0,0.0,248.0668627991442,175.63310300156297,252.53659,238.63944802577552,252.41585
Therapy A,East,123,124,1,90.67170815156275,epidemiology_change,0,0.55,163.7454718134696,49.12364154404088,1.22,15.481315632604483,15.474882494231194,1.0003873837667119,0.0,0.0,90.91758230962505,101.27315899615336,90.70489,94.76743220975881,91.42815
Therapy A,North,123,124,1,156.73037597029125,epidemiology_change,0,0.74,244.6074332028373,73.38222996085119,1.33,29.02487341641547,29.01281235963023,1.0004001072619502,0.0,0.0,157.222853344152,176.773982325714,154.69408,164.22142593578815,157.95401
Therapy A,South,123,124,1,102.05225554451428,epidemiology_change,0,0.6,164.61184997121282,49.383554991363845,1.1,18.222531791813257,18.21495956272689,1.0003913963018785,0.0,0.0,102.37767618374858,115.22656005591824,101.92802,106.95991577438278,103.17328
Therapy A,West,123,124,1,116.15076986566406,epidemiology_change,0,0.65,186.5600966340412,55.96802899021236,1.2,21.099946929310065,21.091179013101474,1.0003945437482793,0.0,0.0,116.52775468533144,131.317220119445,112.47609,121.7784701510532,114.44151
Therapy B,East,123,124,1,248.93195537394365,epidemiology_change,0,0.72,163.7454718134696,49.12364154404088,0.9046755373782052,24.169900795128395,24.159857183850534,1.000397112477535,0.0,0.0,248.9645613846974,258.37748168157,243.21088,254.19913197117756,244.92377
Therapy B,North,123,124,1,314.98431518614086,epidemiology_change,0,0.68,244.6074332028373,73.38222996085119,1.194472541199767,29.038488402720837,29.026421688335628,1.000400114305108,0.0,0.0,315.4108433595658,334.9238574345916,311.14172,323.4528006432376,310.0556
Therapy B,South,123,124,1,201.78551151739669,epidemiology_change,0,0.55,164.61184997121282,49.383554991363845,0.9914642225944056,17.735764863246448,17.728394906310672,1.0003907689182665,0.0,0.0,202.0306903888629,214.064890102772,199.57016,207.10729713815647,199.42676
Therapy B,West,123,124,1,232.4836159773116,epidemiology_change,0,0.6,186.5600966340412,55.96802899021236,1.078252907810606,20.907802493471213,20.89911442136456,1.0003943591790936,0.0,0.0,232.79464114156548,247.19593375426297,227.02151,238.74242062695353,227.44945
Therapy C,East,123,124,1,1038.5538322897323,epidemiology_change,0,0.66,163.7454718134696,114.62183026942871,0.0,75.65040797782295,75.61897204859919,1.0004095848214054,0.0,0.0,1033.798843367699,975.1490818716348,1035.9954,1038.460731338967,1037.7032
Therapy C,North,123,124,1,1613.4842617476193,epidemiology_change,0,0.76,244.6074332028373,171.22520324198612,0.0,130.13115446390947,130.07707949100603,1.0004121290821826,0.0,0.0,1606.102309946598,1515.3925483296089,1526.6053,1613.3940787000295,1561.4242
Therapy C,South,123,124,1,1061.8037851554925,epidemiology_change,0,0.7,164.61184997121282,115.22829497984895,0.0,80.65980648589426,80.6262889407062,1.000409960258135,0.0,0.0,1056.94412267305,997.1019567986236,1052.7506,1061.7253889633696,1051.6464
Therapy C,West,123,124,1,1212.8190007133908,epidemiology_change,0,0.72,186.5600966340412,130.59206764382884,0.0,94.02628870355676,93.98721682230894,1.000410768578727,0.0,0.0,1207.268815422579,1138.9734300637654,1209.1653,1212.7367822471197,1206.4377
Therapy D,East,123,124,1,197.1749635259515,epidemiology_change,0,0.5,163.7454718134696,49.12364154404088,1.1246755373782051,14.893393130504702,14.887204298681226,1.0003863444004426,0.0,0.0,193.79785034524667,140.6550871155444,197.31561,186.91067542238807,194.71294
Therapy D,North,123,124,1,338.9054214455876,epidemiology_change,0,0.65,244.6074332028373,73.38222996085119,1.2244725411997668,27.25654490076505,27.245218658920646,1.0003991350697112,0.0,0.0,333.262530242401,244.6966720204482,335.57883,321.83379419776344,333.23022
Therapy D,South,123,124,1,227.60409587767668,epidemiology_change,0,0.55,164.61184997121282,49.383554991363845,0.9914642225944056,17.735764863246448,17.728394906310672,1.0003907689182665,0.0,0.0,223.7945587073233,164.0475594396964,228.58899,216.08563961852488,229.89658
Therapy D,West,123,124,1,261.87046204388395,epidemiology_change,0,0.6,186.5600966340412,55.96802899021236,1.078252907810606,20.907802493471213,20.89911442136456,1.0003943591790936,0.0,0.0,257.502091121925,188.9881450534776,260.99527,248.6660403307966,261.6218
Therapy A,East,124,125,1,90.45384194173572,epidemiology_change,0,0.55,163.8135432368596,49.14406297105788,1.22,15.48775144532889,15.481315632604483,1.0003873837667119,0.0,0.0,90.67170815156275,98.9232161361674,90.58737,94.17143157094523,90.92406
Therapy A,North,124,125,1,156.2931202074777,epidemiology_change,0,0.74,244.7091201439508,73.41273604318523,1.33,29.036939487161053,29.02487341641547,1.0004001072619502,0.0,0.0,156.73037597029125,172.49350841705774,154.57608,163.09634778733667,156.8088
Therapy A,South,124,125,1,101.76327792243252,epidemiology_change,0,0.6,164.68028156086413,49.40408446825924,1.1,18.230107168787658,18.222531791813257,1.0003913963018782,0.0,0.0,102.05225554451428,112.42349560518966,100.43659,106.22047189520038,103.28481
Therapy A,West,124,125,1,115.8159412522188,epidemiology_change,0,0.65,186.637652435646,55.9912957306938,1.2,21.108718490471563,21.099946929310065,1.0003945437482786,0.0,0.0,116.15076986566406,128.1046187631234,113.60499,120.92725824575038,115.53877
Therapy B,East,124,125,1,248.94159556617808,epidemiology_change,0,0.72,163.8135432368596,49.14406297105788,0.9046755373782052,24.179948581684556,24.169900795128395,1.000397112477535,0.0,0.0,248.93195537394365,256.13269362917777,243.67245,253.7053720203765,246.95245
Therapy B,North,124,125,1,314.6412103914133,epidemiology_change,0,0.68,244.7091201439508,73.41273604318523,1.194472541199767,29.05056013341834,29.038488402720837,1.0004001143051078,0.0,0.0,314.98431518614086,331.2395043641224,308.80612,322.3532893051202,311.1505
Therapy B,South,124,125,1,201.592067379121,epidemiology_change,0,0.55,164.68028156086413,49.40408446825924,0.9914642225944056,17.74313788398272,17.735764863246448,1.000390768918266,0.0,0.0,201.78551151739669,211.7439505296146,198.39107,206.43333426138884,199.89177
Therapy B,West,124,125,1,232.23422732500825,epidemiology_change,0,0.6,186.637652435646,55.9912957306938,1.078252907810606,20.916494177338407,20.907802493471213,1.0003943591790936,0.0,0.0,232.4836159773116,244.46474406059792,228.49498,237.93153650003129,229.92818
Therapy C,East,124,125,1,1043.0420701259486,epidemiology_change,0,0.66,163.8135432368596,114.66948026580172,0.0,75.68185697542914,75.65040797782295,1.0004095848214052,0.0,0.0,1038.5538322897323,975.5801356918856,1036.9724,1042.2135335146345,1040.1166
Therapy C,North,124,125,1,1620.4560036364765,epidemiology_change,0,0.76,244.7091201439508,171.29638410076555,0.0,130.18525191658182,130.13115446390947,1.0004121290821821,0.0,0.0,1613.4842617476193,1516.061908765154,1531.1027,1619.2169007694145,1569.2509
Therapy C,South,124,125,1,1066.3919329715636,epidemiology_change,0,0.7,164.68028156086413,115.27619709260487,0.0,80.69333796482341,80.65980648589426,1.000409960258135,0.0,0.0,1061.8037851554925,997.541883179174,1076.0564,1065.5597275167934,1067.7715
Therapy C,West,124,125,1,1218.0596739742862,epidemiology_change,0,0.72,186.637652435646,130.64635670495218,0.0,94.06537682756557,94.02628870355676,1.0004107685787262,0.0,0.0,1212.8190007133908,1139.4762750704638,1224.9182,1217.1155513323506,1211.9961
Therapy D,East,124,125,1,140.26586200298772,limited_supply,1,0.5,163.8135432368596,49.14406297105788,1.1246755373782051,14.899584535117436,14.893393130504702,1.0003863444004426,0.0,0.0,197.1749635259515,145.4726686265165,202.9429,190.5133926460349,201.52136
Therapy D,North,124,125,1,344.2642402410255,epidemiology_change,0,0.65,244.7091201439508,73.41273604318523,1.2244725411997668,27.26787585109632,27.25654490076505,1.000399135069711,0.0,0.0,338.9054214455876,252.74192902282,339.9317,327.8596337859432,339.63727
Therapy D,South,124,125,1,231.2219352065632,epidemiology_change,0,0.55,164.68028156086413,49.40408446825924,0.9914642225944056,17.74313788398272,17.735764863246448,1.000390768918266,0.0,0.0,227.60409587767668,169.4629473807546,231.50443,220.15113706578356,231.94977
Therapy D,West,124,125,1,266.0191433473083,epidemiology_change,0,0.6,186.637652435646,55.9912957306938,1.078252907810606,20.916494177338407,20.907802493471213,1.0003943591790936,0.0,0.0,261.87046204388395,195.201418919716,264.2109,253.32873557534,264.82483
Therapy A,East,125,126,1,90.2614081996307,epidemiology_change,0,0.55,163.8816429585508,49.16449288756524,1.22,15.494189933516186,15.48775144532889,1.0003873837667119,0.0,0.0,90.45384194173572,96.81303400570042,90.27161,93.61113461059145,90.78731
Therapy A,North,125,126,1,155.90598140816817,epidemiology_change,0,0.74,244.8108493578352,73.44325480735056,1.33,29.049010573951364,29.036939487161053,1.0004001072619502,0.0,0.0,156.2931202074777,168.6471062705968,154.70343,162.04065908903544,158.1856
Therapy A,South,125,126,1,101.50737166261764,epidemiology_change,0,0.6,164.74874159854312,49.424622479562935,1.1,18.23768569495872,18.230107168787658,1.0003913963018782,0.0,0.0,101.76327792243252,109.90455949510796,102.56113,105.52678600814913,102.39543
Therapy A,West,125,126,1,115.5193642329735,epidemiology_change,0,0.65,186.7152404783489,56.01457214350467,1.2,21.117493698101264,21.108718490471563,1.0003945437482793,0.0,0.0,115.8159412522188,125.21750623776616,112.18881,120.1289393283385,114.650826
Therapy B,East,125,126,1,248.98911666887813,epidemiology_change,0,0.72,163.8816429585508,49.16449288756524,0.9046755373782052,24.19000054525474,24.179948581684556,1.0003971124775348,0.0,0.0,248.94159556617808,254.0070372225998,245.53348,253.2701782617596,248.16826
Therapy B,North,125,126,1,314.3739173787004,epidemiology_change,0,0.68,244.8108493578352,73.44325480735056,1.194472541199767,29.06263688251349,29.05056013341834,1.0004001143051076,0.0,0.0,314.6412103914133,327.7553760823472,310.09814,321.3613798001368,313.85925
Therapy B,South,125,126,1,201.44558596551707,epidemiology_change,0,0.55,164.74874159854312,49.424622479562935,0.9914642225944056,17.75051396979316,17.74313788398272,1.0003907689182663,0.0,0.0,201.592067379121,209.55045925721947,199.1917,205.82672055413846,201.00682
Therapy B,West,125,126,1,232.0408426944019,epidemiology_change,0,0.6,186.7152404783489,56.01457214350467,1.078252907810606,20.92518947446762,20.916494177338407,1.0003943591790938,0.0,0.0,232.23422732500825,241.8835934768318,227.87337,237.2004873010384,230.44827
Therapy C,East,125,126,1,1047.2778799714738,epidemiology_change,0,0.66,163.8816429585508,114.71715007098555,0.0,75.71331904685047,75.68185697542914,1.000409584821405,0.0,0.0,1043.0420701259486,976.0093680644424,1042.8666,1045.7683151507797,1044.7354
Therapy C,North,125,126,1,1627.039111851559,epidemiology_change,0,0.76,244.8108493578352,171.36759455048465,0.0,130.23937185836834,130.18525191658182,1.0004121290821824,0.0,0.0,1620.4560036364765,1516.7284781252297,1546.169,1624.7356872069092,1574.522
Therapy C,South,125,126,1,1070.7230176935343,epidemiology_change,0,0.7,164.74874159854312,115.32411911898018,0.0,80.72688338328612,80.69333796482341,1.000409960258135,0.0,0.0,1066.3919329715636,997.980012017375,1078.6984,1069.1926583490863,1076.5664
Therapy C,West,125,126,1,1223.0072418124307,epidemiology_change,0,0.72,186.7152404783489,130.70066833484424,0.0,94.10448120108785,94.06537682756557,1.000410768578727,0.0,0.0,1218.0596739742862,1139.977041559784,1229.7556,1221.2647909708876,1208.6581
Therapy D,East,125,126,1,142.39403375175044,limited_supply,1,0.5,163.8816429585508,49.16449288756524,1.1246755373782051,14.905778513588977,14.899584535117436,1.0003863444004426,0.0,0.0,140.26586200298772,150.0611649805596,143.15115,142.4589971746231,137.83261
Therapy D,North,125,126,1,349.35159260945863,epidemiology_change,0,0.65,244.8108493578352,73.44325480735056,1.2244725411997668,27.279211511871846,27.26787585109632,1.0003991350697108,0.0,0.0,344.2642402410255,260.39307911693885,346.2903,333.59453437595624,351.02066
Therapy D,South,125,126,1,234.65657822266817,epidemiology_change,0,0.55,164.74874159854312,49.424622479562935,0.9914642225944056,17.75051396979316,17.74313788398272,1.0003907689182663,0.0,0.0,231.2219352065632,174.61503624999486,236.26253,224.02066822597172,232.56607
Therapy D,West,125,126,1,269.9578810979475,epidemiology_change,0,0.6,186.7152404783489,56.01457214350467,1.078252907810606,20.92518947446762,20.916494177338407,1.0003943591790938,0.0,0.0,266.0191433473083,201.1116136724371,267.89816,257.7665965619471,268.41693
Therapy A,East,127,128,1,89.94353495312633,epidemiology_change,0,0.55,164.01792734389787,49.20537820316936,1.22,15.507074940728822,15.500631098278596,1.0003873837667123,0.0,0.0,90.09203300666364,94.27154957581944,91.06421,92.58885044581194,90.53607
Therapy A,North,127,128,1,155.26363942342314,epidemiology_change,0,0.74,245.01443467421777,73.50433040226532,1.33,29.073167804008,29.06108667887164,1.0004001072619502,0.0,0.0,155.56425944162842,163.9045489467788,154.15742,160.12019565064645,154.8699
Therapy A,South,127,128,1,101.08261240357098,epidemiology_change,0,0.6,164.8857470652941,49.46572411958823,1.1,18.252852200128057,18.24526737163562,1.0003913963018782,0.0,0.0,101.28143284378804,106.7913144412068,101.16034,104.26528635564549,101.57187
Therapy A,West,127,128,1,115.02688582575988,epidemiology_change,0,0.65,186.8705133406667,56.061154002200006,1.2,21.13505505882941,21.126272553715033,1.0003945437482793,0.0,0.0,115.2574450817607,121.63891348267286,115.08293,118.67776320224587,115.73209
Therapy B,East,127,128,1,249.18175307603303,epidemiology_change,0,0.72,164.01792734389787,49.20537820316936,0.9046755373782052,24.210117010383723,24.200056687575405,1.0003971124775355,0.0,0.0,249.0704360919566,251.35395576977527,246.49532,252.5610217897584,248.17906
Therapy B,North,127,128,1,314.03869024849587,epidemiology_change,0,0.68,245.01443467421777,73.50433040226532,1.194472541199767,29.086805444242508,29.074718652092514,1.0004001143051076,0.0,0.0,314.1752992546028,322.8843227850486,310.55615,319.6742531528788,312.98053
Therapy B,South,127,128,1,201.27590874229065,epidemiology_change,0,0.55,164.8857470652941,49.46572411958823,0.9914642225944056,17.76527534173388,17.757893121951973,1.0003907689182663,0.0,0.0,201.34159271659263,206.5171201047092,200.64853,204.79912934703253,199.22148
Therapy B,West,127,128,1,231.8013043167681,epidemiology_change,0,0.6,186.8705133406667,56.061154002200006,1.078252907810606,20.94259091452103,20.93388838636092,1.0003943591790936,0.0,0.0,231.89817980301405,238.283786187649,231.42062,235.95850897800273,232.6934
Therapy C,East,127,128,1,1055.046959326703,epidemiology_change,0,0.66,164.01792734389787,114.81254914072848,0.0,75.7762824328808,75.74479419752193,1.0004095848214054,0.0,0.0,1051.2750786563288,984.2996109115338,1048.3147,1052.324313717139,1062.0925
Therapy C,North,127,128,1,1639.1221854615112,epidemiology_change,0,0.76,245.01443467421777,171.51010427195243,0.0,130.34767924668384,130.29351429861802,1.0004121290821821,0.0,0.0,1633.254460588812,1529.513887102008,1556.6484,1634.9219243488858,1589.0011
Therapy C,South,127,128,1,1078.669315363125,epidemiology_change,0,0.7,164.8857470652941,115.42002294570588,0.0,80.79401606199411,80.76044274707726,1.000409960258135,0.0,0.0,1074.8109972354762,1006.4281472337882,1077.9768,1075.8950867974813,1082.4255
Therapy C,West,127,128,1,1232.0859064211747,epidemiology_change,0,0.72,186.8705133406667,130.80935933846666,0.0,94.18273872369599,94.14360183087865,1.0004107685787265,0.0,0.0,1227.677559553234,1149.613259621461,1233.545,1228.9209571610606,1223.7251
Therapy D,East,127,128,1,146.3257946336044,limited_supply,1,0.5,164.01792734389787,49.20537820316936,1.1246755373782051,14.918174196388899,14.911975066989319,1.000386344400443,0.0,0.0,144.41228376126716,159.6767264281446,145.50305,146.52550523585325,144.87198
Therapy D,North,127,128,1,358.7612016586095,epidemiology_change,0,0.65,245.01443467421777,73.50433040226532,1.2244725411997668,27.30189697258929,27.290551885049826,1.000399135069711,0.0,0.0,354.1798732847252,276.3991781889464,358.56805,344.2291895592229,360.8496
Therapy D,South,127,128,1,241.00952407598612,epidemiology_change,0,0.55,164.8857470652941,49.46572411958823,0.9914642225944056,17.76527534173388,17.757893121951973,1.0003907689182663,0.0,0.0,237.91638357837945,185.40931446609608,238.34996,231.19718443761417,240.46185
Therapy D,West,127,128,1,277.2436339665721,epidemiology_change,0,0.6,186.8705133406667,56.061154002200006,1.078252907810606,20.94259091452103,20.93388838636092,1.0003943591790936,0.0,0.0,273.69625589302865,213.4899758783887,275.42886,265.9969751089431,274.89566
Therapy A,East,130,131,1,89.60416055158858,epidemiology_change,0,0.55,164.22256645343705,49.2667699360311,1.22,15.526422545340203,15.519970663145775,1.0003873837667119,0.0,0.0,89.70134582153754,92.67204352205796,90.19921,91.34218742238977,90.02026
Therapy A,North,130,131,1,154.57057061340006,epidemiology_change,0,0.74,245.3201301341467,73.59603904024401,1.33,29.10944132158771,29.09734512327776,1.0004001072619502,0.0,0.0,154.77024413711126,160.72220884750274,155.48384,157.7828391776778,157.36134
Therapy A,South,130,131,1,100.62389389320693,epidemiology_change,0,0.6,165.0914689214446,49.52744067643338,1.1,18.275625609603917,18.268031317801128,1.0003913963018787,0.0,0.0,100.75611961926784,104.68930070410968,100.733765,102.73033078488237,101.087585
Therapy A,West,130,131,1,114.49447340981176,epidemiology_change,0,0.65,187.1036647776372,56.13109943329116,1.2,21.16142448635077,21.152631023629176,1.0003945437482789,0.0,0.0,114.64803430785186,119.20479080374206,112.960594,116.91258284971003,115.462
Therapy B,East,130,131,1,249.66179451794403,epidemiology_change,0,0.72,164.22256645343705,49.2667699360311,0.9046755373782052,24.240323079117026,24.230250204415547,1.0003971124775353,0.0,0.0,249.48055570505497,249.93284842806577,249.11186,251.8480486347786,249.53
Therapy B,North,130,131,1,313.9411114496812,epidemiology_change,0,0.68,245.3201301341467,73.59603904024401,1.194472541199767,29.1230959770022,29.110994104608093,1.0004001143051078,0.0,0.0,313.92713435381074,319.09328079084366,311.69516,317.7915863971424,311.70007
Therapy B,South,130,131,1,201.27122978415184,epidemiology_change,0,0.55,165.0914689214446,49.52744067643338,0.9914642225944056,17.78744041957338,17.78004898926853,1.0003907689182665,0.0,0.0,201.24419710372183,204.21960538680963,203.15434,203.66287794562749,201.1286
Therapy B,West,130,131,1,231.74112450071607,epidemiology_change,0,0.6,187.1036647776372,56.13109943329116,1.078252907810606,20.968720211638683,20.96000682565564,1.0003943591790936,0.0,0.0,231.72687696667816,235.4950120466522,231.65671,234.5762110445821,231.56996
Therapy C,East,130,131,1,1065.135581119784,epidemiology_change,0,0.66,164.22256645343705,114.95579651740591,0.0,75.8708257014879,75.83929817942088,1.0004095848214052,0.0,0.0,1061.965261610521,1005.4898718609472,1066.55,1060.9177560990754,1061.613
Therapy C,North,130,131,1,1654.829429860361,epidemiology_change,0,0.76,245.3201301341467,171.72409109390267,0.0,130.51030923136602,130.45607670369517,1.0004121290821824,0.0,0.0,1649.891471246044,1562.2427278328817,1582.6301,1648.2892415319925,1607.7535
Therapy C,South,130,131,1,1088.9927855238964,epidemiology_change,0,0.7,165.0914689214446,115.56402824501122,0.0,80.89481977150784,80.86120456840608,1.000409960258135,0.0,0.0,1085.7480970555712,1028.0372130548003,1085.9116,1084.6848738864041,1084.8931
Therapy C,West,130,131,1,1243.882971406329,epidemiology_change,0,0.72,187.1036647776372,130.97256534434604,0.0,94.30024704792915,94.26106132545624,1.0004107685787267,0.0,0.0,1240.17483121751,1174.2677247243191,1247.8027,1238.9637908418315,1232.3464
Therapy D,East,130,131,1,216.4108707445539,epidemiology_change,0,0.5,164.22256645343705,49.2667699360311,1.1246755373782051,14.93678705129407,14.930580187469722,1.000386344400443,0.0,0.0,149.85864176076782,174.0592685834941,155.5122,151.731519720061,153.87337
Therapy D,North,130,131,1,371.13959836761046,epidemiology_change,0,0.65,245.3201301341467,73.59603904024401,1.2244725411997668,27.335960540978906,27.32460129859278,1.000399135069711,0.0,0.0,367.2298221906391,300.3433531430651,371.4192,358.2440662083398,369.1848
Therapy D,South,130,131,1,249.36726732314852,epidemiology_change,0,0.55,165.0914689214446,49.52744067643338,0.9914642225944056,17.78744041957338,17.78004898926853,1.0003907689182665,0.0,0.0,246.72738455593745,201.5721346353606,247.79962,240.65699985437968,248.62064
Therapy D,West,130,131,1,286.8295195093929,epidemiology_change,0,0.6,187.1036647776372,56.13109943329116,1.078252907810606,20.968720211638683,20.96000682565564,1.0003943591790936,0.0,0.0,283.80157949941656,232.02163374898367,288.0292,276.8457472481051,284.03534
Therapy A,East,133,134,1,89.3904172498371,epidemiology_change,0,0.55,164.42746088363432,49.3282382650903,1.22,15.545794289243208,15.539334357273683,1.0003873837667119,0.0,0.0,89.45001106407375,91.5047066774768,87.07557,90.48002429314721,90.15769
Therapy A,North,133,134,1,154.12449426661212,epidemiology_change,0,0.74,245.62620699900933,73.6878620997028,1.33,29.145760096295447,29.133648806005663,1.0004001072619504,0.0,0.0,154.25028677103165,158.39600845411098,153.94118,156.15922313898548,156.27971
Therapy A,South,133,134,1,100.32810021191614,epidemiology_change,0,0.6,165.29744744915612,49.58923423474683,1.1,18.29842743262158,18.290823665701435,1.000391396301878,0.0,0.0,100.41159401512392,103.15273525305868,97.84195,101.66368871888857,100.717804
Therapy A,West,133,134,1,114.1504129469729,epidemiology_change,0,0.65,187.3371071090437,56.20113213271311,1.2,21.187826814032846,21.179022380032617,1.000394543748279,0.0,0.0,114.24764038519704,117.42544102284036,110.85396,115.68542129758535,114.52158
Therapy B,East,133,134,1,250.30060702722832,epidemiology_change,0,0.72,164.42746088363432,49.3282382650903,0.9046755373782052,24.27056683484655,24.26048139259138,1.000397112477535,0.0,0.0,250.0742149938745,249.1753582268255,250.01967,251.4834071539093,252.06384
Therapy B,North,133,134,1,314.2043015812171,epidemiology_change,0,0.68,245.62620699900933,73.6878620997028,1.194472541199767,29.159431788119125,29.14731481666584,1.0004001143051078,0.0,0.0,314.0840206760808,316.54696195751774,313.89996,316.55626262313814,316.06647
Therapy B,South,133,134,1,201.48771776204967,epidemiology_change,0,0.55,165.29744744915612,49.58923423474683,0.9914642225944056,17.80963315196177,17.802232499642358,1.000390768918266,0.0,0.0,201.3956965398924,202.6968062422411,202.3717,202.9306875597247,203.00894
Therapy B,West,133,134,1,231.94694548624977,epidemiology_change,0,0.6,187.3371071090437,56.20113213271311,1.078252907810606,20.99488210931521,20.986157851962314,1.000394359179094,0.0,0.0,231.85436131663528,233.6258583385745,231.89534,233.67361810501018,232.65451
Therapy C,East,133,134,1,1073.623355124775,epidemiology_change,0,0.66,164.42746088363432,115.09922261854402,0.0,75.96548692823906,75.9339200704473,1.0004095848214054,0.0,0.0,1070.9542753643966,1023.4289486516408,1064.0555,1068.233002810241,1068.9708
Therapy C,North,133,134,1,1668.058457434622,epidemiology_change,0,0.76,245.62620699900933,171.93834489930651,0.0,130.67314212347296,130.61884193188055,1.0004121290821824,0.0,0.0,1663.897073380287,1590.0182749523242,1593.8046,1659.681485024897,1624.332
Therapy C,South,133,134,1,1097.6821698572005,epidemiology_change,0,0.7,165.29744744915612,115.70821321440928,0.0,80.99574925008649,80.96209210653751,1.0004099602581347,0.0,0.0,1094.9493044973062,1046.350161131619,1093.2299,1092.171031632055,1100.2471
Therapy C,West,133,134,1,1253.8148046259068,epidemiology_change,0,0.72,187.3371071090437,131.13597497633057,0.0,94.41790198295801,94.37866736990658,1.000410768578727,0.0,0.0,1250.6909793799773,1195.171743474609,1244.0598,1247.5190989008447,1232.7224
Therapy D,East,133,134,1,222.6841397159369,epidemiology_change,0,0.5,164.42746088363432,49.3282382650903,1.1246755373782051,14.955423128770798,14.949208520871723,1.0003863444004428,0.0,0.0,220.70491596297825,186.49583641830287,226.54482,213.47945746398258,227.50218
Therapy D,North,133,134,1,381.6972799482127,epidemiology_change,0,0.65,245.62620699900933,73.6878620997028,1.2244725411997668,27.370066609224576,27.358693194331302,1.000399135069711,0.0,0.0,378.36330289009305,321.07356665814274,390.3611,370.1916901655695,384.37152
Therapy D,South,133,134,1,256.4960335504828,epidemiology_change,0,0.55,165.29744744915612,49.58923423474683,0.9914642225944056,17.80963315196177,17.802232499642358,1.000390768918266,0.0,0.0,254.244830713348,215.56601633963515,257.8374,248.72368615755175,257.35895
Therapy D,West,133,134,1,295.0069380667458,epidemiology_change,0,0.6,187.3371071090437,56.20113213271311,1.078252907810606,20.99488210931521,20.986157851962314,1.000394359179094,0.0,0.0,292.4244536551538,248.0668627991442,296.77942,286.0969244174195,297.7008
Therapy A,East,136,137,1,89.2682579476728,epidemiology_change,0,0.55,164.6326109530439,49.38978328591316,1.22,15.565190202555533,15.5587222107675,1.0003873837667119,0.0,0.0,89.30051631738883,90.67170815156275,88.39778,89.89700908614394,89.831924
Therapy A,North,136,137,1,153.85832148567263,epidemiology_change,0,0.74,245.9326657446705,73.77979972340114,1.33,29.18212418459685,29.169997783497546,1.00040010726195,0.0,0.0,153.93043176371302,156.73037597029125,153.70575,155.05470777764282,155.77945
Therapy A,South,136,137,1,100.15096122962365,epidemiology_change,0,0.6,165.5036829686684,49.65110489060052,1.1,18.32125770463159,18.31364445077232,1.0003913963018782,0.0,0.0,100.19905061831123,102.05225554451428,98.708176,100.93768179605078,101.14241
Therapy A,West,136,137,1,113.94350109522377,epidemiology_change,0,0.65,187.57084069782425,56.27125220934728,1.2,21.21426208292393,21.205446663956604,1.0003945437482795,0.0,0.0,113.99980811933398,116.15076986566406,113.64707,114.84963133724743,114.34517
Therapy B,East,136,137,1,251.0362029752588,epidemiology_change,0,0.72,164.6326109530439,49.38978328591316,0.9046755373782052,24.300848324592973,24.29075029910403,1.000397112477535,0.0,0.0,250.7833828192024,248.93195537394365,251.5479,251.39338913293585,252.98273
Therapy B,North,136,137,1,314.715940025017,epidemiology_change,0,0.68,245.9326657446705,73.77979972340114,1.194472541199767,29.195812934085424,29.18368084473444,1.0004001143051076,0.0,0.0,314.5235621262315,314.98431518614086,316.08792,315.83695769465214,316.33115
Therapy B,South,136,137,1,201.85511628675425,epidemiology_change,0,0.55,165.5036829686684,49.65110489060052,0.9914642225944056,17.83185357340263,17.824443687562674,1.0003907689182663,0.0,0.0,201.71948847830612,201.78551151739669,203.9699,202.51978730190555,202.51692
Therapy B,West,136,137,1,232.3356119735357,epidemiology_change,0,0.6,187.57084069782425,56.27125220934728,1.078252907810606,21.021076648225105,21.01234150593856,1.000394359179094,0.0,0.0,232.1900140096984,232.4836159773116,233.69992,233.1528555323088,233.32776
Therapy C,East,136,137,1,1080.7830901544576,epidemiology_change,0,0.66,164.6326109530439,115.2428276671307,0.0,76.06026626030626,76.02866001771206,1.000409584821405,0.0,0.0,1078.5289134371544,1038.5538322897323,1073.3676,1074.4801091915238,1072.6208
Therapy C,North,136,137,1,1679.227152403419,epidemiology_change,0,0.76,245.9326657446705,172.15286602126932,0.0,130.83617817616468,130.78181023622898,1.000412129082182,0.0,0.0,1675.7098934442763,1613.4842617476193,1614.157,1669.4191771839078,1638.8092
Therapy C,South,136,137,1,1105.0146844579417,epidemiology_change,0,0.7,165.5036829686684,115.85257807806788,0.0,81.09680465464751,81.06310551832371,1.000409960258135,0.0,0.0,1102.7058540371945,1061.8037851554925,1096.5565,1098.5666426719238,1103.8684
Therapy C,West,136,137,1,1262.1971714898068,epidemiology_change,0,0.72,187.57084069782425,131.29958848847696,0.0,94.5357037117034,94.4964201470745,1.000410768578727,0.0,0.0,1259.5576352482517,1212.8190007133908,1272.7762,1254.8294185522202,1263.8276
Therapy D,East,136,137,1,228.01889812274536,epidemiology_change,0,0.5,164.6326109530439,49.38978328591316,1.1246755373782051,14.974082457793022,14.967860096157223,1.0003863444004428,0.0,0.0,226.335757650053,197.1749635259515,231.97154,219.56123946814935,228.25742
Therapy D,North,136,137,1,390.6992650716159,epidemiology_change,0,0.65,245.9326657446705,73.77979972340114,1.2244725411997668,27.40421523035179,27.392827625268872,1.0003991350697108,0.0,0.0,387.8564795103084,338.9054214455876,392.7387,380.3560355566068,393.5619
Therapy D,South,136,137,1,262.57457412021085,epidemiology_change,0,0.55,165.5036829686684,49.65110489060052,0.9914642225944056,17.83185357340263,17.824443687562674,1.0003907689182663,0.0,0.0,260.6549813613519,227.60409587767668,261.61703,255.58801258769017,262.2203
Therapy D,West,136,137,1,301.9806558046153,epidemiology_change,0,0.6,187.57084069782425,56.27125220934728,1.078252907810606,21.021076648225105,21.01234150593856,1.000394359179094,0.0,0.0,299.77825352984263,261.87046204388395,300.75854,293.9695396589223,304.43744
Therapy A,East,139,140,1,89.21244331319883,epidemiology_change,0,0.55,164.8380169806173,49.45140509418519,1.22,15.584610315432462,15.578134253769989,1.0003873837667119,0.0,0.0,89.22493774015798,90.09203300666364,89.09245,89.5154360297434,89.88452
Therapy A,North,139,140,1,153.7223830459261,epidemiology_change,0,0.74,246.23950684758887,73.87185205427666,1.33,29.218533643028046,29.206392112266002,1.0004001072619502,0.0,0.0,153.75570545520586,155.56425944162842,155.35175,154.32531380650505,155.07898
Therapy A,South,139,140,1,100.05970850643146,epidemiology_change,0,0.6,165.7101758006206,49.71305274018618,1.1,18.3441164611287,18.336493708493794,1.0003913963018787,0.0,0.0,100.08221915591388,101.28143284378804,100.672424,100.4578483120198,100.729355
Therapy A,West,139,140,1,113.83584800221615,epidemiology_change,0,0.65,187.80486590737,56.341459772211,1.2,21.24073033412355,21.23190391648361,1.000394543748279,0.0,0.0,113.86259499982268,115.2574450817607,112.671326,114.29670056658021,114.25643
Therapy B,East,139,140,1,251.82261502088,epidemiology_change,0,0.72,164.8380169806173,49.45140509418519,0.9046755373782052,24.33116759543563,24.32105697101328,1.000397112477535,0.0,0.0,251.55710484425973,249.0704360919566,253.88623,251.51200858044646,255.20554
Therapy B,North,139,140,1,315.3905211532142,epidemiology_change,0,0.68,246.23950684758887,73.87185205427666,1.194472541199767,29.232239471463725,29.220092245352983,1.0004001143051076,0.0,0.0,315.1518839427736,314.1752992546028,317.26553,315.51711591812483,318.41995
Therapy B,South,139,140,1,202.32006122416172,epidemiology_change,0,0.55,165.7101758006206,49.71305274018618,0.9914642225944056,17.854101718442553,17.846682587561734,1.0003907689182665,0.0,0.0,202.156936661782,201.34159271659263,204.8634,202.35678807519787,203.76309
Therapy B,West,139,140,1,232.84383981259805,epidemiology_change,0,0.6,187.80486590737,56.341459772211,1.078252907810606,21.047303869093636,21.038557828292724,1.0003943591790936,0.0,0.0,232.6643480152062,231.89817980301405,233.67865,232.92720581826723,234.55661
Therapy C,East,139,140,1,1086.84765887031,epidemiology_change,0,0.66,164.8380169806173,115.3866118864321,0.0,76.1551638450452,76.12351816850955,1.0004095848214052,0.0,0.0,1084.9349803590262,1051.2750786563288,1087.3954,1079.8406198535001,1084.0728
Therapy C,North,139,140,1,1688.6936539191993,epidemiology_change,0,0.76,246.23950684758887,172.3676547933122,0.0,130.99941764291728,130.94498187011112,1.0004121290821821,0.0,0.0,1685.7074917239947,1633.254460588812,1629.4824,1677.7806739021448,1650.4573
Therapy C,South,139,140,1,1111.2273683652743,epidemiology_change,0,0.7,165.7101758006206,115.9971230604344,0.0,81.19798614230407,81.16424496081264,1.000409960258135,0.0,0.0,1109.2678157795008,1074.8109972354762,1108.2521,1104.0562481336449,1109.9613
Therapy C,West,139,140,1,1269.3002877921967,epidemiology_change,0,0.72,187.80486590737,131.463406135159,0.0,94.65365241731448,94.61431984003305,1.0004107685787265,0.0,0.0,1267.0597995733772,1227.677559553234,1276.7742,1261.1050004637032,1258.6052
Therapy D,East,139,140,1,232.5569689817784,epidemiology_change,0,0.5,164.8380169806173,49.45140509418519,1.1246755373782051,14.992765067370838,14.986534942324264,1.0003863444004428,0.0,0.0,231.12485768244937,144.41228376126716,232.58612,224.72471624390462,231.62907
Therapy D,North,139,140,1,398.3773955214911,epidemiology_change,0,0.65,246.23950684758887,73.87185205427666,1.2244725411997668,27.43840645745224,27.427004644475083,1.0003991350697108,0.0,0.0,395.9521185316641,354.1798732847252,402.44092,388.99720833212575,399.47314
Therapy D,South,139,140,1,267.75929036385145,epidemiology_change,0,0.55,165.7101758006206,49.71305274018618,0.9914642225944056,17.854101718442553,17.846682587561734,1.0003907689182665,0.0,0.0,266.12159773852625,237.91638357837945,266.4395,261.42486207430204,266.64325
Therapy D,West,139,140,1,307.92982550561806,epidemiology_change,0,0.6,187.80486590737,56.341459772211,1.078252907810606,21.047303869093636,21.038557828292724,1.0003943591790936,0.0,0.0,306.0505645362454,273.69625589302865,306.99,300.6642504763256,306.00934
Therapy A,East,142,143,1,89.20445667573709,epidemiology_change,0,0.55,165.0436792857042,49.51310378571126,1.22,15.604054658066904,15.597570516461506,1.0003873837667119,0.0,0.0,89.2027244051753,89.70134582153754,89.51344,89.41519591956549,89.554245
Therapy A,North,142,143,1,153.68027533365927,epidemiology_change,0,0.74,246.5467307848174,73.96401923544522,1.33,29.254988528195646,29.24283184889414,1.0004001072619504,0.0,0.0,153.68569276793303,154.77024413711126,154.06084,154.10166154473126,154.57875
Therapy A,South,142,143,1,100.0303292340941,epidemiology_change,0,0.6,165.9169262660518,49.77507787981554,1.1,18.36700373765193,18.359371474390137,1.0003913963018782,0.0,0.0,100.03443944177135,100.75611961926784,100.48836,100.30869766555905,100.47258
Therapy A,West,142,143,1,113.7996937381602,epidemiology_change,0,0.65,188.0391831015254,56.41175493045762,1.2,21.267231608782527,21.25839417874732,1.000394543748279,0.0,0.0,113.80517862048916,114.64803430785186,113.42861,114.12205497652502,114.77171
Therapy B,East,142,143,1,252.62679658925373,epidemiology_change,0,0.72,165.0436792857042,49.51310378571126,0.9046755373782052,24.361524694512607,24.35140145543763,1.0003971124775348,0.0,0.0,252.3583569952616,249.48055570505497,255.29155,252.21596642889608,256.23477
Therapy B,North,142,143,1,316.16436419326965,epidemiology_change,0,0.68,246.5467307848174,73.96401923544522,1.194472541199767,29.268711456887207,29.256549075131126,1.0004001143051078,0.0,0.0,315.89856041965106,313.92713435381074,318.57867,316.0454642259934,317.19498
Therapy B,South,142,143,1,202.84293290367805,epidemiology_change,0,0.55,165.9169262660518,49.77507787981554,0.9914642225944056,17.876377621671242,17.868949234214874,1.000390768918266,0.0,0.0,202.6641746785681,201.24419710372183,204.85858,202.73009554996358,204.352
Therapy B,West,142,143,1,233.4245231337332,epidemiology_change,0,0.6,188.0391831015254,56.41175493045762,1.078252907810606,21.073563812696875,21.064806859783918,1.0003943591790934,0.0,0.0,233.2252573268776,231.72687696667816,234.17615,233.32715281939684,234.14082
Therapy C,East,142,143,1,1092.013753008781,epidemiology_change,0,0.66,165.0436792857042,115.53057549999292,0.0,76.25017982999533,76.21849467031801,1.0004095848214047,0.0,0.0,1090.3807741490614,1061.965261610521,1092.289,1086.2251659660546,1091.1599
Therapy C,North,142,143,1,1696.7614399036656,epidemiology_change,0,0.76,246.5467307848174,172.5827115493722,0.0,131.16286077752287,131.10835708721365,1.0004121290821826,0.0,0.0,1694.2109291175475,1649.891471246044,1639.9136,1687.7351931257372,1661.2302
Therapy C,South,142,143,1,1116.520710305901,epidemiology_change,0,0.7,165.9169262660518,116.14184838623623,0.0,81.29929387036536,81.26551059124813,1.0004099602581344,0.0,0.0,1114.8474169521676,1085.7480970555712,1111.8478,1110.5934792338653,1114.2823
Therapy C,West,142,143,1,1275.3528504677531,epidemiology_change,0,0.72,188.0391831015254,131.62742817106778,0.0,94.77174828316879,94.73236663208353,1.0004107685787267,0.0,0.0,1273.4395108121887,1240.17483121751,1287.6362,1268.5774770439994,1272.5764
Therapy D,East,142,143,1,236.42086489594124,epidemiology_change,0,0.5,165.0436792857042,49.51310378571126,1.1246755373782051,15.01147098655054,15.005233088407074,1.0003863444004426,0.0,0.0,235.200988311192,149.85864176076782,239.32513,229.4430312363679,237.6666
Therapy D,North,142,143,1,404.9322561086443,epidemiology_change,0,0.65,246.5467307848174,73.96401923544522,1.2244725411997668,27.472640343683796,27.461224305085736,1.000399135069711,0.0,0.0,402.8609295669854,367.2298221906391,399.85925,396.9691801022019,401.15866
Therapy D,South,142,143,1,272.18552284983923,epidemiology_change,0,0.55,165.9169262660518,49.77507787981554,0.9914642225944056,17.876377621671242,17.868949234214874,1.000390768918266,0.0,0.0,270.78684302588545,246.72738455593745,271.34366,266.80774486365317,272.16956
Therapy D,West,142,143,1,313.00947671001785,epidemiology_change,0,0.6,188.0391831015254,56.41175493045762,1.078252907810606,21.073563812696875,21.064806859783918,1.0003943591790934,0.0,0.0,311.4042299456148,283.80157949941656,314.2431,306.84043027356483,312.26108
Therapy A,East,37,40,3,198.2882114587252,b_launch_growth,0,0.55,141.1850929110193,42.35552787330579,0.5,19.2188207725125,19.194872039678668,1.0011577817342519,0.0,0.0,201.9426610583358,200.58561902943484,203.53992,200.27663869509388,201.27661
Therapy A,North,37,40,3,314.45554746007264,b_launch_growth,0,0.74,210.9061264473252,63.271837934197535,0.68,35.67772397433531,35.63326566496793,1.0011975815451621,0.0,0.0,321.63475275516925,327.2499629812145,322.9041,319.35979205711675,320.3001
Therapy A,South,37,40,3,203.29748181215285,b_launch_growth,0,0.6,141.9321039846226,42.57963119538677,0.55,20.62983131416489,20.604124309328423,1.0011635146903566,0.0,0.0,207.4494884998248,208.5438385461053,205.86612,205.96925265785728,206.32126
Therapy A,West,37,40,3,233.77968933733155,b_launch_growth,0,0.65,160.85638451590555,48.25691535477167,0.6,24.779926034675253,24.749047562199177,1.0011768073466532,0.0,0.0,238.80987304452412,241.31306076143744,242.02483,237.12719900159357,239.86847
Therapy B,East,37,40,3,150.20187817241296,b_launch_growth,0,0.5,141.1850929110193,42.35552787330579,0.4046755373782051,18.17822088611607,18.155568853478425,1.0011530268060245,0.0,0.0,127.67139152876868,35.41001415475134,152.25008,117.55406374275009,155.66602
Therapy B,North,37,40,3,250.84154980478,b_launch_growth,0,0.68,210.9061264473252,63.271837934197535,0.5444725411997668,34.82580253928819,34.78240581632535,1.00119640676276,0.0,0.0,214.9170657038136,62.713954167186245,226.4755,198.21817606548822,226.41171
Therapy B,South,37,40,3,156.98540221567174,b_launch_growth,0,0.55,141.9321039846226,42.57963119538677,0.4414642225944055,19.80030077903735,19.775627459118315,1.0011602363393215,0.0,0.0,133.80660139808657,37.7709571855217,154.74472,123.273936169543,161.26349
Therapy B,West,37,40,3,183.7134890566857,b_launch_growth,0,0.6,160.85638451590555,48.25691535477167,0.478252907810606,24.107557093881137,24.077516465949188,1.0011749463309345,0.0,0.0,156.92007395933092,44.88927426807784,181.34251,144.63180276527154,179.03949
Therapy C,East,37,40,3,859.9027837696823,b_launch_growth,0,0.66,141.1850929110193,98.82956503771352,0.0,65.22751292489093,65.14623237709124,1.0012197624357309,0.0,0.0,837.4464037698295,692.7236680785543,880.7386,817.6060533868995,848.1574
Therapy C,North,37,40,3,1338.0936667000706,b_launch_growth,0,0.76,210.9061264473252,147.6342885131276,0.0,112.20205926997697,112.06224334824748,1.0012312900323976,0.0,0.0,1303.5995800686574,1080.4557150370724,1222.1908,1272.9248476347038,1213.6469
Therapy C,South,37,40,3,882.252867560436,b_launch_growth,0,0.7,141.9321039846226,99.3524727892358,0.0,69.54673095246505,69.46006819106248,1.0012214588185986,0.0,0.0,860.0407644323057,717.0654100266681,886.02637,840.4726047816453,865.0005
Therapy C,West,37,40,3,1006.6166616561768,b_launch_growth,0,0.72,160.85638451590555,112.5994691611339,0.0,81.0716177960164,80.97059377700997,1.0012251166154023,0.0,0.0,980.937608658194,815.2830091085025,996.6221,958.2202087361791,995.54376
Therapy D,East,37,40,3,0.0,b_launch_growth,0,,141.1850929110193,42.35552787330579,0.9046755373782052,0.0,0.0,1.0,0.0,0.0,0.0,0.0,0.0,0.0,0.0
Therapy D,North,37,40,3,0.0,b_launch_growth,0,,210.9061264473252,63.271837934197535,1.2244725411997668,0.0,0.0,1.0,0.0,0.0,0.0,0.0,0.0,0.0,0.0
Therapy D,South,37,40,3,0.0,b_launch_growth,0,,141.9321039846226,42.57963119538677,0.9914642225944056,0.0,0.0,1.0,0.0,0.0,0.0,0.0,0.0,0.0,0.0
Therapy D,West,37,40,3,0.0,b_launch_growth,0,,160.85638451590555,48.25691535477167,1.078252907810606,0.0,0.0,1.0,0.0,0.0,0.0,0.0,0.0,0.0,0.0
Therapy A,East,40,43,3,194.56968099043127,b_launch_growth,0,0.55,141.3612443364238,42.40837330092714,0.5,19.24279938529569,19.2188207725125,1.001157781734252,0.0,0.0,198.2882114587252,205.2181874662504,201.55159,197.36104960431226,199.81506
Therapy A,North,40,43,3,307.41614546454247,b_launch_growth,0,0.74,211.1692662309541,63.35077986928623,0.68,35.72223775269312,35.67772397433531,1.0011975815451624,0.0,0.0,314.45554746007264,332.4209896629864,318.3039,313.49861961297484,319.73956
Therapy A,South,40,43,3,199.15504149952875,b_launch_growth,0,0.6,142.10918742815088,42.63275622844526,0.55,20.655570392681728,20.62983131416489,1.0011635146903561,0.0,0.0,203.29748181215285,212.5437057662301,203.6973,202.60383033643035,203.72667
Therapy A,West,40,43,3,228.8004929527705,b_launch_growth,0,0.65,161.05707908523763,48.317123725571285,0.6,24.810843033080857,24.779926034675253,1.001176807346653,0.0,0.0,233.77968933733155,245.60886702667625,238.45326,233.03416901250418,238.18942
Therapy B,East,40,43,3,170.52297363965246,b_launch_growth,0,0.5,141.3612443364238,42.40837330092714,0.4046755373782051,18.200901180858132,18.17822088611607,1.0011530268060247,0.0,0.0,150.20187817241296,56.08022551096805,174.65408,138.4160743547146,176.43903
Therapy B,North,40,43,3,283.009793859101,b_launch_growth,0,0.68,211.1692662309541,63.35077986928623,0.5444725411997668,34.86925340673932,34.82580253928819,1.0011964067627603,0.0,0.0,250.84154980478,97.87601203910074,267.9692,231.56199552911139,266.95047
Therapy B,South,40,43,3,177.83769681144076,b_launch_growth,0,0.55,142.10918742815088,42.63275622844526,0.4414642225944055,19.825004882946274,19.80030077903735,1.0011602363393213,0.0,0.0,156.98540221567174,59.514784673771686,178.20218,144.75370842269177,178.95744
Therapy B,West,40,43,3,207.7713691548924,b_launch_growth,0,0.6,161.05707908523763,48.317123725571285,0.478252907810606,24.13763520239492,24.107557093881137,1.001174946330934,0.0,0.0,183.7134890566857,70.46360618970546,202.63263,169.47712695701094,199.14607
Therapy C,East,40,43,3,878.3941657465018,b_launch_growth,0,0.66,141.3612443364238,98.95287103549666,0.0,65.3088948834278,65.22751292489093,1.0012197624357306,0.0,0.0,859.9027837696823,738.6276068703398,837.3097,839.5039430441788,867.8044
Therapy C,North,40,43,3,1366.4853255432354,b_launch_growth,0,0.76,211.1692662309541,147.81848636166785,0.0,112.34204963486756,112.20205926997697,1.0012312900323976,0.0,0.0,1338.0936667000706,1151.4447483629856,1253.1095,1306.588218949784,1269.9768
Therapy C,South,40,43,3,900.5537711300595,b_launch_growth,0,0.7,142.10918742815088,99.4764311997056,0.0,69.63350183979392,69.54673095246505,1.0012214588185986,0.0,0.0,882.252867560436,762.393184969776,881.6384,862.1317148972181,894.11676
Therapy C,West,40,43,3,1027.7640741811183,b_launch_growth,0,0.72,161.05707908523763,112.73995535966634,0.0,81.17276785895976,81.0716177960164,1.001225116615402,0.0,0.0,1006.6166616561768,867.8793245515267,1021.5947,983.2687198287387,1039.8406
Therapy D,East,40,43,3,0.0,b_launch_growth,0,,141.3612443364238,42.40837330092714,0.9046755373782052,0.0,0.0,1.0,0.0,0.0,0.0,0.0,0.0,0.0,0.0
Therapy D,North,40,43,3,0.0,b_launch_growth,0,,211.1692662309541,63.35077986928623,1.2244725411997668,0.0,0.0,1.0,0.0,0.0,0.0,0.0,0.0066399677,0.0,0.0
Therapy D,South,40,43,3,0.0,b_launch_growth,0,,142.10918742815088,42.63275622844526,0.9914642225944056,0.0,0.0,1.0,0.0,0.0,0.0,0.0,0.0019529228,0.0,0.0
Therapy D,West,40,43,3,0.0,b_launch_growth,0,,161.05707908523763,48.317123725571285,1.078252907810606,0.0,0.0,1.0,0.0,0.0,0.0,0.0,0.0073321313,0.0,0.0
Therapy A,East,43,46,3,191.1389482978075,b_launch_growth,0,0.55,141.53761553945515,42.46128466183655,0.5,19.266807915308334,19.24279938529569,1.0011577817342519,0.0,0.0,194.56968099043127,206.3582197258453,199.53593,195.44774745979313,198.437
Therapy A,North,43,46,3,301.0472796206165,b_launch_growth,0,0.74,211.43273432437124,63.429820297311366,0.68,35.76680706924793,35.72223775269312,1.0011975815451617,0.0,0.0,307.41614546454247,332.1564723432687,314.96875,309.7910559805037,314.0724
Therapy A,South,43,46,3,195.372074851098,b_launch_growth,0,0.6,142.28649181215064,42.68594754364519,0.55,20.681341584896096,20.655570392681728,1.0011635146903561,0.0,0.0,199.15504149952875,213.04517796047003,200.22214,200.36423180798667,200.51357
Therapy A,West,43,46,3,224.2724596997316,b_launch_growth,0,0.65,161.25802405377075,48.377407216131225,0.6,24.841798605483387,24.810843033080857,1.0011768073466534,0.0,0.0,228.8004929527705,245.8582082721736,235.7201,230.35429788439455,234.18736
Therapy B,East,43,46,3,188.34009369730848,b_launch_growth,0,0.5,141.53761553945515,42.46128466183655,0.4046755373782051,18.22360977296619,18.200901180858132,1.0011530268060247,0.0,0.0,170.52297363965246,79.28604737872249,188.90408,157.37471339340263,189.11655
Therapy B,North,43,46,3,311.0658159426852,b_launch_growth,0,0.68,211.43273432437124,63.429820297311366,0.5444725411997668,34.912758486232775,34.86925340673932,1.0011964067627597,0.0,0.0,283.009793859101,136.45671119388706,333.68234,261.6506609823819,321.60977
Therapy B,South,43,46,3,196.08588538323383,b_launch_growth,0,0.55,142.28649181215064,42.68594754364519,0.4414642225944055,19.849739809253133,19.825004882946274,1.001160236339321,0.0,0.0,177.83769681144076,83.7359590890932,195.45177,164.22501020092005,196.23975
Therapy B,West,43,46,3,228.7958741672159,b_launch_growth,0,0.6,161.25802405377075,48.377407216131225,0.478252907810606,24.167750838253696,24.13763520239492,1.0011749463309343,0.0,0.0,207.7713691548924,98.7784246369148,214.47095,191.95712324638998,210.50053
Therapy C,East,43,46,3,893.5910166424525,b_launch_growth,0,0.66,141.53761553945515,99.07633087761862,0.0,65.3903783792283,65.3088948834278,1.0012197624357306,0.0,0.0,878.3941657465018,777.5969112632242,879.88464,861.3147159317477,881.5134
Therapy C,North,43,46,3,1389.8144524088143,b_launch_growth,0,0.76,211.43273432437124,148.00291402705986,0.0,112.48221466056549,112.34204963486756,1.0012312900323972,0.0,0.0,1366.4853255432354,1211.5364529565911,1281.0005,1340.1736426859886,1323.6067
Therapy C,South,43,46,3,915.6041257305484,b_launch_growth,0,0.7,142.28649181215064,99.60054426850544,0.0,69.7203809879538,69.63350183979392,1.0012214588185984,0.0,0.0,900.5537711300595,800.8868218761454,885.921,883.7042688257324,894.0604
Therapy C,West,43,46,3,1045.1481978535244,b_launch_growth,0,0.72,161.25802405377075,112.88061683763952,0.0,81.27404412310045,81.17276785895976,1.0012251166154025,0.0,0.0,1027.7640741811183,912.4838483701856,1028.5635,1008.2347840081123,1043.0184
Therapy D,East,43,46,3,0.0,b_launch_growth,0,,141.53761553945515,42.46128466183655,0.9046755373782052,0.0,0.0,1.0,0.0,0.0,0.0,0.0,0.0,0.0,0.0
Therapy D,North,43,46,3,0.0,b_launch_growth,0,,211.43273432437124,63.429820297311366,1.2244725411997668,0.0,0.0,1.0,0.0,0.0,0.0,0.0,0.0,0.0,0.0
Therapy D,South,43,46,3,0.0,b_launch_growth,0,,142.28649181215064,42.68594754364519,0.9914642225944056,0.0,0.0,1.0,0.0,0.0,0.0,0.0,0.0,0.0,0.0
Therapy D,West,43,46,3,0.0,b_launch_growth,0,,161.25802405377075,48.377407216131225,1.078252907810606,0.0,0.0,1.0,0.0,0.0,0.0,0.0,0.0,0.0,0.0
Therapy A,East,46,49,3,188.15815137648087,b_launch_growth,0,0.55,141.71420679432185,42.51426203829654,0.5,19.290846399877058,19.266807915308334,1.0011577817342516,0.0,0.0,191.1389482978075,204.9244836669108,196.39377,192.68516569584472,195.99538
Therapy A,North,46,49,3,295.57414604018,b_launch_growth,0,0.74,211.6965311371968,63.50895934115904,0.68,35.811431993292764,35.76680706924793,1.0011975815451626,0.0,0.0,301.0472796206165,328.0021522580517,305.17487,304.3597950945972,306.03143
Therapy A,South,46,49,3,192.1039780117863,b_launch_growth,0,0.6,142.46401741228118,42.73920522368435,0.55,20.707144930875067,20.681341584896096,1.0011635146903561,0.0,0.0,195.372074851098,210.9962572468892,196.91978,197.21892639637608,196.70615
Therapy A,West,46,49,3,220.3699033129534,b_launch_growth,0,0.65,161.45921973391867,48.4377659201756,0.6,24.87279280001017,24.841798605483387,1.001176807346653,0.0,0.0,224.2724596997316,243.18160686348543,228.15599,226.5467484326801,229.9914
Therapy B,East,46,49,3,203.65180547657053,b_launch_growth,0,0.5,141.71420679432185,42.51426203829654,0.4046755373782051,18.246346697745814,18.22360977296619,1.0011530268060242,0.0,0.0,188.34009369730848,103.64240359970869,200.87865,175.6723179663725,200.4661
Therapy B,North,46,49,3,335.0830992142808,b_launch_growth,0,0.68,211.6965311371968,63.50895934115904,0.5444725411997668,34.95631784540697,34.912758486232775,1.0011964067627603,0.0,0.0,311.0658159426852,176.2198084742356,325.34567,290.69026605359517,317.18527
Therapy B,South,46,49,3,211.7457617302677,b_launch_growth,0,0.55,142.46401741228118,42.73920522368435,0.4414642225944055,19.874505596413908,19.849739809253133,1.0011602363393215,0.0,0.0,196.08588538323383,108.9997963461487,202.23462,183.01540211445018,202.66177
Therapy B,West,46,49,3,246.82045667750387,b_launch_growth,0,0.6,161.45921973391867,48.4377659201756,0.478252907810606,24.197904048278932,24.167750838253696,1.0011749463309343,0.0,0.0,228.7958741672159,128.1680206319187,234.5757,213.65148789708527,235.3568
Therapy C,East,46,49,3,906.0757105770144,b_launch_growth,0,0.66,141.71420679432185,99.19994475602527,0.0,65.47196353897668,65.3903783792283,1.0012197624357304,0.0,0.0,893.5910166424525,810.2765460605549,893.0043,879.461819939787,896.037
Therapy C,North,46,49,3,1408.9802826036985,b_launch_growth,0,0.76,211.6965311371968,148.18757179603776,0.0,112.6225545649887,112.48221466056549,1.0012312900323979,0.0,0.0,1389.8144524088143,1261.8337176158257,1321.874,1368.0865027409882,1374.0146
Therapy C,South,46,49,3,927.9779351944832,b_launch_growth,0,0.7,142.46401741228118,99.7248121885968,0.0,69.80736853201776,69.7203809879538,1.0012214588185986,0.0,0.0,915.6041257305484,833.1801423807351,941.8008,901.6635908201335,920.33636
Therapy C,West,46,49,3,1059.4352682717144,b_launch_growth,0,0.72,161.45921973391867,113.02145381374308,0.0,81.37544674589502,81.27404412310045,1.0012251166154023,0.0,0.0,1045.1481978535244,949.8666481052936,1039.6411,1029.0034614128608,1044.33
Therapy D,East,46,49,3,0.0,b_launch_growth,0,,141.71420679432185,42.51426203829654,0.9046755373782052,0.0,0.0,1.0,0.0,0.0,0.0,0.0,0.0,0.0,0.0
Therapy D,North,46,49,3,0.0,b_launch_growth,0,,211.6965311371968,63.50895934115904,1.2244725411997668,0.0,0.0,1.0,0.0,0.0,0.0,0.0,0.0,0.0,0.0
Therapy D,South,46,49,3,0.0,b_launch_growth,0,,142.46401741228118,42.73920522368435,0.9914642225944056,0.0,0.0,1.0,0.0,0.0,0.0,0.0,0.0,0.0,0.0
Therapy D,West,46,49,3,0.0,b_launch_growth,0,,161.45921973391867,48.4377659201756,1.078252907810606,0.0,0.0,1.0,0.0,0.0,0.0,0.0,0.0,0.0,0.0
Therapy A,East,49,52,3,185.6705347952308,b_launch_growth,0,0.55,141.8910183755744,42.56730551267231,0.5,19.31491487637506,19.290846399877058,1.0011577817342519,0.0,0.0,188.15815137648087,201.9426610583358,193.80878,190.04270758189062,192.68921
Therapy A,North,49,52,3,291.0340443384713,b_launch_growth,0,0.74,211.9606570795617,63.58819712386851,0.68,35.85611259420698,35.811431993292764,1.0011975815451621,0.0,0.0,295.57414604018,321.63475275516925,298.8876,299.29647154632914,301.95648
Therapy A,South,49,52,3,189.3852249560457,b_launch_growth,0,0.6,142.64176450454565,42.79252935136369,0.55,20.732980470735708,20.707144930875067,1.0011635146903561,0.0,0.0,192.1039780117863,207.4494884998248,195.0535,194.25388586608477,196.12119
Therapy A,West,49,52,3,217.12742024955656,b_launch_growth,0,0.65,161.66066643848507,48.49819993154552,0.6,24.903825664848625,24.87279280001017,1.0011768073466532,0.0,0.0,220.3699033129534,238.80987304452412,226.38232,222.97523025903675,226.46703
Therapy B,East,49,52,3,216.62840153073725,b_launch_growth,0,0.5,141.8910183755744,42.56730551267231,0.4046755373782051,18.269111990546648,18.246346697745814,1.0011530268060245,0.0,0.0,203.65180547657053,127.67139152876868,206.80711,191.85929564305007,207.02573
Therapy B,North,49,52,3,355.3789351052429,b_launch_growth,0,0.68,211.9606570795617,63.58819712386851,0.5444725411997668,34.99993155198462,34.95631784540697,1.00119640676276,0.0,0.0,335.0830992142808,214.9170657038136,337.98145,316.27087778977824,342.1932
Therapy B,South,49,52,3,225.00313355607364,b_launch_growth,0,0.55,142.64176450454565,42.79252935136369,0.4414642225944055,19.89930228293253,19.874505596413908,1.0011602363393213,0.0,0.0,211.7457617302677,133.80660139808657,210.3862,199.61305105395545,211.91962
Therapy B,West,49,52,3,262.0689210007854,b_launch_growth,0,0.6,161.66066643848507,48.49819993154552,0.478252907810606,24.22809487935054,24.197904048278932,1.0011749463309345,0.0,0.0,246.82045667750387,156.92007395933092,246.93507,232.79332452969908,246.76997
Therapy C,East,49,52,3,916.3436172781512,b_launch_growth,0,0.66,141.8910183755744,99.32371286290208,0.0,65.55365048951538,65.47196353897668,1.0012197624357309,0.0,0.0,906.0757105770144,837.4464037698295,925.9098,894.4981306734181,918.6496
Therapy C,North,49,52,3,1424.7455407806233,b_launch_growth,0,0.76,211.9606570795617,148.3724599556932,0.0,112.76306956632682,112.6225545649887,1.0012312900323974,0.0,0.0,1408.9802826036985,1303.5995800686574,1326.7699,1391.1983261892278,1355.5356
Therapy C,South,49,52,3,938.1635844638618,b_launch_growth,0,0.7,142.64176450454565,99.84923515318197,0.0,69.89446460722738,69.80736853201776,1.001221458818599,0.0,0.0,927.9779351944832,860.0407644323057,941.17834,916.5539673882073,921.01935
Therapy C,West,49,52,3,1071.1913923651457,b_launch_growth,0,0.72,161.66066643848507,113.16246650693954,0.0,81.47697588499646,81.37544674589502,1.001225116615402,0.0,0.0,1059.4352682717144,980.937608658194,1067.611,1046.2124249271733,1057.8928
Therapy D,East,49,52,3,0.0,b_launch_growth,0,,141.8910183755744,42.56730551267231,0.9046755373782052,0.0,0.0,1.0,0.0,0.0,0.0,0.0,0.0,0.0,0.0
Therapy D,North,49,52,3,0.0,b_launch_growth,0,,211.9606570795617,63.58819712386851,1.2244725411997668,0.0,0.0,1.0,0.0,0.0,0.0,0.0,0.0,0.0,0.0
Therapy D,South,49,52,3,0.0,b_launch_growth,0,,142.64176450454565,42.79252935136369,0.9914642225944056,0.0,0.0,1.0,0.0,0.0,0.0,0.0,0.0,0.0,0.0
Therapy D,West,49,52,3,0.0,b_launch_growth,0,,161.66066643848507,48.49819993154552,1.078252907810606,0.0,0.0,1.0,0.0,0.0,0.0,0.0,0.0,0.0,0.0
Therapy A,East,52,55,3,183.6543385274821,b_launch_growth,0,0.55,142.06805055810585,42.62041516743175,0.5,19.33901338222216,19.31491487637506,1.0011577817342519,0.0,0.0,185.6705347952308,198.2882114587252,189.59862,187.6393101356545,188.49223
Therapy A,North,52,55,3,287.36433770741945,b_launch_growth,0,0.74,212.2251125621088,63.66753376863262,0.68,35.900848941456566,35.85611259420698,1.0011975815451621,0.0,0.0,291.0340443384713,314.45554746007264,291.96057,294.7682614664398,302.06644
Therapy A,South,52,55,3,187.1849923771925,b_launch_growth,0,0.6,142.81973336529165,42.84592000958749,0.55,20.758848244645137,20.732980470735708,1.0011635146903564,0.0,0.0,189.3852249560457,203.29748181215285,191.27046,191.58228252248446,192.86118
Therapy A,West,52,55,3,214.50466400271017,b_launch_growth,0,0.65,161.8623644806638,48.55870934419914,0.6,24.93489724824626,24.903825664848625,1.001176807346653,0.0,0.0,217.12742024955656,233.77968933733155,218.70377,219.7678022850442,221.39609
Therapy B,East,52,55,3,227.5220357142381,b_launch_growth,0,0.5,142.06805055810585,42.62041516743175,0.4046755373782051,18.291905686762412,18.269111990546648,1.0011530268060242,0.0,0.0,216.62840153073725,150.20187817241296,226.50836,205.97568990361964,221.45676
Therapy B,North,52,55,3,372.3803883349249,b_launch_growth,0,0.68,212.2251125621088,63.66753376863262,0.5444725411997668,35.043599673772995,34.99993155198462,1.00119640676276,0.0,0.0,355.3789351052429,250.84154980478,348.9786,338.49898049533476,360.08313
Therapy B,South,52,55,3,236.12333898499045,b_launch_growth,0,0.55,142.81973336529165,42.84592000958749,0.4414642225944055,19.924129907361007,19.89930228293253,1.0011602363393217,0.0,0.0,225.00313355607364,156.98540221567174,228.52562,214.06889912426382,228.12802
Therapy B,West,52,55,3,274.85277828950484,b_launch_growth,0,0.6,161.8623644806638,48.55870934419914,0.478252907810606,24.258323378406892,24.22809487935054,1.001174946330934,0.0,0.0,262.0689210007854,183.7134890566857,299.88983,249.4498433720289,266.63495
Therapy C,East,52,55,3,924.8098666544626,b_launch_growth,0,0.66,142.06805055810585,99.4476353906741,0.0,65.6354393578449,65.55365048951538,1.0012197624357302,0.0,0.0,916.3436172781512,859.9027837696823,913.3762,906.9300772562917,911.33966
Therapy C,North,52,55,3,1437.7482362516675,b_launch_growth,0,0.76,212.2251125621088,148.55757879347613,0.0,112.90375988304186,112.76306956632682,1.0012312900323976,0.0,0.0,1424.7455407806233,1338.0936667000706,1367.4717,1410.2998476846365,1381.4772
Therapy C,South,52,55,3,946.5704636190576,b_launch_growth,0,0.7,142.81973336529165,99.97381335570414,0.0,69.9816693489929,69.89446460722738,1.0012214588185986,0.0,0.0,938.1635844638618,882.252867560436,966.23004,928.8744018524627,936.6226
Therapy C,West,52,55,3,1080.8906818606229,b_launch_growth,0,0.72,161.8623644806638,113.30365513646464,0.0,81.57863169825454,81.47697588499646,1.001225116615402,0.0,0.0,1071.1913923651457,1006.6166616561768,1079.4879,1060.4436741109944,1072.7585
Therapy D,East,52,55,3,0.0,b_launch_growth,0,,142.06805055810585,42.62041516743175,0.9046755373782052,0.0,0.0,1.0,0.0,0.0,0.0,0.0,0.0012006635,0.0,0.0
Therapy D,North,52,55,3,0.0,b_launch_growth,0,,212.2251125621088,63.66753376863262,1.2244725411997668,0.0,0.0,1.0,0.0,0.0,0.0,0.0,0.00846254,0.0,0.0
Therapy D,South,52,55,3,0.0,b_launch_growth,0,,142.81973336529165,42.84592000958749,0.9914642225944056,0.0,0.0,1.0,0.0,0.0,0.0,0.0,0.0009773066,0.0,0.0
Therapy D,West,52,55,3,0.0,b_launch_growth,0,,161.8623644806638,48.55870934419914,1.078252907810606,0.0,0.0,1.0,0.0,0.0,0.0,0.0,0.00654506,0.0,0.0
Therapy A,East,54,57,3,182.54703746679235,b_launch_growth,0,0.55,142.18619470529785,42.65585841158936,0.5,19.35509575425867,19.330977208033666,1.0011577817342516,0.0,0.0,184.27687982820825,195.7899530348876,186.74265,186.20149370982455,188.07886
Therapy A,North,54,57,3,285.3495884488814,b_launch_growth,0,0.74,212.4015994980376,63.72047984941127,0.68,35.93070417748603,35.885930627377846,1.0011975815451624,0.0,0.0,288.4969651152386,309.7067982795052,291.76434,292.0860365376635,296.41855
Therapy A,South,54,57,3,185.97696578501447,b_launch_growth,0,0.6,142.93850261379148,42.881550784137445,0.55,20.776111354914594,20.750222069299504,1.0011635146903561,0.0,0.0,187.864185080478,200.50842562274696,187.61034,189.99270924313402,190.07727
Therapy A,West,54,57,3,213.06459877772195,b_launch_growth,0,0.65,161.9969696289637,48.59909088868911,0.6,24.955633171341862,24.924535748737533,1.0011768073466532,0.0,0.0,215.31424537478443,230.4243112838581,217.76595,217.86314838693892,218.5114
Therapy B,East,54,57,3,233.7641310406674,b_launch_growth,0,0.5,142.18619470529785,42.65585841158936,0.4046755373782051,18.307117281412932,18.28430462990222,1.0011530268060245,0.0,0.0,224.1052377962272,164.02026335354907,233.45506,214.29263086722358,224.91931
Therapy B,North,54,57,3,382.1089019314751,b_launch_growth,0,0.68,212.4015994980376,63.72047984941127,0.5444725411997668,35.072742019161225,35.029037582853235,1.0011964067627601,0.0,0.0,367.05119915048704,272.73721463857794,381.4059,351.5605457922661,371.435
Therapy B,South,54,57,3,242.49182001684423,b_launch_growth,0,0.55,142.93850261379148,42.881550784137445,0.4414642225944055,19.94069886376746,19.915850592624242,1.0011602363393213,0.0,0.0,232.6363241001586,171.16991861404307,247.34422,222.5777258978349,234.1128
Therapy B,West,54,57,3,282.17177355525223,b_launch_growth,0,0.6,161.9969696289637,48.59909088868911,0.478252907810606,24.278496660975293,24.248243023823296,1.0011749463309343,0.0,0.0,270.84465542762166,200.08273366833856,307.45013,259.2475174690206,278.78003
Therapy C,East,54,57,3,929.6256579544852,b_launch_growth,0,0.66,142.18619470529785,99.53033629370849,0.0,65.6900219538476,65.60816506969,1.0012197624357306,0.0,0.0,922.1653736863868,872.6277624318872,911.6447,913.994861773901,915.3919
Therapy C,North,54,57,3,1445.14682928399,b_launch_growth,0,0.76,212.4015994980376,148.6811196486263,0.0,112.99765093295598,112.85684361782067,1.0012312900323976,0.0,0.0,1433.6862627169671,1357.6324233754906,1373.1802,1421.1534460974922,1410.8396
Therapy C,South,54,57,3,951.35704734741,b_launch_growth,0,0.7,142.93850261379148,100.05695182965404,0.0,70.03986628075782,69.95258901931032,1.0012214588185986,0.0,0.0,943.9435258543474,894.8455186357037,957.2626,935.8807862043652,949.1273
Therapy C,West,54,57,3,1086.4111828103796,b_launch_growth,0,0.72,161.9969696289637,113.3978787402746,0.0,81.64647269299772,81.54473234251033,1.0012251166154025,0.0,0.0,1077.8603256633742,1021.1689521750984,1068.8065,1068.5333685533187,1082.4131
Therapy D,East,54,57,3,0.0,b_launch_growth,0,,142.18619470529785,42.65585841158936,0.9046755373782052,0.0,0.0,1.0,0.0,0.0,0.0,0.0,0.05527183,0.0,0.0
Therapy D,North,54,57,3,0.0,b_launch_growth,0,,212.4015994980376,63.72047984941127,1.2244725411997668,0.0,0.0,1.0,0.0,0.0,0.0,0.0,0.059420336,0.0,0.0
Therapy D,South,54,57,3,0.0,b_launch_growth,0,,142.93850261379148,42.881550784137445,0.9914642225944056,0.0,0.0,1.0,0.0,0.0,0.0,0.0,0.054607872,0.0,0.0
Therapy D,West,54,57,3,0.0,b_launch_growth,0,,161.9969696289637,48.59909088868911,1.078252907810606,0.0,0.0,1.0,0.0,0.0,0.0,0.0,0.060846597,0.0,0.0
Therapy A,East,55,58,3,182.05767429765424,b_launch_growth,0,0.55,142.24530361715242,42.67359108514572,0.5,19.363141954884874,19.33901338222216,1.001157781734252,0.0,0.0,183.6543385274821,194.56968099043127,187.2136,185.53552157197123,187.37575
Therapy A,North,55,58,3,284.4586348609684,b_launch_growth,0,0.74,212.48989799599312,63.74696939879793,0.68,35.94564110459418,35.900848941456566,1.0011975815451624,0.0,0.0,287.36433770741945,307.41614546454247,292.98392,290.8492232012517,297.73456
Therapy A,South,55,58,3,185.4429670395171,b_launch_growth,0,0.6,142.9979242712114,42.89937728136341,0.55,20.78474829282057,20.758848244645137,1.001163514690356,0.0,0.0,187.1849923771925,199.15504149952875,187.70326,189.25824878323343,188.664
Therapy A,West,55,58,3,212.4278897087061,b_launch_growth,0,0.65,162.0643141740396,48.61929425221188,0.6,24.966007598510803,24.93489724824626,1.0011768073466534,0.0,0.0,214.50466400271017,228.8004929527705,211.99304,216.98387702014458,215.36018
Therapy B,East,55,58,3,236.60972714172368,b_launch_growth,0,0.5,142.24530361715242,42.67359108514572,0.4046755373782051,18.314727821831013,18.291905686762412,1.001153026806025,0.0,0.0,227.5220357142381,170.52297363965246,237.77873,218.13981086084317,233.77939
Therapy B,North,55,58,3,386.5409251696525,b_launch_growth,0,0.68,212.48989799599312,63.74696939879793,0.5444725411997668,35.08732227866394,35.043599673772995,1.0011964067627601,0.0,0.0,372.3803883349249,283.009793859101,386.51755,357.5938924762932,377.15897
Therapy B,South,55,58,3,245.39425764804983,b_launch_growth,0,0.55,142.9979242712114,42.89937728136341,0.4414642225944055,19.948988508299394,19.924129907361007,1.0011602363393208,0.0,0.0,236.12333898499045,177.83769681144076,240.71265,226.5116366731878,238.60666
Therapy B,West,55,58,3,285.5069401123293,b_launch_growth,0,0.6,162.0643141740396,48.61929425221188,0.478252907810606,24.288589592444968,24.258323378406892,1.0011749463309347,0.0,0.0,274.85277828950484,207.7713691548924,298.3971,263.7757103132798,286.0466
Therapy C,East,55,58,3,931.818544112018,b_launch_growth,0,0.66,142.24530361715242,99.57171253200669,0.0,65.71733027112441,65.6354393578449,1.0012197624357309,0.0,0.0,924.8098666544626,878.3941657465018,909.43494,917.2054666583143,907.97955
Therapy C,North,55,58,3,1448.5165640540358,b_launch_growth,0,0.76,212.48989799599312,148.74292859719515,0.0,113.04462573386832,112.90375988304186,1.0012312900323976,0.0,0.0,1437.7482362516675,1366.4853255432354,1382.4261,1426.0858790685922,1412.9463
Therapy C,South,55,58,3,953.5379934567388,b_launch_growth,0,0.7,142.9979242712114,100.09854698984796,0.0,70.06898289289357,69.9816693489929,1.0012214588185984,0.0,0.0,946.5704636190576,900.5537711300595,944.232,939.0663421524391,928.6484
Therapy C,West,55,58,3,1088.9259693617564,b_launch_growth,0,0.72,162.0643141740396,113.44501992182772,0.0,81.68041434371595,81.57863169825454,1.0012251166154027,0.0,0.0,1080.8906818606229,1027.7640741811183,1118.405,1072.210591956893,1083.7024
Therapy D,East,55,58,3,0.0,b_launch_growth,0,,142.24530361715242,42.67359108514572,0.9046755373782052,0.0,0.0,1.0,0.0,0.0,0.0,0.0,0.0,0.0,0.0
Therapy D,North,55,58,3,0.0,b_launch_growth,0,,212.48989799599312,63.74696939879793,1.2244725411997668,0.0,0.0,1.0,0.0,0.0,0.0,0.0,0.0,0.0,0.0
Therapy D,South,55,58,3,0.0,b_launch_growth,0,,142.9979242712114,42.89937728136341,0.9914642225944056,0.0,0.0,1.0,0.0,0.0,0.0,0.0,0.0,0.0,0.0
Therapy D,West,55,58,3,0.0,b_launch_growth,0,,162.0643141740396,48.61929425221188,1.078252907810606,0.0,0.0,1.0,0.0,0.0,0.0,0.0,0.0,0.0,0.0
Therapy A,East,58,61,3,178.82310615774355,access_expansion,0,0.55,142.4227778282934,42.726833348488015,0.72,17.577819239567972,19.363141954884874,0.9145842861606941,0.0,0.21999999999999997,182.05767429765424,191.1389482978075,185.55568,181.0461739184296,187.30704
Therapy A,North,58,61,3,282.1989977291983,access_expansion,0,0.74,212.7550137928828,63.82650413786484,0.68,35.990489153259226,35.94564110459418,1.00119645617387,0.0,0.0,284.4586348609684,301.0472796206165,285.6777,287.5530617626539,299.86975
Therapy A,South,58,61,3,184.09004334296537,access_expansion,0,0.6,143.1763374993426,42.95290124980278,0.55,20.810680655529445,20.78474829282057,1.0011616787721398,0.0,0.0,185.4429670395171,195.372074851098,185.60977,187.29719879013993,188.47769
Therapy A,West,58,61,3,210.8138784815756,access_expansion,0,0.65,162.26651583258823,48.67995474977648,0.6,24.997156764010224,24.966007598510803,1.0011752433916032,0.0,0.0,212.4278897087061,224.2724596997316,207.21686,214.63805169705205,211.14201
Therapy B,East,58,61,3,247.712432475624,access_expansion,0,0.72,142.4227778282934,42.726833348488015,0.4046755373782051,26.40611294097773,18.314727821831013,1.4075616113902862,0.21999999999999997,0.0,236.60972714172368,188.34009369730848,242.70729,240.56913796083506,255.40071
Therapy B,North,58,61,3,398.2943496564088,access_expansion,0,0.68,212.7550137928828,63.82650413786484,0.5444725411997668,35.131099434634,35.08732227866394,1.001195256148384,0.0,0.0,386.5409251696525,311.0658159426852,399.9621,373.8379388270414,407.32114
Therapy B,South,58,61,3,253.0943613359196,access_expansion,0,0.55,143.1763374993426,42.95290124980278,0.4414642225944055,19.97387812439598,19.948988508299394,1.0011583343866364,0.0,0.0,245.39425764804983,196.08588538323383,250.34186,237.11408585581455,245.01736
Therapy B,West,58,61,3,294.3538798709172,access_expansion,0,0.6,162.26651583258823,48.67995474977648,0.478252907810606,24.318893568520327,24.288589592444968,1.001173343892967,0.0,0.0,285.5069401123293,228.7958741672159,298.6732,275.9749737981659,281.5464
Therapy C,East,58,61,3,937.6524778564054,access_expansion,0,0.66,142.4227778282934,99.69594447980536,0.0,65.79932335667154,65.71733027112441,1.0012191236087349,0.0,0.0,931.818544112018,893.5910166424525,924.7989,925.710383057937,917.43524
Therapy C,North,58,61,3,1457.4843545274389,access_expansion,0,0.76,212.7550137928828,148.92850965501796,0.0,113.18566733781365,113.04462573386832,1.0012309115223117,0.0,0.0,1448.5165640540358,1389.8144524088143,1392.3328,1439.1529510208088,1422.4536
Therapy C,South,58,61,3,959.3452422930897,access_expansion,0,0.7,143.1763374993426,100.22343624953982,0.0,70.15640537467786,70.06898289289357,1.0012208579792894,0.0,0.0,953.5379934567388,915.6041257305484,973.831,947.5105089363165,954.25977
Therapy C,West,58,61,3,1095.6200924473494,access_expansion,0,0.72,162.26651583258823,113.58656108281176,0.0,81.78232397962446,81.68041434371595,1.0012245980622936,0.0,0.0,1088.9259693617564,1045.1481978535244,1087.1904,1081.9550871240097,1069.9988
Therapy D,East,58,61,3,0.0,access_expansion,0,,142.4227778282934,42.726833348488015,1.1246755373782051,0.0,0.0,1.0,0.0,0.21999999999999997,0.0,0.0,0.0,0.0,0.0
Therapy D,North,58,61,3,0.0,access_expansion,0,,212.7550137928828,63.82650413786484,1.2244725411997668,0.0,0.0,1.0,0.0,0.0,0.0,0.0,0.0,0.0,0.0
Therapy D,South,58,61,3,0.0,access_expansion,0,,143.1763374993426,42.95290124980278,0.9914642225944056,0.0,0.0,1.0,0.0,0.0,0.0,0.0,0.0,0.0,0.0
Therapy D,West,58,61,3,0.0,access_expansion,0,,162.26651583258823,48.67995474977648,1.078252907810606,0.0,0.0,1.0,0.0,0.0,0.0,0.0,0.0,0.0,0.0
Therapy A,East,60,63,3,174.6375075658165,access_expansion,0,0.55,142.54121696757306,42.76236509027192,0.72,17.592436998137867,19.379244392302933,0.9145842861606941,0.0,0.21999999999999997,181.1958592705368,189.0973201408933,184.90573,180.0608693425769,180.18546
Therapy A,North,60,63,3,280.99530480638657,access_expansion,0,0.74,212.93194139600425,63.87958241880127,0.68,36.02041893431366,35.97553358989885,1.00119645617387,0.0,0.0,282.88760480582704,297.29394177801674,285.77368,285.6892659613978,287.22806
Therapy A,South,60,63,3,183.3708839465104,access_expansion,0,0.6,143.29540330073482,42.98862099022045,0.55,20.82798686976181,20.80203294163507,1.0011616787721394,0.0,0.0,184.50203864060504,193.1322212501459,185.05579,186.18664000749936,186.35114
Therapy A,West,60,63,3,209.9550153989611,access_expansion,0,0.65,162.40145707416613,48.72043712224984,0.6,25.017944462275295,24.986769393051713,1.0011752433916032,0.0,0.0,211.3055611823866,221.5970655426304,206.93588,213.31041840137183,210.61736
Therapy B,East,60,63,3,258.4131639783938,access_expansion,0,0.72,142.54121696757306,42.76236509027192,0.4046755373782051,26.428072330733645,18.3299583954263,1.4075616113902865,0.21999999999999997,0.0,241.7989233547796,198.81816312833084,244.93877,247.28982907727968,257.2651
Therapy B,North,60,63,3,404.9883135008501,access_expansion,0,0.68,212.93194139600425,63.87958241880127,0.5444725411997668,35.16031454504284,35.11650098388006,1.0011952561483841,0.0,0.0,394.6188077218437,327.5098082593974,409.2593,383.2384913436698,402.82642
Therapy B,South,60,63,3,257.48146963669603,access_expansion,0,0.55,143.29540330073482,42.98862099022045,0.4414642225944055,19.990488451544504,19.965578137180756,1.0011583343866357,0.0,0.0,250.68594251212664,206.804272592509,258.2711,243.2567644694361,257.12314
Therapy B,West,60,63,3,299.3937977459374,access_expansion,0,0.6,162.40145707416613,48.72043712224984,0.478252907810606,24.33911722141075,24.30878804447287,1.0011733438929673,0.0,0.0,291.58692078729814,241.13438284817448,295.35254,283.03970682966167,281.13455
Therapy C,East,60,63,3,941.0050595226716,access_expansion,0,0.66,142.54121696757306,99.77885187730114,0.0,65.85404223901875,65.77198096781602,1.0012191236087349,0.0,0.0,935.8231339216696,902.1831869956446,935.9634,930.560399640984,926.6867
Therapy C,North,60,63,3,1462.640323968266,access_expansion,0,0.76,212.93194139600425,149.05235897720297,0.0,113.27979282267425,113.13863392817734,1.0012309115223115,0.0,0.0,1454.671803534898,1403.0044796689897,1405.562,1446.6060073401786,1436.407
Therapy C,South,60,63,3,962.6865549023746,access_expansion,0,0.7,143.29540330073482,100.30678231051436,0.0,70.21474761736005,70.12725243482066,1.001220857979289,0.0,0.0,957.5233860821018,924.1188745622007,943.9283,952.3304013721814,926.6867
Therapy C,West,60,63,3,1099.4700678203512,access_expansion,0,0.72,162.40145707416613,113.68101995191628,0.0,81.85033436537972,81.74833998116235,1.001224598062294,0.0,0.0,1093.5203570708863,1054.9800961349438,1082.535,1087.51499563705,1075.1857
Therapy D,East,60,63,3,0.0,access_expansion,0,,142.54121696757306,42.76236509027192,1.1246755373782051,0.0,0.0,1.0,0.0,0.21999999999999997,0.0,0.0,0.0,0.0,0.0
Therapy D,North,60,63,3,0.0,access_expansion,0,,212.93194139600425,63.87958241880127,1.2244725411997668,0.0,0.0,1.0,0.0,0.0,0.0,0.0,0.0,0.0,0.0
Therapy D,South,60,63,3,0.0,access_expansion,0,,143.29540330073482,42.98862099022045,0.9914642225944056,0.0,0.0,1.0,0.0,0.0,0.0,0.0,0.0,0.0,0.0
Therapy D,West,60,63,3,0.0,access_expansion,0,,162.40145707416613,48.72043712224984,1.078252907810606,0.0,0.0,1.0,0.0,0.0,0.0,0.0,0.0,0.0,0.0
Therapy A,East,61,64,3,172.79618803407774,access_expansion,0,0.55,142.60047346745222,42.78014204023567,0.72,17.599750435352956,17.577819239567972,1.0011471389229054,0.0,0.0,178.82310615774355,188.15815137648087,184.2904,178.00900052072794,183.72932
Therapy A,North,61,64,3,280.47259735679023,access_expansion,0,0.74,213.02046036495955,63.90613810948786,0.68,36.035393157178014,35.990489153259226,1.00119645617387,0.0,0.0,282.1989977291983,295.57414604018,282.88022,284.8521322869821,285.68195
Therapy A,South,61,64,3,183.0591570642349,access_expansion,0,0.6,143.35497332706836,43.00649199812051,0.55,20.836645373089386,20.810680655529445,1.0011616787721394,0.0,0.0,184.09004334296537,192.1039780117863,185.30588,185.6876332978772,185.87228
Therapy A,West,61,64,3,209.5823937284548,access_expansion,0,0.65,162.46896977067746,48.74069093120324,0.6,25.028344793172863,24.997156764010224,1.0011752433916032,0.0,0.0,210.8138784815756,220.3699033129534,206.92784,212.71395128767364,210.96739
Therapy B,East,61,64,3,263.24880197020883,access_expansion,0,0.72,142.60047346745222,42.78014204023567,0.4046755373782051,26.4390588727191,26.40611294097773,1.0011788945206856,0.0,0.0,247.712432475624,203.65180547657053,248.31384,252.6834064391885,252.75587
Therapy B,North,61,64,3,408.0327273822296,access_expansion,0,0.68,213.02046036495955,63.90613810948786,0.5444725411997668,35.17493120974456,35.131099434634,1.0011952561483841,0.0,0.0,398.2943496564088,335.0830992142808,413.3875,387.54627998143263,405.5491
Therapy B,South,61,64,3,259.47702512498057,access_expansion,0,0.55,143.35497332706836,43.00649199812051,0.4414642225944055,19.998798794347195,19.97387812439598,1.0011583343866355,0.0,0.0,253.0943613359196,211.7457617302677,272.65637,246.07324367796463,268.23712
Therapy B,West,61,64,3,301.68620186019035,access_expansion,0,0.6,162.46896977067746,48.74069093120324,0.478252907810606,24.349235353747286,24.318893568520327,1.0011733438929673,0.0,0.0,294.3538798709172,246.82045667750387,293.51205,286.2782555265336,285.21616
Therapy C,East,61,64,3,942.5426354161438,access_expansion,0,0.66,142.60047346745222,99.82033142721654,0.0,65.88141874196292,65.79932335667154,1.0012191236087353,0.0,0.0,937.6524778564054,906.0757105770144,931.71124,932.7716190244706,921.0242
Therapy C,North,61,64,3,1465.0057191894848,access_expansion,0,0.76,213.02046036495955,149.11432225547168,0.0,113.32688491415847,113.18566733781365,1.0012309115223113,0.0,0.0,1457.4843545274389,1408.9802826036985,1405.137,1450.0045621907707,1419.0017
Therapy C,South,61,64,3,964.22016551608,access_expansion,0,0.7,143.35497332706836,100.34848132894786,0.0,70.24393693026349,70.15640537467786,1.0012208579792892,0.0,0.0,959.3452422930897,927.9779351944832,941.2485,954.5292375752383,929.12463
Therapy C,West,61,64,3,1101.2366730312542,access_expansion,0,0.72,162.46896977067746,113.7282788394742,0.0,81.88436076442142,81.78232397962446,1.0012245980622936,0.0,0.0,1095.6200924473494,1059.4352682717144,1093.7523,1090.0508092716252,1063.5544
Therapy D,East,61,64,3,0.0,access_expansion,0,,142.60047346745222,42.78014204023567,1.1246755373782051,0.0,0.0,1.0,0.0,0.0,0.0,0.0,0.0,0.0,0.0
Therapy D,North,61,64,3,0.0,access_expansion,0,,213.02046036495955,63.90613810948786,1.2244725411997668,0.0,0.0,1.0,0.0,0.0,0.0,0.0,0.0,0.0,0.0
Therapy D,South,61,64,3,0.0,access_expansion,0,,143.35497332706836,43.00649199812051,0.9914642225944056,0.0,0.0,1.0,0.0,0.0,0.0,0.0,0.0,0.0,0.0
Therapy D,West,61,64,3,0.0,access_expansion,0,,162.46896977067746,48.74069093120324,1.078252907810606,0.0,0.0,1.0,0.0,0.0,0.0,0.0,0.0021287417,0.0,0.0
Therapy A,East,64,67,3,168.12878017133357,access_expansion,0,0.55,142.77839081089638,42.83351724326892,0.72,17.621708993880837,17.599750435352956,1.0011471389229054,0.0,0.0,172.79618803407774,185.6705347952308,181.66641,172.74868303030868,178.37454
Therapy A,North,64,67,3,279.1791482467478,access_expansion,0,0.74,213.2862381249193,63.9858714374758,0.68,36.080353186163855,36.035393157178014,1.00119645617387,0.0,0.0,280.47259735679023,291.0340443384713,281.49936,282.69193071492316,287.6016
Therapy A,South,64,67,3,182.290237960035,access_expansion,0,0.6,143.53383203211803,43.06014960963541,0.55,20.862642485868356,20.836645373089386,1.0011616787721394,0.0,0.0,183.0591570642349,189.3852249560457,183.20227,184.4001850591195,185.48035
Therapy A,West,64,67,3,208.66181718608567,access_expansion,0,0.65,162.67167630306716,48.80150289092015,0.6,25.0595717344875,25.028344793172863,1.0011752433916037,0.0,0.0,209.5823937284548,217.12742024955656,206.41469,211.17482615684864,210.01923
Therapy B,East,64,67,3,275.9566177525589,access_expansion,0,0.72,142.77839081089638,42.83351724326892,0.4046755373782051,26.472045909882567,26.4390588727191,1.0011788945206856,0.0,0.0,263.24880197020883,216.62840153073725,280.0318,266.7988652358024,276.93228
Therapy B,North,64,67,3,416.0984495736367,access_expansion,0,0.68,213.2862381249193,63.9858714374758,0.5444725411997668,35.21881767214187,35.17493120974456,1.0011952561483837,0.0,0.0,408.0327273822296,355.3789351052429,428.47742,399.0439209438314,422.46283
Therapy B,South,64,67,3,264.7645124589432,access_expansion,0,0.55,143.53383203211803,43.06014960963541,0.4414642225944055,20.023750556897802,19.998798794347195,1.0011583343866357,0.0,0.0,259.47702512498057,225.00313355607364,271.47238,253.59507462968332,265.97623
Therapy B,West,64,67,3,307.76012026244246,access_expansion,0,0.6,162.67167630306716,48.80150289092015,0.478252907810606,24.379614995298933,24.349235353747286,1.0011733438929675,0.0,0.0,301.68620186019035,262.0689210007854,298.87787,294.92533732174724,294.44135
Therapy C,East,64,67,3,946.6766544609792,access_expansion,0,0.66,142.77839081089638,99.94487356762748,0.0,65.96361655463414,65.88141874196292,1.0012191236087356,0.0,0.0,942.5426354161438,916.3436172781512,923.7426,938.6620283907857,933.30835
Therapy C,North,64,67,3,1471.3682546650905,access_expansion,0,0.76,213.2862381249193,149.30036668744353,0.0,113.46827868245708,113.32688491415847,1.0012309115223115,0.0,0.0,1465.0057191894848,1424.7455407806233,1411.5999,1459.0603109030067,1427.8417
Therapy C,South,64,67,3,968.347998885021,access_expansion,0,0.7,143.53383203211803,100.4736824224826,0.0,70.3315776957378,70.24393693026349,1.001220857979289,0.0,0.0,964.22016551608,938.1635844638618,937.7222,960.391724216377,940.95465
Therapy C,West,64,67,3,1105.9898777249473,access_expansion,0,0.72,162.67167630306716,113.870173412147,0.0,81.98652485674583,81.88436076442142,1.0012245980622942,0.0,0.0,1101.2366730312542,1071.1913923651457,1112.2267,1096.8095250801462,1086.833
Therapy D,East,64,67,3,0.0,access_expansion,0,,142.77839081089638,42.83351724326892,1.1246755373782051,0.0,0.0,1.0,0.0,0.0,0.0,0.0,9.531412e-05,0.0,0.0
Therapy D,North,64,67,3,0.0,access_expansion,0,,213.2862381249193,63.9858714374758,1.2244725411997668,0.0,0.0,1.0,0.0,0.0,0.0,0.0,0.0040122555,0.0,0.0
Therapy D,South,64,67,3,0.0,access_expansion,0,,143.53383203211803,43.06014960963541,0.9914642225944056,0.0,0.0,1.0,0.0,0.0,0.0,0.0,0.00084109,0.0,0.0
Therapy D,West,64,67,3,0.0,access_expansion,0,,162.67167630306716,48.80150289092015,1.078252907810606,0.0,0.0,1.0,0.0,0.0,0.0,0.0,0.0054064454,0.0,0.0
Therapy A,East,67,70,3,164.52676702946445,access_expansion,0,0.55,142.95653013523813,42.88695904057143,0.72,17.64369494929109,17.621708993880837,1.001147138922905,0.0,0.0,168.12878017133357,183.6543385274821,177.40297,168.6170387041405,173.78891
Therapy A,North,67,70,3,278.23324714644025,access_expansion,0,0.74,213.55234748597303,64.0657042457919,0.68,36.12536931011714,36.080353186163855,1.0011964561738695,0.0,0.0,279.1791482467478,287.36433770741945,279.99374,281.0039807687225,284.76654
Therapy A,South,67,70,3,181.7318911593161,access_expansion,0,0.6,143.71291389256746,43.11387416777024,0.55,20.88867203428468,20.862642485868356,1.0011616787721398,0.0,0.0,182.290237960035,187.1849923771925,180.73706,183.3957536593701,181.8822
Therapy A,West,67,70,3,207.9910025253442,access_expansion,0,0.65,162.87463574490977,48.86239072347293,0.6,25.090837636503352,25.0595717344875,1.0011752433916032,0.0,0.0,208.66181718608567,214.50466400271017,206.07336,209.9730399130012,209.50116
Therapy B,East,67,70,3,286.3587448495367,access_expansion,0,0.72,142.95653013523813,42.88695904057143,0.4046755373782051,26.50507410375383,26.472045909882567,1.0011788945206852,0.0,0.0,275.9566177525589,227.5220357142381,283.39957,278.2359637962191,283.67905
Therapy B,North,67,70,3,422.7840255222397,access_expansion,0,0.68,213.55234748597303,64.0657042457919,0.5444725411997668,35.262758890057256,35.21881767214187,1.0011952561483837,0.0,0.0,416.0984495736367,372.3803883349249,445.20865,408.64671096541537,437.793
Therapy B,South,67,70,3,269.1473075072239,access_expansion,0,0.55,143.71291389256746,43.11387416777024,0.4414642225944055,20.048733450840903,20.023750556897802,1.0011583343866364,0.0,0.0,264.7645124589432,236.12333898499045,280.44308,259.88170428325225,274.1934
Therapy B,West,67,70,3,312.7949415763608,access_expansion,0,0.6,162.87463574490977,48.86239072347293,0.478252907810606,24.410032540407183,24.379614995298933,1.001173343892967,0.0,0.0,307.76012026244246,274.85277828950484,311.09766,302.1506010255367,305.2166
Therapy C,East,67,70,3,950.2063257584988,access_expansion,0,0.66,142.95653013523813,100.06957109466668,0.0,66.04591692248002,65.96361655463414,1.0012191236087349,0.0,0.0,946.6766544609792,924.8098666544626,936.9021,943.6070906381786,932.81354
Therapy C,North,67,70,3,1476.8045770225908,access_expansion,0,0.76,213.55234748597303,149.4866432401811,0.0,113.60984886253765,113.46827868245708,1.0012309115223113,0.0,0.0,1471.3682546650905,1437.7482362516675,1413.9452,1466.6665033765264,1455.0591
Therapy C,South,67,70,3,971.8786247065505,access_expansion,0,0.7,143.71291389256746,100.5990397247972,0.0,70.41932780735803,70.3315776957378,1.0012208579792896,0.0,0.0,968.347998885021,946.5704636190576,965.786,965.3204768250266,945.3568
Therapy C,West,67,70,3,1110.0529667165792,access_expansion,0,0.72,162.87463574490977,114.01224502143684,0.0,82.08881641543452,81.98652485674583,1.001224598062294,0.0,0.0,1105.9898777249473,1080.8906818606229,1143.8352,1102.4887638240043,1110.3693
Therapy D,East,67,70,3,0.0,access_expansion,0,,142.95653013523813,42.88695904057143,1.1246755373782051,0.0,0.0,1.0,0.0,0.0,0.0,0.0,0.0,0.0,0.0
Therapy D,North,67,70,3,0.0,access_expansion,0,,213.55234748597303,64.0657042457919,1.2244725411997668,0.0,0.0,1.0,0.0,0.0,0.0,0.0,0.0005899574,0.0,0.0
Therapy D,South,67,70,3,0.0,access_expansion,0,,143.71291389256746,43.11387416777024,0.9914642225944056,0.0,0.0,1.0,0.0,0.0,0.0,0.0,0.0,0.0,0.0
Therapy D,West,67,70,3,0.0,access_expansion,0,,162.87463574490977,48.86239072347293,1.078252907810606,0.0,0.0,1.0,0.0,0.0,0.0,0.0,0.00053047016,0.0,0.0
Therapy A,East,70,73,3,161.75833661259284,access_expansion,0,0.55,143.1348917174349,42.94046751523047,0.72,17.665708335765817,17.64369494929109,1.0011471389229059,0.0,0.0,164.52676702946445,182.05767429765424,168.8638,165.38170109632426,167.35564
Therapy A,North,70,73,3,277.56410417201414,access_expansion,0,0.74,213.8187888618472,64.14563665855414,0.68,36.17044159902551,36.12536931011714,1.00119645617387,0.0,0.0,278.23324714644025,284.4586348609684,279.5193,279.7162482845305,282.087
Therapy A,South,70,73,3,181.34138752362296,access_expansion,0,0.6,143.89221918683927,43.16766575605178,0.55,20.91473405880709,20.88867203428468,1.0011616787721394,0.0,0.0,181.7318911593161,185.4429670395171,180.87534,182.63216618386582,182.67285
Therapy A,West,70,73,3,207.519182278076,access_expansion,0,0.65,163.07784841175118,48.92335452352536,0.6,25.122142547830276,25.090837636503352,1.0011752433916035,0.0,0.0,207.9910025253442,212.4278897087061,207.85455,209.05779207679942,210.49701
Therapy B,East,70,73,3,294.88389386958164,access_expansion,0,0.72,143.1348917174349,42.94046751523047,0.4046755373782051,26.538143505682633,26.50507410375383,1.001178894520686,0.0,0.0,286.3587448495367,236.60972714172368,288.08157,287.4731874105757,287.33914
Therapy B,North,70,73,3,428.3357182576434,access_expansion,0,0.68,213.8187888618472,64.14563665855414,0.5444725411997668,35.30675493180716,35.262758890057256,1.001195256148384,0.0,0.0,422.7840255222397,386.5409251696525,429.67157,416.6474838196855,423.97815
Therapy B,South,70,73,3,272.7861546230054,access_expansion,0,0.55,143.89221918683927,43.16766575605178,0.4414642225944055,20.073747515017953,20.048733450840903,1.0011583343866355,0.0,0.0,269.1473075072239,245.39425764804983,277.5843,265.121849442753,274.99173
Therapy B,West,70,73,3,316.97556528388475,access_expansion,0,0.6,163.07784841175118,48.92335452352536,0.478252907810606,24.44048803636293,24.410032540407183,1.0011733438929675,0.0,0.0,312.7949415763608,285.5069401123293,313.4495,308.17225585532674,314.36487
Therapy C,East,70,73,3,953.254008371566,access_expansion,0,0.66,143.1348917174349,100.19442420220442,0.0,66.12831997345492,66.04591692248002,1.0012191236087356,0.0,0.0,950.2063257584988,931.818544112018,938.0038,947.7916617122481,934.23596
Therapy C,North,70,73,3,1481.5021852692405,access_expansion,0,0.76,213.8187888618472,149.673152203293,0.0,113.75159567450268,113.60984886253765,1.0012309115223115,0.0,0.0,1476.8045770225908,1448.5165640540358,1438.1489,1473.1068150807266,1460.8234
Therapy C,South,70,73,3,974.9328898998072,access_expansion,0,0.7,143.89221918683927,100.72455343078748,0.0,70.50718740155123,70.41932780735803,1.0012208579792894,0.0,0.0,971.8786247065505,953.5379934567388,991.74713,969.49795617902,967.1317
Therapy C,West,70,73,3,1113.5656167678162,access_expansion,0,0.72,163.07784841175118,114.15449388822582,0.0,82.19123559952259,82.08881641543452,1.0012245980622938,0.0,0.0,1110.0529667165792,1088.9259693617564,1127.1664,1107.2996067540632,1085.2329
Therapy D,East,70,73,3,0.0,access_expansion,0,,143.1348917174349,42.94046751523047,1.1246755373782051,0.0,0.0,1.0,0.0,0.0,0.0,0.0,0.0,0.0,0.0
Therapy D,North,70,73,3,0.0,access_expansion,0,,213.8187888618472,64.14563665855414,1.2244725411997668,0.0,0.0,1.0,0.0,0.0,0.0,0.0,0.00085152185,0.0,0.0
Therapy D,South,70,73,3,0.0,access_expansion,0,,143.89221918683927,43.16766575605178,0.9914642225944056,0.0,0.0,1.0,0.0,0.0,0.0,0.0,0.0,0.0,0.0
Therapy D,West,70,73,3,0.0,access_expansion,0,,163.07784841175118,48.92335452352536,1.078252907810606,0.0,0.0,1.0,0.0,0.0,0.0,0.0,0.00014110493,0.0,0.0
Therapy A,East,73,76,3,159.64134897183095,access_expansion,0,0.55,143.3134758347895,42.99404275043685,0.72,17.68774918752972,17.665708335765817,1.0011471389229054,0.0,0.0,161.75833661259284,178.82310615774355,167.25275,162.85486658050985,164.37991
Therapy A,North,73,76,3,277.11408738756364,access_expansion,0,0.74,214.08556266678428,64.22566880003528,0.68,36.21557012296389,36.17044159902551,1.00119645617387,0.0,0.0,277.56410417201414,282.1989977291983,277.59653,278.7601531385839,280.35077
Therapy A,South,73,76,3,181.0838693971137,access_expansion,0,0.6,144.07174819370368,43.22152445811111,0.55,20.940828599954834,20.91473405880709,1.0011616787721396,0.0,0.0,181.34138752362296,184.09004334296537,179.51918,182.06873217677628,180.73949
Therapy A,West,73,76,3,207.20497910652605,access_expansion,0,0.65,163.28131461953086,48.98439438585925,0.6,25.153486517138724,25.122142547830276,1.001175243391603,0.0,0.0,207.519182278076,210.8138784815756,205.39307,208.3803623104407,208.6073
Therapy B,East,73,76,3,301.88252113409635,access_expansion,0,0.72,143.3134758347895,42.99404275043685,0.4046755373782051,26.5712541670827,26.538143505682633,1.0011788945206852,0.0,0.0,294.88389386958164,247.712432475624,298.64462,294.91675368817783,296.57175
Therapy B,North,73,76,3,432.9587893217228,access_expansion,0,0.68,214.08556266678428,64.22566880003528,0.5444725411997668,35.35080586579326,35.30675493180716,1.001195256148384,0.0,0.0,428.3357182576434,398.2943496564088,448.74478,423.3080771458714,427.64246
Therapy B,South,73,76,3,275.81527553771707,access_expansion,0,0.55,144.07174819370368,43.22152445811111,0.4414642225944055,20.09879278831893,20.073747515017953,1.001158334386636,0.0,0.0,272.7861546230054,253.0943613359196,280.3391,269.4851111165756,278.4495
Therapy B,West,73,76,3,320.45627856913165,access_expansion,0,0.6,163.28131461953086,48.98439438585925,0.478252907810606,24.47098153051602,24.44048803636293,1.001173343892967,0.0,0.0,316.97556528388475,294.3538798709172,318.788,313.186004156706,317.9688
Therapy C,East,73,76,3,955.9180415716808,access_expansion,0,0.66,143.3134758347895,100.31943308435264,0.0,66.21082583567275,66.12831997345492,1.0012191236087353,0.0,0.0,953.254008371566,937.6524778564054,938.9571,951.3663503436399,931.4724
Therapy C,North,73,76,3,1485.611769185629,access_expansion,0,0.76,214.08556266678428,149.859893866749,0.0,113.89351933872923,113.75159567450268,1.0012309115223115,0.0,0.0,1481.5021852692405,1457.4843545274389,1437.4106,1478.612240120158,1452.6421
Therapy C,South,73,76,3,977.6079382750572,access_expansion,0,0.7,144.07174819370368,100.85022373559258,0.0,70.5951566149148,70.50718740155123,1.0012208579792894,0.0,0.0,974.9328898998072,959.3452422930897,990.2755,973.0728521180783,954.8453
Therapy C,West,73,76,3,1116.6400962316357,access_expansion,0,0.72,163.28131461953086,114.2969202336716,0.0,82.29378256824354,82.19123559952259,1.001224598062294,0.0,0.0,1113.5656167678162,1095.6200924473494,1108.8562,1111.4140089841874,1089.7583
Therapy D,East,73,76,3,0.0,access_expansion,0,,143.3134758347895,42.99404275043685,1.1246755373782051,0.0,0.0,1.0,0.0,0.0,0.0,0.0,0.0,0.0,0.0
Therapy D,North,73,76,3,0.0,access_expansion,0,,214.08556266678428,64.22566880003528,1.2244725411997668,0.0,0.0,1.0,0.0,0.0,0.0,0.0,0.0,0.0,0.0
Therapy D,South,73,76,3,0.0,access_expansion,0,,144.07174819370368,43.22152445811111,0.9914642225944056,0.0,0.0,1.0,0.0,0.0,0.0,0.0,0.0,0.0,0.0
Therapy D,West,73,76,3,0.0,access_expansion,0,,163.28131461953086,48.98439438585925,1.078252907810606,0.0,0.0,1.0,0.0,0.0,0.0,0.0,0.0,0.0,0.0
Therapy A,East,76,79,3,158.03302103078906,access_expansion,0,0.55,143.4922827649509,43.04768482948526,0.72,17.70981753885024,17.68774918752972,1.0011471389229052,0.0,0.0,159.64134897183095,172.79618803407774,164.65663,160.88588021731815,160.40698
Therapy A,North,76,79,3,276.83685333903054,access_expansion,0,0.74,214.3526693155439,64.30580079466317,0.68,36.26075495209467,36.21557012296389,1.0011964561738704,0.0,0.0,277.11408738756364,280.47259735679023,274.794,278.07437492211494,276.9417
Therapy A,South,76,79,3,180.93126719199395,access_expansion,0,0.6,144.25150119227862,43.27545035768359,0.55,20.9669556982977,20.940828599954834,1.0011616787721394,0.0,0.0,181.0838693971137,183.0591570642349,178.56958,181.66877856272828,181.80278
Therapy A,West,76,79,3,207.01509449524136,access_expansion,0,0.65,163.48503468458247,49.04551040537474,0.6,25.18486959315993,25.153486517138724,1.0011752433916037,0.0,0.0,207.20497910652605,209.5823937284548,205.61946,207.89699716785384,208.65639
Therapy B,East,76,79,3,307.64050805116915,access_expansion,0,0.72,143.4922827649509,43.04768482948526,0.4046755373782051,26.60440613943198,26.5712541670827,1.0011788945206856,0.0,0.0,301.88252113409635,263.24880197020883,304.15533,300.90574813579343,308.945
Therapy B,North,76,79,3,436.8231313448256,access_expansion,0,0.68,214.3526693155439,64.30580079466317,0.5444725411997668,35.394911760502566,35.35080586579326,1.001195256148384,0.0,0.0,432.9587893217228,408.0327273822296,477.4238,428.8564148631135,459.96527
Therapy B,South,76,79,3,278.34592050590874,access_expansion,0,0.55,144.25150119227862,43.27545035768359,0.4414642225944055,20.12386930968229,20.09879278831893,1.0011583343866357,0.0,0.0,275.81527553771707,259.47702512498057,273.28552,273.1196742604257,268.52228
Therapy B,West,76,79,3,323.36489723456555,access_expansion,0,0.6,163.48503468458247,49.04551040537474,0.478252907810606,24.501513070275426,24.47098153051602,1.0011733438929675,0.0,0.0,320.45627856913165,301.68620186019035,321.92145,317.36258065115135,319.78406
Therapy C,East,76,79,3,958.2772567289176,access_expansion,0,0.66,143.4922827649509,100.4445979354656,0.0,66.2934346374073,66.21082583567275,1.001219123608735,0.0,0.0,955.9180415716808,942.5426354161438,942.9276,954.4532513450578,943.64264
Therapy C,North,76,79,3,1489.2541287521417,access_expansion,0,0.76,214.3526693155439,150.0468685208807,0.0,114.03562007586933,113.89351933872923,1.0012309115223115,0.0,0.0,1485.611769185629,1465.0057191894848,1449.4889,1483.3699751268687,1454.3912
Therapy C,South,76,79,3,979.9816578027256,access_expansion,0,0.7,144.25150119227862,100.97605083459504,0.0,70.68323558421652,70.5951566149148,1.0012208579792894,0.0,0.0,977.6079382750572,964.22016551608,969.62915,976.1657293662653,954.6848
Therapy C,West,76,79,3,1119.3664120655123,access_expansion,0,0.72,163.48503468458247,114.43952427920772,0.0,82.39645748102956,82.29378256824354,1.001224598062294,0.0,0.0,1116.6400962316357,1101.2366730312542,1128.6635,1114.9713651221616,1114.4451
Therapy D,East,76,79,3,0.0,access_expansion,0,,143.4922827649509,43.04768482948526,1.1246755373782051,0.0,0.0,1.0,0.0,0.0,0.0,0.0,0.0,0.0,0.0
Therapy D,North,76,79,3,0.0,access_expansion,0,,214.3526693155439,64.30580079466317,1.2244725411997668,0.0,0.0,1.0,0.0,0.0,0.0,0.0,0.0,0.0,0.0
Therapy D,South,76,79,3,0.0,access_expansion,0,,144.25150119227862,43.27545035768359,0.9914642225944056,0.0,0.0,1.0,0.0,0.0,0.0,0.0,0.0,0.0,0.0
Therapy D,West,76,79,3,0.0,access_expansion,0,,163.48503468458247,49.04551040537474,1.078252907810606,0.0,0.0,1.0,0.0,0.0,0.0,0.0,0.0,0.0,0.0
Therapy A,East,77,80,3,157.5898752761282,access_expansion,0,0.55,143.5519346370003,43.06558039110009,0.72,17.71717977289858,17.69510224743681,1.0011471389229056,0.0,0.0,159.05480843478455,171.1052902881341,166.66992,160.33199815072476,161.14577
Therapy A,North,77,80,3,276.77621639355635,access_expansion,0,0.74,214.4417789021857,64.33253367065569,0.68,36.27582908620933,36.23062547307433,1.00119645617387,0.0,0.0,277.00447826642244,279.9978705086392,274.83804,277.8965037160165,276.8769
Therapy A,South,77,80,3,180.89970018694493,access_expansion,0,0.6,144.31146868269872,43.29344060480961,0.55,20.975671973030256,20.949534013264756,1.0011616787721396,0.0,0.0,181.0225570524838,182.7764645502268,177.5284,181.56617349333987,180.63544
Therapy A,West,77,80,3,206.9746658165932,access_expansion,0,0.65,163.55299784039187,49.06589935211756,0.6,25.19533931731237,25.16394319488059,1.0011752433916037,0.0,0.0,207.1293088541129,209.24422927806984,205.18857,207.77231389283284,208.1288
Therapy B,East,77,80,3,309.32571931765114,access_expansion,0,0.72,143.5519346370003,43.06558039110009,0.4046755373782051,26.61546598599934,26.582300231883014,1.0011788945206859,0.0,0.0,303.9272090409244,267.7710773277978,308.47537,302.6287259197402,305.28467
Therapy B,North,77,80,3,437.9675890740084,access_expansion,0,0.68,214.4417789021857,64.33253367065569,0.5444725411997668,35.40962595074929,35.36550172056481,1.0011952561483841,0.0,0.0,434.3237295739028,410.8917050284547,458.11166,430.4932429812873,453.87808
Therapy B,South,77,80,3,279.09505044815114,access_expansion,0,0.55,144.31146868269872,43.29344060480961,0.4414642225944055,20.132235100887712,20.107148154842164,1.0011583343866357,0.0,0.0,276.7093103559758,261.351158603584,276.41946,274.19177970661156,272.3791
Therapy B,West,77,80,3,324.2260873372821,access_expansion,0,0.6,163.55299784039187,49.06589935211756,0.478252907810606,24.511698712977058,24.481154480803344,1.0011733438929675,0.0,0.0,321.48375636314614,303.8390901332435,321.8095,318.59465362421116,320.60266
Therapy C,East,77,80,3,959.0072148314327,access_expansion,0,0.66,143.5519346370003,100.4863542459002,0.0,66.32099380229414,66.23835065885437,1.0012191236087356,0.0,0.0,956.734908955738,943.9964898027348,934.49646,955.39145089521,938.93964
Therapy C,North,77,80,3,1490.381722916086,access_expansion,0,0.76,214.4417789021857,150.10924523152994,0.0,114.08302637596276,113.94086656543676,1.0012309115223115,0.0,0.0,1486.8725828908964,1467.2428063260306,1450.9344,1484.8167585626754,1462.6472
Therapy C,South,77,80,3,980.7170926735034,access_expansion,0,0.7,144.31146868269872,101.0180280778891,0.0,70.71261965452237,70.6245040694856,1.0012208579792896,0.0,0.0,978.4292931464512,965.6710559894792,959.70575,977.1069850737872,955.0837
Therapy C,West,77,80,3,1120.2107065249625,access_expansion,0,0.72,163.55299784039187,114.4870984882743,0.0,82.4307109115575,82.32799331528605,1.001224598062294,0.0,0.0,1117.5836635155392,1102.9076829435498,1122.0776,1116.0534904784945,1109.7949
Therapy D,East,77,80,3,0.0,access_expansion,0,,143.5519346370003,43.06558039110009,1.1246755373782051,0.0,0.0,1.0,0.0,0.0,0.0,0.0,0.018055174,0.0,0.0
Therapy D,North,77,80,3,0.0,access_expansion,0,,214.4417789021857,64.33253367065569,1.2244725411997668,0.0,0.0,1.0,0.0,0.0,0.0,0.0,0.018931475,0.0,0.0
Therapy D,South,77,80,3,0.0,access_expansion,0,,144.31146868269872,43.29344060480961,0.9914642225944056,0.0,0.0,1.0,0.0,0.0,0.0,0.0,0.019201418,0.0,0.0
Therapy D,West,77,80,3,0.0,access_expansion,0,,163.55299784039187,49.06589935211756,1.078252907810606,0.0,0.0,1.0,0.0,0.0,0.0,0.0,0.022097398,0.0,0.0
Therapy A,East,78,81,3,157.18714360383348,access_expansion,0,0.55,143.61161130721848,43.08348339216554,0.72,17.724545067536905,17.70245836412007,1.0011471389229056,0.0,0.0,158.52006958158432,169.5530979124557,168.52435,159.8227642634905,160.86357
Therapy A,North,78,81,3,276.7294441200749,access_expansion,0,0.74,214.53092553300536,64.35927765990161,0.68,36.29090948686532,36.24568708191731,1.0011964561738698,0.0,0.0,276.91252063054367,279.5677745230639,273.89777,277.7410215909306,275.43216
Therapy A,South,78,81,3,180.8765566012713,access_expansion,0,0.6,144.37146110249475,43.31143833074842,0.55,20.98439187124761,20.95824304554423,1.0011616787721394,0.0,0.0,180.97196475376927,182.52079249828537,179.66643,181.47713497969528,181.33313
Therapy A,West,78,81,3,206.9442158639933,access_expansion,0,0.65,163.62098924949407,49.08629677484822,0.6,25.205813393884565,25.174404219618626,1.0011752433916035,0.0,0.0,207.0663401767904,208.93812499277087,205.16035,207.6637212133586,208.14078
Therapy B,East,78,81,3,310.9067928439405,access_expansion,0,0.72,143.61161130721848,43.08348339216554,0.4046755373782051,26.626530430309096,26.593350888696452,1.0011788945206856,0.0,0.0,305.84367637835226,272.0005855547148,310.06345,304.2306065795206,308.63776
Therapy B,North,78,81,3,439.0480214827377,access_expansion,0,0.68,214.53092553300536,64.35927765990161,0.5444725411997668,35.42434625790331,35.380203684621335,1.001195256148384,0.0,0.0,435.61012288496056,413.5766732859304,464.6177,432.03478278241744,461.87515
Therapy B,South,78,81,3,279.8020891368308,access_expansion,0,0.55,144.37146110249475,43.31143833074842,0.4414642225944055,20.14060436987673,20.115506994815302,1.0011583343866357,0.0,0.0,277.55173057633465,263.1113058190517,273.3368,275.201371182485,265.6822
Therapy B,West,78,81,3,325.03897931440247,access_expansion,0,0.6,163.62098924949407,49.08629677484822,0.478252907810606,24.52188859000157,24.49133166013712,1.0011733438929675,0.0,0.0,322.4520003860387,305.86102587715385,323.421,319.7549424470909,323.27112
Therapy C,East,78,81,3,959.712413048876,access_expansion,0,0.66,143.61161130721848,100.52812791505292,0.0,66.34856442393493,66.26588692451362,1.0012191236087356,0.0,0.0,957.520539769794,945.372630976318,938.19995,956.2897065227698,930.99146
Therapy C,North,78,81,3,1491.47136223418,access_expansion,0,0.76,214.53092553300536,150.17164787310375,0.0,114.13045238355885,113.98823347508932,1.0012309115223113,0.0,0.0,1488.0855162535406,1469.3607931859071,1451.3402,1486.202315880403,1472.2852
Therapy C,South,78,81,3,981.428048129557,access_expansion,0,0.7,144.37146110249475,101.06002277174632,0.0,70.74201594022242,70.6538637242289,1.0012208579792894,0.0,0.0,979.219767871428,967.045158699564,965.0621,978.008762385633,952.2295
Therapy C,West,78,81,3,1121.0267175336037,access_expansion,0,0.72,163.62098924949407,114.53469247464584,0.0,82.464978581745,82.36221828424397,1.0012245980622942,0.0,0.0,1118.4915513574738,1104.4899555212291,1121.775,1117.0899966408288,1115.4779
Therapy D,East,78,81,3,0.0,access_expansion,0,,143.61161130721848,43.08348339216554,1.1246755373782051,0.0,0.0,1.0,0.0,0.0,0.0,0.0,0.034580175,0.0,0.0
Therapy D,North,78,81,3,0.0,access_expansion,0,,214.53092553300536,64.35927765990161,1.2244725411997668,0.0,0.0,1.0,0.0,0.0,0.0,0.0,0.036140326,0.0,0.0
Therapy D,South,78,81,3,0.0,access_expansion,0,,144.37146110249475,43.31143833074842,0.9914642225944056,0.0,0.0,1.0,0.0,0.0,0.0,0.0,0.035156637,0.0,0.0
Therapy D,West,78,81,3,0.0,access_expansion,0,,163.62098924949407,49.08629677484822,1.078252907810606,0.0,0.0,1.0,0.0,0.0,0.0,0.0,0.0381701,0.0,0.0
Therapy A,East,79,82,3,156.8216128807403,access_expansion,0,0.55,143.6713127859143,43.10139383577429,0.72,17.731913424037543,17.70981753885024,1.001147138922905,0.0,0.0,158.03302103078906,168.12878017133357,162.0285,159.35467292190228,159.29439
Therapy A,North,79,82,3,276.69545868698674,access_expansion,0,0.74,214.6201092234029,64.38603276702086,0.68,36.305996156667725,36.26075495209467,1.0011964561738698,0.0,0.0,276.83685333903054,279.1791482467478,278.22638,277.60630651153963,278.6221
Therapy A,South,79,82,3,180.86118244940107,access_expansion,0,0.6,144.43147846203024,43.32944353860907,0.55,20.993115394456094,20.9669556982977,1.0011616787721394,0.0,0.0,180.93126719199395,182.290237960035,182.57513,181.40068458614672,181.81064
Therapy A,West,79,82,3,206.922969442079,access_expansion,0,0.65,163.6890089236343,49.10670267709029,0.6,25.216291824685864,25.18486959315993,1.0011752433916032,0.0,0.0,207.01509449524136,208.66181718608567,207.35382,207.57005629138587,207.96811
Therapy B,East,79,82,3,312.3907134746611,access_expansion,0,0.72,143.6713127859143,43.10139383577429,0.4046755373782051,26.637599474272598,26.60440613943198,1.0011788945206852,0.0,0.0,307.64050805116915,275.9566177525589,306.98383,305.7198271649816,308.57532
Therapy B,North,79,82,3,440.068663651753,access_expansion,0,0.68,214.6201092234029,64.38603276702086,0.5444725411997668,35.439072684507536,35.394911760502566,1.001195256148384,0.0,0.0,436.8231313448256,416.0984495736367,451.88284,433.4870877551617,445.37402
Therapy B,South,79,82,3,280.46981562237386,access_expansion,0,0.55,144.43147846203024,43.32944353860907,0.4414642225944055,20.148977118095093,20.12386930968229,1.0011583343866357,0.0,0.0,278.34592050590874,264.7645124589432,273.80814,276.15240414139873,267.31064
Therapy B,West,79,82,3,325.806763696353,access_expansion,0,0.6,163.6890089236343,49.10670267709029,0.478252907810606,24.532082703109218,24.501513070275426,1.001173343892967,0.0,0.0,323.36489723456555,307.76012026244246,322.08746,320.8479955334655,317.53397
Therapy C,East,79,82,3,960.3947052471,access_expansion,0,0.66,143.6713127859143,100.56991895014,0.0,66.37614650709241,66.2934346374073,1.001219123608735,0.0,0.0,958.2772567289176,946.6766544609792,944.5836,957.1509412979653,934.2368
Therapy C,North,79,82,3,1492.5258878844943,access_expansion,0,0.76,214.6201092234029,150.234076456382,0.0,114.17789810685034,114.03562007586933,1.0012309115223115,0.0,0.0,1489.2541287521417,1471.3682546650905,1457.0955,1487.531127289316,1478.7003
Therapy C,South,79,82,3,982.1163565041708,access_expansion,0,0.7,144.43147846203024,101.10203492342116,0.0,70.7714244463948,70.68323558421652,1.0012208579792892,0.0,0.0,979.9816578027256,968.347998885021,969.2215,978.873948915219,943.49176
Therapy C,West,79,82,3,1121.8165622602337,access_expansion,0,0.72,163.6890089236343,114.582306246544,0.0,82.49926049751167,82.39645748102956,1.0012245980622936,0.0,0.0,1119.3664120655123,1105.9898777249473,1134.8491,1118.0842210853802,1118.1105
Therapy D,East,79,82,3,0.0,access_expansion,0,,143.6713127859143,43.10139383577429,1.1246755373782051,0.0,0.0,1.0,0.0,0.0,0.0,0.0,0.0,0.0,0.0
Therapy D,North,79,82,3,0.0,access_expansion,0,,214.6201092234029,64.38603276702086,1.2244725411997668,0.0,0.0,1.0,0.0,0.0,0.0,0.0,0.0,0.0,0.0
Therapy D,South,79,82,3,0.0,access_expansion,0,,144.43147846203024,43.32944353860907,0.9914642225944056,0.0,0.0,1.0,0.0,0.0,0.0,0.0,0.0,0.0,0.0
Therapy D,West,79,82,3,0.0,access_expansion,0,,163.6890089236343,49.10670267709029,1.078252907810606,0.0,0.0,1.0,0.0,0.0,0.0,0.0,0.0,0.0,0.0
Therapy A,East,82,85,3,155.31477050701753,overlapping_competitor_launch,0,0.55,143.85056617602206,43.155169852806615,1.22,13.600351779112005,17.731913424037543,0.7794372869765802,0.0,0.5,156.8216128807403,164.52676702946445,160.65431,152.34808051252338,158.02597
Therapy A,North,82,85,3,275.38874649392494,overlapping_competitor_launch,0,0.74,214.8878828061564,64.4663648418469,1.33,25.498381285895704,36.305996156667725,0.7102981830217026,0.0,0.65,276.69545868698674,278.23324714644025,275.5942,264.73659064975317,267.06128
Therapy A,South,82,85,3,180.01310180187386,overlapping_competitor_launch,0,0.6,144.61168028277345,43.38350408483203,1.1,16.00851300730302,20.993115394456094,0.7733562390888211,0.0,0.55,180.86118244940107,181.7318911593161,180.0117,174.6808313702602,176.47118
Therapy A,West,82,85,3,205.9287253414689,overlapping_competitor_launch,0,0.65,163.8932376538099,49.16797129614297,1.2,18.536325178645903,25.216291824685864,0.7451978834111866,0.0,0.6,206.922969442079,207.9910025253442,205.95363,198.99903538499584,203.64693
Therapy B,East,82,85,3,314.8984562949728,overlapping_competitor_launch,0,0.72,143.85056617602206,43.155169852806615,0.9046755373782052,21.233282821757406,26.637599474272598,0.8044578127146685,0.0,0.5,312.3907134746611,286.3587448495367,314.20703,300.60581684582417,304.69943
Therapy B,North,82,85,3,440.3405231393352,overlapping_competitor_launch,0,0.68,214.8878828061564,64.4663648418469,1.194472541199767,25.51034206543247,35.439072684507536,0.7275251567173835,0.0,0.6500000000000001,440.068663651753,422.7840255222397,455.94638,419.5712505964537,439.63937
Therapy B,South,82,85,3,280.6909623489909,overlapping_competitor_launch,0,0.55,144.61168028277345,43.38350408483203,0.9914642225944056,15.580887757611448,20.148977118095093,0.784004241199203,0.0,0.55,280.46981562237386,269.1473075072239,276.43204,269.5169190406095,263.7015
Therapy B,West,82,85,3,326.0072480831764,overlapping_competitor_launch,0,0.6,163.8932376538099,49.16797129614297,1.078252907810606,18.367526093230722,24.532082703109218,0.758556453010087,0.0,0.6000000000000001,325.806763696353,312.7949415763608,325.33215,311.9540572981442,317.65533
Therapy C,East,82,85,3,962.3207172230182,overlapping_competitor_launch,0,0.66,143.85056617602206,100.69539632321543,0.0,66.45896157332218,66.37614650709241,1.0012291451874744,0.0,0.0,960.3947052471,950.2063257584988,936.5176,959.5387395343415,958.0877
Therapy C,North,82,85,3,1495.5041807436985,overlapping_competitor_launch,0,0.76,214.8878828061564,150.42151796430943,0.0,114.32035365287517,114.17789810685034,1.0012368305757124,0.0,0.0,1492.5258878844943,1476.8045770225908,1462.1267,1491.2172711508165,1475.5435
Therapy C,South,82,85,3,984.0617794303608,overlapping_competitor_launch,0,0.7,144.61168028277345,101.2281761979414,0.0,70.85972333855896,70.7714244463948,1.0012302792210863,0.0,0.0,982.1163565041708,971.8786247065505,993.2683,981.2758671497037,997.3221
Therapy C,West,82,85,3,1124.048024917239,overlapping_competitor_launch,0,0.72,163.8932376538099,114.72526635766692,0.0,82.60219177752019,82.49926049751167,1.0012327208575889,0.0,0.0,1121.8165622602337,1110.0529667165792,1147.5035,1120.8431412962877,1156.6979
Therapy D,East,82,85,3,2.4373806294612947,overlapping_competitor_launch,0,0.5,143.85056617602206,43.155169852806615,1.1246755373782051,13.083861253554034,0.0,4.0,0.5,0.0,0.0,0.0,0.0,161.09676811017442,1.0487639
Therapy D,North,82,85,3,4.482502934406644,overlapping_competitor_launch,0,0.65,214.8878828061564,64.4663648418469,1.2244725411997668,23.944902857794258,0.0,4.0,0.65,0.0,0.0,0.0,0.0,294.8247759853703,13.84289
Therapy D,South,82,85,3,2.9984402348558774,overlapping_competitor_launch,0,0.55,144.61168028277345,43.38350408483203,0.9914642225944056,15.580887757611448,0.0,4.0,0.55,0.0,0.0,0.0,0.0,191.8417364259939,0.79471654
Therapy D,West,82,85,3,3.473846091084721,overlapping_competitor_launch,0,0.6,163.8932376538099,49.16797129614297,1.078252907810606,18.367526093230722,0.0,4.0,0.6,0.0,0.0,0.0,0.0013719498,226.1525886324279,11.207338
Therapy A,East,84,87,3,153.48841603547197,overlapping_competitor_launch,0,0.55,143.97019266767296,43.19105780030189,1.22,13.611661865765141,17.746659327717758,0.7794275028063885,0.0,0.5,156.19055246402917,162.60066930107251,160.45517,151.7323961634965,156.80917
Therapy A,North,84,87,3,272.55483267690903,overlapping_competitor_launch,0,0.74,215.06658410849911,64.51997523254973,1.33,25.51958580373039,36.33618831413758,0.7102917303877156,0.0,0.65,276.66193974468894,277.76020930816685,274.92435,264.6455794429586,266.71448
Therapy A,South,84,87,3,178.144989288047,overlapping_competitor_launch,0,0.6,144.73193971882466,43.4195819156474,1.1,16.02182572687389,21.01057332187495,0.7733476760442649,0.0,0.55,180.8513703254281,181.4552084449916,181.49577,174.6325288692561,175.86284
Therapy A,West,84,87,3,203.75406388156784,overlapping_competitor_launch,0,0.65,164.02953168133467,49.2088595044004,1.2,18.551740033158953,25.237261756217045,0.7451898073367383,0.0,0.6,206.90527570645384,207.65707871294288,204.83679,198.9376530858806,203.08241
Therapy B,East,84,87,3,313.9388363618459,overlapping_competitor_launch,0,0.72,143.97019266767296,43.19105780030189,0.9046755373782052,21.25094047301121,26.659751368810234,0.8044519336533833,0.0,0.5,315.0927399035869,292.2276469114948,315.7209,302.78278605501305,309.79257
Therapy B,North,84,87,3,436.40534978804897,overlapping_competitor_launch,0,0.68,215.06658410849911,64.51997523254973,1.194472541199767,25.531556529881428,35.468543906243454,0.7275189433965636,0.0,0.6500000000000001,441.9461700521948,426.59768887682463,458.38275,421.626074647651,447.16275
Therapy B,South,84,87,3,278.2177733872265,overlapping_competitor_launch,0,0.55,144.73193971882466,43.4195819156474,0.9914642225944056,15.593844862952066,20.165733058005987,0.7839957547170996,0.0,0.55,281.6975672035397,271.6470742409087,276.124,270.8835606699722,263.61847
Therapy B,West,84,87,3,323.0425802507729,overlapping_competitor_launch,0,0.6,164.02953168133467,49.2088595044004,1.078252907810606,18.382800574000946,24.552483644618704,0.758548595258877,0.0,0.6000000000000001,327.2187591260373,315.66682648050687,319.90414,313.5136378923244,309.61642
Therapy C,East,84,87,3,963.5185330354516,overlapping_competitor_launch,0,0.66,143.97019266767296,100.77913486737108,0.0,66.51422901246492,66.43134507701834,1.001229160346007,0.0,0.0,961.6973220248184,952.2851570036364,952.37854,960.9904226364699,969.3085
Therapy C,North,84,87,3,1497.3575734459105,overlapping_competitor_launch,0,0.76,215.06658410849911,150.54660887594935,0.0,114.4154227457215,114.27284873330727,1.0012368394984676,0.0,0.0,1494.5399440209198,1480.008417421842,1463.7295,1493.4598207307165,1484.1914
Therapy C,South,84,87,3,985.273504856553,overlapping_competitor_launch,0,0.7,144.73193971882466,101.31235780317726,0.0,70.91865046222408,70.83027814047969,1.0012302934644295,0.0,0.0,983.431704480264,973.961298541298,969.11694,982.7385754120329,974.9333
Therapy C,West,84,87,3,1125.437200839786,overlapping_competitor_launch,0,0.72,164.02953168133467,114.82067217693428,0.0,82.67088396739268,82.56786708947348,1.0012327331246698,0.0,0.0,1123.325462421922,1112.448459770245,1153.5143,1122.5223063837034,1155.6688
Therapy D,East,84,87,3,8.031810614928762,overlapping_competitor_launch,0,0.5,143.97019266767296,43.19105780030189,1.1246755373782051,13.094741825390606,0.0,4.0,0.5,0.0,0.0,0.0,0.0,161.5213598009743,0.92818177
Therapy D,North,84,87,3,14.726929580787443,overlapping_competitor_launch,0,0.65,215.06658410849911,64.51997523254973,1.2244725411997668,23.964815499071566,0.0,4.0,0.65,0.0,0.0,0.0,0.0,295.6018254047586,13.603483
Therapy D,South,84,87,3,9.85202649634175,overlapping_competitor_launch,0,0.55,144.73193971882466,43.4195819156474,0.9914642225944056,15.593844862952066,0.0,4.0,0.55,0.0,0.0,0.0,0.0,192.34736051883354,0.7807292
Therapy D,West,84,87,3,11.410708921908869,overlapping_competitor_launch,0,0.6,164.02953168133467,49.2088595044004,1.078252907810606,18.382800574000946,0.0,4.0,0.6,0.0,0.0,0.0,0.0,226.74864348264416,11.991617
Therapy A,East,85,88,3,152.51918690187665,overlapping_competitor_launch,0,0.55,144.03004321396338,43.20901296418901,1.22,13.617320435664166,13.600351779112005,1.0011622087473562,0.0,0.0,155.31477050701753,161.75833661259284,156.17033,151.12571953177127,156.76118
Therapy A,North,85,88,3,270.96366128273587,overlapping_competitor_launch,0,0.74,215.1559904801182,64.54679714403545,1.33,25.53019467438034,25.498381285895704,1.0012005785614373,0.0,0.0,275.38874649392494,277.56410417201414,274.38766,263.88937211598494,268.49734
Therapy A,South,85,88,3,177.09514376693286,overlapping_competitor_launch,0,0.6,144.79210693467223,43.43763208040167,1.1,16.028486237668215,16.00851300730302,1.0011743078514048,0.0,0.0,180.01310180187386,181.34138752362296,178.26688,174.1014732494451,174.12845
Therapy A,West,85,88,3,202.5328357085631,overlapping_competitor_launch,0,0.65,164.09772119262848,49.22931635778854,1.2,18.559452266886282,18.536325178645903,1.0011837993086672,0.0,0.0,205.9287253414689,207.519182278076,204.22955,198.33266425113393,201.38022
Therapy B,East,85,88,3,313.15125569520904,overlapping_competitor_launch,0,0.72,144.03004321396338,43.20901296418901,0.9046755373782052,21.259774804430283,21.233282821757406,1.001191546155611,0.0,0.0,314.8984562949728,294.88389386958164,313.82007,302.8321504458084,307.99026
Therapy B,North,85,88,3,434.0329243549321,overlapping_competitor_launch,0,0.68,215.1559904801182,64.54679714403545,1.194472541199767,25.54217037693994,25.51034206543247,1.0012005998047444,0.0,0.0,440.3405231393352,428.3357182576434,444.96255,420.98735413971616,432.82672
Therapy B,South,85,88,3,276.7238685832965,overlapping_competitor_launch,0,0.55,144.79210693467223,43.43763208040167,0.9914642225944056,15.600327455748,15.580887757611448,1.0011724160021305,0.0,0.0,280.6909623489909,272.7861546230054,275.4824,270.4595725667214,261.73416
Therapy B,West,85,88,3,321.25735088660883,overlapping_competitor_launch,0,0.6,164.09772119262848,49.22931635778854,1.078252907810606,18.390442577087242,18.367526093230722,1.0011832426994653,0.0,0.0,326.0072480831764,316.97556528388475,315.22635,313.00321710678594,306.16177
Therapy C,East,85,88,3,964.0953969073274,overlapping_competitor_launch,0,0.66,144.03004321396338,100.82103024977437,0.0,66.54187996485109,66.45896157332218,1.0012291679206888,0.0,0.0,962.3207172230182,953.254008371566,948.788,961.6802876158497,949.4894
Therapy C,North,85,88,3,1498.2504744330686,overlapping_competitor_launch,0,0.76,215.1559904801182,150.6091933360827,0.0,114.46298693542286,114.32035365287517,1.001236843957113,0.0,0.0,1495.5041807436985,1481.5021852692405,1454.3926,1494.5259472710409,1449.2087
Therapy C,South,85,88,3,985.8575708847565,overlapping_competitor_launch,0,0.7,144.79210693467223,101.35447485427056,0.0,70.94813239798938,70.85972333855896,1.0012303005817862,0.0,0.0,984.0617794303608,974.9328898998072,964.98193,983.4343645710321,956.39984
Therapy C,West,85,88,3,1126.106605101319,overlapping_competitor_launch,0,0.72,164.09772119262848,114.86840483483994,0.0,82.70525148108474,82.60219177752019,1.001232739254478,0.0,0.0,1124.048024917239,1113.5656167678162,1165.4241,1123.3207951861266,1124.0532
Therapy D,East,85,88,3,11.247352502676524,overlapping_competitor_launch,0,0.5,144.03004321396338,43.20901296418901,1.1246755373782051,13.100185503955311,13.083861253554034,1.0011590749232322,0.0,0.0,2.4373806294612947,0.0,0.10072754,2.437836783928399,2.965827
Therapy D,North,85,88,3,20.58637188961261,overlapping_competitor_launch,0,0.65,215.1559904801182,64.54679714403545,1.2244725411997668,23.974778028625725,23.944902857794258,1.0011976463088181,0.0,0.0,4.482502934406644,0.0,3.3081856,4.483341832407483,16.249104
Therapy D,South,85,88,3,13.772578249450325,overlapping_competitor_launch,0,0.55,144.79210693467223,43.43763208040167,0.9914642225944056,15.600327455748,15.580887757611448,1.0011724160021305,0.0,0.0,2.9984402348558774,0.0,0.106129,2.999001391324811,3.1357558
Therapy D,West,85,88,3,15.94872859639773,overlapping_competitor_launch,0,0.6,164.09772119262848,49.22931635778854,1.078252907810606,18.390442577087242,18.367526093230722,1.0011832426994653,0.0,0.0,3.473846091084721,0.0,0.1170055,3.4744962195026337,7.7321095
Therapy A,East,88,91,3,149.29722850469528,overlapping_competitor_launch,0,0.55,144.20974417877562,43.262923253632685,1.22,13.63431026338234,13.617320435664166,1.001162307947818,0.0,0.0,152.51918690187665,159.64134897183095,150.78285,148.97436188561687,155.9081
Therapy A,North,88,91,3,265.3537415974552,overlapping_competitor_launch,0,0.74,215.4244326621216,64.62732979863648,1.33,25.562047755254685,25.53019467438034,1.0012006350222942,0.0,0.0,270.96366128273587,277.11408738756364,273.40652,261.1334086561959,266.514
Therapy A,South,88,91,3,173.39115287470435,overlapping_competitor_launch,0,0.6,144.97275869824003,43.491827609472,1.1,16.048484387895165,16.028486237668215,1.0011743938919664,0.0,0.0,177.09514376693286,181.0838693971137,173.9178,172.1707564782488,173.08572
Therapy A,West,88,91,3,198.2284615687343,overlapping_competitor_launch,0,0.65,164.30245985800536,49.29073795740161,1.2,18.58260820994041,18.559452266886282,1.0011838748211437,0.0,0.0,202.5328357085631,207.20497910652605,199.61359,196.13312661093556,200.66351
Therapy B,East,88,91,3,309.4629441619959,overlapping_competitor_launch,0,0.72,144.20974417877562,43.262923253632685,0.9046755373782052,21.286299840171417,21.259774804430283,1.0011916129419178,0.0,0.0,313.15125569520904,301.88252113409635,305.06085,303.14590123273445,293.64423
Therapy B,North,88,91,3,425.12325202601335,overlapping_competitor_launch,0,0.68,215.4244326621216,64.62732979863648,1.194472541199767,25.574038399456015,25.54217037693994,1.001200656241125,0.0,0.0,434.0329243549321,432.9587893217228,431.3753,417.7546188703486,425.40695
Therapy B,South,88,91,3,271.1025163597974,overlapping_competitor_launch,0,0.55,144.97275869824003,43.491827609472,0.9914642225944056,15.619791408077852,15.600327455748,1.0011725041196768,0.0,0.0,276.7238685832965,275.81527553771707,268.61856,268.3269279411812,256.93784
Therapy B,West,88,91,3,314.56168469975853,overlapping_competitor_launch,0,0.6,164.30245985800536,49.29073795740161,1.078252907810606,18.4133876529942,18.390442577087242,1.001183318834304,0.0,0.0,321.25735088660883,320.45627856913165,311.76852,310.47094119492556,302.2561
Therapy C,East,88,91,3,965.7506493026737,overlapping_competitor_launch,0,0.66,144.20974417877562,100.94682092514292,0.0,66.62490181059432,66.54187996485109,1.0012291906264148,0.0,0.0,964.0953969073274,955.9180415716808,936.4876,963.6265227349054,942.38855
Therapy C,North,88,91,3,1500.81367322065,overlapping_competitor_launch,0,0.76,215.4244326621216,150.79710286348512,0.0,114.6057981762487,114.46298693542286,1.001236857322128,0.0,0.0,1498.2504744330686,1485.611769185629,1460.1558,1497.535224842533,1461.4962
Therapy C,South,88,91,3,987.53527460357,overlapping_competitor_launch,0,0.7,144.97275869824003,101.48093108876802,0.0,71.03665176213761,70.94813239798938,1.0012303219166074,0.0,0.0,985.8575708847565,977.6079382750572,965.48315,985.3997779868057,959.6155
Therapy C,West,88,91,3,1128.0287470696949,overlapping_competitor_launch,0,0.72,164.30245985800536,115.01172190060376,0.0,82.80843976843471,82.70525148108474,1.0012327576289917,0.0,0.0,1126.106605101319,1116.6400962316357,1171.1876,1125.5753507681986,1131.1991
Therapy D,East,88,91,3,22.847693777424084,overlapping_competitor_launch,0,0.5,144.20974417877562,43.262923253632685,1.1246755373782051,13.11653012152085,13.100185503955311,1.0011591774846476,0.0,0.0,11.247352502676524,0.0,15.800033,10.567924944697,25.531189
Therapy D,North,88,91,3,41.55259041534925,overlapping_competitor_launch,0,0.65,215.4244326621216,64.62732979863648,1.2244725411997668,24.004690473604324,23.974778028625725,1.0011977061395427,0.0,0.0,20.58637188961261,0.0,21.29657,19.345754301271942,36.28732
Therapy D,South,88,91,3,27.804227602121763,overlapping_competitor_launch,0,0.55,144.97275869824003,43.491827609472,0.9914642225944056,15.619791408077852,15.600327455748,1.0011725041196768,0.0,0.0,13.772578249450325,0.0,16.243649,12.94252980665331,29.634024
Therapy D,West,88,91,3,32.17698060228699,overlapping_competitor_launch,0,0.6,164.30245985800536,49.29073795740161,1.078252907810606,18.4133876529942,18.390442577087242,1.001183318834304,0.0,0.0,15.94872859639773,0.0,18.860874,14.98775480363827,34.172478
Therapy A,East,91,94,3,145.52871709638202,overlapping_competitor_launch,0,0.55,144.3896693498439,43.31690080495317,1.22,13.651321288680991,13.63431026338234,1.0011624070415683,0.0,0.0,149.29722850469528,158.03302103078906,153.45233,146.51030971349564,155.11998
Therapy A,North,91,94,3,258.4101940445102,overlapping_competitor_launch,0,0.74,215.69320976951985,64.70796293085596,1.33,25.593940578041458,25.562047755254685,1.0012006914180953,0.0,0.0,265.3537415974552,276.83685333903054,262.347,257.39756440259237,263.8054
Therapy A,South,91,94,3,168.80519974679976,overlapping_competitor_launch,0,0.6,145.15363585434042,43.54609075630213,1.1,16.068507489075483,16.048484387895165,1.001174479837899,0.0,0.0,173.39115287470435,180.93126719199395,173.10382,169.56810916020945,171.95993
Therapy A,West,91,94,3,192.9065272136965,overlapping_competitor_launch,0,0.65,164.50745396825243,49.35223619047573,1.2,18.605793043809353,18.58260820994041,1.0011839502491386,0.0,0.0,198.2284615687343,207.01509449524136,194.84317,193.16674029349576,197.10579
Therapy B,East,91,94,3,303.78752112330534,overlapping_competitor_launch,0,0.72,144.3896693498439,43.31690080495317,0.9046755373782052,21.312857970219866,21.286299840171417,1.0011916796524731,0.0,0.0,309.4629441619959,307.64050805116915,308.55228,301.63333027208245,302.1656
Therapy B,North,91,94,3,413.5293378190303,overlapping_competitor_launch,0,0.68,215.69320976951985,64.70796293085596,1.194472541199767,25.60594618252665,25.574038399456015,1.0012007126124756,0.0,0.0,425.12325202601335,436.8231313448256,425.4397,412.2215293151373,419.0318
Therapy B,South,91,94,3,263.7737155119644,overlapping_competitor_launch,0,0.55,145.15363585434042,43.54609075630213,0.9914642225944056,15.639279644862087,15.619791408077852,1.0011725921406427,0.0,0.0,271.1025163597974,278.34592050590874,269.9242,264.6943362750749,259.46686
Therapy B,West,91,94,3,305.86291635792134,overlapping_competitor_launch,0,0.6,164.50745396825243,49.35223619047573,1.078252907810606,18.43636135662482,18.4133876529942,1.0011833948840494,0.0,0.0,314.56168469975853,323.36489723456555,310.3423,306.1932569859624,302.8455
Therapy C,East,91,94,3,967.3118196584978,overlapping_competitor_launch,0,0.66,144.3896693498439,101.07276854489072,0.0,66.70802723962788,66.62490181059432,1.0012292133046843,0.0,0.0,965.7506493026737,958.2772567289176,932.21173,965.4181266341272,956.7843
Therapy C,North,91,94,3,1503.232629801998,overlapping_competitor_launch,0,0.76,215.69320976951985,150.9852468386639,0.0,114.74878759738456,114.6057981762487,1.0012368706707762,0.0,0.0,1500.81367322065,1489.2541287521417,1448.015,1500.307456894656,1487.6798
Therapy C,South,91,94,3,989.11995230821,overlapping_competitor_launch,0,0.7,145.15363585434042,101.60754509803829,0.0,71.12528156862679,71.03665176213761,1.0012303432255822,0.0,0.0,987.53527460357,979.9816578027256,979.5064,987.2123162282971,975.92596
Therapy C,West,91,94,3,1129.8434050844544,overlapping_competitor_launch,0,0.72,164.50745396825243,115.1552177777767,0.0,82.91175679999922,82.80843976843471,1.001232775981154,0.0,0.0,1128.0287470696949,1119.3664120655123,1134.5063,1127.6532692364412,1126.5071
Therapy D,East,91,94,3,37.56955925550524,overlapping_competitor_launch,0,0.5,144.3896693498439,43.31690080495317,1.1246755373782051,13.132895131661991,13.11653012152085,1.001159279936377,0.0,0.0,22.847693777424084,0.0,33.21455,21.205344562221907,38.407593
Therapy D,North,91,94,3,67.80622469458915,overlapping_competitor_launch,0,0.65,215.69320976951985,64.70796293085596,1.2244725411997668,24.03464023923562,24.004690473604324,1.001197765901678,0.0,0.0,41.55259041534925,0.0,69.88966,38.578331278894645,66.464935
Therapy D,South,91,94,3,45.381031786343485,overlapping_competitor_launch,0,0.55,145.15363585434042,43.54609075630213,0.9914642225944056,15.639279644862087,15.619791408077852,1.0011725921406427,0.0,0.0,27.804227602121763,0.0,39.496006,25.81381407654742,45.308144
Therapy D,West,91,94,3,52.477741086095634,overlapping_competitor_launch,0,0.6,164.50745396825243,49.35223619047573,1.078252907810606,18.43636135662482,18.4133876529942,1.0011833948840494,0.0,0.0,32.17698060228699,0.0,44.414738,29.874514721872735,53.452797
Therapy A,East,94,97,3,141.27201770154724,overlapping_competitor_launch,0,0.55,144.56981900690215,43.37094570207064,1.22,13.668353538007564,13.651321288680991,1.0011625060287042,0.0,0.0,145.52871709638202,156.8216128807403,173.48962,143.60884804574056,150.26286
Therapy A,North,94,97,3,250.33621120679348,overlapping_competitor_launch,0,0.74,215.9623222201872,64.78869666605615,1.33,25.625873192325187,25.593940578041458,1.00120074774891,0.0,0.0,258.4101940445102,276.69545868698674,273.66953,252.53385857749294,260.3649
Therapy A,South,94,97,3,163.47391600262077,overlapping_competitor_launch,0,0.6,145.33473868418733,43.600421605256194,1.1,16.088555572339537,16.068507489075483,1.0011745656892899,0.0,0.0,168.80519974679976,180.86118244940107,177.39438,166.1946451970653,165.48566
Therapy A,West,94,97,3,186.7274287461248,overlapping_competitor_launch,0,0.65,164.712703842079,49.4138111526237,1.2,18.629006804539138,18.605793043809353,1.0011840255927376,0.0,0.0,192.9065272136965,206.922969442079,196.75375,189.3220958377587,190.4135
Therapy B,East,94,97,3,296.44639237415663,overlapping_competitor_launch,0,0.72,144.56981900690215,43.37094570207064,0.9046755373782052,21.339449235866187,21.312857970219866,1.0011917462873565,0.0,0.0,303.78752112330534,312.3907134746611,303.09915,298.2512694863942,302.11472
Therapy B,North,94,97,3,399.7879091194986,overlapping_competitor_launch,0,0.68,215.9623222201872,64.78869666605615,1.194472541199767,25.637893775759647,25.60594618252665,1.0012007689188658,0.0,0.0,413.5293378190303,440.068663651753,426.13037,404.2912787449259,407.16852
Therapy B,South,94,97,3,255.07811943284105,overlapping_competitor_launch,0,0.55,145.33473868418733,43.600421605256194,0.9914642225944056,15.658792196399505,15.639279644862087,1.0011726800651157,0.0,0.0,263.7737155119644,280.46981562237386,264.34653,259.497394426458,254.34338
Therapy B,West,94,97,3,295.5679230198408,overlapping_competitor_launch,0,0.6,164.712703842079,49.4138111526237,1.078252907810606,18.45936372369688,18.43636135662482,1.0011834708487874,0.0,0.0,305.86291635792134,325.806763696353,309.8621,300.09943326060807,301.67145
Therapy C,East,94,97,3,968.799015460703,overlapping_competitor_launch,0,0.66,144.56981900690215,101.1988733048315,0.0,66.79125638118879,66.70802723962788,1.0012292359555293,0.0,0.0,967.3118196584978,960.3947052471,963.10626,967.0875291202606,956.0461
Therapy C,North,94,97,3,1505.538170309978,overlapping_competitor_launch,0,0.76,215.9623222201872,151.17362555413104,0.0,114.89195542113958,114.74878759738456,1.0012368840030792,0.0,0.0,1503.232629801998,1492.5258878844943,1536.8821,1502.89235119692,1490.5483
Therapy C,South,94,97,3,990.6314891279968,overlapping_competitor_launch,0,0.7,145.33473868418733,101.73431707893111,0.0,71.21402195525178,71.12528156862679,1.001230364508741,0.0,0.0,989.11995230821,982.1163565041708,977.02594,988.9040370710484,973.5159
Therapy C,West,94,97,3,1131.5735521342467,overlapping_competitor_launch,0,0.72,164.712703842079,115.2988926894553,0.0,83.01520273640782,82.91175679999922,1.0012327943109944,0.0,0.0,1129.8434050844544,1121.8165622602337,1239.4152,1129.5915912126445,1150.3652
Therapy D,East,94,97,3,55.071281803369146,overlapping_competitor_launch,0,0.5,144.56981900690215,43.37094570207064,1.1246755373782051,13.1492805598218,13.132895131661991,1.0011593822785185,0.0,0.0,37.56955925550524,0.0,99.538994,34.64832997512235,56.6601
Therapy D,North,94,97,3,98.58791116753493,overlapping_competitor_launch,0,0.65,215.9623222201872,64.78869666605615,1.2244725411997668,24.06462737208324,24.03464023923562,1.0011978255952974,0.0,0.0,67.80622469458915,0.0,138.26904,62.56633442624618,91.811676
Therapy D,South,94,97,3,65.99810564382173,overlapping_competitor_launch,0,0.55,145.33473868418733,43.600421605256194,0.9914642225944056,15.658792196399505,15.639279644862087,1.0011726800651157,0.0,0.0,45.381031786343485,0.0,111.21322,41.8734965760659,65.91336
Therapy D,West,94,97,3,76.25586268616689,overlapping_competitor_launch,0,0.6,164.712703842079,49.4138111526237,1.078252907810606,18.45936372369688,18.43636135662482,1.0011834708487874,0.0,0.0,52.477741086095634,0.0,125.48439,48.42422368523887,80.10792
Therapy A,East,97,100,3,136.75438990437772,overlapping_competitor_launch,0,0.55,144.7501934300332,43.42505802900995,1.22,13.685407037842488,13.668353538007564,1.0011625686032941,0.0,0.0,141.27201770154724,155.31477050701753,149.54803,140.29836522257025,145.94487
Therapy A,North,97,100,3,241.6527084824983,overlapping_competitor_launch,0,0.74,216.2317704325188,64.86953112975561,1.33,25.657845647752236,25.625873192325187,1.001200783356139,0.0,0.0,250.33621120679348,275.38874649392494,255.12186,246.692268924435,253.01616
Therapy A,South,97,100,3,157.7427848101721,overlapping_competitor_launch,0,0.6,145.5160674693456,43.65482024080367,1.1,16.108628668856557,16.088555572339537,1.001174619959068,0.0,0.0,163.47391600262077,180.01310180187386,163.25888,162.14853484973216,158.36665
Therapy A,West,97,100,3,180.09207796631077,overlapping_competitor_launch,0,0.65,164.91820979859165,49.47546293957749,1.2,18.652249528220718,18.629006804539138,1.0011840732194228,0.0,0.0,186.7274287461248,205.9287253414689,182.91606,184.7159888472605,180.40192
Therapy B,East,97,100,3,288.0981315294961,overlapping_competitor_launch,0,0.72,144.7501934300332,43.42505802900995,0.9046755373782052,21.366073678452434,21.339449235866187,1.0011917884085015,0.0,0.0,296.44639237415663,314.8984562949728,289.7273,293.26364183387227,292.42288
Therapy B,North,97,100,3,384.9415607589832,overlapping_competitor_launch,0,0.68,216.2317704325188,64.86953112975561,1.194472541199767,25.669881228824636,25.637893775759647,1.0012008045106542,0.0,0.0,399.7879091194986,440.3405231393352,396.7481,394.3896324643034,398.57397
Therapy B,South,97,100,3,245.6789818471273,overlapping_competitor_launch,0,0.55,145.5160674693456,43.65482024080367,0.9914642225944056,15.678329093026738,15.658792196399505,1.001172735645536,0.0,0.0,255.07811943284105,280.6909623489909,254.79025,253.0045198631544,246.2607
Therapy B,West,97,100,3,284.46001677405764,overlapping_competitor_launch,0,0.6,164.91820979859165,49.47546293957749,1.078252907810606,18.48239478997268,18.45936372369688,1.0011835188681546,0.0,0.0,295.5679230198408,326.0072480831764,290.3607,292.51091800270484,291.07108
Therapy C,East,97,100,3,970.2281693890164,overlapping_competitor_launch,0,0.66,144.7501934300332,101.32513540102325,0.0,66.87458936467534,66.79125638118879,1.0012292502726725,0.0,0.0,968.799015460703,962.3207172230182,955.9799,968.6605384306345,963.321
Therapy C,North,97,100,3,1507.7547226529075,overlapping_competitor_launch,0,0.76,216.2317704325188,151.3622393027631,0.0,115.03530187009996,114.89195542113958,1.0012368924300532,0.0,0.0,1505.538170309978,1495.5041807436985,1472.3372,1505.3294685988976,1443.0095
Therapy C,South,97,100,3,992.0856434743152,overlapping_competitor_launch,0,0.7,145.5160674693456,101.8612472285419,0.0,71.30287305997932,71.21402195525178,1.0012303779613723,0.0,0.0,990.6314891279968,984.0617794303608,975.87006,990.5004563960907,980.9662
Therapy C,West,97,100,3,1133.237393208638,overlapping_competitor_launch,0,0.72,164.91820979859165,115.44274685901416,0.0,83.1187777384902,83.01520273640782,1.0012328058968496,0.0,0.0,1131.5735521342467,1124.048024917239,1149.3713,1131.4197972501772,1135.3209
Therapy D,East,97,100,3,74.36078840022199,overlapping_competitor_launch,0,0.5,144.7501934300332,43.42505802900995,1.1246755373782051,13.165686431475088,13.1492805598218,1.0011594469743013,0.0,0.0,55.071281803369146,2.4373806294612947,75.85015,50.60436936178178,76.00613
Therapy D,North,97,100,3,132.0891480220297,overlapping_competitor_launch,0,0.65,216.2317704325188,64.86953112975561,1.2244725411997668,24.094651918768847,24.06462737208324,1.0011978633283658,0.0,0.0,98.58791116753493,4.482502934406644,119.7786,90.65443642730085,123.25189
Therapy D,South,97,100,3,88.44732874877113,overlapping_competitor_launch,0,0.55,145.5160674693456,43.65482024080367,0.9914642225944056,15.678329093026738,15.658792196399505,1.001172735645536,0.0,0.0,65.99810564382173,2.9984402348558774,85.456345,60.685946474225666,86.4954
Therapy D,West,97,100,3,102.11227218453688,overlapping_competitor_launch,0,0.6,164.91820979859165,49.47546293957749,1.078252907810606,18.48239478997268,18.45936372369688,1.0011835188681546,0.0,0.0,76.25586268616689,3.473846091084721,96.07041,70.12303638418555,97.89338
Therapy A,East,100,103,3,132.27736307319554,persistence_change,0,0.55,144.93079289966946,43.47923786990084,1.22,13.70248181469925,13.685407037842488,1.0011625686032946,0.0,0.0,136.75438990437772,152.51918690187665,144.6034,136.75436425044583,141.30933
Therapy A,North,100,103,3,232.9996765827448,persistence_change,0,0.74,216.50155482543207,64.95046644762964,1.33,25.689857994030948,25.657845647752236,1.0012007833561392,0.0,0.0,241.6527084824983,270.96366128273587,242.52293,240.2965283358836,240.05116
Therapy A,South,100,103,3,152.0344541962374,persistence_change,0,0.6,145.6976224917312,43.70928674751936,1.1,16.128726809834642,16.108628668856557,1.0011746199590674,0.0,0.0,157.7427848101721,177.09514376693286,155.8036,157.70830500226285,154.36087
Therapy A,West,100,103,3,173.48883651686305,persistence_change,0,0.65,165.12397215729536,49.53719164718861,1.2,18.67552125099011,18.652249528220718,1.0011840732194228,0.0,0.0,180.09207796631077,202.5328357085631,179.6616,179.67268261285884,180.64566
Therapy B,East,100,103,3,279.5237574915151,persistence_change,0,0.72,144.93079289966946,43.47923786990084,0.9046755373782052,21.392731339372272,21.366073678452434,1.0011917884085022,0.0,0.0,288.0981315294961,313.15125569520904,280.18982,287.2225320894503,282.97052
Therapy B,North,100,103,3,370.1679551317198,persistence_change,0,0.68,216.50155482543207,64.95046644762964,1.194472541199767,25.701908591453286,25.669881228824636,1.0012008045106544,0.0,0.0,384.9415607589832,434.0329243549321,382.60068,383.3778983289873,383.41864
Therapy B,South,100,103,3,236.32620934469327,persistence_change,0,0.55,145.6976224917312,43.70928674751936,0.9914642225944056,15.69789036511824,15.678329093026738,1.0011727356455353,0.0,0.0,245.6789818471273,276.7238685832965,242.17946,245.76250094955995,237.41397
Therapy B,West,100,103,3,273.41994353254904,persistence_change,0,0.6,165.12397215729536,49.53719164718861,1.078252907810606,18.505454591259163,18.48239478997268,1.0011835188681546,0.0,0.0,284.46001677405764,321.25735088660883,280.2283,284.07370642498347,281.4191
Therapy C,East,100,103,3,971.6118918808304,persistence_change,0,0.66,144.93079289966946,101.4515550297686,0.0,66.95802631964727,66.87458936467534,1.0012292502726723,0.0,0.0,970.2281693890164,964.0953969073274,948.78394,970.1576621503916,964.7014
Therapy C,North,100,103,3,1509.9016226647402,persistence_change,0,0.76,216.50155482543207,151.5510883778025,0.0,115.1788271671299,115.03530187009996,1.0012368924300539,0.0,0.0,1507.7547226529075,1498.2504744330686,1460.4568,1507.6502469190016,1466.9675
Therapy C,South,100,103,3,993.4948892871524,persistence_change,0,0.7,145.6976224917312,101.98833574421184,0.0,71.39183502094828,71.30287305997932,1.001230377961372,0.0,0.0,992.0856434743152,985.8575708847565,974.0225,992.0218522566165,990.64996
Therapy C,West,100,103,3,1134.8493385644474,persistence_change,0,0.72,165.12397215729536,115.58678051010672,0.0,83.22248196727683,83.1187777384902,1.001232805896849,0.0,0.0,1133.237393208638,1126.106605101319,1146.9735,1133.1613153203468,1127.8843
Therapy D,East,100,103,3,94.15113314008072,persistence_change,0,0.5,144.93079289966946,43.47923786990084,1.1246755373782051,13.182112772128452,13.165686431475088,1.0011594469743017,0.0,0.0,74.36078840022199,11.247352502676524,89.32564,68.20752863368676,99.041405
Therapy D,North,100,103,3,166.109185940724,persistence_change,0,0.65,216.50155482543207,64.95046644762964,1.2244725411997668,24.124713925972333,24.094651918768847,1.0011978633283662,0.0,0.0,132.0891480220297,20.58637188961261,154.91435,121.26111357423699,158.24405
Therapy D,South,100,103,3,111.25617681388526,persistence_change,0,0.55,145.6976224917312,43.70928674751936,0.9914642225944056,15.69789036511824,15.678329093026738,1.0011727356455353,0.0,0.0,88.44732874877113,13.772578249450325,107.093056,81.1947230812571,115.70338
Therapy D,West,100,103,3,128.3526427126971,persistence_change,0,0.6,165.12397215729536,49.53719164718861,1.078252907810606,18.505454591259163,18.48239478997268,1.0011835188681546,0.0,0.0,102.11227218453688,15.94872859639773,118.85676,93.74730568253304,131.60254
Therapy A,East,102,105,3,121.99284697346056,persistence_change,0,0.55,145.05131771057333,43.515395313172,1.22,13.713876832946156,13.696787856662132,1.0011625686032943,0.0,0.0,133.7471323591862,150.42925212349903,142.6843,134.38263565784357,140.75735
Therapy A,North,102,105,3,214.3965682735284,persistence_change,0,0.74,216.6815980614737,65.00447941844212,1.33,25.711221744376406,25.67918277655023,1.0012007833561392,0.0,0.0,235.84335378665216,267.3710383548842,236.10973,235.98931759805714,236.44939
Therapy A,South,102,105,3,139.8582264095015,persistence_change,0,0.6,145.8187850000472,43.74563550001416,1.1,16.142139499505223,16.122024644862684,1.0011746199590676,0.0,0.0,153.9101278799271,174.72337326047216,153.6657,154.7028088438651,153.75548
Therapy A,West,102,105,3,159.54097783804053,persistence_change,0,0.65,165.26128966672022,49.57838690001606,1.2,18.691051861306057,18.667760785713636,1.001184073219423,0.0,0.0,175.65802392273184,199.77592379556867,172.16252,176.26861045964233,175.41492
Therapy B,East,102,105,3,273.9385171445953,persistence_change,0,0.72,145.05131771057333,43.515395313172,0.9046755373782052,21.410521588413275,21.383841758915754,1.0011917884085022,0.0,0.0,282.3615833492012,310.9175469142652,281.70972,282.93914648983537,281.48965
Therapy B,North,102,105,3,360.7203235870104,persistence_change,0,0.68,216.6815980614737,65.00447941844212,1.194472541199767,25.723282363105792,25.691228366442036,1.0012008045106549,0.0,0.0,375.01814181792855,428.3992313308276,378.89545,375.9128219747886,368.4301
Therapy B,South,102,105,3,230.348681859189,persistence_change,0,0.55,145.8187850000472,43.74563550001416,0.9914642225944056,15.710944770120735,15.691367230826291,1.0011727356455358,0.0,0.0,239.3964377087865,273.17095358229494,242.99577,240.83182665890496,234.1498
Therapy B,West,102,105,3,266.3699788439686,persistence_change,0,0.6,165.26128966672022,49.57838690001606,1.078252907810606,18.520843773714308,18.497764795839228,1.001183518868155,0.0,0.0,277.0430053528135,317.022263913096,278.40793,278.3456498889334,269.2476
Therapy C,East,102,105,3,972.5141489618647,persistence_change,0,0.66,145.05131771057333,101.53592239740132,0.0,67.01370878228488,66.93020244093186,1.001229250272673,0.0,0.0,971.155035706122,965.2104844290354,952.7073,971.1217692761707,970.74567
Therapy C,North,102,105,3,1511.301883925126,persistence_change,0,0.76,216.6815980614737,151.6771186430316,0.0,115.27461016870402,115.13096551567706,1.0012368924300539,0.0,0.0,1509.192711396343,1499.9770364479728,1468.7991,1509.1453453942604,1505.4333
Therapy C,South,102,105,3,994.4143986333088,persistence_change,0,0.7,145.8187850000472,102.07314950003304,0.0,71.45120465002313,71.36216870806427,1.0012303779613723,0.0,0.0,993.02947436759,986.987496019157,982.49524,993.002529148162,991.59424
Therapy C,West,102,105,3,1135.9008691999593,persistence_change,0,0.72,165.26128966672022,115.68290276670416,0.0,83.29168999202699,83.18789952254352,1.0012328058968496,0.0,0.0,1134.317031641819,1127.4012694085136,1148.6404,1134.283516874697,1134.3503
Therapy D,East,102,105,3,106.98413514546196,persistence_change,0,0.5,145.05131771057333,43.515395313172,1.1246755373782051,13.193075050174318,13.176635049334866,1.0011594469743015,0.0,0.0,87.57658626544335,18.638443658701053,106.038055,80.29839212038243,112.429245
Therapy D,North,102,105,3,188.00158831031592,persistence_change,0,0.65,216.6815980614737,65.00447941844212,1.2244725411997668,24.144776098584963,24.114689091740875,1.0011978633283665,0.0,0.0,154.8406896227202,33.9752896618155,170.4529,142.10275280049004,173.98897
Therapy D,South,102,105,3,125.94323473155774,persistence_change,0,0.55,145.8187850000472,43.74563550001416,0.9914642225944056,15.710944770120735,15.691367230826291,1.0011727356455358,0.0,0.0,103.69977206304829,22.732559900668548,118.363235,95.16605317954593,125.07457
Therapy D,West,102,105,3,145.23541475856192,persistence_change,0,0.6,165.26128966672022,49.57838690001606,1.078252907810606,18.520843773714308,18.497764795839228,1.001183518868155,0.0,0.0,119.66239895593556,26.313732165270167,140.27736,109.82557994844154,151.06293
Therapy A,East,103,106,3,117.58579450412508,persistence_change,0,0.55,145.11161769659307,43.53348530897792,1.22,13.719577895124393,13.70248181469925,1.0011625686032941,0.0,0.0,132.27736307319554,149.29722850469528,140.29582,133.22072969863098,138.21844
Therapy A,North,103,106,3,206.41098224021752,persistence_change,0,0.74,216.77167581836744,65.03150274551022,1.33,25.721910280931656,25.689857994030948,1.0012007833561392,0.0,0.0,232.9996765827448,265.3537415974552,234.5556,233.8791099987902,234.66615
Therapy A,South,103,106,3,134.6307981782967,persistence_change,0,0.6,145.87940403361208,43.76382121008362,1.1,16.148850026520854,16.128726809834642,1.0011746199590676,0.0,0.0,152.0344541962374,173.39115287470435,150.73886,153.22340648624117,152.95123
Therapy A,West,103,106,3,153.55216354775246,persistence_change,0,0.65,165.32999123809367,49.5989973714281,1.2,18.698822009028394,18.67552125099011,1.0011840732194226,0.0,0.0,173.48883651686305,198.2284615687343,166.9178,174.59667174252232,169.12643
Therapy B,East,103,106,3,271.1619350241993,persistence_change,0,0.72,145.11161769659307,43.53348530897792,0.9046755373782052,21.41942226007096,21.392731339372272,1.0011917884085015,0.0,0.0,279.5237574915151,309.4629441619959,274.15652,280.79062173794784,277.185
Therapy B,North,103,106,3,356.07151419543175,persistence_change,0,0.68,216.77167581836744,65.03150274551022,1.194472541199767,25.73397591343928,25.701908591453286,1.0012008045106546,0.0,0.0,370.1679551317198,425.12325202601335,376.00543,372.24405092904533,376.97003
Therapy B,South,103,106,3,227.4101655976676,persistence_change,0,0.55,145.87940403361208,43.76382121008362,0.9914642225944056,15.717476043086393,15.69789036511824,1.0011727356455358,0.0,0.0,236.32620934469327,271.1025163597974,234.03893,238.3999709686833,232.98398
Therapy B,West,103,106,3,262.90731500237354,persistence_change,0,0.6,165.32999123809367,49.5989973714281,1.078252907810606,18.52854316340794,18.505454591259163,1.0011835188681546,0.0,0.0,273.41994353254904,314.56168469975853,266.13705,275.5258609648866,267.797
Therapy C,East,103,106,3,972.9601534458444,persistence_change,0,0.66,145.11161769659307,101.57813238761514,0.0,67.04156737582599,66.95802631964727,1.0012292502726725,0.0,0.0,971.6118918808304,965.7506493026737,956.11456,971.5951735107823,969.59076
Therapy C,North,103,106,3,1511.9941595297823,persistence_change,0,0.76,216.77167581836744,151.7401730728572,0.0,115.32253153537148,115.1788271671299,1.0012368924300539,0.0,0.0,1509.9016226647402,1500.81367322065,1459.1228,1509.8796346339461,1505.6704
Therapy C,South,103,106,3,994.8690902234424,persistence_change,0,0.7,145.87940403361208,102.11558282352844,0.0,71.48090797646991,71.39183502094828,1.001230377961372,0.0,0.0,993.4948892871524,987.53527460357,1000.786,993.4843178223953,989.31506
Therapy C,West,103,106,3,1136.4207827474454,persistence_change,0,0.72,165.32999123809367,115.73099386666556,0.0,83.3263155839992,83.22248196727683,1.0012328058968496,0.0,0.0,1134.8493385644474,1128.0287470696949,1130.6943,1134.8347378385267,1133.1946
Therapy D,East,103,106,3,113.13432884547063,persistence_change,0,0.5,145.11161769659307,43.53348530897792,1.1246755373782051,13.198559607320297,13.182112772128452,1.0011594469743013,0.0,0.0,94.15113314008072,22.847693777424084,113.917725,86.3265906901065,117.57143
Therapy D,North,103,106,3,198.4300871226729,persistence_change,0,0.65,216.77167581836744,65.03150274551022,1.2244725411997668,24.15481344043179,24.124713925972333,1.0011978633283662,0.0,0.0,166.109185940724,41.55259041534925,181.54321,152.4489701806374,185.6532
Therapy D,South,103,106,3,132.9446695086329,persistence_change,0,0.55,145.87940403361208,43.76382121008362,0.9914642225944056,15.717476043086393,15.69789036511824,1.0011727356455358,0.0,0.0,111.25617681388526,27.804227602121763,132.97154,102.10356623902763,138.32994
Therapy D,West,103,106,3,153.2796408698611,persistence_change,0,0.6,165.32999123809367,49.5989973714281,1.078252907810606,18.52854316340794,18.505454591259163,1.0011835188681546,0.0,0.0,128.3526427126971,32.17698060228699,147.85066,117.8052808468026,151.56674
Therapy A,East,106,109,3,106.79512025205725,persistence_change,0,0.55,145.2926681019366,43.58780043058098,1.22,13.736695305697596,13.719577895124393,1.0011625686032941,0.0,0.0,117.58579450412508,145.52871709638202,139.35779,120.84586424136917,122.29819
Therapy A,North,106,109,3,186.8208618159898,persistence_change,0,0.74,217.04213383128808,65.11264014938641,1.33,25.754002558286807,25.721910280931656,1.0012007833561394,0.0,0.0,206.41098224021752,258.4101940445102,207.66095,211.94401891488184,197.57451
Therapy A,South,106,109,3,121.80522144670432,persistence_change,0,0.6,146.0614123776082,43.81842371328246,1.1,16.168998350201228,16.148850026520854,1.0011746199590679,0.0,0.0,134.6307981782967,168.80519974679976,143.7571,138.58278461679396,131.19383
Therapy A,West,106,109,3,138.85639726428832,persistence_change,0,0.65,165.5362673612893,49.66088020838679,1.2,18.722151838561825,18.698822009028394,1.001184073219423,0.0,0.0,153.55216354775246,192.9065272136965,145.55112,157.9567743374847,144.54286
Therapy B,East,106,109,3,263.2073377801251,persistence_change,0,0.72,145.2926681019366,43.58780043058098,0.9046755373782052,21.44614648204551,21.41942226007096,1.0011917884085018,0.0,0.0,271.1619350241993,303.78752112330534,264.6026,274.34561363680893,268.15613
Therapy B,North,106,109,3,342.87449832633354,persistence_change,0,0.68,217.04213383128808,65.11264014938641,1.194472541199767,25.76608324463843,25.73397591343928,1.0012008045106544,0.0,0.0,356.07151419543175,413.5293378190303,370.32422,361.4991894238324,358.67282
Therapy B,South,106,109,3,219.0777401433572,persistence_change,0,0.55,146.0614123776082,43.81842371328246,0.9914642225944056,15.737086157381498,15.717476043086393,1.0011727356455355,0.0,0.0,227.4101655976676,263.7737155119644,226.06952,231.24693238282305,218.37946
Therapy B,West,106,109,3,253.09564152172652,persistence_change,0,0.6,165.5362673612893,49.66088020838679,1.078252907810606,18.551660542315357,18.52854316340794,1.0011835188681548,0.0,0.0,262.90731500237354,305.86291635792134,257.24503,267.25544039309307,257.56244
Therapy C,East,106,109,3,974.280829657933,persistence_change,0,0.66,145.2926681019366,101.70486767135564,0.0,67.12521266309473,67.04156737582599,1.001229250272673,0.0,0.0,972.9601534458444,967.3118196584978,954.28253,972.9859694820502,956.5418
Therapy C,North,106,109,3,1514.044410889667,persistence_change,0,0.76,217.04213383128808,151.92949368190162,0.0,115.46641519824523,115.32253153537148,1.0012368924300536,0.0,0.0,1511.9941595297823,1503.232629801998,1490.6628,1512.0374055832867,1498.165
Therapy C,South,106,109,3,996.2160382550306,persistence_change,0,0.7,146.0614123776082,102.24298866432574,0.0,71.570092065028,71.48090797646991,1.001230377961372,0.0,0.0,994.8690902234424,989.11995230821,994.3741,994.9006089127789,984.46783
Therapy C,West,106,109,3,1137.9607269109438,persistence_change,0,0.72,165.5362673612893,115.8753871529025,0.0,83.4302787500898,83.3263155839992,1.0012328058968494,0.0,0.0,1136.4207827474454,1129.8434050844544,1152.0569,1136.4548011656627,1135.289
Therapy D,East,106,109,3,130.32561554234314,persistence_change,0,0.5,145.2926681019366,43.58780043058098,1.1246755373782051,13.215026962620904,13.198559607320297,1.001159446974301,0.0,0.0,113.13432884547063,37.56955925550524,156.0671,103.80620903151485,135.043
Therapy D,North,106,109,3,227.3983534670528,persistence_change,0,0.65,217.04213383128808,65.11264014938641,1.2244725411997668,24.184950508943647,24.15481344043179,1.0011978633283665,0.0,0.0,198.4300871226729,67.80622469458915,234.1961,182.2575365776747,214.91382
Therapy D,South,106,109,3,152.41085005619402,persistence_change,0,0.55,146.0614123776082,43.81842371328246,0.9914642225944056,15.737086157381498,15.717476043086393,1.0011727356455355,0.0,0.0,132.9446695086329,45.381031786343485,167.81972,122.10421492339098,145.74419
Therapy D,West,106,109,3,175.63310300156297,persistence_change,0,0.6,165.5362673612893,49.66088020838679,1.078252907810606,18.551660542315357,18.52854316340794,1.0011835188681548,0.0,0.0,153.2796408698611,52.477741086095634,175.34032,140.7963553500538,169.06413
Therapy A,East,108,111,3,101.27315899615336,persistence_change,0,0.55,145.41349384916631,43.62404815474989,1.22,13.748118775969429,13.730987130514661,1.001162568603294,0.0,0.0,110.0246876394972,142.73382346583543,146.03893,114.38626144315391,117.916824
Therapy A,North,108,111,3,176.773982325714,persistence_change,0,0.74,217.2226266141868,65.16678798425603,1.33,25.775419651412786,25.743300686039298,1.0012007833561392,0.0,0.0,192.689794579792,253.1257898973384,188.27533,200.53894883523853,183.16309
Therapy A,South,108,111,3,115.22656005591824,persistence_change,0,0.6,146.1828774145059,43.85486322435177,1.1,16.1824445297858,16.162279450708912,1.001174619959068,0.0,0.0,125.64785381691652,165.31564035929114,148.0007,130.9088484534532,124.73776
Therapy A,West,108,111,3,131.317220119445,persistence_change,0,0.65,165.67392773643996,49.70217832093199,1.2,18.73772122699136,18.714371996313176,1.001184073219423,0.0,0.0,143.2596753198778,188.8612183668621,148.68834,149.25951707667608,139.92064
Therapy B,East,108,111,3,258.37748168157,persistence_change,0,0.72,145.41349384916631,43.62404815474989,0.9046755373782052,21.463981151253133,21.437234705348562,1.0011917884085015,0.0,0.0,265.77707326501513,299.0429506988247,256.4764,270.1044254096418,262.0907
Therapy B,North,108,111,3,334.9238574345916,persistence_change,0,0.68,217.2226266141868,65.16678798425603,1.194472541199767,25.787510384093487,25.755376352357175,1.0012008045106546,0.0,0.0,347.121439858815,404.5495318798602,342.06165,354.61102596956437,337.28082
Therapy B,South,108,111,3,214.064890102772,persistence_change,0,0.55,146.1828774145059,43.85486322435177,0.9914642225944056,15.750173157703161,15.730546735587815,1.001172735645536,0.0,0.0,221.75766878217465,258.0919796336955,216.40439,226.63515545934533,217.10028
Therapy B,West,108,111,3,247.19593375426297,persistence_change,0,0.6,165.67392773643996,49.70217832093199,1.078252907810606,18.567088149755296,18.543951546377592,1.001183518868155,0.0,0.0,256.2504508931693,299.1336776613496,254.7266,261.94423791259356,252.63393
Therapy C,East,108,111,3,975.1490818716348,persistence_change,0,0.66,145.41349384916631,101.7894456944164,0.0,67.18103415831483,67.09731931141543,1.0012292502726723,0.0,0.0,973.8432556070028,968.3104436782228,955.7655,973.8923486462397,968.02905
Therapy C,North,108,111,3,1515.3925483296089,persistence_change,0,0.76,217.2226266141868,152.05583862993072,0.0,115.56243735874735,115.41843404185866,1.0012368924300536,0.0,0.0,1513.3650577152864,1504.7806346070147,1495.992,1513.4440058381274,1508.2144
Therapy C,South,108,111,3,997.1019567986236,persistence_change,0,0.7,146.1828774145059,102.32801419015412,0.0,71.62960993310789,71.54035167883801,1.0012303779613725,0.0,0.0,995.769674355518,990.1347226662808,1018.2819,995.8242296753599,1003.9548
Therapy C,West,108,111,3,1138.9734300637654,persistence_change,0,0.72,165.67392773643996,115.97174941550796,0.0,83.49965957916572,83.39560995704544,1.0012328058968494,0.0,0.0,1137.4504393550949,1131.005016280681,1176.2239,1137.5110670642332,1134.2156
Therapy D,East,108,111,3,140.6550871155444,persistence_change,0,0.5,145.41349384916631,43.62404815474989,1.1246755373782051,13.22601661219014,13.209535562595562,1.001159446974301,0.0,0.0,124.815950803828,48.97927046181677,170.6832,114.63523321474112,140.17143
Therapy D,North,108,111,3,244.6966720204482,persistence_change,0,0.65,217.2226266141868,65.16678798425603,1.2244725411997668,24.20506277444976,24.174900643876143,1.0011978633283662,0.0,0.0,218.140801288171,87.92018057455265,255.83987,200.56664808905467,233.62752
Therapy D,South,108,111,3,164.0475594396964,persistence_change,0,0.55,146.1828774145059,43.85486322435177,0.9914642225944056,15.750173157703161,15.730546735587815,1.001172735645536,0.0,0.0,146.18710421210787,58.85198174110164,181.2621,134.40287372424476,162.37347
Therapy D,West,108,111,3,188.9881450534776,persistence_change,0,0.6,165.67392773643996,49.70217832093199,1.078252907810606,18.567088149755296,18.543951546377592,1.001183518868155,0.0,0.0,168.48805665467205,68.01786943335009,200.18013,154.92374190149906,183.918
Therapy A,East,109,112,3,98.9232161361674,persistence_change,0,0.55,145.47394439718337,43.64218331915501,1.22,13.753834073031701,13.736695305697596,1.0011625686032943,0.0,0.0,106.79512025205725,141.27201770154724,107.84493,111.59653380457846,105.3053
Therapy A,North,109,112,3,172.49350841705774,persistence_change,0,0.74,217.3129292846813,65.1938787854044,1.33,25.786134875991,25.754002558286807,1.0012007833561394,0.0,0.0,186.8208618159898,250.33621120679348,172.80173,195.6305478344251,174.40927
Therapy A,South,109,112,3,112.42349560518966,persistence_change,0,0.6,146.24364780669228,43.87309434200768,1.1,16.189171812200833,16.168998350201228,1.001174619959068,0.0,0.0,121.80522144670432,163.47391600262077,121.156395,127.58645914502466,119.64587
Therapy A,West,109,112,3,128.1046187631234,persistence_change,0,0.65,165.74280084758456,49.72284025427537,1.2,18.745510775861817,18.722151838561825,1.0011840732194228,0.0,0.0,138.85639726428832,186.7274287461248,130.92192,145.50201698914563,132.66066
Therapy B,East,109,112,3,256.13269362917777,persistence_change,0,0.72,145.47394439718337,43.64218331915501,0.9046755373782052,21.4729040468447,21.44614648204551,1.001191788408502,0.0,0.0,263.2073377801251,296.44639237415663,252.12769,268.05733618062345,257.99023
Therapy B,North,109,112,3,331.2395043641224,persistence_change,0,0.68,217.3129292846813,65.1938787854044,1.194472541199767,25.798230634968757,25.76608324463843,1.0012008045106549,0.0,0.0,342.87449832633354,399.7879091194986,339.144,351.32967802437685,339.36432
Therapy B,South,109,112,3,211.7439505296146,persistence_change,0,0.55,146.24364780669228,43.87309434200768,0.9914642225944056,15.756720738491868,15.737086157381498,1.0011727356455362,0.0,0.0,219.0777401433572,255.07811943284105,212.28024,224.42666812942156,213.22652
Therapy B,West,109,112,3,244.46474406059792,persistence_change,0,0.6,165.74280084758456,49.72284025427537,1.078252907810606,18.57480676392254,18.551660542315357,1.0011835188681546,0.0,0.0,253.09564152172652,295.5679230198408,243.2012,259.40756785243883,246.68799
Therapy C,East,109,112,3,975.5801356918856,persistence_change,0,0.66,145.47394439718337,101.83176107802836,0.0,67.20896231149872,67.12521266309473,1.0012292502726725,0.0,0.0,974.280829657933,968.799015460703,939.8432,974.3402594701968,952.81506
Therapy C,North,109,112,3,1516.061908765154,persistence_change,0,0.76,217.3129292846813,152.1190504992769,0.0,115.61047837945046,115.46641519824523,1.0012368924300536,0.0,0.0,1514.044410889667,1505.538170309978,1477.4076,1514.1392141827343,1492.2505
Therapy C,South,109,112,3,997.541883179174,persistence_change,0,0.7,146.24364780669228,102.3705534646846,0.0,71.65938742527922,71.570092065028,1.0012303779613727,0.0,0.0,996.2160382550306,990.6314891279968,955.0773,996.2808243576975,961.68536
Therapy C,West,109,112,3,1139.4762750704638,persistence_change,0,0.72,165.74280084758456,116.01996059330918,0.0,83.53437162718261,83.4302787500898,1.0012328058968498,0.0,0.0,1137.9607269109438,1131.5735521342467,1148.852,1138.0331718417792,1146.0297
Therapy D,East,109,112,3,145.4726686265165,persistence_change,0,0.5,145.47394439718337,43.64218331915501,1.1246755373782051,13.231514863632464,13.215026962620904,1.0011594469743017,0.0,0.0,130.32561554234314,55.071281803369146,144.25237,119.76532302447424,144.15468
Therapy D,North,109,112,3,252.74192902282,persistence_change,0,0.65,217.3129292846813,65.1938787854044,1.2244725411997668,24.215125178362694,24.184950508943647,1.0011978633283662,0.0,0.0,227.3983534670528,98.58791116753493,255.41257,209.20562250654118,247.14844
Therapy D,South,109,112,3,169.4629473807546,persistence_change,0,0.55,146.24364780669228,43.87309434200768,0.9914642225944056,15.756720738491868,15.737086157381498,1.0011727356455362,0.0,0.0,152.41085005619402,65.99810564382173,170.68556,140.20950471492364,165.48685
Therapy D,West,109,112,3,195.201418919716,persistence_change,0,0.6,165.74280084758456,49.72284025427537,1.078252907810606,18.57480676392254,18.551660542315357,1.0011835188681546,0.0,0.0,175.63310300156297,76.25586268616689,190.75371,161.59139197577372,194.12831
Therapy A,East,112,115,3,94.27154957581944,epidemiology_change,0,0.55,163.13410048786793,48.94023014636038,1.22,15.423513530625472,13.753834073031701,1.1121994261375978,0.0,0.0,98.9232161361674,136.75438990437772,104.28682,106.32781925882571,99.96219
Therapy A,North,112,115,3,163.9045489467788,epidemiology_change,0,0.74,243.69415011150647,73.10824503345194,1.33,28.916504158081242,25.786134875991,1.1163115609337615,0.0,0.0,172.49350841705774,241.6527084824983,159.1742,185.90336070990114,164.48846
Therapy A,South,112,115,3,106.7913144412068,epidemiology_change,0,0.6,163.99724387669264,49.19917316300779,1.1,18.154494897149874,16.189171812200833,1.1134929832442306,0.0,0.0,112.42349560518966,157.7427848101721,107.06728,121.20480435418347,109.4821
Therapy A,West,112,115,3,121.63891348267286,epidemiology_change,0,0.65,185.86354306025163,55.759062918075486,1.2,21.02116672011446,18.745510775861817,1.1145097543509495,0.0,0.0,128.1046187631234,180.09207796631077,119.14074,138.17053558361042,124.309326
Therapy B,East,112,115,3,251.35395576977527,epidemiology_change,0,0.72,163.13410048786793,48.94023014636038,0.9046755373782052,24.079658395597423,21.4729040468447,1.1153409454144694,0.0,0.0,256.13269362917777,288.0981315294961,245.64742,266.2268812802428,250.6857
Therapy B,North,112,115,3,322.8843227850486,epidemiology_change,0,0.68,243.69415011150647,73.10824503345194,1.194472541199767,28.930068310539827,25.798230634968757,1.1163138456192598,0.0,0.0,331.2395043641224,384.9415607589832,322.996,346.5281902870738,319.98434
Therapy B,South,112,115,3,206.5171201047092,epidemiology_change,0,0.55,163.99724387669264,49.19917316300779,0.9914642225944056,17.669545394977092,15.756720738491868,1.1132905302037155,0.0,0.0,211.7439505296146,245.6789818471273,200.28433,221.4520229352616,196.50497
Therapy B,West,112,115,3,238.283786187649,epidemiology_change,0,0.6,185.86354306025163,55.759062918075486,1.078252907810606,20.829739687921315,18.57480676392254,1.1144500788742102,0.0,0.0,244.46474406059792,284.46001677405764,236.40105,255.81611163154855,238.31195
Therapy C,East,112,115,3,984.2996109115338,epidemiology_change,0,0.66,163.13410048786793,114.19387034150752,0.0,75.36795442539497,67.20896231149872,1.1193943814921314,0.0,0.0,975.5801356918856,970.2281693890164,941.3509,993.2368769385923,986.50653
Therapy C,North,112,115,3,1529.513887102008,epidemiology_change,0,0.76,243.69415011150647,170.5859050780545,0.0,129.64528785932143,115.61047837945046,1.1202248590794173,0.0,0.0,1516.061908765154,1507.7547226529075,1478.438,1543.502818558989,1487.2029
Therapy C,South,112,115,3,1006.4281472337882,epidemiology_change,0,0.7,163.99724387669264,114.79807071368484,0.0,80.35864949957939,71.65938742527922,1.1195168514088443,0.0,0.0,997.541883179174,992.0856434743152,1011.3519,1015.5996328982651,1048.0656
Therapy C,West,112,115,3,1149.613259621461,epidemiology_change,0,0.72,185.86354306025163,130.10448014217613,0.0,93.67522570236682,83.53437162718261,1.1197806215414028,0.0,0.0,1139.4762750704638,1133.237393208638,1145.7562,1160.1019853015182,1147.4421
Therapy D,East,112,115,3,159.6767264281446,epidemiology_change,0,0.5,163.13410048786793,48.94023014636038,1.1246755373782051,14.837786136307782,13.231514863632464,1.1118648445171226,0.0,0.0,145.4726686265165,74.36078840022199,160.28928,136.46539703640795,159.33063
Therapy D,North,112,115,3,276.3991781889464,epidemiology_change,0,0.65,243.69415011150647,73.10824503345194,1.2244725411997668,27.154777995074465,24.215125178362694,1.115996287016968,0.0,0.0,252.74192902282,132.0891480220297,274.97552,237.42562042866732,269.39697
Therapy D,South,112,115,3,185.40931446609608,epidemiology_change,0,0.55,163.99724387669264,49.19917316300779,0.9914642225944056,17.669545394977092,15.756720738491868,1.1132905302037155,0.0,0.0,169.4629473807546,88.44732874877113,186.60556,159.17977731754476,180.80258
Therapy D,West,112,115,3,213.4899758783887,epidemiology_change,0,0.6,185.86354306025163,55.759062918075486,1.078252907810606,20.829739687921315,18.57480676392254,1.1144500788742102,0.0,0.0,195.201418919716,102.11227218453688,207.19086,183.38280551317783,209.35315
Therapy A,East,114,117,3,93.15192097024484,epidemiology_change,0,0.55,163.26976321502127,48.98092896450638,1.22,15.436339763164186,13.76527179594544,1.1121994261375978,0.0,0.0,94.91969498604416,133.7471323591862,99.51747,102.16553457690488,99.11862
Therapy A,North,114,117,3,161.67727863365644,epidemiology_change,0,0.74,243.8968067779948,73.16904203339843,1.33,28.94055119547008,25.80757869043298,1.1163115609337613,0.0,0.0,165.19369875636772,235.84335378665216,154.61288,178.30310471141155,162.37666
Therapy A,South,114,117,3,105.32013882983864,epidemiology_change,0,0.6,164.13362439605316,49.240087318815945,1.1,18.169592220643082,16.202634768086995,1.1134929832442308,0.0,0.0,107.642882414991,153.9101278799271,103.584,116.22500283260077,104.44171
Therapy A,West,114,117,3,119.93527674155082,epidemiology_change,0,0.65,186.01810764886025,55.80543229465808,1.2,21.0386479750861,18.7610995896422,1.11450975435095,0.0,0.0,122.62512399380223,175.65802392273184,118.406845,132.45877381801,122.81813
Therapy B,East,114,117,3,250.32511415759728,epidemiology_change,0,0.72,163.26976321502127,48.98092896450638,0.9046755373782052,24.09968309991797,21.49076096771033,1.1153409454144694,0.0,0.0,252.0020908650166,282.3615833492012,240.22754,261.9092419328068,246.3561
Therapy B,North,114,117,3,320.20513155844264,epidemiology_change,0,0.68,243.8968067779948,73.16904203339843,1.194472541199767,28.954126627911865,25.819684508274243,1.1163138456192594,0.0,0.0,324.4722285827949,375.01814181792855,306.4459,339.3345302204596,314.09805
Therapy B,South,114,117,3,204.89092425081017,epidemiology_change,0,0.55,164.13362439605316,49.240087318815945,0.9914642225944056,17.684239433247903,15.76982406698042,1.113290530203716,0.0,0.0,207.4847820881816,239.3964377087865,197.48543,216.92066913810933,196.43896
Therapy B,West,114,117,3,236.312452145671,epidemiology_change,0,0.6,186.01810764886025,55.80543229465808,1.078252907810606,20.847061751692824,18.59025361981842,1.1144500788742104,0.0,0.0,239.45280275257625,277.0430053528135,230.91858,250.479626500851,232.77989
Therapy C,East,114,117,3,998.8096824628292,epidemiology_change,0,0.66,163.26976321502127,114.28883425051488,0.0,75.43063060533983,67.26485345313654,1.1193943814921317,0.0,0.0,976.4369328737898,971.155035706122,963.1807,994.125358797371,1010.7873
Therapy C,North,114,117,3,1551.9155050030718,epidemiology_change,0,0.76,243.8968067779948,170.72776474459633,0.0,129.75310120589322,115.70662034325542,1.120224859079417,0.0,0.0,1517.3924924458,1509.192711396343,1477.4576,1544.8823003345694,1502.603
Therapy C,South,114,117,3,1021.2223010971422,epidemiology_change,0,0.7,164.13362439605316,114.8935370772372,0.0,80.42547595406603,71.71897955160459,1.1195168514088445,0.0,0.0,998.4164956029376,993.02947436759,1033.016,1016.5060876644623,1066.7302
Therapy C,West,114,117,3,1166.4909538712025,epidemiology_change,0,0.72,186.01810764886025,130.21267535420216,0.0,93.75312625502555,83.6038390201562,1.119780621541403,0.0,0.0,1140.4759054461583,1134.317031641819,1170.0898,1161.1382036912491,1159.6334
Therapy D,East,114,117,3,169.48947374870582,epidemiology_change,0,0.5,163.26976321502127,48.98092896450638,1.1246755373782051,14.850125276476208,13.242518224581538,1.1118648445171226,0.0,0.0,154.4245955113037,87.57658626544335,170.41022,145.95749517361077,170.20569
Therapy D,North,114,117,3,292.7329545742112,epidemiology_change,0,0.65,243.8968067779948,73.16904203339843,1.2244725411997668,27.177359976567224,24.235262537199578,1.1159962870169677,0.0,0.0,267.65964540203146,154.8406896227202,283.6207,253.35464164602183,278.56384
Therapy D,South,114,117,3,196.43491161927773,epidemiology_change,0,0.55,164.13362439605316,49.240087318815945,0.9914642225944056,17.684239433247903,15.76982406698042,1.113290530203716,0.0,0.0,179.5099792447919,103.69977206304829,194.07127,169.89909887861847,193.43394
Therapy D,West,114,117,3,226.13148498291167,epidemiology_change,0,0.6,186.01810764886025,55.80543229465808,1.078252907810606,20.847061751692824,18.59025361981842,1.1144500788742104,0.0,0.0,206.7259716583233,119.66239895593556,213.58333,195.6872410863787,214.4578
Therapy A,East,115,118,3,92.67204352205796,epidemiology_change,0,0.55,163.33763687928518,49.00129106378555,1.22,15.442756878752016,15.423513530625472,1.0011625686032943,0.0,0.0,94.27154957581944,132.27736307319554,96.78543,101.13355606931145,96.92205
Therapy A,North,115,118,3,160.72220884750274,epidemiology_change,0,0.74,243.9981983011544,73.19945949034633,1.33,28.952582212216683,28.916504158081242,1.0012007833561394,0.0,0.0,163.9045489467788,232.9996765827448,154.77026,176.32915059358174,161.61087
Therapy A,South,115,118,3,104.68930070410968,epidemiology_change,0,0.6,164.20185718023373,49.26055715407012,1.1,18.17714558985187,18.154494897149874,1.0011746199590674,0.0,0.0,106.7913144412068,152.0344541962374,99.1926,114.92530172882219,102.321106
Therapy A,West,115,118,3,119.20479080374206,epidemiology_change,0,0.65,186.09543813759828,55.82863144127949,1.2,21.04739405336237,21.02116672011446,1.0011840732194233,0.0,0.0,121.63891348267286,173.48883651686305,115.86615,130.95915458078528,121.131935
Therapy B,East,115,118,3,249.93284842806577,epidemiology_change,0,0.72,163.33763687928518,49.00129106378555,0.9046755373782052,24.109701695935875,24.079658395597423,1.001191788408502,0.0,0.0,251.35395576977527,279.5237574915151,240.39474,260.728457049387,243.9045
Therapy B,North,115,118,3,319.09328079084366,epidemiology_change,0,0.68,243.9981983011544,73.19945949034633,1.194472541199767,28.966163288167262,28.930068310539827,1.0012008045106546,0.0,0.0,322.8843227850486,370.1679551317198,306.06396,336.9697331580169,312.99625
Therapy B,South,115,118,3,204.21960538680963,epidemiology_change,0,0.55,164.20185718023373,49.26055715407012,0.9914642225944056,17.691591034098042,17.669545394977092,1.0011727356455355,0.0,0.0,206.5171201047092,236.32620934469327,195.40054,215.45489276843676,196.25058
Therapy B,West,115,118,3,235.4950120466522,epidemiology_change,0,0.6,186.09543813759828,55.82863144127949,1.078252907810606,20.855728184731984,20.829739687921315,1.0011835188681548,0.0,0.0,238.283786187649,273.41994353254904,226.07234,248.73071602489122,229.5299
Therapy C,East,115,118,3,1005.4898718609472,epidemiology_change,0,0.66,163.33763687928518,114.33634581549964,0.0,75.46198823822976,75.36795442539497,1.001229250272673,0.0,0.0,984.2996109115338,971.6118918808304,981.5362,1000.1490225058092,996.8262
Therapy C,North,115,118,3,1562.2427278328817,epidemiology_change,0,0.76,243.9981983011544,170.7987388108081,0.0,129.80704149621414,129.64528785932143,1.0012368924300536,0.0,0.0,1529.513887102008,1509.9016226647402,1480.3157,1554.1595723244411,1498.9022
Therapy C,South,115,118,3,1028.0372130548003,epidemiology_change,0,0.7,164.20185718023373,114.9413000261636,0.0,80.45891001831451,80.35864949957939,1.0012303779613718,0.0,0.0,1006.4281472337882,993.4948892871524,1019.306,1022.6409906118037,1026.9078
Therapy C,West,115,118,3,1174.2677247243191,epidemiology_change,0,0.72,186.09543813759828,130.26680669631878,0.0,93.79210082134952,93.67522570236682,1.0012328058968496,0.0,0.0,1149.613259621461,1134.8493385644474,1169.2949,1168.1339522872347,1145.5588
Therapy D,East,115,118,3,174.0592685834941,epidemiology_change,0,0.5,163.33763687928518,49.00129106378555,1.1246755373782051,14.856298693999726,14.837786136307782,1.0011594469743015,0.0,0.0,159.6767264281446,94.15113314008072,170.83159,151.30037252462026,169.0656
Therapy D,North,115,118,3,300.3433531430651,epidemiology_change,0,0.65,243.9981983011544,73.19945949034633,1.2244725411997668,27.188658008550032,27.154777995074465,1.0011978633283662,0.0,0.0,276.3991781889464,166.109185940724,291.52002,262.2905719061275,287.18134
Therapy D,South,115,118,3,201.5721346353606,epidemiology_change,0,0.55,164.20185718023373,49.26055715407012,0.9914642225944056,17.691591034098042,17.669545394977092,1.0011727356455355,0.0,0.0,185.40931446609608,111.25617681388526,193.73782,175.9251432146352,194.63979
Therapy D,West,115,118,3,232.02163374898367,epidemiology_change,0,0.6,186.09543813759828,55.82863144127949,1.078252907810606,20.855728184731984,20.829739687921315,1.0011835188681548,0.0,0.0,213.4899758783887,128.3526427126971,218.57976,202.60038017695382,217.73444
Therapy A,East,118,121,3,91.5047066774768,epidemiology_change,0,0.55,163.54142721553987,49.06242816466196,1.22,15.462024236093217,15.442756878752016,1.0011625686032946,0.0,0.0,92.67204352205796,117.58579450412508,109.444496,98.38313798690035,94.19544
Therapy A,North,118,121,3,158.39600845411098,epidemiology_change,0,0.74,244.30262584049785,73.29078775214934,1.33,28.988705279607625,28.952582212216683,1.001200783356139,0.0,0.0,160.72220884750274,206.41098224021752,153.23221,171.08055897197858,161.20384
Therapy A,South,118,121,3,103.15273525305868,epidemiology_change,0,0.6,164.40672577223586,49.32201773167076,1.1,18.199824542986512,18.17714558985187,1.0011746199590685,0.0,0.0,104.68930070410968,134.6307981782967,107.99415,111.47079618505009,103.10387
Therapy A,West,118,121,3,117.42544102284036,epidemiology_change,0,0.65,186.32762254186727,55.89828676256018,1.2,21.073654109485194,21.04739405336237,1.0011840732194228,0.0,0.0,119.20479080374206,153.55216354775246,118.11261,126.97525016190326,115.54166
Therapy B,East,118,121,3,249.1753582268255,epidemiology_change,0,0.72,163.54142721553987,49.06242816466196,0.9046755373782052,24.139782480190433,24.109701695935875,1.001191788408502,0.0,0.0,249.93284842806577,271.1619350241993,231.90622,257.71106094875125,239.90155
Therapy B,North,118,121,3,316.54696195751774,epidemiology_change,0,0.68,244.30262584049785,73.29078775214934,1.194472541199767,29.00230330016502,28.966163288167262,1.0012008045106544,0.0,0.0,319.09328079084366,356.07151419543175,297.47925,330.8465076498083,309.62885
Therapy B,South,118,121,3,202.6968062422411,epidemiology_change,0,0.55,164.40672577223586,49.32201773167076,0.9914642225944056,17.713664178748623,17.691591034098042,1.001172735645536,0.0,0.0,204.21960538680963,227.4101655976676,192.31664,211.66485223417533,195.53189
Therapy B,West,118,121,3,233.6258583385745,epidemiology_change,0,0.6,186.32762254186727,55.89828676256018,1.078252907810606,20.881749106430167,20.855728184731984,1.0011835188681546,0.0,0.0,235.4950120466522,262.90731500237354,220.383,244.2033187533789,226.70555
Therapy C,East,118,121,3,1023.4289486516408,epidemiology_change,0,0.66,163.54142721553987,114.4789990508779,0.0,75.55613937357941,75.46198823822976,1.0012292502726723,0.0,0.0,1005.4898718609472,972.9601534458444,1013.48883,1016.4863192673362,1025.0426
Therapy C,North,118,121,3,1590.0182749523242,epidemiology_change,0,0.76,244.30262584049785,171.01183808834847,0.0,129.96899694714483,129.80704149621414,1.0012368924300536,0.0,0.0,1562.2427278328817,1511.9941595297823,1487.1589,1579.3717156100995,1497.739
Therapy C,South,118,121,3,1046.350161131619,epidemiology_change,0,0.7,164.40672577223586,115.08470804056508,0.0,80.55929562839555,80.45891001831451,1.0012303779613725,0.0,0.0,1028.0372130548003,994.8690902234424,1041.4629,1039.2943384546197,1025.8125
Therapy C,West,118,121,3,1195.171743474609,epidemiology_change,0,0.72,186.32762254186727,130.42933577930708,0.0,93.90912176110109,93.79210082134952,1.0012328058968494,0.0,0.0,1174.2677247243191,1136.4207827474454,1178.2812,1187.1316017380116,1162.9539
Therapy D,East,118,121,3,186.49583641830287,epidemiology_change,0,0.5,163.54142721553987,49.06242816466196,1.1246755373782051,14.874834349126093,14.856298693999726,1.0011594469743015,0.0,0.0,174.0592685834941,113.13432884547063,188.55133,166.12848257377095,185.71106
Therapy D,North,118,121,3,321.07356665814274,epidemiology_change,0,0.65,244.30262584049785,73.29078775214934,1.2244725411997668,27.22258029286697,27.188658008550032,1.0011978633283662,0.0,0.0,300.3433531430651,198.4300871226729,315.7928,287.08511585787073,312.4474
Therapy D,South,118,121,3,215.56601633963515,epidemiology_change,0,0.55,164.40672577223586,49.32201773167076,0.9914642225944056,17.713664178748623,17.691591034098042,1.001172735645536,0.0,0.0,201.5721346353606,132.9446695086329,213.55867,192.6464958893354,211.31436
Therapy D,West,118,121,3,248.0668627991442,epidemiology_change,0,0.6,186.32762254186727,55.89828676256018,1.078252907810606,20.881749106430167,20.855728184731984,1.0011835188681546,0.0,0.0,232.02163374898367,153.2796408698611,245.23389,221.78186097788705,244.07213
Therapy A,East,121,124,3,90.67170815156275,epidemiology_change,0,0.55,163.7454718134696,49.12364154404088,1.22,15.481315632604483,15.462024236093217,1.0011625686032943,0.0,0.0,91.5047066774768,106.79512025205725,89.359406,96.09108138772243,92.204834
Therapy A,North,121,124,3,156.73037597029125,epidemiology_change,0,0.74,244.6074332028373,73.38222996085119,1.33,29.02487341641547,28.988705279607625,1.0012007833561394,0.0,0.0,158.39600845411098,186.8208618159898,148.60222,166.7246798297819,153.39777
Therapy A,South,121,124,3,102.05225554451428,epidemiology_change,0,0.6,164.61184997121282,49.383554991363845,1.1,18.222531791813257,18.199824542986512,1.0011746199590672,0.0,0.0,103.15273525305868,121.80522144670432,101.48426,108.60554027767647,103.63178
Therapy A,West,121,124,3,116.15076986566406,epidemiology_change,0,0.65,186.5600966340412,55.96802899021236,1.2,21.099946929310065,21.073654109485194,1.001184073219423,0.0,0.0,117.42544102284036,138.85639726428832,109.41664,123.67340574128474,113.03235
Therapy B,East,121,124,3,248.93195537394365,epidemiology_change,0,0.72,163.7454718134696,49.12364154404088,0.9046755373782052,24.169900795128395,24.139782480190433,1.0011917884085018,0.0,0.0,249.1753582268255,263.2073377801251,229.09183,255.41316092977763,232.00731
Therapy B,North,121,124,3,314.98431518614086,epidemiology_change,0,0.68,244.6074332028373,73.38222996085119,1.194472541199767,29.038488402720837,29.00230330016502,1.0012008045106549,0.0,0.0,316.54696195751774,342.87449832633354,290.17334,326.04851838738654,302.17905
Therapy B,South,121,124,3,201.78551151739669,epidemiology_change,0,0.55,164.61184997121282,49.383554991363845,0.9914642225944056,17.735764863246448,17.713664178748623,1.0011727356455353,0.0,0.0,202.6968062422411,219.0777401433572,188.29645,208.7041852200146,188.47226
Therapy B,West,121,124,3,232.4836159773116,epidemiology_change,0,0.6,186.5600966340412,55.96802899021236,1.078252907810606,20.907802493471213,20.881749106430167,1.0011835188681548,0.0,0.0,233.6258583385745,253.09564152172652,215.68056,240.6583390081305,218.35706
Therapy C,East,121,124,3,1038.5538322897323,epidemiology_change,0,0.66,163.7454718134696,114.62183026942871,0.0,75.65040797782295,75.55613937357941,1.0012292502726725,0.0,0.0,1023.4289486516408,974.280829657933,1033.666,1030.4522785932288,1041.2545
Therapy C,North,121,124,3,1613.4842617476193,epidemiology_change,0,0.76,244.6074332028373,171.22520324198612,0.0,130.13115446390947,129.96899694714483,1.001236892430054,0.0,0.0,1590.0182749523242,1514.044410889667,1498.1621,1600.9806835381082,1511.6135
Therapy C,South,121,124,3,1061.8037851554925,epidemiology_change,0,0.7,164.61184997121282,115.22829497984895,0.0,80.65980648589426,80.55929562839555,1.0012303779613723,0.0,0.0,1046.350161131619,996.2160382550306,1057.759,1053.5465019360124,1062.8344
Therapy C,West,121,124,3,1212.8190007133908,epidemiology_change,0,0.72,186.5600966340412,130.59206764382884,0.0,94.02628870355676,93.90912176110109,1.0012328058968498,0.0,0.0,1195.171743474609,1137.9607269109438,1197.3322,1203.3984301496196,1193.9
Therapy D,East,121,124,3,197.1749635259515,epidemiology_change,0,0.5,163.7454718134696,49.12364154404088,1.1246755373782051,14.893393130504702,14.874834349126093,1.0011594469743015,0.0,0.0,186.49583641830287,130.32561554234314,199.0895,179.17847860907708,195.1081
Therapy D,North,121,124,3,338.9054214455876,epidemiology_change,0,0.65,244.6074332028373,73.38222996085119,1.2244725411997668,27.25654490076505,27.22258029286697,1.0011978633283665,0.0,0.0,321.07356665814274,227.3983534670528,336.8098,308.90475458695704,336.47076
Therapy D,South,121,124,3,227.60409587767668,epidemiology_change,0,0.55,164.61184997121282,49.383554991363845,0.9914642225944056,17.735764863246448,17.713664178748623,1.0011727356455353,0.0,0.0,215.56601633963515,152.41085005619402,223.23209,207.36359892831075,220.04092
Therapy D,West,121,124,3,261.87046204388395,epidemiology_change,0,0.6,186.5600966340412,55.96802899021236,1.078252907810606,20.907802493471213,20.881749106430167,1.0011835188681548,0.0,0.0,248.0668627991442,175.63310300156297,259.3005,238.66255211780242,258.6394
Therapy A,East,123,126,3,90.2614081996307,epidemiology_change,0,0.55,163.8816429585508,49.16449288756524,1.22,15.494189933516186,15.474882494231194,1.0011625686032941,0.0,0.0,90.91758230962505,101.27315899615336,86.894325,94.78197484801674,92.06578
Therapy A,North,123,126,3,155.90598140816817,epidemiology_change,0,0.74,244.8108493578352,73.44325480735056,1.33,29.049010573951364,29.01281235963023,1.0012007833561394,0.0,0.0,157.222853344152,176.773982325714,151.17905,164.24685800419005,158.67639
Therapy A,South,123,126,3,101.50737166261764,epidemiology_change,0,0.6,164.74874159854312,49.424622479562935,1.1,18.23768569495872,18.21495956272689,1.0011746199590679,0.0,0.0,102.37767618374858,115.22656005591824,99.0466,106.97649700616603,103.61368
Therapy A,West,123,126,3,115.5193642329735,epidemiology_change,0,0.65,186.7152404783489,56.01457214350467,1.2,21.117493698101264,21.091179013101474,1.001184073219423,0.0,0.0,116.52775468533144,131.317220119445,110.384094,121.79737237516707,114.98367
Therapy B,East,123,126,3,248.98911666887813,epidemiology_change,0,0.72,163.8816429585508,49.16449288756524,0.9046755373782052,24.19000054525474,24.159857183850534,1.0011917884085018,0.0,0.0,248.9645613846974,258.37748168157,229.36847,254.23454098626553,233.6085
Therapy B,North,123,126,3,314.3739173787004,epidemiology_change,0,0.68,244.8108493578352,73.44325480735056,1.194472541199767,29.06263688251349,29.026421688335628,1.0012008045106546,0.0,0.0,315.4108433595658,334.9238574345916,297.324,323.4988328223582,309.4935
Therapy B,South,123,126,3,201.44558596551707,epidemiology_change,0,0.55,164.74874159854312,49.424622479562935,0.9914642225944056,17.75051396979316,17.728394906310672,1.0011727356455355,0.0,0.0,202.0306903888629,214.064890102772,191.18805,207.1367202413946,189.97198
Therapy B,West,123,126,3,232.0408426944019,epidemiology_change,0,0.6,186.7152404783489,56.01457214350467,1.078252907810606,20.92518947446762,20.89911442136456,1.001183518868155,0.0,0.0,232.79464114156548,247.19593375426297,216.77272,238.7764057064158,217.89993
Therapy C,East,123,126,3,1047.2778799714738,epidemiology_change,0,0.66,163.8816429585508,114.71715007098555,0.0,75.71331904685047,75.61897204859919,1.0012292502726725,0.0,0.0,1033.798843367699,975.1490818716348,1052.7155,1038.5935646333792,1056.6323
Therapy C,North,123,126,3,1627.039111851559,epidemiology_change,0,0.76,244.8108493578352,171.36759455048465,0.0,130.23937185836834,130.07707949100603,1.0012368924300539,0.0,0.0,1606.102309946598,1515.3925483296089,1512.008,1613.6004883596431,1532.2566
Therapy C,South,123,126,3,1070.7230176935343,epidemiology_change,0,0.7,164.74874159854312,115.32411911898018,0.0,80.72688338328612,80.6262889407062,1.001230377961372,0.0,0.0,1056.94412267305,997.1019567986236,1072.0385,1061.86120868394,1068.9034
Therapy C,West,123,126,3,1223.0072418124307,epidemiology_change,0,0.72,186.7152404783489,130.70066833484424,0.0,94.10448120108785,93.98721682230894,1.0012328058968498,0.0,0.0,1207.268815422579,1138.9734300637654,1210.7762,1212.8919245883092,1206.7285
Therapy D,East,123,126,3,142.39403375175044,limited_supply,1,0.5,163.8816429585508,49.16449288756524,1.1246755373782051,14.905778513588977,14.887204298681226,1.0011594469743013,0.0,0.0,193.79785034524667,140.6550871155444,203.99149,186.92912244721444,203.79277
Therapy D,North,123,126,3,349.35159260945863,epidemiology_change,0,0.65,244.8108493578352,73.44325480735056,1.2244725411997668,27.279211511871846,27.245218658920646,1.0011978633283662,0.0,0.0,333.262530242401,244.6966720204482,349.67972,321.8658613256124,345.29614
Therapy D,South,123,126,3,234.65657822266817,epidemiology_change,0,0.55,164.74874159854312,49.424622479562935,0.9914642225944056,17.75051396979316,17.728394906310672,1.0011727356455355,0.0,0.0,223.7945587073233,164.0475594396964,231.92932,216.10714507952883,233.62628
Therapy D,West,123,126,3,269.9578810979475,epidemiology_change,0,0.6,186.7152404783489,56.01457214350467,1.078252907810606,20.92518947446762,20.89911442136456,1.001183518868155,0.0,0.0,257.502091121925,188.9881450534776,271.42212,248.69081315652537,266.90448
Therapy A,East,124,127,3,90.09203300666364,epidemiology_change,0,0.55,163.94977099030723,49.18493129709217,1.22,15.500631098278596,15.481315632604483,1.0011625686032941,0.0,0.0,90.67170815156275,98.9232161361674,92.90477,94.18565237270857,92.08322
Therapy A,North,124,127,3,155.56425944162842,epidemiology_change,0,0.74,244.912620862064,73.47378625861917,1.33,29.06108667887164,29.02487341641547,1.001200783356139,0.0,0.0,156.73037597029125,172.49350841705774,150.06435,163.12119235153475,154.32599
Therapy A,South,124,127,3,101.28143284378804,epidemiology_change,0,0.6,164.81723009607606,49.44516902882282,1.1,18.24526737163562,18.222531791813257,1.0011746199590679,0.0,0.0,102.05225554451428,112.42349560518966,101.032394,106.23666823112582,103.03598
Therapy A,West,124,127,3,115.2574450817607,epidemiology_change,0,0.65,186.79286077555287,56.03785823266586,1.2,21.126272553715033,21.099946929310065,1.0011840732194226,0.0,0.0,116.15076986566406,128.1046187631234,112.22725,120.9457190762021,115.32358
Therapy B,East,124,127,3,249.0704360919566,epidemiology_change,0,0.72,163.94977099030723,49.18493129709217,0.9046755373782052,24.200056687575405,24.169900795128395,1.0011917884085015,0.0,0.0,248.93195537394365,256.13269362917777,234.35541,253.74039347140516,239.40169
Therapy B,North,124,127,3,314.1752992546028,epidemiology_change,0,0.68,244.912620862064,73.47378625861917,1.194472541199767,29.074718652092514,29.038488402720837,1.0012008045106542,0.0,0.0,314.98431518614086,331.2395043641224,300.10956,322.3987086244682,311.38324
Therapy B,South,124,127,3,201.34159271659263,epidemiology_change,0,0.55,164.81723009607606,49.44516902882282,0.9914642225944056,17.757893121951973,17.735764863246448,1.0011727356455353,0.0,0.0,201.78551151739669,211.7439505296146,195.2968,206.462370203068,193.06178
Therapy B,West,124,127,3,231.89817980301405,epidemiology_change,0,0.6,186.79286077555287,56.03785823266586,1.078252907810606,20.93388838636092,20.907802493471213,1.0011835188681548,0.0,0.0,232.4836159773116,244.46474406059792,221.8039,237.96506709813042,223.13309
Therapy C,East,124,127,3,1051.2750786563288,epidemiology_change,0,0.66,163.94977099030723,114.76483969321504,0.0,75.74479419752193,75.65040797782295,1.001229250272672,0.0,0.0,1038.5538322897323,975.5801356918856,1059.0361,1042.3461265271417,1053.5312
Therapy C,North,124,127,3,1633.254460588812,epidemiology_change,0,0.76,244.912620862064,171.43883460344475,0.0,130.29351429861802,130.13115446390947,1.0012368924300534,0.0,0.0,1613.4842617476193,1516.061908765154,1519.0732,1619.4229346802776,1526.5405
Therapy C,South,124,127,3,1074.8109972354762,epidemiology_change,0,0.7,164.81723009607606,115.37206106725324,0.0,80.76044274707726,80.65980648589426,1.0012303779613723,0.0,0.0,1061.8037851554925,997.541883179174,1069.4565,1065.6953007715392,1079.0254
Therapy C,West,124,127,3,1227.677559553234,epidemiology_change,0,0.72,186.79286077555287,130.755002542887,0.0,94.14360183087865,94.02628870355676,1.0012328058968494,0.0,0.0,1212.8190007133908,1139.4762750704638,1208.2048,1217.2704118530867,1212.1338
Therapy D,East,124,127,3,144.41228376126716,limited_supply,1,0.5,163.94977099030723,49.18493129709217,1.1246755373782051,14.911975066989319,14.893393130504702,1.001159446974301,0.0,0.0,197.1749635259515,145.4726686265165,207.25777,190.53244854611802,204.88293
Therapy D,North,124,127,3,354.1798732847252,epidemiology_change,0,0.65,244.912620862064,73.47378625861917,1.2244725411997668,27.290551885049826,27.25654490076505,1.001197863328366,0.0,0.0,338.9054214455876,252.74192902282,356.16562,327.8927232710015,359.00018
Therapy D,South,124,127,3,237.91638357837945,epidemiology_change,0,0.55,164.81723009607606,49.44516902882282,0.9914642225944056,17.757893121951973,17.735764863246448,1.0011727356455353,0.0,0.0,227.60409587767668,169.4629473807546,239.88387,220.17333058709573,242.63176
Therapy D,West,124,127,3,273.69625589302865,epidemiology_change,0,0.6,186.79286077555287,56.03785823266586,1.078252907810606,20.93388838636092,20.907802493471213,1.0011835188681548,0.0,0.0,261.87046204388395,195.201418919716,273.10037,253.35429807414607,268.3482
Therapy A,East,125,128,3,89.94353495312633,epidemiology_change,0,0.55,164.01792734389787,49.20537820316936,1.22,15.507074940728822,15.48775144532889,1.0011625686032946,0.0,0.0,90.45384194173572,96.81303400570042,88.43974,93.62504346937075,92.45262
Therapy A,North,125,128,3,155.26363942342314,epidemiology_change,0,0.74,245.01443467421777,73.50433040226532,1.33,29.073167804008,29.036939487161053,1.001200783356139,0.0,0.0,156.2931202074777,168.6471062705968,150.50815,162.06493481940478,157.56332
Therapy A,South,125,128,3,101.08261240357098,epidemiology_change,0,0.6,164.8857470652941,49.46572411958823,1.1,18.252852200128057,18.230107168787658,1.0011746199590679,0.0,0.0,101.76327792243252,109.90455949510796,100.20932,105.542609740489,105.11391
Therapy A,West,125,128,3,115.02688582575988,epidemiology_change,0,0.65,186.8705133406667,56.061154002200006,1.2,21.13505505882941,21.108718490471563,1.0011840732194233,0.0,0.0,115.8159412522188,125.21750623776616,111.26283,120.14697295244366,115.64863
Therapy B,East,125,128,3,249.18175307603303,epidemiology_change,0,0.72,164.01792734389787,49.20537820316936,0.9046755373782052,24.210117010383723,24.179948581684556,1.001191788408502,0.0,0.0,248.94159556617808,254.0070372225998,237.00484,253.30483099028018,241.32162
Therapy B,North,125,128,3,314.03869024849587,epidemiology_change,0,0.68,245.01443467421777,73.50433040226532,1.194472541199767,29.086805444242508,29.05056013341834,1.0012008045106542,0.0,0.0,314.6412103914133,327.7553760823472,305.33755,321.4062167728391,309.92154
Therapy B,South,125,128,3,201.27590874229065,epidemiology_change,0,0.55,164.8857470652941,49.46572411958823,0.9914642225944056,17.76527534173388,17.74313788398272,1.0011727356455355,0.0,0.0,201.592067379121,209.55045925721947,195.73807,205.85538877267314,196.03877
Therapy B,West,125,128,3,231.8013043167681,epidemiology_change,0,0.6,186.8705133406667,56.061154002200006,1.078252907810606,20.94259091452103,20.916494177338407,1.0011835188681548,0.0,0.0,232.23422732500825,241.8835934768318,221.92514,237.23358624018442,226.12833
Therapy C,East,125,128,3,1055.046959326703,epidemiology_change,0,0.66,164.01792734389787,114.81254914072848,0.0,75.7762824328808,75.68185697542914,1.0012292502726725,0.0,0.0,1043.0420701259486,976.0093680644424,1058.1403,1045.900691763246,1054.3336
Therapy C,North,125,128,3,1639.1221854615112,epidemiology_change,0,0.76,245.01443467421777,171.51010427195243,0.0,130.34767924668384,130.18525191658182,1.0012368924300534,0.0,0.0,1620.4560036364765,1516.7284781252297,1514.0541,1624.9413824940805,1557.8329
Therapy C,South,125,128,3,1078.669315363125,epidemiology_change,0,0.7,164.8857470652941,115.42002294570588,0.0,80.79401606199411,80.69333796482341,1.0012303779613723,0.0,0.0,1066.3919329715636,997.980012017375,1080.0311,1069.3280095702771,1088.1492
Therapy C,West,125,128,3,1232.0859064211747,epidemiology_change,0,0.72,186.8705133406667,130.80935933846666,0.0,94.18273872369599,94.06537682756557,1.0012328058968496,0.0,0.0,1218.0596739742862,1139.977041559784,1220.529,1221.4193975762398,1218.0287
Therapy D,East,125,128,3,146.3257946336044,limited_supply,1,0.5,164.01792734389787,49.20537820316936,1.1246755373782051,14.918174196388899,14.899584535117436,1.0011594469743015,0.0,0.0,140.26586200298772,150.0611649805596,145.3999,142.47831780773325,145.8319
Therapy D,North,125,128,3,358.7612016586095,epidemiology_change,0,0.65,245.01443467421777,73.50433040226532,1.2244725411997668,27.30189697258929,27.26787585109632,1.001197863328366,0.0,0.0,344.2642402410255,260.39307911693885,360.52347,333.628605072651,358.76392
Therapy D,South,125,128,3,241.00952407598612,epidemiology_change,0,0.55,164.8857470652941,49.46572411958823,0.9914642225944056,17.76527534173388,17.74313788398272,1.0011727356455355,0.0,0.0,231.2219352065632,174.61503624999486,242.26389,224.04352234548122,243.93042
Therapy D,West,125,128,3,277.2436339665721,epidemiology_change,0,0.6,186.8705133406667,56.061154002200006,1.078252907810606,20.94259091452103,20.916494177338407,1.0011835188681548,0.0,0.0,266.0191433473083,201.1116136724371,272.05286,257.7929170513697,269.20352
Therapy A,East,127,130,3,89.70134582153754,epidemiology_change,0,0.55,164.15432506368157,49.24629751910447,1.22,15.519970663145775,15.500631098278596,1.0011625686032946,0.0,0.0,90.09203300666364,94.27154957581944,89.054955,92.60216491955087,91.34863
Therapy A,North,127,130,3,154.77024413711126,epidemiology_change,0,0.74,245.21818929266013,73.56545678779804,1.33,29.09734512327776,29.06108667887164,1.0012007833561394,0.0,0.0,155.56425944162842,163.9045489467788,152.45871,160.14338952287827,157.34224
Therapy A,South,127,130,3,100.75611961926784,epidemiology_change,0,0.6,165.02286646613487,49.50685993984046,1.1,18.268031317801128,18.24526737163562,1.0011746199590674,0.0,0.0,101.28143284378804,106.7913144412068,102.02848,104.28040161974974,104.19774
Therapy A,West,127,130,3,114.64803430785186,epidemiology_change,0,0.65,187.02591532828623,56.10777459848587,1.2,21.152631023629176,21.126272553715033,1.001184073219423,0.0,0.0,115.2574450817607,121.63891348267286,111.82164,118.69498480443838,115.62354
Therapy B,East,127,130,3,249.48055570505497,epidemiology_change,0,0.72,164.15432506368157,49.24629751910447,0.9046755373782052,24.230250204415547,24.200056687575405,1.001191788408502,0.0,0.0,249.0704360919566,251.35395576977527,239.11151,252.5949937094893,245.92667
Therapy B,North,127,130,3,313.92713435381074,epidemiology_change,0,0.68,245.21818929266013,73.56545678779804,1.194472541199767,29.110994104608093,29.074718652092514,1.0012008045106546,0.0,0.0,314.1752992546028,322.8843227850486,306.26477,319.71801644176907,314.4604
Therapy B,South,127,130,3,201.24419710372183,epidemiology_change,0,0.55,165.02286646613487,49.50685993984046,0.9914642225944056,17.78004898926853,17.757893121951973,1.0011727356455355,0.0,0.0,201.34159271659263,206.5171201047092,198.99477,204.82712006919584,197.08417
Therapy B,West,127,130,3,231.72687696667816,epidemiology_change,0,0.6,187.02591532828623,56.10777459848587,1.078252907810606,20.96000682565564,20.93388838636092,1.0011835188681548,0.0,0.0,231.89817980301405,238.283786187649,224.81387,235.99081262412793,227.64146
Therapy C,East,127,130,3,1061.965261610521,epidemiology_change,0,0.66,164.15432506368157,114.9080275445771,0.0,75.83929817942088,75.74479419752193,1.0012292502726727,0.0,0.0,1051.2750786563288,984.2996109115338,1061.2869,1052.4563227124943,1067.2559
Therapy C,North,127,130,3,1649.891471246044,epidemiology_change,0,0.76,245.21818929266013,171.6527325048621,0.0,130.45607670369517,130.29351429861802,1.0012368924300534,0.0,0.0,1633.254460588812,1529.513887102008,1523.2772,1635.1270437918463,1570.8098
Therapy C,South,127,130,3,1085.7480970555712,epidemiology_change,0,0.7,165.02286646613487,115.5160065262944,0.0,80.86120456840608,80.76044274707726,1.001230377961372,0.0,0.0,1074.8109972354762,1006.4281472337882,1087.7109,1076.0300606572662,1085.3759
Therapy C,West,127,130,3,1240.17483121751,epidemiology_change,0,0.72,187.02591532828623,130.91814072980034,0.0,94.26106132545624,94.14360183087865,1.0012328058968494,0.0,0.0,1227.677559553234,1149.613259621461,1231.0903,1229.0751321343146,1221.3785
Therapy D,East,127,130,3,149.85864176076782,limited_supply,1,0.5,164.15432506368157,49.24629751910447,1.1246755373782051,14.930580187469722,14.911975066989319,1.0011594469743017,0.0,0.0,144.41228376126716,159.6767264281446,140.66795,146.54527663874265,136.6652
Therapy D,North,127,130,3,367.2298221906391,epidemiology_change,0,0.65,245.21818929266013,73.56545678779804,1.2244725411997668,27.32460129859278,27.290551885049826,1.0011978633283665,0.0,0.0,354.1798732847252,276.3991781889464,370.60446,344.26509507632903,368.6659
Therapy D,South,127,130,3,246.72738455593745,epidemiology_change,0,0.55,165.02286646613487,49.50685993984046,0.9914642225944056,17.78004898926853,17.757893121951973,1.0011727356455355,0.0,0.0,237.91638357837945,185.40931446609608,243.26212,231.22127451395707,237.55602
Therapy D,West,127,130,3,283.80157949941656,epidemiology_change,0,0.6,187.02591532828623,56.10777459848587,1.078252907810606,20.96000682565564,20.93388838636092,1.0011835188681548,0.0,0.0,273.69625589302865,213.4899758783887,280.30704,266.02471334166756,277.58853
Therapy A,East,130,133,3,89.45001106407375,epidemiology_change,0,0.55,164.35913435161757,49.30774030548527,1.22,15.539334357273683,15.519970663145775,1.0011625686032943,0.0,0.0,89.70134582153754,92.67204352205796,108.08665,91.35474133000808,91.32371
Therapy A,North,130,133,3,154.25028677103165,epidemiology_change,0,0.74,245.5241389697003,73.65724169091008,1.33,29.133648806005663,29.09734512327776,1.0012007833561392,0.0,0.0,154.77024413711126,160.72220884750274,151.60495,157.80465055775497,154.72548
Therapy A,South,130,133,3,100.41159401512392,epidemiology_change,0,0.6,165.228759401097,49.5686278203291,1.1,18.290823665701435,18.268031317801128,1.001174619959068,0.0,0.0,100.75611961926784,104.68930070410968,105.83006,102.74454090010974,103.36395
Therapy A,West,130,133,3,114.24764038519704,epidemiology_change,0,0.65,187.2592606545766,56.17777819637298,1.2,21.179022380032617,21.152631023629176,1.001184073219423,0.0,0.0,114.64803430785186,119.20479080374206,115.98574,116.92876729289273,114.53199
Therapy B,East,130,133,3,250.0742149938745,epidemiology_change,0,0.72,164.35913435161757,49.30774030548527,0.9046755373782052,24.26048139259138,24.230250204415547,1.001191788408502,0.0,0.0,249.48055570505497,249.93284842806577,244.39406,251.88113774622138,249.63753
Therapy B,North,130,133,3,314.0840206760808,epidemiology_change,0,0.68,245.5241389697003,73.65724169091008,1.194472541199767,29.14731481666584,29.110994104608093,1.0012008045106544,0.0,0.0,313.92713435381074,319.09328079084366,313.29242,317.83395947400714,310.08347
Therapy B,South,130,133,3,201.3956965398924,epidemiology_change,0,0.55,165.228759401097,49.5686278203291,0.9914642225944056,17.802232499642358,17.78004898926853,1.0011727356455358,0.0,0.0,201.24419710372183,204.21960538680963,200.64536,203.6899926035459,200.58536
Therapy B,West,130,133,3,231.85436131663528,epidemiology_change,0,0.6,187.2592606545766,56.17777819637298,1.078252907810606,20.986157851962314,20.96000682565564,1.0011835188681546,0.0,0.0,231.72687696667816,235.4950120466522,227.80386,234.6074862557668,229.54738
Therapy C,East,130,133,3,1070.9542753643966,epidemiology_change,0,0.66,164.35913435161757,115.05139404613227,0.0,75.9339200704473,75.83929817942088,1.0012292502726727,0.0,0.0,1061.965261610521,1005.4898718609472,1059.8467,1061.0493549371556,1060.4656
Therapy C,North,130,133,3,1663.897073380287,epidemiology_change,0,0.76,245.5241389697003,171.8668972787902,0.0,130.61884193188055,130.45607670369517,1.0012368924300539,0.0,0.0,1649.891471246044,1562.2427278328817,1551.5883,1648.4937171966276,1576.6772
Therapy C,South,130,133,3,1094.9493044973062,epidemiology_change,0,0.7,165.228759401097,115.66013158076788,0.0,80.96209210653751,80.86120456840608,1.0012303779613725,0.0,0.0,1085.7480970555712,1028.0372130548003,1088.4988,1084.8194263334822,1082.8254
Therapy C,West,130,133,3,1250.6909793799773,epidemiology_change,0,0.72,187.2592606545766,131.0814824582036,0.0,94.37866736990658,94.26106132545624,1.0012328058968496,0.0,0.0,1240.17483121751,1174.2677247243191,1232.6676,1239.1174836126713,1241.5112
Therapy D,East,130,133,3,220.70491596297825,epidemiology_change,0,0.5,164.35913435161757,49.30774030548527,1.1246755373782051,14.949208520871723,14.930580187469722,1.0011594469743015,0.0,0.0,149.85864176076782,174.0592685834941,170.86256,151.75177063342622,164.06691
Therapy D,North,130,133,3,378.36330289009305,epidemiology_change,0,0.65,245.5241389697003,73.65724169091008,1.2244725411997668,27.358693194331302,27.32460129859278,1.0011978633283662,0.0,0.0,367.2298221906391,300.3433531430651,387.96783,358.2824020173139,382.92145
Therapy D,South,130,133,3,254.244830713348,epidemiology_change,0,0.55,165.228759401097,49.5686278203291,0.9914642225944056,17.802232499642358,17.78004898926853,1.0011727356455358,0.0,0.0,246.72738455593745,201.5721346353606,256.67514,240.68272857401467,251.0121
Therapy D,West,130,133,3,292.4244536551538,epidemiology_change,0,0.6,187.2592606545766,56.17777819637298,1.078252907810606,20.986157851962314,20.96000682565564,1.0011835188681546,0.0,0.0,283.80157949941656,232.02163374898367,292.8886,276.875364276363,288.6437
Therapy A,East,133,136,3,89.30051631738883,epidemiology_change,0,0.55,164.56419917253692,49.36925975176107,1.22,15.5587222107675,15.539334357273683,1.0011625686032941,0.0,0.0,89.45001106407375,91.5047066774768,88.23683,90.49203888276719,91.92375
Therapy A,North,133,136,3,153.93043176371302,epidemiology_change,0,0.74,245.8304703688515,73.74914111065544,1.33,29.169997783497546,29.133648806005663,1.0012007833561394,0.0,0.0,154.25028677103165,158.39600845411098,150.04433,156.18005185406471,154.81908
Therapy A,South,133,136,3,100.19905061831123,epidemiology_change,0,0.6,165.43490922106884,49.63047276632065,1.1,18.31364445077232,18.290823665701435,1.0011746199590679,0.0,0.0,100.41159401512392,103.15273525305868,101.485825,101.67725534400151,102.95896
Therapy A,West,133,136,3,113.99980811933398,epidemiology_change,0,0.65,187.49289711721133,56.2478691351634,1.2,21.205446663956604,21.179022380032617,1.0011840732194226,0.0,0.0,114.24764038519704,117.42544102284036,114.06166,115.70086825344504,116.17444
Therapy B,East,133,136,3,250.7833828192024,epidemiology_change,0,0.72,164.56419917253692,49.36925975176107,0.9046755373782052,24.29075029910403,24.26048139259138,1.0011917884085018,0.0,0.0,250.0742149938745,249.1753582268255,246.43666,251.5157733933114,251.16922
Therapy B,North,133,136,3,314.5235621262315,epidemiology_change,0,0.68,245.8304703688515,73.74914111065544,1.194472541199767,29.18368084473444,29.14731481666584,1.0012008045106549,0.0,0.0,314.0840206760808,316.54696195751774,309.46005,316.59749750465363,312.2666
Therapy B,South,133,136,3,201.71948847830612,epidemiology_change,0,0.55,165.43490922106884,49.63047276632065,0.9914642225944056,17.824443687562674,17.802232499642358,1.0011727356455355,0.0,0.0,201.3956965398924,202.6968062422411,200.65717,202.95708623706724,201.58492
Therapy B,West,133,136,3,232.1900140096984,epidemiology_change,0,0.6,187.49289711721133,56.2478691351634,1.078252907810606,21.01234150593856,20.986157851962314,1.0011835188681546,0.0,0.0,231.85436131663528,233.6258583385745,229.66812,233.70405260378294,233.25671
Therapy C,East,133,136,3,1078.5289134371544,epidemiology_change,0,0.66,164.56419917253692,115.19493942077584,0.0,76.02866001771206,75.9339200704473,1.0012292502726725,0.0,0.0,1070.9542753643966,1023.4289486516408,1070.6971,1068.3643310324078,1068.53
Therapy C,North,133,136,3,1675.7098934442763,epidemiology_change,0,0.76,245.8304703688515,172.08132925819604,0.0,130.78181023622898,130.61884193188055,1.0012368924300536,0.0,0.0,1663.897073380287,1590.0182749523242,1566.8687,1659.8855344780109,1587.4613
Therapy C,South,133,136,3,1102.7058540371945,epidemiology_change,0,0.7,165.43490922106884,115.80443645474816,0.0,81.06310551832371,80.96209210653751,1.001230377961372,0.0,0.0,1094.9493044973062,1046.350161131619,1089.3448,1092.305305601582,1093.2085
Therapy C,West,133,136,3,1259.5576352482517,epidemiology_change,0,0.72,187.49289711721133,131.24502798204793,0.0,94.4964201470745,94.37866736990658,1.0012328058968494,0.0,0.0,1250.6909793799773,1195.171743474609,1256.7896,1247.6724728204144,1248.4829
Therapy D,East,133,136,3,226.335757650053,epidemiology_change,0,0.5,164.56419917253692,49.36925975176107,1.1246755373782051,14.967860096157223,14.949208520871723,1.0011594469743013,0.0,0.0,220.70491596297825,186.49583641830287,240.09392,213.5009795688273,253.66208
Therapy D,North,133,136,3,387.8564795103084,epidemiology_change,0,0.65,245.8304703688515,73.74914111065544,1.2244725411997668,27.392827625268872,27.358693194331302,1.0011978633283662,0.0,0.0,378.36330289009305,321.07356665814274,382.75766,370.23209181269027,380.55167
Therapy D,South,133,136,3,260.6549813613519,epidemiology_change,0,0.55,165.43490922106884,49.63047276632065,0.9914642225944056,17.824443687562674,17.802232499642358,1.0011727356455355,0.0,0.0,254.244830713348,215.56601633963515,267.24796,248.7508093557317,261.08798
Therapy D,West,133,136,3,299.77825352984263,epidemiology_change,0,0.6,187.49289711721133,56.2478691351634,1.078252907810606,21.01234150593856,20.986157851962314,1.0011835188681546,0.0,0.0,292.4244536551538,248.0668627991442,301.09973,286.1281395646058,299.89542
Therapy A,East,136,139,3,89.22493774015798,epidemiology_change,0,0.55,164.76951984525877,49.43085595357763,1.22,15.578134253769989,15.5587222107675,1.0011625686032941,0.0,0.0,89.30051631738883,90.67170815156275,87.92518,89.90864451103079,91.949234
Therapy A,North,136,139,3,153.75570545520586,epidemiology_change,0,0.74,246.1371839663743,73.84115518991229,1.33,29.206392112266002,29.169997783497546,1.0012007833561392,0.0,0.0,153.93043176371302,156.73037597029125,150.26112,155.07484406836954,154.48242
Therapy A,South,136,139,3,100.08221915591388,epidemiology_change,0,0.6,165.6413162465564,49.692394873966926,1.1,18.336493708493794,18.31364445077232,1.0011746199590679,0.0,0.0,100.19905061831123,102.05225554451428,101.471115,100.95079491086426,103.59682
Therapy A,West,136,139,3,113.86259499982268,epidemiology_change,0,0.65,187.72682507943065,56.31804752382919,1.2,21.23190391648361,21.205446663956604,1.0011840732194233,0.0,0.0,113.99980811933398,116.15076986566406,111.91232,114.86455843132354,113.639145
Therapy B,East,136,139,3,251.55710484425973,epidemiology_change,0,0.72,164.76951984525877,49.43085595357763,0.9046755373782052,24.32105697101328,24.29075029910403,1.0011917884085018,0.0,0.0,250.7833828192024,248.93195537394365,250.29631,251.42517922924492,253.11029
Therapy B,North,136,139,3,315.1518839427736,epidemiology_change,0,0.68,246.1371839663743,73.84115518991229,1.194472541199767,29.220092245352983,29.18368084473444,1.0012008045106546,0.0,0.0,314.5235621262315,314.98431518614086,316.46463,315.8772837051783,313.92743
Therapy B,South,136,139,3,202.156936661782,epidemiology_change,0,0.55,165.6413162465564,49.692394873966926,0.9914642225944056,17.846682587561734,17.824443687562674,1.0011727356455358,0.0,0.0,201.71948847830612,201.78551151739669,204.61087,202.54561539730307,203.71954
Therapy B,West,136,139,3,232.6643480152062,epidemiology_change,0,0.6,187.72682507943065,56.31804752382919,1.078252907810606,21.038557828292724,21.01234150593856,1.001183518868155,0.0,0.0,232.1900140096984,232.4836159773116,233.4525,233.18261970344162,235.62598
Therapy C,East,136,139,3,1084.9349803590262,epidemiology_change,0,0.66,164.76951984525877,115.33866389168114,0.0,76.12351816850955,76.02866001771206,1.0012292502726725,0.0,0.0,1078.5289134371544,1038.5538322897323,1085.1722,1074.6112782982093,1080.5559
Therapy C,North,136,139,3,1685.7074917239947,epidemiology_change,0,0.76,246.1371839663743,172.296028776462,0.0,130.94498187011112,130.78181023622898,1.0012368924300539,0.0,0.0,1675.7098934442763,1613.4842617476193,1581.9197,1669.62297449107,1604.8978
Therapy C,South,136,139,3,1109.2678157795008,epidemiology_change,0,0.7,165.6413162465564,115.94892137258948,0.0,81.16424496081264,81.06310551832371,1.0012303779613723,0.0,0.0,1102.7058540371945,1061.8037851554925,1098.5255,1098.7007524364885,1102.5411
Therapy C,West,136,139,3,1267.0597995733772,epidemiology_change,0,0.72,187.72682507943065,131.40877755560146,0.0,94.61431984003305,94.4964201470745,1.0012328058968498,0.0,0.0,1259.5576352482517,1212.8190007133908,1286.7922,1254.9826042486775,1255.9796
Therapy D,East,136,139,3,231.12485768244937,epidemiology_change,0,0.5,164.76951984525877,49.43085595357763,1.1246755373782051,14.986534942324264,14.967860096157223,1.0011594469743013,0.0,0.0,226.335757650053,197.1749635259515,244.14459,219.58383896940344,242.97517
Therapy D,North,136,139,3,395.9521185316641,epidemiology_change,0,0.65,246.1371839663743,73.84115518991229,1.2244725411997668,27.427004644475083,27.392827625268872,1.0011978633283665,0.0,0.0,387.8564795103084,338.9054214455876,399.0292,380.39817953178425,397.03516
Therapy D,South,136,139,3,266.12159773852625,epidemiology_change,0,0.55,165.6413162465564,49.692394873966926,0.9914642225944056,17.846682587561734,17.824443687562674,1.0011727356455358,0.0,0.0,260.6549813613519,227.60409587767668,270.3603,255.61631308419334,266.26282
Therapy D,West,136,139,3,306.0505645362454,epidemiology_change,0,0.6,187.72682507943065,56.31804752382919,1.078252907810606,21.038557828292724,21.01234150593856,1.001183518868155,0.0,0.0,299.77825352984263,261.87046204388395,309.1227,294.00210357003226,307.42426
Therapy A,East,139,142,3,89.2027244051753,epidemiology_change,0,0.55,164.975096689,49.4925290067,1.22,15.597570516461506,15.578134253769989,1.0011625686032948,0.0,0.0,89.22493774015798,90.09203300666364,88.64494,89.5268075611537,92.71046
Therapy A,North,139,142,3,153.68569276793303,epidemiology_change,0,0.74,246.44428023912343,73.93328407173702,1.33,29.24283184889414,29.206392112266002,1.001200783356139,0.0,0.0,153.75570545520586,155.56425944162842,153.14905,154.34496703878682,155.7986
Therapy A,South,139,142,3,100.03443944177135,epidemiology_change,0,0.6,165.84798079846558,49.75439423953967,1.1,18.359371474390137,18.336493708493794,1.0011746199590679,0.0,0.0,100.08221915591388,101.28143284378804,100.62477,100.470644979841,101.89489
Therapy A,West,139,142,3,113.80517862048916,epidemiology_change,0,0.65,187.9610449049277,56.3883134714783,1.2,21.25839417874732,21.23190391648361,1.0011840732194228,0.0,0.0,113.86259499982268,115.2574450817607,112.87124,114.31126483279874,114.744286
Therapy B,East,139,142,3,252.3583569952616,epidemiology_change,0,0.72,164.975096689,49.4925290067,0.9046755373782052,24.35140145543763,24.32105697101328,1.0011917884085022,0.0,0.0,251.55710484425973,249.0704360919566,254.12444,251.5433504061854,256.5286
Therapy B,North,139,142,3,315.89856041965106,epidemiology_change,0,0.68,246.44428023912343,73.93328407173702,1.194472541199767,29.256549075131126,29.220092245352983,1.0012008045106542,0.0,0.0,315.1518839427736,314.1752992546028,317.64624,315.5567318105285,314.97147
Therapy B,South,139,142,3,202.6641746785681,epidemiology_change,0,0.55,165.84798079846558,49.75439423953967,0.9914642225944056,17.868949234214874,17.846682587561734,1.0011727356455358,0.0,0.0,202.156936661782,201.34159271659263,204.98083,202.38217140447395,202.4852
Therapy B,West,139,142,3,233.2252573268776,epidemiology_change,0,0.6,187.9610449049277,56.3883134714783,1.078252907810606,21.064806859783918,21.038557828292724,1.0011835188681548,0.0,0.0,232.6643480152062,231.89817980301405,235.44101,232.95644704978542,234.95119
Therapy C,East,139,142,3,1090.3807741490614,epidemiology_change,0,0.66,164.975096689,115.4825676823,0.0,76.21849467031801,76.12351816850955,1.001229250272673,0.0,0.0,1084.9349803590262,1051.2750786563288,1091.339,1079.9717185681752,1092.7615
Therapy C,North,139,142,3,1694.2109291175475,epidemiology_change,0,0.76,246.44428023912343,172.5109961673864,0.0,131.10835708721365,130.94498187011112,1.0012368924300534,0.0,0.0,1685.7074917239947,1633.254460588812,1604.688,1677.9843577273155,1619.4591
Therapy C,South,139,142,3,1114.8474169521676,epidemiology_change,0,0.7,165.84798079846558,116.0935865589259,0.0,81.26551059124813,81.16424496081264,1.0012303779613725,0.0,0.0,1109.2678157795008,1074.8109972354762,1106.9875,1104.1902846656137,1107.5498
Therapy C,West,139,142,3,1273.4395108121887,epidemiology_change,0,0.72,187.9610449049277,131.57273143344935,0.0,94.73236663208353,94.61431984003305,1.0012328058968494,0.0,0.0,1267.0597995733772,1227.677559553234,1270.0647,1261.2581019539489,1262.7106
Therapy D,East,139,142,3,235.200988311192,epidemiology_change,0,0.5,164.975096689,49.4925290067,1.1246755373782051,15.005233088407074,14.986534942324264,1.001159446974302,0.0,0.0,231.12485768244937,144.41228376126716,241.31134,224.74822447193745,232.63268
Therapy D,North,139,142,3,402.8609295669854,epidemiology_change,0,0.65,246.44428023912343,73.93328407173702,1.2244725411997668,27.461224305085736,27.427004644475083,1.001197863328366,0.0,0.0,395.9521185316641,354.1798732847252,411.97476,389.0408158275989,408.2597
Therapy D,South,139,142,3,270.78684302588545,epidemiology_change,0,0.55,165.84798079846558,49.75439423953967,0.9914642225944056,17.868949234214874,17.846682587561734,1.0011727356455358,0.0,0.0,266.12159773852625,237.91638357837945,269.20752,261.4541523653713,267.7041
Therapy D,West,139,142,3,311.4042299456148,epidemiology_change,0,0.6,187.9610449049277,56.3883134714783,1.078252907810606,21.064806859783918,21.038557828292724,1.0011835188681548,0.0,0.0,306.0505645362454,273.69625589302865,311.1752,300.69794806661275,310.8158
Therapy A,East,37,43,6,194.56968099043127,b_launch_growth,0,0.55,141.3612443364238,42.40837330092714,0.5,19.24279938529569,19.194872039678668,1.002316799752969,0.0,0.0,201.9426610583358,200.58561902943484,206.43161,201.78704598506076,195.92606
Therapy A,North,37,43,6,307.41614546454247,b_launch_growth,0,0.74,211.1692662309541,63.35077986928623,0.68,35.72223775269312,35.63326566496793,1.0023965372463612,0.0,0.0,321.63475275516925,327.2499629812145,332.46832,322.2556112671368,322.41656
Therapy A,South,37,43,6,199.15504149952875,b_launch_growth,0,0.6,142.10918742815088,42.63275622844526,0.55,20.655570392681728,20.604124309328423,1.0023282851336106,0.0,0.0,207.4494884998248,208.5438385461053,208.84433,207.57282258878718,202.93796
Therapy A,West,37,43,6,228.8004929527705,b_launch_growth,0,0.65,161.05707908523763,48.317123725571285,0.6,24.810843033080857,24.749047562199177,1.0023549160930987,0.0,0.0,238.80987304452412,241.31306076143744,242.65883,239.08721153488116,237.54736
Therapy B,East,37,43,6,170.52297363965246,b_launch_growth,0,0.5,141.3612443364238,42.40837330092714,0.4046755373782051,18.200901180858132,18.155568853478425,1.0023072738492456,0.0,0.0,127.67139152876868,35.41001415475134,179.89607,117.56533435848277,171.07191
Therapy B,North,37,43,6,283.009793859101,b_launch_growth,0,0.68,211.1692662309541,63.35077986928623,0.5444725411997668,34.86925340673932,34.78240581632535,1.0023941835210577,0.0,0.0,214.9170657038136,62.713954167186245,287.3246,198.2375630903591,250.01141
Therapy B,South,37,43,6,177.83769681144076,b_launch_growth,0,0.55,142.10918742815088,42.63275622844526,0.4414642225944055,19.825004882946274,19.775627459118315,1.002321717282533,0.0,0.0,133.80660139808657,37.7709571855217,183.48434,123.28583678530039,171.52321
Therapy B,West,37,43,6,207.7713691548924,b_launch_growth,0,0.6,161.05707908523763,48.317123725571285,0.478252907810606,24.13763520239492,24.077516465949188,1.0023511876283264,0.0,0.0,156.92007395933092,44.88927426807784,204.21585,144.6458386502076,182.17851
Therapy C,East,37,43,6,878.3941657465018,b_launch_growth,0,0.66,141.3612443364238,98.95287103549666,0.0,65.3088948834278,65.14623237709124,1.0024409786191641,0.0,0.0,837.4464037698295,692.7236680785543,739.95874,821.6077563703477,795.73486
Therapy C,North,37,43,6,1366.4853255432354,b_launch_growth,0,0.76,211.1692662309541,147.81848636166785,0.0,112.34204963486756,112.06224334824748,1.0024640759554981,0.0,0.0,1303.5995800686574,1080.4557150370724,1128.4156,1279.162249246327,1205.2465
Therapy C,South,37,43,6,900.5537711300595,b_launch_growth,0,0.7,142.10918742815088,99.4764311997056,0.0,69.63350183979392,69.46006819106248,1.002444377553182,0.0,0.0,860.0407644323057,717.0654100266681,744.88654,844.4251103675302,814.3341
Therapy C,West,37,43,6,1027.7640741811183,b_launch_growth,0,0.72,161.05707908523763,112.73995535966634,0.0,81.17276785895976,80.97059377700997,1.0024517064862821,0.0,0.0,980.937608658194,815.2830091085025,821.6098,962.8211083144561,979.38763
Therapy D,East,37,43,6,0.0,b_launch_growth,0,,141.3612443364238,42.40837330092714,0.9046755373782052,0.0,0.0,1.0,0.0,0.0,0.0,0.0,0.0,0.0,0.0
Therapy D,North,37,43,6,0.0,b_launch_growth,0,,211.1692662309541,63.35077986928623,1.2244725411997668,0.0,0.0,1.0,0.0,0.0,0.0,0.0,0.014868748,0.0,0.0
Therapy D,South,37,43,6,0.0,b_launch_growth,0,,142.10918742815088,42.63275622844526,0.9914642225944056,0.0,0.0,1.0,0.0,0.0,0.0,0.0,0.0,0.0,0.0
Therapy D,West,37,43,6,0.0,b_launch_growth,0,,161.05707908523763,48.317123725571285,1.078252907810606,0.0,0.0,1.0,0.0,0.0,0.0,0.0,0.010046698,0.0,0.0
Therapy A,East,40,46,6,191.1389482978075,b_launch_growth,0,0.55,141.53761553945515,42.46128466183655,0.5,19.266807915308334,19.2188207725125,1.002316799752969,0.0,0.0,198.2882114587252,205.2181874662504,202.03664,198.69690872850887,200.36565
Therapy A,North,40,46,6,301.0472796206165,b_launch_growth,0,0.74,211.43273432437124,63.429820297311366,0.68,35.76680706924793,35.67772397433531,1.0023965372463608,0.0,0.0,314.45554746007264,332.4209896629864,315.4718,316.04196465252454,318.93152
Therapy A,South,40,46,6,195.372074851098,b_launch_growth,0,0.6,142.28649181215064,42.68594754364519,0.55,20.681341584896096,20.62983131416489,1.0023282851336102,0.0,0.0,203.29748181215285,212.5437057662301,206.31007,204.01615036580534,205.55247
Therapy A,West,40,46,6,224.2724596997316,b_launch_growth,0,0.65,161.25802405377075,48.377407216131225,0.6,24.841798605483387,24.779926034675253,1.0023549160930987,0.0,0.0,233.77968933733155,245.60886702667625,239.94142,234.75805041981943,236.6789
Therapy B,East,40,46,6,188.34009369730848,b_launch_growth,0,0.5,141.53761553945515,42.46128466183655,0.4046755373782051,18.22360977296619,18.17822088611607,1.0023072738492456,0.0,0.0,150.20187817241296,56.08022551096805,182.41772,138.42947984292675,180.75717
Therapy B,North,40,46,6,311.0658159426852,b_launch_growth,0,0.68,211.43273432437124,63.429820297311366,0.5444725411997668,34.912758486232775,34.82580253928819,1.0023941835210572,0.0,0.0,250.84154980478,97.87601203910074,289.3981,231.5848860018154,265.78802
Therapy B,South,40,46,6,196.08588538323383,b_launch_growth,0,0.55,142.28649181215064,42.68594754364519,0.4414642225944055,19.849739809253133,19.80030077903735,1.0023217172825327,0.0,0.0,156.98540221567174,59.514784673771686,188.99628,144.7678271233092,181.80942
Therapy B,West,40,46,6,228.7958741672159,b_launch_growth,0,0.6,161.25802405377075,48.377407216131225,0.478252907810606,24.167750838253696,24.107557093881137,1.0023511876283264,0.0,0.0,183.7134890566857,70.46360618970546,219.66043,169.493746654032,201.64732
Therapy C,East,40,46,6,893.5910166424525,b_launch_growth,0,0.66,141.53761553945515,99.07633087761862,0.0,65.3903783792283,65.22751292489093,1.002440978619164,0.0,0.0,859.9027837696823,738.6276068703398,832.8438,843.3472833724583,841.5633
Therapy C,North,40,46,6,1389.8144524088143,b_launch_growth,0,0.76,211.43273432437124,148.00291402705986,0.0,112.48221466056549,112.20205926997697,1.002464075955498,0.0,0.0,1338.0936667000706,1151.4447483629856,1253.0695,1312.5737850478538,1229.9558
Therapy C,South,40,46,6,915.6041257305484,b_launch_growth,0,0.7,142.28649181215064,99.60054426850544,0.0,69.7203809879538,69.54673095246505,1.0024443775531815,0.0,0.0,882.252867560436,762.393184969776,842.9384,865.9282710604707,858.7781
Therapy C,West,40,46,6,1045.1481978535244,b_launch_growth,0,0.72,161.25802405377075,112.88061683763952,0.0,81.27404412310045,81.0716177960164,1.0024517064862823,0.0,0.0,1006.6166616561768,867.8793245515267,937.6676,987.6862554788963,1012.2362
Therapy D,East,40,46,6,0.0,b_launch_growth,0,,141.53761553945515,42.46128466183655,0.9046755373782052,0.0,0.0,1.0,0.0,0.0,0.0,0.0,0.0,0.0,0.0
Therapy D,North,40,46,6,0.0,b_launch_growth,0,,211.43273432437124,63.429820297311366,1.2244725411997668,0.0,0.0,1.0,0.0,0.0,0.0,0.0,0.012648003,0.0,0.0
Therapy D,South,40,46,6,0.0,b_launch_growth,0,,142.28649181215064,42.68594754364519,0.9914642225944056,0.0,0.0,1.0,0.0,0.0,0.0,0.0,0.0,0.0,0.0
Therapy D,West,40,46,6,0.0,b_launch_growth,0,,161.25802405377075,48.377407216131225,1.078252907810606,0.0,0.0,1.0,0.0,0.0,0.0,0.0,0.013573451,0.0,0.0
Therapy A,East,43,49,6,188.15815137648087,b_launch_growth,0,0.55,141.71420679432185,42.51426203829654,0.5,19.290846399877058,19.24279938529569,1.0023167997529685,0.0,0.0,194.56968099043127,206.3582197258453,199.76527,195.4852566015023,197.75545
Therapy A,North,43,49,6,295.57414604018,b_launch_growth,0,0.74,211.6965311371968,63.50895934115904,0.68,35.811431993292764,35.72223775269312,1.0023965372463608,0.0,0.0,307.41614546454247,332.1564723432687,311.75302,309.85155183405936,316.6159
Therapy A,South,43,49,6,192.1039780117863,b_launch_growth,0,0.6,142.46401741228118,42.73920522368435,0.55,20.707144930875067,20.655570392681728,1.0023282851336102,0.0,0.0,199.15504149952875,213.04517796047003,202.79077,200.40301222841936,202.94485
Therapy A,West,43,49,6,220.3699033129534,b_launch_growth,0,0.65,161.45921973391867,48.4377659201756,0.6,24.87279280001017,24.810843033080857,1.0023549160930987,0.0,0.0,228.8004929527705,245.8582082721736,235.26823,230.39905639797587,233.91501
Therapy B,East,43,49,6,203.65180547657053,b_launch_growth,0,0.5,141.71420679432185,42.51426203829654,0.4046755373782051,18.246346697745814,18.200901180858132,1.0023072738492451,0.0,0.0,170.52297363965246,79.28604737872249,199.10867,157.39022207708524,189.82997
Therapy B,North,43,49,6,335.0830992142808,b_launch_growth,0,0.68,211.6965311371968,63.50895934115904,0.5444725411997668,34.95631784540697,34.86925340673932,1.0023941835210572,0.0,0.0,283.009793859101,136.45671119388706,342.6483,261.6769771111637,317.31335
Therapy B,South,43,49,6,211.7457617302677,b_launch_growth,0,0.55,142.46401741228118,42.73920522368435,0.4414642225944055,19.874505596413908,19.825004882946274,1.0023217172825327,0.0,0.0,177.83769681144076,83.7359590890932,204.11147,164.24130838346983,192.13365
Therapy B,West,43,49,6,246.82045667750387,b_launch_growth,0,0.6,161.45921973391867,48.4377659201756,0.478252907810606,24.197904048278932,24.13763520239492,1.0023511876283264,0.0,0.0,207.7713691548924,98.7784246369148,221.49026,191.97627669532,210.77725
Therapy C,East,43,49,6,906.0757105770144,b_launch_growth,0,0.66,141.71420679432185,99.19994475602527,0.0,65.47196353897668,65.3088948834278,1.0024409786191637,0.0,0.0,878.3941657465018,777.5969112632242,805.82446,861.4577975263268,875.4652
Therapy C,North,43,49,6,1408.9802826036985,b_launch_growth,0,0.76,211.6965311371968,148.18757179603776,0.0,112.6225545649887,112.34204963486756,1.002464075955498,0.0,0.0,1366.4853255432354,1211.5364529565911,1219.4548,1340.3965515610996,1283.4475
Therapy C,South,43,49,6,927.9779351944832,b_launch_growth,0,0.7,142.46401741228118,99.7248121885968,0.0,69.80736853201776,69.63350183979392,1.0024443775531817,0.0,0.0,900.5537711300595,800.8868218761454,811.6602,883.851784475494,885.011
Therapy C,West,43,49,6,1059.4352682717144,b_launch_growth,0,0.72,161.45921973391867,113.02145381374308,0.0,81.37544674589502,81.17276785895976,1.0024517064862826,0.0,0.0,1027.7640741811183,912.4838483701856,890.1166,1008.4027635249784,1068.475
Therapy D,East,43,49,6,0.0,b_launch_growth,0,,141.71420679432185,42.51426203829654,0.9046755373782052,0.0,0.0,1.0,0.0,0.0,0.0,0.0,0.0,0.0,0.0
Therapy D,North,43,49,6,0.0,b_launch_growth,0,,211.6965311371968,63.50895934115904,1.2244725411997668,0.0,0.0,1.0,0.0,0.0,0.0,0.0,0.005763488,0.0,0.0
Therapy D,South,43,49,6,0.0,b_launch_growth,0,,142.46401741228118,42.73920522368435,0.9914642225944056,0.0,0.0,1.0,0.0,0.0,0.0,0.0,0.0,0.0,0.0
Therapy D,West,43,49,6,0.0,b_launch_growth,0,,161.45921973391867,48.4377659201756,1.078252907810606,0.0,0.0,1.0,0.0,0.0,0.0,0.0,0.0043318877,0.0,0.0
Therapy A,East,46,52,6,185.6705347952308,b_launch_growth,0,0.55,141.8910183755744,42.56730551267231,0.5,19.31491487637506,19.266807915308334,1.0023167997529685,0.0,0.0,191.1389482978075,204.9244836669108,195.89949,192.7228664050191,194.14934
Therapy A,North,46,52,6,291.0340443384713,b_launch_growth,0,0.74,211.9606570795617,63.58819712386851,0.68,35.85611259420698,35.76680706924793,1.0023965372463612,0.0,0.0,301.0472796206165,328.0021522580517,307.36838,304.42026883342663,309.6921
Therapy A,South,46,52,6,189.3852249560457,b_launch_growth,0,0.6,142.64176450454565,42.79252935136369,0.55,20.732980470735708,20.681341584896096,1.0023282851336102,0.0,0.0,195.372074851098,210.9962572468892,198.11298,197.25779442301723,199.27286
Therapy A,West,46,52,6,217.12742024955656,b_launch_growth,0,0.65,161.66066643848507,48.49819993154552,0.6,24.903825664848625,24.841798605483387,1.0023549160930985,0.0,0.0,224.2724596997316,243.18160686348543,231.81729,226.59155844831213,230.69363
Therapy B,East,46,52,6,216.62840153073725,b_launch_growth,0,0.5,141.8910183755744,42.56730551267231,0.4046755373782051,18.269111990546648,18.22360977296619,1.0023072738492451,0.0,0.0,188.34009369730848,103.64240359970869,203.80205,175.6917605972235,199.17252
Therapy B,North,46,52,6,355.3789351052429,b_launch_growth,0,0.68,211.9606570795617,63.58819712386851,0.5444725411997668,34.99993155198462,34.912758486232775,1.0023941835210575,0.0,0.0,311.0658159426852,176.2198084742356,342.95074,290.7230600319049,323.76135
Therapy B,South,46,52,6,225.00313355607364,b_launch_growth,0,0.55,142.64176450454565,42.79252935136369,0.4414642225944055,19.89930228293253,19.849739809253133,1.002321717282533,0.0,0.0,196.08588538323383,108.9997963461487,206.2151,183.0357919227077,200.5376
Therapy B,West,46,52,6,262.0689210007854,b_launch_growth,0,0.6,161.66066643848507,48.49819993154552,0.478252907810606,24.22809487935054,24.167750838253696,1.0023511876283266,0.0,0.0,228.7958741672159,128.1680206319187,244.04163,213.67541182988992,236.9675
Therapy C,East,46,52,6,916.3436172781512,b_launch_growth,0,0.66,141.8910183755744,99.32371286290208,0.0,65.55365048951538,65.3903783792283,1.002440978619164,0.0,0.0,893.5910166424525,810.2765460605549,875.8105,879.6114265386285,894.375
Therapy C,North,46,52,6,1424.7455407806233,b_launch_growth,0,0.76,211.9606570795617,148.3724599556932,0.0,112.76306956632682,112.48221466056549,1.0024640759554981,0.0,0.0,1389.8144524088143,1261.8337176158257,1193.7924,1368.3194966041685,1330.4712
Therapy C,South,46,52,6,938.1635844638618,b_launch_growth,0,0.7,142.64176450454565,99.84923515318197,0.0,69.89446460722738,69.7203809879538,1.0024443775531824,0.0,0.0,915.6041257305484,833.1801423807351,892.8581,901.8175525467897,901.26843
Therapy C,West,46,52,6,1071.1913923651457,b_launch_growth,0,0.72,161.66066643848507,113.16246650693954,0.0,81.47697588499646,81.27404412310045,1.0024517064862821,0.0,0.0,1045.1481978535244,949.8666481052936,929.7537,1029.1789171417488,1048.7881
Therapy D,East,46,52,6,0.0,b_launch_growth,0,,141.8910183755744,42.56730551267231,0.9046755373782052,0.0,0.0,1.0,0.0,0.0,0.0,0.0,0.0,0.0,0.0
Therapy D,North,46,52,6,0.0,b_launch_growth,0,,211.9606570795617,63.58819712386851,1.2244725411997668,0.0,0.0,1.0,0.0,0.0,0.0,0.0,0.007023016,0.0,0.0
Therapy D,South,46,52,6,0.0,b_launch_growth,0,,142.64176450454565,42.79252935136369,0.9914642225944056,0.0,0.0,1.0,0.0,0.0,0.0,0.0,0.0,0.0,0.0
Therapy D,West,46,52,6,0.0,b_launch_growth,0,,161.66066643848507,48.49819993154552,1.078252907810606,0.0,0.0,1.0,0.0,0.0,0.0,0.0,0.0052571306,0.0,0.0
Therapy A,East,49,55,6,183.6543385274821,b_launch_growth,0,0.55,142.06805055810585,42.62041516743175,0.5,19.33901338222216,19.290846399877058,1.0023167997529687,0.0,0.0,188.15815137648087,201.9426610583358,195.55925,190.0802725693652,193.49701
Therapy A,North,49,55,6,287.36433770741945,b_launch_growth,0,0.74,212.2251125621088,63.66753376863262,0.68,35.900848941456566,35.811431993292764,1.0023965372463608,0.0,0.0,295.57414604018,321.63475275516925,298.4134,299.3564322960077,304.4181
Therapy A,South,49,55,6,187.1849923771925,b_launch_growth,0,0.6,142.81973336529165,42.84592000958749,0.55,20.758848244645137,20.707144930875067,1.0023282851336104,0.0,0.0,192.1039780117863,207.4494884998248,196.38992,194.29252038233187,197.05365
Therapy A,West,49,55,6,214.50466400271017,b_launch_growth,0,0.65,161.8623644806638,48.55870934419914,0.6,24.93489724824626,24.87279280001017,1.0023549160930985,0.0,0.0,220.3699033129534,238.80987304452412,224.24197,223.0197229375016,224.4726
Therapy B,East,49,55,6,227.5220357142381,b_launch_growth,0,0.5,142.06805055810585,42.62041516743175,0.4046755373782051,18.291905686762412,18.246346697745814,1.0023072738492451,0.0,0.0,203.65180547657053,127.67139152876868,205.30226,191.8826958894128,203.78203
Therapy B,North,49,55,6,372.3803883349249,b_launch_growth,0,0.68,212.2251125621088,63.66753376863262,0.5444725411997668,35.043599673772995,34.95631784540697,1.0023941835210572,0.0,0.0,335.0830992142808,214.9170657038136,353.7026,316.3101170968478,333.18097
Therapy B,South,49,55,6,236.12333898499045,b_launch_growth,0,0.55,142.81973336529165,42.84592000958749,0.4414642225944055,19.924129907361007,19.874505596413908,1.002321717282533,0.0,0.0,211.7457617302677,133.80660139808657,212.99619,199.63754162382992,207.11403
Therapy B,West,49,55,6,274.85277828950484,b_launch_growth,0,0.6,161.8623644806638,48.55870934419914,0.478252907810606,24.258323378406892,24.197904048278932,1.0023511876283264,0.0,0.0,246.82045667750387,156.92007395933092,250.15808,232.82201571007593,243.74129
Therapy C,East,49,55,6,924.8098666544626,b_launch_growth,0,0.66,142.06805055810585,99.4476353906741,0.0,65.6354393578449,65.47196353897668,1.002440978619164,0.0,0.0,906.0757105770144,837.4464037698295,924.68805,894.6532573340099,917.0193
Therapy C,North,49,55,6,1437.7482362516675,b_launch_growth,0,0.76,212.2251125621088,148.55757879347613,0.0,112.90375988304186,112.6225545649887,1.002464075955498,0.0,0.0,1408.9802826036985,1303.5995800686574,1216.6606,1391.439830197195,1328.2725
Therapy C,South,49,55,6,946.5704636190576,b_launch_growth,0,0.7,142.81973336529165,99.97381335570414,0.0,69.9816693489929,69.80736853201776,1.0024443775531824,0.0,0.0,927.9779351944832,860.0407644323057,948.1886,916.7133846944351,919.66187
Therapy C,West,49,55,6,1080.8906818606229,b_launch_growth,0,0.72,161.8623644806638,113.30365513646464,0.0,81.57863169825454,81.37544674589502,1.002451706486282,0.0,0.0,1059.4352682717144,980.937608658194,1048.2537,1046.394200011655,1067.3257
Therapy D,East,49,55,6,0.0,b_launch_growth,0,,142.06805055810585,42.62041516743175,0.9046755373782052,0.0,0.0,1.0,0.0,0.0,0.0,0.0,0.0,0.0,0.0
Therapy D,North,49,55,6,0.0,b_launch_growth,0,,212.2251125621088,63.66753376863262,1.2244725411997668,0.0,0.0,1.0,0.0,0.0,0.0,0.0,0.011899703,0.0,0.0
Therapy D,South,49,55,6,0.0,b_launch_growth,0,,142.81973336529165,42.84592000958749,0.9914642225944056,0.0,0.0,1.0,0.0,0.0,0.0,0.0,0.0,0.0,0.0
Therapy D,West,49,55,6,0.0,b_launch_growth,0,,161.8623644806638,48.55870934419914,1.078252907810606,0.0,0.0,1.0,0.0,0.0,0.0,0.0,0.0022157773,0.0,0.0
Therapy A,East,52,58,6,182.05767429765424,b_launch_growth,0,0.55,142.24530361715242,42.67359108514572,0.5,19.363141954884874,19.31491487637506,1.0023167997529692,0.0,0.0,185.6705347952308,198.2882114587252,192.95975,187.67651464413473,190.87773
Therapy A,North,52,58,6,284.4586348609684,b_launch_growth,0,0.74,212.48989799599312,63.74696939879793,0.68,35.94564110459418,35.85611259420698,1.0023965372463612,0.0,0.0,291.0340443384713,314.45554746007264,297.04562,294.82738737527666,305.48102
Therapy A,South,52,58,6,185.4429670395171,b_launch_growth,0,0.6,142.9979242712114,42.89937728136341,0.55,20.78474829282057,20.732980470735708,1.0023282851336102,0.0,0.0,189.3852249560457,203.29748181215285,194.31206,191.62046705252124,195.31908
Therapy A,West,52,58,6,212.4278897087061,b_launch_growth,0,0.65,162.0643141740396,48.61929425221188,0.6,24.966007598510803,24.903825664848625,1.002354916093099,0.0,0.0,217.12742024955656,233.77968933733155,223.54141,219.81173187149693,222.30219
Therapy B,East,52,58,6,236.60972714172368,b_launch_growth,0,0.5,142.24530361715242,42.67359108514572,0.4046755373782051,18.314727821831013,18.269111990546648,1.0023072738492453,0.0,0.0,216.62840153073725,150.20187817241296,237.24863,206.00294079703937,214.6317
Therapy B,North,52,58,6,386.5409251696525,b_launch_growth,0,0.68,212.48989799599312,63.74696939879793,0.5444725411997668,35.08732227866394,34.99993155198462,1.0023941835210575,0.0,0.0,355.3789351052429,250.84154980478,339.97513,338.5444289750505,344.2179
Therapy B,South,52,58,6,245.39425764804983,b_launch_growth,0,0.55,142.9979242712114,42.89937728136341,0.4414642225944055,19.948988508299394,19.89930228293253,1.0023217172825327,0.0,0.0,225.00313355607364,156.98540221567174,240.36919,214.09736609864984,220.41551
Therapy B,West,52,58,6,285.5069401123293,b_launch_growth,0,0.6,162.0643141740396,48.61929425221188,0.478252907810606,24.288589592444968,24.22809487935054,1.0023511876283266,0.0,0.0,262.0689210007854,183.7134890566857,321.09854,249.48314507187368,258.19098
Therapy C,East,52,58,6,931.818544112018,b_launch_growth,0,0.66,142.24530361715242,99.57171253200669,0.0,65.71733027112441,65.55365048951538,1.0024409786191637,0.0,0.0,916.3436172781512,859.9027837696823,936.0729,907.0898255426979,921.2071
Therapy C,North,52,58,6,1448.5165640540358,b_launch_growth,0,0.76,212.48989799599312,148.74292859719515,0.0,113.04462573386832,112.76306956632682,1.0024640759554981,0.0,0.0,1424.7455407806233,1338.0936667000706,1319.8696,1410.5484646846578,1344.4945
Therapy C,South,52,58,6,953.5379934567388,b_launch_growth,0,0.7,142.9979242712114,100.09854698984796,0.0,70.06898289289357,69.89446460722738,1.0024443775531817,0.0,0.0,938.1635844638618,882.252867560436,973.32404,929.0383888900789,924.2093
Therapy C,West,52,58,6,1088.9259693617564,b_launch_growth,0,0.72,162.0643141740396,113.44501992182772,0.0,81.68041434371595,81.47697588499646,1.0024517064862823,0.0,0.0,1071.1913923651457,1006.6166616561768,1064.0988,1060.630737469895,1077.9891
Therapy D,East,52,58,6,0.0,b_launch_growth,0,,142.24530361715242,42.67359108514572,0.9046755373782052,0.0,0.0,1.0,0.0,0.0,0.0,0.0,0.0,0.0,0.0
Therapy D,North,52,58,6,0.0,b_launch_growth,0,,212.48989799599312,63.74696939879793,1.2244725411997668,0.0,0.0,1.0,0.0,0.0,0.0,0.0,0.008772529,0.0,0.0
Therapy D,South,52,58,6,0.0,b_launch_growth,0,,142.9979242712114,42.89937728136341,0.9914642225944056,0.0,0.0,1.0,0.0,0.0,0.0,0.0,0.00015376348,0.0,0.0
Therapy D,West,52,58,6,0.0,b_launch_growth,0,,162.0643141740396,48.61929425221188,1.078252907810606,0.0,0.0,1.0,0.0,0.0,0.0,0.0,0.008088115,0.0,0.0
Therapy A,East,54,60,6,181.1958592705368,b_launch_growth,0,0.55,142.36359516843294,42.70907855052988,0.5,19.379244392302933,19.330977208033666,1.002316799752969,0.0,0.0,184.27687982820825,195.7899530348876,190.73596,186.23838229791016,188.3367
Therapy A,North,54,60,6,282.88760480582704,b_launch_growth,0,0.74,212.6666051281529,63.79998153844586,0.68,35.97553358989885,35.885930627377846,1.0023965372463612,0.0,0.0,288.4969651152386,309.7067982795052,293.98428,292.14450654055986,306.9208
Therapy A,South,54,60,6,184.50203864060504,b_launch_growth,0,0.6,143.11684170371564,42.93505251111469,0.55,20.80203294163507,20.750222069299504,1.0023282851336104,0.0,0.0,187.864185080478,200.50842562274696,191.60759,190.03052360478395,193.20924
Therapy A,West,54,60,6,211.3055611823866,b_launch_growth,0,0.65,162.19908726421104,48.65972617926331,0.6,24.986769393051713,24.924535748737533,1.0023549160930987,0.0,0.0,215.31424537478443,230.4243112838581,216.87804,217.90662450369564,218.57233
Therapy B,East,54,60,6,241.7989233547796,b_launch_growth,0,0.5,142.36359516843294,42.70907855052988,0.4046755373782051,18.3299583954263,18.28430462990222,1.0023072738492453,0.0,0.0,224.1052377962272,164.02026335354907,235.68657,214.32232921410875,216.46567
Therapy B,North,54,60,6,394.6188077218437,b_launch_growth,0,0.68,212.6666051281529,63.79998153844586,0.5444725411997668,35.11650098388006,35.029037582853235,1.0023941835210575,0.0,0.0,367.05119915048704,272.73721463857794,342.04773,351.609912109742,361.38055
Therapy B,South,54,60,6,250.68594251212664,b_launch_growth,0,0.55,143.11684170371564,42.93505251111469,0.4414642225944055,19.965578137180756,19.915850592624242,1.0023217172825332,0.0,0.0,232.6363241001586,171.16991861404307,244.30737,222.60871391868434,223.71481
Therapy B,West,54,60,6,291.58692078729814,b_launch_growth,0,0.6,162.19908726421104,48.65972617926331,0.478252907810606,24.30878804447287,24.248243023823296,1.0023511876283266,0.0,0.0,270.84465542762166,200.08273366833856,324.3924,259.2837365791976,265.48172
Therapy C,East,54,60,6,935.8231339216696,b_launch_growth,0,0.66,142.36359516843294,99.65451661790306,0.0,65.77198096781602,65.60816506969,1.0024409786191644,0.0,0.0,922.1653736863868,872.6277624318872,928.8687,914.1572504791294,914.31934
Therapy C,North,54,60,6,1454.671803534898,b_launch_growth,0,0.76,212.6666051281529,148.86662358970702,0.0,113.13863392817734,112.85684361782067,1.0024640759554984,0.0,0.0,1433.6862627169671,1357.6324233754906,1368.2125,1421.4061229741133,1356.5115
Therapy C,South,54,60,6,957.5233860821018,b_launch_growth,0,0.7,143.11684170371564,100.18178919260096,0.0,70.12725243482066,69.95258901931032,1.0024443775531822,0.0,0.0,943.9435258543474,894.8455186357037,981.32446,936.0473851424691,930.0338
Therapy C,West,54,60,6,1093.5203570708863,b_launch_growth,0,0.72,162.19908726421104,113.53936108494771,0.0,81.74833998116235,81.54473234251033,1.0024517064862821,0.0,0.0,1077.8603256633742,1021.1689521750984,1077.628,1068.7234526306806,1082.2365
Therapy D,East,54,60,6,0.0,b_launch_growth,0,,142.36359516843294,42.70907855052988,0.9046755373782052,0.0,0.0,1.0,0.0,0.0,0.0,0.0,0.0011587588,0.0,0.0
Therapy D,North,54,60,6,0.0,b_launch_growth,0,,212.6666051281529,63.79998153844586,1.2244725411997668,0.0,0.0,1.0,0.0,0.0,0.0,0.0,0.009123889,0.0,0.0
Therapy D,South,54,60,6,0.0,b_launch_growth,0,,143.11684170371564,42.93505251111469,0.9914642225944056,0.0,0.0,1.0,0.0,0.0,0.0,0.0,0.0024521593,0.0,0.0
Therapy D,West,54,60,6,0.0,b_launch_growth,0,,162.19908726421104,48.65972617926331,1.078252907810606,0.0,0.0,1.0,0.0,0.0,0.0,0.0,0.008096532,0.0,0.0
Therapy A,East,55,61,6,178.82310615774355,access_expansion,0,0.55,142.4227778282934,42.726833348488015,0.72,17.577819239567972,19.33901338222216,0.9156412936052248,0.0,0.21999999999999997,183.6543385274821,194.56968099043127,189.67407,182.82207463787577,170.7681
Therapy A,North,55,61,6,282.1989977291983,access_expansion,0,0.74,212.7550137928828,63.82650413786484,0.68,35.990489153259226,35.900848941456566,1.002394282518156,0.0,0.0,287.36433770741945,307.41614546454247,292.94272,290.9073512446062,307.80643
Therapy A,South,55,61,6,184.09004334296537,access_expansion,0,0.6,143.1763374993426,42.95290124980278,0.55,20.810680655529445,20.758848244645137,1.002324607048286,0.0,0.0,187.1849923771925,199.15504149952875,190.61386,189.29586707879764,192.78188
Therapy A,West,55,61,6,210.8138784815756,access_expansion,0,0.65,162.26651583258823,48.67995474977648,0.6,24.997156764010224,24.93489724824626,1.0023517827756416,0.0,0.0,214.50466400271017,228.8004929527705,215.32181,217.02711467455293,218.06961
Therapy B,East,55,61,6,247.712432475624,access_expansion,0,0.72,142.4227778282934,42.726833348488015,0.4046755373782051,26.40611294097773,18.291905686762412,1.4091815315579908,0.21999999999999997,0.0,227.5220357142381,170.52297363965246,241.8799,229.07254595213416,258.2957
Therapy B,North,55,61,6,398.2943496564088,access_expansion,0,0.68,212.7550137928828,63.82650413786484,0.5444725411997668,35.131099434634,35.043599673772995,1.0023918782227579,0.0,0.0,372.3803883349249,283.009793859101,362.36804,357.6451346999464,381.33536
Therapy B,South,55,61,6,253.0943613359196,access_expansion,0,0.55,143.1763374993426,42.95290124980278,0.4414642225944055,19.97387812439598,19.924129907361007,1.0023179069287431,0.0,0.0,236.12333898499045,177.83769681144076,246.6104,226.5438348624832,229.34123
Therapy B,West,55,61,6,294.3538798709172,access_expansion,0,0.6,162.26651583258823,48.67995474977648,0.478252907810606,24.318893568520327,24.258323378406892,1.0023479772240522,0.0,0.0,274.85277828950484,207.7713691548924,320.3381,263.81332841359045,271.56503
Therapy C,East,55,61,6,937.6524778564054,access_expansion,0,0.66,142.4227778282934,99.69594447980536,0.0,65.79932335667154,65.6354393578449,1.0024396986452988,0.0,0.0,924.8098666544626,878.3941657465018,912.6318,917.3690565958991,924.3831
Therapy C,North,55,61,6,1457.4843545274389,access_expansion,0,0.76,212.7550137928828,148.92850965501796,0.0,113.18566733781365,112.90375988304186,1.0024633175431,0.0,0.0,1437.7482362516675,1366.4853255432354,1386.7875,1426.3404021814506,1352.6311
Therapy C,South,55,61,6,959.3452422930897,access_expansion,0,0.7,143.1763374993426,100.22343624953982,0.0,70.15640537467786,69.9816693489929,1.0024431736885098,0.0,0.0,946.5704636190576,900.5537711300595,986.05835,939.2341296877989,931.6183
Therapy C,West,55,61,6,1095.6200924473494,access_expansion,0,0.72,162.26651583258823,113.58656108281176,0.0,81.78232397962446,81.57863169825454,1.0024506674857105,0.0,0.0,1080.8906818606229,1027.7640741811183,1074.8347,1072.4020502360986,1074.3527
Therapy D,East,55,61,6,0.0,access_expansion,0,,142.4227778282934,42.726833348488015,1.1246755373782051,0.0,0.0,1.0,0.0,0.21999999999999997,0.0,0.0,0.0,0.0,0.0
Therapy D,North,55,61,6,0.0,access_expansion,0,,212.7550137928828,63.82650413786484,1.2244725411997668,0.0,0.0,1.0,0.0,0.0,0.0,0.0,0.0070682783,0.0,0.0
Therapy D,South,55,61,6,0.0,access_expansion,0,,143.1763374993426,42.95290124980278,0.9914642225944056,0.0,0.0,1.0,0.0,0.0,0.0,0.0,0.0,0.0,0.0
Therapy D,West,55,61,6,0.0,access_expansion,0,,162.26651583258823,48.67995474977648,1.078252907810606,0.0,0.0,1.0,0.0,0.0,0.0,0.0,0.0047750534,0.0,0.0
Therapy A,East,58,64,6,172.79618803407774,access_expansion,0,0.55,142.60047346745222,42.78014204023567,0.72,17.599750435352956,19.363141954884874,0.9156412936052246,0.0,0.21999999999999997,182.05767429765424,191.1389482978075,188.87573,181.0789839020893,131.98755
Therapy A,North,58,64,6,280.47259735679023,access_expansion,0,0.74,213.02046036495955,63.90613810948786,0.68,36.035393157178014,35.94564110459418,1.0023942825181555,0.0,0.0,284.4586348609684,301.0472796206165,289.50293,287.61015884452877,289.51694
Therapy A,South,58,64,6,183.0591570642349,access_expansion,0,0.6,143.35497332706836,43.00649199812051,0.55,20.836645373089386,20.78474829282057,1.0023246070482863,0.0,0.0,185.4429670395171,195.372074851098,188.8187,187.33421779763162,191.33034
Therapy A,West,58,64,6,209.5823937284548,access_expansion,0,0.65,162.46896977067746,48.74069093120324,0.6,25.028344793172863,24.966007598510803,1.002351782775641,0.0,0.0,212.4278897087061,224.2724596997316,204.5506,214.6805649992431,214.5285
Therapy B,East,58,64,6,263.24880197020883,access_expansion,0,0.72,142.60047346745222,42.78014204023567,0.4046755373782051,26.4390588727191,18.314727821831013,1.4091815315579905,0.21999999999999997,0.0,236.60972714172368,188.34009369730848,237.81175,240.61835935398184,269.02075
Therapy B,North,58,64,6,408.0327273822296,access_expansion,0,0.68,213.02046036495955,63.90613810948786,0.5444725411997668,35.17493120974456,35.08732227866394,1.002391878222758,0.0,0.0,386.5409251696525,311.0658159426852,412.82574,373.8944307053713,400.69598
Therapy B,South,58,64,6,259.47702512498057,access_expansion,0,0.55,143.35497332706836,43.00649199812051,0.4414642225944055,19.998798794347195,19.948988508299394,1.0023179069287433,0.0,0.0,245.39425764804983,196.08588538323383,246.3371,237.14968039397155,232.98343
Therapy B,West,58,64,6,301.68620186019035,access_expansion,0,0.6,162.46896977067746,48.74069093120324,0.478252907810606,24.349235353747286,24.288589592444968,1.0023479772240518,0.0,0.0,285.5069401123293,228.7958741672159,312.4187,276.0165135853734,277.5993
Therapy C,East,58,64,6,942.5426354161438,access_expansion,0,0.66,142.60047346745222,99.82033142721654,0.0,65.88141874196292,65.71733027112441,1.0024396986452988,0.0,0.0,931.818544112018,893.5910166424525,897.8417,925.8771514677796,916.104
Therapy C,North,58,64,6,1465.0057191894848,access_expansion,0,0.76,213.02046036495955,149.11432225547168,0.0,113.32688491415847,113.04462573386832,1.0024633175431,0.0,0.0,1448.5165640540358,1389.8144524088143,1369.3066,1439.4123574785597,1378.7329
Therapy C,South,58,64,6,964.22016551608,access_expansion,0,0.7,143.35497332706836,100.34848132894786,0.0,70.24393693026349,70.06898289289357,1.00244317368851,0.0,0.0,953.5379934567388,915.6041257305484,951.1183,947.6814427864931,931.047
Therapy C,West,58,64,6,1101.2366730312542,access_expansion,0,0.72,162.46896977067746,113.7282788394742,0.0,81.88436076442142,81.68041434371595,1.00245066748571,0.0,0.0,1088.9259693617564,1045.1481978535244,1075.8551,1082.1501817181982,1070.4049
Therapy D,East,58,64,6,0.0,access_expansion,0,,142.60047346745222,42.78014204023567,1.1246755373782051,0.0,0.0,1.0,0.0,0.21999999999999997,0.0,0.0,0.0,0.0,0.0
Therapy D,North,58,64,6,0.0,access_expansion,0,,213.02046036495955,63.90613810948786,1.2244725411997668,0.0,0.0,1.0,0.0,0.0,0.0,0.0,0.0023338185,0.0,0.0
Therapy D,South,58,64,6,0.0,access_expansion,0,,143.35497332706836,43.00649199812051,0.9914642225944056,0.0,0.0,1.0,0.0,0.0,0.0,0.0,0.0,0.0,0.0
Therapy D,West,58,64,6,0.0,access_expansion,0,,162.46896977067746,48.74069093120324,1.078252907810606,0.0,0.0,1.0,0.0,0.0,0.0,0.0,0.0042281304,0.0,0.0
Therapy A,East,60,66,6,169.5530979124557,access_expansion,0,0.55,142.7190603788711,42.815718113661326,0.72,17.61438643196027,19.379244392302933,0.9156412936052244,0.0,0.21999999999999997,181.1958592705368,189.0973201408933,187.3577,180.09336396467162,173.74565
Therapy A,North,60,66,6,279.5677745230639,access_expansion,0,0.74,213.1976087141161,63.95928261423484,0.68,36.06536028051474,35.97553358989885,1.0023942825181558,0.0,0.0,282.88760480582704,297.29394177801674,286.12463,285.74570375283974,288.37177
Therapy A,South,60,66,6,182.52079249828537,access_expansion,0,0.6,143.47418768246305,43.042256304738906,0.55,20.853973179646,20.80203294163507,1.0023246070482859,0.0,0.0,184.50203864060504,193.1322212501459,188.11862,186.22327127918584,190.61652
Therapy A,West,60,66,6,208.93812499277087,access_expansion,0,0.65,162.60407937345806,48.78122381203742,0.6,25.049158427481217,24.986769393051713,1.0023517827756412,0.0,0.0,211.3055611823866,221.5970655426304,204.67354,213.35246550920866,217.50114
Therapy B,East,60,66,6,272.0005855547148,access_expansion,0,0.72,142.7190603788711,42.815718113661326,0.4046755373782051,26.461045660394483,18.3299583954263,1.4091815315579905,0.21999999999999997,0.0,241.7989233547796,198.81816312833084,240.05943,247.34193241531372,269.08566
Therapy B,North,60,66,6,413.5766732859304,access_expansion,0,0.68,213.1976087141161,63.95928261423484,0.5444725411997668,35.2041827707675,35.11650098388006,1.0023918782227579,0.0,0.0,394.6188077218437,327.5098082593974,407.01672,383.2981452398108,407.52817
Therapy B,South,60,66,6,263.1113058190517,access_expansion,0,0.55,143.47418768246305,43.042256304738906,0.4414642225944055,20.015429845587363,19.965578137180756,1.002317906928743,0.0,0.0,250.68594251212664,206.804272592509,281.92938,243.29441109702236,257.59534
Therapy B,West,60,66,6,305.86102587715385,access_expansion,0,0.6,162.60407937345806,48.78122381203742,0.478252907810606,24.36948423894241,24.30878804447287,1.002347977224052,0.0,0.0,291.58692078729814,241.13438284817448,303.1196,283.08361312110657,281.17126
Therapy C,East,60,66,6,945.372630976318,access_expansion,0,0.66,142.7190603788711,99.90334226520976,0.0,65.93620589503844,65.77198096781602,1.0024396986452986,0.0,0.0,935.8231339216696,902.1831869956446,919.6245,930.7289723154018,913.79614
Therapy C,North,60,66,6,1469.3607931859071,access_expansion,0,0.76,213.1976087141161,149.23832609988128,0.0,113.42112783590977,113.13863392817734,1.0024633175430995,0.0,0.0,1454.671803534898,1403.0044796689897,1383.9594,1446.868184985802,1382.4861
Therapy C,South,60,66,6,967.045158699564,access_expansion,0,0.7,143.47418768246305,100.43193137772413,0.0,70.30235196440688,70.12725243482066,1.00244317368851,0.0,0.0,957.5233860821018,924.1188745622007,958.87146,952.5031222610227,915.61346
Therapy C,West,60,66,6,1104.4899555212291,access_expansion,0,0.72,162.60407937345806,113.82285556142064,0.0,81.95245600422285,81.74833998116235,1.0024506674857103,0.0,0.0,1093.5203570708863,1054.9800961349438,1062.7745,1087.7121547130578,1069.6919
Therapy D,East,60,66,6,0.0,access_expansion,0,,142.7190603788711,42.815718113661326,1.1246755373782051,0.0,0.0,1.0,0.0,0.21999999999999997,0.0,0.0,0.0,0.0,0.0
Therapy D,North,60,66,6,0.0,access_expansion,0,,213.1976087141161,63.95928261423484,1.2244725411997668,0.0,0.0,1.0,0.0,0.0,0.0,0.0,0.0038510554,0.0,0.0
Therapy D,South,60,66,6,0.0,access_expansion,0,,143.47418768246305,43.042256304738906,0.9914642225944056,0.0,0.0,1.0,0.0,0.0,0.0,0.0,0.0,0.0,0.0
Therapy D,West,60,66,6,0.0,access_expansion,0,,162.60407937345806,48.78122381203742,1.078252907810606,0.0,0.0,1.0,0.0,0.0,0.0,0.0,0.0024346882,0.0,0.0
Therapy A,East,61,67,6,168.12878017133357,access_expansion,0,0.55,142.77839081089638,42.83351724326892,0.72,17.621708993880837,17.577819239567972,1.0022954783376878,0.0,0.0,178.82310615774355,188.15815137648087,187.64713,178.04145143883753,185.45189
Therapy A,North,61,67,6,279.1791482467478,access_expansion,0,0.74,213.2862381249193,63.9858714374758,0.68,36.080353186163855,35.990489153259226,1.0023942825181558,0.0,0.0,282.1989977291983,295.57414604018,284.96774,284.9082558948321,286.30267
Therapy A,South,61,67,6,182.290237960035,access_expansion,0,0.6,143.53383203211803,43.06014960963541,0.55,20.862642485868356,20.810680655529445,1.0023246070482859,0.0,0.0,184.09004334296537,192.1039780117863,187.71613,185.7240789039417,188.47398
Therapy A,West,61,67,6,208.66181718608567,access_expansion,0,0.65,162.67167630306716,48.80150289092015,0.6,25.0595717344875,24.997156764010224,1.0023517827756414,0.0,0.0,210.8138784815756,220.3699033129534,203.00175,212.75577564171735,216.69423
Therapy B,East,61,67,6,275.9566177525589,access_expansion,0,0.72,142.77839081089638,42.83351724326892,0.4046755373782051,26.472045909882567,26.40611294097773,1.0023590976728125,0.0,0.0,247.712432475624,203.65180547657053,261.8186,252.7359677876069,268.5088
Therapy B,North,61,67,6,416.0984495736367,access_expansion,0,0.68,213.2862381249193,63.9858714374758,0.5444725411997668,35.21881767214187,35.131099434634,1.0023918782227579,0.0,0.0,398.2943496564088,335.0830992142808,415.88254,387.6074105841176,415.54196
Therapy B,South,61,67,6,264.7645124589432,access_expansion,0,0.55,143.53383203211803,43.06014960963541,0.4414642225944055,20.023750556897802,19.97387812439598,1.0023179069287427,0.0,0.0,253.0943613359196,211.7457617302677,275.27072,246.11185016170103,255.48593
Therapy B,West,61,67,6,307.76012026244246,access_expansion,0,0.6,162.67167630306716,48.80150289092015,0.478252907810606,24.379614995298933,24.318893568520327,1.0023479772240522,0.0,0.0,294.3538798709172,246.82045667750387,304.61737,286.32326803781626,285.85284
Therapy C,East,61,67,6,946.6766544609792,access_expansion,0,0.66,142.77839081089638,99.94487356762748,0.0,65.96361655463414,65.79932335667154,1.0024396986452995,0.0,0.0,937.6524778564054,906.0757105770144,912.3922,932.9410105115089,897.61584
Therapy C,North,61,67,6,1471.3682546650905,access_expansion,0,0.76,213.2862381249193,149.30036668744353,0.0,113.46827868245708,113.18566733781365,1.0024633175430995,0.0,0.0,1457.4843545274389,1408.9802826036985,1376.5754,1450.26799733916,1387.0654
Therapy C,South,61,67,6,968.347998885021,access_expansion,0,0.7,143.53383203211803,100.4736824224826,0.0,70.3315776957378,70.15640537467786,1.0024431736885095,0.0,0.0,959.3452422930897,927.9779351944832,960.4605,954.7027697674959,905.38916
Therapy C,West,61,67,6,1105.9898777249473,access_expansion,0,0.72,162.67167630306716,113.870173412147,0.0,81.98652485674583,81.78232397962446,1.0024506674857105,0.0,0.0,1095.6200924473494,1059.4352682717144,1051.0889,1090.2489053907084,1046.2084
Therapy D,East,61,67,6,0.0,access_expansion,0,,142.77839081089638,42.83351724326892,1.1246755373782051,0.0,0.0,1.0,0.0,0.0,0.0,0.0,0.0,0.0,0.0
Therapy D,North,61,67,6,0.0,access_expansion,0,,213.2862381249193,63.9858714374758,1.2244725411997668,0.0,0.0,1.0,0.0,0.0,0.0,0.0,0.004548179,0.0,0.0
Therapy D,South,61,67,6,0.0,access_expansion,0,,143.53383203211803,43.06014960963541,0.9914642225944056,0.0,0.0,1.0,0.0,0.0,0.0,0.0,0.0,0.0,0.0
Therapy D,West,61,67,6,0.0,access_expansion,0,,162.67167630306716,48.80150289092015,1.078252907810606,0.0,0.0,1.0,0.0,0.0,0.0,0.0,0.0,0.0,0.0
Therapy A,East,64,70,6,164.52676702946445,access_expansion,0,0.55,142.95653013523813,42.88695904057143,0.72,17.64369494929109,17.599750435352956,1.0022954783376872,0.0,0.0,172.79618803407774,185.6705347952308,183.80412,172.7809624732435,180.5491
Therapy A,North,64,70,6,278.23324714644025,access_expansion,0,0.74,213.55234748597303,64.0657042457919,0.68,36.12536931011714,36.035393157178014,1.0023942825181553,0.0,0.0,280.47259735679023,291.0340443384713,284.17578,282.74718999014345,283.5131
Therapy A,South,64,70,6,181.7318911593161,access_expansion,0,0.6,143.71291389256746,43.11387416777024,0.55,20.88867203428468,20.836645373089386,1.0023246070482863,0.0,0.0,183.0591570642349,189.3852249560457,184.88339,184.4361176324935,185.82959
Therapy A,West,64,70,6,207.9910025253442,access_expansion,0,0.65,162.87463574490977,48.86239072347293,0.6,25.090837636503352,25.028344793172863,1.0023517827756414,0.0,0.0,209.5823937284548,217.12742024955656,201.98988,211.21603620765075,209.0218
Therapy B,East,64,70,6,286.3587448495367,access_expansion,0,0.72,142.95653013523813,42.88695904057143,0.4046755373782051,26.50507410375383,26.4390588727191,1.002359097672812,0.0,0.0,263.24880197020883,216.62840153073725,299.02393,266.85256138957936,288.7755
Therapy B,North,64,70,6,422.7840255222397,access_expansion,0,0.68,213.55234748597303,64.0657042457919,0.5444725411997668,35.262758890057256,35.17493120974456,1.0023918782227574,0.0,0.0,408.0327273822296,355.3789351052429,429.72537,399.1090690464005,426.82773
Therapy B,South,64,70,6,269.1473075072239,access_expansion,0,0.55,143.71291389256746,43.11387416777024,0.4414642225944055,20.048733450840903,19.998798794347195,1.0023179069287433,0.0,0.0,259.47702512498057,225.00313355607364,286.895,253.63629692228815,268.30286
Therapy B,West,64,70,6,312.7949415763608,access_expansion,0,0.6,162.87463574490977,48.86239072347293,0.478252907810606,24.410032540407183,24.349235353747286,1.0023479772240522,0.0,0.0,301.68620186019035,262.0689210007854,307.99866,294.9733624503721,289.3272
Therapy C,East,64,70,6,950.2063257584988,access_expansion,0,0.66,142.95653013523813,100.06957109466668,0.0,66.04591692248002,65.88141874196292,1.002439698645299,0.0,0.0,942.5426354161438,916.3436172781512,916.77686,938.8335830453998,905.6178
Therapy C,North,64,70,6,1476.8045770225908,access_expansion,0,0.76,213.55234748597303,149.4866432401811,0.0,113.60984886253765,113.32688491415847,1.0024633175430995,0.0,0.0,1465.0057191894848,1424.7455407806233,1405.9766,1459.3270680650294,1397.8815
Therapy C,South,64,70,6,971.8786247065505,access_expansion,0,0.7,143.71291389256746,100.5990397247972,0.0,70.41932780735803,70.24393693026349,1.00244317368851,0.0,0.0,964.22016551608,938.1635844638618,931.7344,960.5674008942791,905.6178
Therapy C,West,64,70,6,1110.0529667165792,access_expansion,0,0.72,162.87463574490977,114.01224502143684,0.0,82.08881641543452,81.88436076442142,1.002450667485711,0.0,0.0,1101.2366730312542,1071.1913923651457,1067.051,1097.0100973391814,1047.154
Therapy D,East,64,70,6,0.0,access_expansion,0,,142.95653013523813,42.88695904057143,1.1246755373782051,0.0,0.0,1.0,0.0,0.0,0.0,0.0,0.002116122,0.0,0.0
Therapy D,North,64,70,6,0.0,access_expansion,0,,213.55234748597303,64.0657042457919,1.2244725411997668,0.0,0.0,1.0,0.0,0.0,0.0,0.0,0.0034742325,0.0,0.0
Therapy D,South,64,70,6,0.0,access_expansion,0,,143.71291389256746,43.11387416777024,0.9914642225944056,0.0,0.0,1.0,0.0,0.0,0.0,0.0,0.00013779226,0.0,0.0
Therapy D,West,64,70,6,0.0,access_expansion,0,,162.87463574490977,48.86239072347293,1.078252907810606,0.0,0.0,1.0,0.0,0.0,0.0,0.0,0.0070923637,0.0,0.0
Therapy A,East,67,73,6,161.75833661259284,access_expansion,0,0.55,143.1348917174349,42.94046751523047,0.72,17.665708335765817,17.621708993880837,1.0022954783376876,0.0,0.0,168.12878017133357,183.6543385274821,181.59387,168.73105398943108,177.65085
Therapy A,North,67,73,6,277.56410417201414,access_expansion,0,0.74,213.8187888618472,64.14563665855414,0.68,36.17044159902551,36.080353186163855,1.0023942825181553,0.0,0.0,279.1791482467478,287.36433770741945,280.1669,281.2004205886815,284.6551
Therapy A,South,67,73,6,181.34138752362296,access_expansion,0,0.6,143.89221918683927,43.16766575605178,0.55,20.91473405880709,20.862642485868356,1.002324607048286,0.0,0.0,182.290237960035,187.1849923771925,182.40619,183.5212176483425,184.80807
Therapy A,West,67,73,6,207.519182278076,access_expansion,0,0.65,163.07784841175118,48.92335452352536,0.6,25.122142547830276,25.0595717344875,1.0023517827756412,0.0,0.0,208.66181718608567,214.50466400271017,202.05609,210.11791452770564,210.79453
Therapy B,East,67,73,6,294.88389386958164,access_expansion,0,0.72,143.1348917174349,42.94046751523047,0.4046755373782051,26.538143505682633,26.472045909882567,1.0023590976728123,0.0,0.0,275.9566177525589,227.5220357142381,298.3457,278.4286698991875,291.32465
Therapy B,North,67,73,6,428.3357182576434,access_expansion,0,0.68,213.8187888618472,64.14563665855414,0.5444725411997668,35.30675493180716,35.21881767214187,1.0023918782227574,0.0,0.0,416.0984495736367,372.3803883349249,442.80048,408.92658894606336,437.70282
Therapy B,South,67,73,6,272.7861546230054,access_expansion,0,0.55,143.89221918683927,43.16766575605178,0.4414642225944055,20.073747515017953,20.023750556897802,1.0023179069287431,0.0,0.0,264.7645124589432,236.12333898499045,288.811,260.0554606602168,271.70764
Therapy B,West,67,73,6,316.97556528388475,access_expansion,0,0.6,163.07784841175118,48.92335452352536,0.478252907810606,24.44048803636293,24.379614995298933,1.002347977224052,0.0,0.0,307.76012026244246,274.85277828950484,307.83014,302.35461977883847,293.19162
Therapy C,East,67,73,6,953.254008371566,access_expansion,0,0.66,143.1348917174349,100.19442420220442,0.0,66.12831997345492,65.96361655463414,1.002439698645299,0.0,0.0,946.6766544609792,924.8098666544626,924.8845,944.270773722495,916.78735
Therapy C,North,67,73,6,1481.5021852692405,access_expansion,0,0.76,213.8187888618472,149.673152203293,0.0,113.75159567450268,113.46827868245708,1.0024633175430995,0.0,0.0,1471.3682546650905,1437.7482362516675,1422.3363,1467.7054875432568,1413.2834
Therapy C,South,67,73,6,974.9328898998072,access_expansion,0,0.7,143.89221918683927,100.72455343078748,0.0,70.50718740155123,70.3315776957378,1.0024431736885104,0.0,0.0,968.347998885021,946.5704636190576,990.6675,966.0002068504529,927.02515
Therapy C,West,67,73,6,1113.5656167678162,access_expansion,0,0.72,163.07784841175118,114.15449388822582,0.0,82.19123559952259,81.98652485674583,1.0024506674857103,0.0,0.0,1105.9898777249473,1080.8906818606229,1101.699,1103.2668153210566,1069.3877
Therapy D,East,67,73,6,0.0,access_expansion,0,,143.1348917174349,42.94046751523047,1.1246755373782051,0.0,0.0,1.0,0.0,0.0,0.0,0.0,0.0,0.0,0.0
Therapy D,North,67,73,6,0.0,access_expansion,0,,213.8187888618472,64.14563665855414,1.2244725411997668,0.0,0.0,1.0,0.0,0.0,0.0,0.0,0.0013554578,0.0,0.0
Therapy D,South,67,73,6,0.0,access_expansion,0,,143.89221918683927,43.16766575605178,0.9914642225944056,0.0,0.0,1.0,0.0,0.0,0.0,0.0,0.0,0.0,0.0
Therapy D,West,67,73,6,0.0,access_expansion,0,,163.07784841175118,48.92335452352536,1.078252907810606,0.0,0.0,1.0,0.0,0.0,0.0,0.0,0.0027535853,0.0,0.0
Therapy A,East,70,76,6,159.64134897183095,access_expansion,0,0.55,143.3134758347895,42.99404275043685,0.72,17.68774918752972,17.64369494929109,1.0022954783376878,0.0,0.0,164.52676702946445,182.05767429765424,175.98837,165.49374424183634,172.67033
Therapy A,North,70,76,6,277.11408738756364,access_expansion,0,0.74,214.08556266678428,64.22566880003528,0.68,36.21557012296389,36.12536931011714,1.0023942825181558,0.0,0.0,278.23324714644025,284.4586348609684,279.77435,279.9116037603941,279.93225
Therapy A,South,70,76,6,181.0838693971137,access_expansion,0,0.6,144.07174819370368,43.22152445811111,0.55,20.940828599954834,20.88867203428468,1.002324607048286,0.0,0.0,181.7318911593161,185.4429670395171,178.3948,182.75699403584156,158.03923
Therapy A,West,70,76,6,207.20497910652605,access_expansion,0,0.65,163.28131461953086,48.98439438585925,0.6,25.153486517138724,25.090837636503352,1.002351782775641,0.0,0.0,207.9910025253442,212.4278897087061,202.86804,209.2019012317073,208.38264
Therapy B,East,70,76,6,301.88252113409635,access_expansion,0,0.72,143.3134758347895,42.99404275043685,0.4046755373782051,26.5712541670827,26.50507410375383,1.0023590976728125,0.0,0.0,286.3587448495367,236.60972714172368,293.28925,287.67159692426594,288.19437
Therapy B,North,70,76,6,432.9587893217228,access_expansion,0,0.68,214.08556266678428,64.22566880003528,0.5444725411997668,35.35080586579326,35.262758890057256,1.0023918782227577,0.0,0.0,422.7840255222397,386.5409251696525,443.10678,416.93364898640516,435.5543
Therapy B,South,70,76,6,275.81527553771707,access_expansion,0,0.55,144.07174819370368,43.22152445811111,0.4414642225944055,20.09879278831893,20.048733450840903,1.002317906928743,0.0,0.0,269.1473075072239,245.39425764804983,277.8372,265.2996526361952,259.45953
Therapy B,West,70,76,6,320.45627856913165,access_expansion,0,0.6,163.28131461953086,48.98439438585925,0.478252907810606,24.47098153051602,24.410032540407183,1.0023479772240522,0.0,0.0,312.7949415763608,285.5069401123293,311.30383,308.380957999311,306.3424
Therapy C,East,70,76,6,955.9180415716808,access_expansion,0,0.66,143.3134758347895,100.31943308435264,0.0,66.21082583567275,66.04591692248002,1.0024396986452992,0.0,0.0,950.2063257584988,931.818544112018,925.1212,948.4586507036546,908.4547
Therapy C,North,70,76,6,1485.611769185629,access_expansion,0,0.76,214.08556266678428,149.859893866749,0.0,113.89351933872923,113.60984886253765,1.0024633175430997,0.0,0.0,1476.8045770225908,1448.5165640540358,1419.7603,1474.1509123377703,1425.3209
Therapy C,South,70,76,6,977.6079382750572,access_expansion,0,0.7,144.07174819370368,100.85022373559258,0.0,70.5951566149148,70.41932780735803,1.00244317368851,0.0,0.0,971.8786247065505,953.5379934567388,973.062,970.180985347996,917.1248
Therapy C,West,70,76,6,1116.6400962316357,access_expansion,0,0.72,163.28131461953086,114.2969202336716,0.0,82.29378256824354,82.08881641543452,1.0024506674857103,0.0,0.0,1110.0529667165792,1088.9259693617564,1112.6545,1108.0814655812526,1080.2218
Therapy D,East,70,76,6,0.0,access_expansion,0,,143.3134758347895,42.99404275043685,1.1246755373782051,0.0,0.0,1.0,0.0,0.0,0.0,0.0,0.0,0.0,0.0
Therapy D,North,70,76,6,0.0,access_expansion,0,,214.08556266678428,64.22566880003528,1.2244725411997668,0.0,0.0,1.0,0.0,0.0,0.0,0.0,0.0029892493,0.0,0.0
Therapy D,South,70,76,6,0.0,access_expansion,0,,144.07174819370368,43.22152445811111,0.9914642225944056,0.0,0.0,1.0,0.0,0.0,0.0,0.0,0.0,0.0,0.0
Therapy D,West,70,76,6,0.0,access_expansion,0,,163.28131461953086,48.98439438585925,1.078252907810606,0.0,0.0,1.0,0.0,0.0,0.0,0.0,0.0043477374,0.0,0.0
Therapy A,East,73,79,6,158.03302103078906,access_expansion,0,0.55,143.4922827649509,43.04768482948526,0.72,17.70981753885024,17.665708335765817,1.0022954783376874,0.0,0.0,161.75833661259284,178.82310615774355,169.01054,162.965343796622,168.76453
Therapy A,North,73,79,6,276.83685333903054,access_expansion,0,0.74,214.3526693155439,64.30580079466317,0.68,36.26075495209467,36.17044159902551,1.002394282518156,0.0,0.0,277.56410417201414,282.1989977291983,276.83185,278.95468522039357,283.3304
Therapy A,South,73,79,6,180.93126719199395,access_expansion,0,0.6,144.25150119227862,43.27545035768359,0.55,20.9669556982977,20.91473405880709,1.002324607048286,0.0,0.0,181.34138752362296,184.09004334296537,175.52531,182.19307845470544,186.1281
Therapy A,West,73,79,6,207.01509449524136,access_expansion,0,0.65,163.48503468458247,49.04551040537474,0.6,25.18486959315993,25.122142547830276,1.0023517827756412,0.0,0.0,207.519182278076,210.8138784815756,202.72694,208.52389104672812,212.87541
Therapy B,East,73,79,6,307.64050805116915,access_expansion,0,0.72,143.4922827649509,43.04768482948526,0.4046755373782051,26.60440613943198,26.538143505682633,1.0023590976728118,0.0,0.0,294.88389386958164,247.712432475624,295.6042,295.11967918003603,299.05054
Therapy B,North,73,79,6,436.8231313448256,access_expansion,0,0.68,214.3526693155439,64.30580079466317,0.5444725411997668,35.394911760502566,35.30675493180716,1.0023918782227579,0.0,0.0,428.3357182576434,398.2943496564088,463.89246,423.5994840974611,444.83923
Therapy B,South,73,79,6,278.34592050590874,access_expansion,0,0.55,144.25150119227862,43.27545035768359,0.4414642225944055,20.12386930968229,20.073747515017953,1.0023179069287431,0.0,0.0,272.7861546230054,253.0943613359196,264.71292,269.6662899209046,268.7747
Therapy B,West,73,79,6,323.36489723456555,access_expansion,0,0.6,163.48503468458247,49.04551040537474,0.478252907810606,24.501513070275426,24.44048803636293,1.0023479772240522,0.0,0.0,316.97556528388475,294.3538798709172,302.23715,313.39861222879705,309.20493
Therapy C,East,73,79,6,958.2772567289176,access_expansion,0,0.66,143.4922827649509,100.4445979354656,0.0,66.2934346374073,66.12831997345492,1.002439698645299,0.0,0.0,953.254008371566,937.6524778564054,923.4089,952.0361458179167,930.3828
Therapy C,North,73,79,6,1489.2541287521417,access_expansion,0,0.76,214.3526693155439,150.0468685208807,0.0,114.03562007586933,113.75159567450268,1.0024633175430995,0.0,0.0,1481.5021852692405,1457.4843545274389,1438.0212,1479.660681133424,1415.6863
Therapy C,South,73,79,6,979.9816578027256,access_expansion,0,0.7,144.25150119227862,100.97605083459504,0.0,70.68323558421652,70.50718740155123,1.00244317368851,0.0,0.0,974.9328898998072,959.3452422930897,990.7928,973.7586867084788,936.0246
Therapy C,West,73,79,6,1119.3664120655123,access_expansion,0,0.72,163.48503468458247,114.43952427920772,0.0,82.39645748102956,82.19123559952259,1.0024506674857105,0.0,0.0,1113.5656167678162,1095.6200924473494,1103.5203,1112.1991035788692,1084.5629
Therapy D,East,73,79,6,0.0,access_expansion,0,,143.4922827649509,43.04768482948526,1.1246755373782051,0.0,0.0,1.0,0.0,0.0,0.0,0.0,0.0,0.0,0.0
Therapy D,North,73,79,6,0.0,access_expansion,0,,214.3526693155439,64.30580079466317,1.2244725411997668,0.0,0.0,1.0,0.0,0.0,0.0,0.0,0.0068822866,0.0,0.0
Therapy D,South,73,79,6,0.0,access_expansion,0,,144.25150119227862,43.27545035768359,0.9914642225944056,0.0,0.0,1.0,0.0,0.0,0.0,0.0,0.0,0.0,0.0
Therapy D,West,73,79,6,0.0,access_expansion,0,,163.48503468458247,49.04551040537474,1.078252907810606,0.0,0.0,1.0,0.0,0.0,0.0,0.0,0.0033591867,0.0,0.0
Therapy A,East,76,82,6,156.8216128807403,access_expansion,0,0.55,143.6713127859143,43.10139383577429,0.72,17.731913424037543,17.68774918752972,1.0022954783376872,0.0,0.0,159.64134897183095,172.79618803407774,167.81972,160.9951141401858,165.29239
Therapy A,North,76,82,6,276.69545868698674,access_expansion,0,0.74,214.6201092234029,64.38603276702086,0.68,36.305996156667725,36.21557012296389,1.0023942825181558,0.0,0.0,277.11408738756364,280.47259735679023,278.93027,278.2682998761789,280.2267
Therapy A,South,76,82,6,180.86118244940107,access_expansion,0,0.6,144.43147846203024,43.32944353860907,0.55,20.993115394456094,20.940828599954834,1.0023246070482859,0.0,0.0,181.0838693971137,183.0591570642349,177.04085,181.79277183697775,179.8721
Therapy A,West,76,82,6,206.922969442079,access_expansion,0,0.65,163.6890089236343,49.10670267709029,0.6,25.216291824685864,25.153486517138724,1.0023517827756414,0.0,0.0,207.20497910652605,209.5823937284548,203.59648,208.04009915809618,208.0954
Therapy B,East,76,82,6,312.3907134746611,access_expansion,0,0.72,143.6713127859143,43.10139383577429,0.4046755373782051,26.637599474272598,26.5712541670827,1.0023590976728118,0.0,0.0,301.88252113409635,263.24880197020883,298.64777,301.11222910546877,298.29047
Therapy B,North,76,82,6,440.068663651753,access_expansion,0,0.68,214.6201092234029,64.38603276702086,0.5444725411997668,35.439072684507536,35.35080586579326,1.0023918782227577,0.0,0.0,432.9587893217228,408.0327273822296,461.88443,429.15218912365117,458.825
Therapy B,South,76,82,6,280.46981562237386,access_expansion,0,0.55,144.43147846203024,43.32944353860907,0.4414642225944055,20.148977118095093,20.09879278831893,1.0023179069287427,0.0,0.0,275.81527553771707,259.47702512498057,272.21436,273.30366606520147,266.1107
Therapy B,West,76,82,6,325.806763696353,access_expansion,0,0.6,163.6890089236343,49.10670267709029,0.478252907810606,24.532082703109218,24.47098153051602,1.0023479772240522,0.0,0.0,320.45627856913165,301.68620186019035,309.9813,317.5784434976767,306.86166
Therapy C,East,76,82,6,960.3947052471,access_expansion,0,0.66,143.6713127859143,100.56991895014,0.0,66.37614650709241,66.21082583567275,1.0024396986452988,0.0,0.0,955.9180415716808,942.5426354161438,923.9261,955.1254528570759,916.95935
Therapy C,North,76,82,6,1492.5258878844943,access_expansion,0,0.76,214.6201092234029,150.234076456382,0.0,114.17789810685034,113.89351933872923,1.0024633175430997,0.0,0.0,1485.611769185629,1465.0057191894848,1449.1714,1484.4221431185845,1422.4904
Therapy C,South,76,82,6,982.1163565041708,access_expansion,0,0.7,144.43147846203024,101.10203492342116,0.0,70.7714244463948,70.5951566149148,1.0024431736885098,0.0,0.0,977.6079382750572,964.22016551608,984.2733,976.8539734462231,932.4347
Therapy C,West,76,82,6,1121.8165622602337,access_expansion,0,0.72,163.6890089236343,114.582306246544,0.0,82.49926049751167,82.29378256824354,1.0024506674857103,0.0,0.0,1116.6400962316357,1101.2366730312542,1092.3224,1115.7592371890605,1068.4133
Therapy D,East,76,82,6,0.0,access_expansion,0,,143.6713127859143,43.10139383577429,1.1246755373782051,0.0,0.0,1.0,0.0,0.0,0.0,0.0,0.0,0.0,0.0
Therapy D,North,76,82,6,0.0,access_expansion,0,,214.6201092234029,64.38603276702086,1.2244725411997668,0.0,0.0,1.0,0.0,0.0,0.0,0.0,0.003502576,0.0,0.0
Therapy D,South,76,82,6,0.0,access_expansion,0,,144.43147846203024,43.32944353860907,0.9914642225944056,0.0,0.0,1.0,0.0,0.0,0.0,0.0,0.0,0.0,0.0
Therapy D,West,76,82,6,0.0,access_expansion,0,,163.6890089236343,49.10670267709029,1.078252907810606,0.0,0.0,1.0,0.0,0.0,0.0,0.0,0.00620472,0.0,0.0
Therapy A,East,77,83,6,156.49032408578054,access_expansion,0,0.55,143.73103908340113,43.11931172502034,0.72,17.739284843673367,17.69510224743681,1.0022954783376878,0.0,0.0,159.05480843478455,171.1052902881341,166.99156,160.44087718746098,164.38063
Therapy A,North,77,83,6,276.6732639671204,access_expansion,0,0.74,214.7093299887844,64.41279899663532,0.68,36.32108909822272,36.23062547307433,1.0023942825181555,0.0,0.0,277.00447826642244,279.9978705086392,279.12457,278.09026727123154,278.4912
Therapy A,South,77,83,6,180.85297320734503,access_expansion,0,0.6,144.49152077167307,43.34745623150192,0.55,21.00184254416268,20.949534013264756,1.002324607048286,0.0,0.0,181.0225570524838,182.7764645502268,177.63084,181.69007351296548,183.97719
Therapy A,West,77,83,6,206.9102100446788,access_expansion,0,0.65,163.75705687456283,49.127117062368846,0.6,25.226774611526405,25.16394319488059,1.0023517827756414,0.0,0.0,207.1293088541129,209.24422927806984,203.94467,207.91530278649662,206.20137
Therapy B,East,77,83,6,313.78400083827137,access_expansion,0,0.72,143.73103908340113,43.11931172502034,0.4046755373782051,26.648673119802,26.582300231883014,1.0023590976728123,0.0,0.0,303.9272090409244,267.7710773277978,310.1869,302.8362122791933,308.70493
Therapy B,North,77,83,6,441.0334778296582,access_expansion,0,0.68,214.7093299887844,64.41279899663532,0.5444725411997668,35.45380523310592,35.36550172056481,1.0023918782227577,0.0,0.0,434.3237295739028,410.8917050284547,466.82428,430.79030505650377,472.00424
Therapy B,South,77,83,6,281.100830603386,access_expansion,0,0.55,144.49152077167307,43.34745623150192,0.4414642225944055,20.157353346989193,20.107148154842164,1.0023179069287431,0.0,0.0,276.7093103559758,261.351158603584,278.2875,274.37660098093176,270.44818
Therapy B,West,77,83,6,326.5324259945355,access_expansion,0,0.6,163.75705687456283,49.127117062368846,0.478252907810606,24.54228105406102,24.481154480803344,1.0023479772240522,0.0,0.0,321.48375636314614,303.8390901332435,313.5644,318.8114762327991,308.60468
Therapy C,East,77,83,6,961.0558103836782,access_expansion,0,0.66,143.73103908340113,100.6117273583808,0.0,66.40374005653133,66.23835065885437,1.0024396986452995,0.0,0.0,956.734908955738,943.9964898027348,922.0021,956.0643797717096,919.1439
Therapy C,North,77,83,6,1493.547934354927,access_expansion,0,0.76,214.7093299887844,150.29653099214906,0.0,114.22536355403328,113.94086656543676,1.0024633175430995,0.0,0.0,1486.8725828908964,1467.2428063260306,1452.947,1485.8700539129907,1438.4489
Therapy C,South,77,83,6,982.7837168799728,access_expansion,0,0.7,144.49152077167307,101.14406454017114,0.0,70.8008451781198,70.6245040694856,1.00244317368851,0.0,0.0,978.4292931464512,965.6710559894792,981.1563,977.7959585020076,931.8985
Therapy C,West,77,83,6,1122.5822038780184,access_expansion,0,0.72,163.75705687456283,114.62993981219398,0.0,82.53355666477967,82.32799331528605,1.0024506674857108,0.0,0.0,1117.5836635155392,1102.9076829435498,1111.8594,1116.8422029349103,1094.1162
Therapy D,East,77,83,6,0.0,access_expansion,0,,143.73103908340113,43.11931172502034,1.1246755373782051,0.0,0.0,1.0,0.0,0.0,0.0,0.0,0.0,0.0,0.0
Therapy D,North,77,83,6,0.0,access_expansion,0,,214.7093299887844,64.41279899663532,1.2244725411997668,0.0,0.0,1.0,0.0,0.0,0.0,0.0,0.0023047805,0.0,0.0
Therapy D,South,77,83,6,0.0,access_expansion,0,,144.49152077167307,43.34745623150192,0.9914642225944056,0.0,0.0,1.0,0.0,0.0,0.0,0.0,0.0,0.0,0.0
Therapy D,West,77,83,6,0.0,access_expansion,0,,163.75705687456283,49.127117062368846,1.078252907810606,0.0,0.0,1.0,0.0,0.0,0.0,0.0,0.004299319,0.0,0.0
Therapy A,East,78,84,6,156.19055246402917,access_expansion,0,0.55,143.7907902099964,43.13723706299892,0.72,17.746659327717758,17.70245836412007,1.0022954783376876,0.0,0.0,158.52006958158432,169.5530979124557,166.8075,159.93131443016634,163.49896
Therapy A,North,78,84,6,276.66193974468894,access_expansion,0,0.74,214.7985878445625,64.43957635336876,0.68,36.33618831413758,36.24568708191731,1.0023942825181555,0.0,0.0,276.91252063054367,279.5677745230639,277.30243,277.93464193444515,280.90607
Therapy A,South,78,84,6,180.8513703254281,access_expansion,0,0.6,144.55158804179533,43.3654764125386,0.55,21.01057332187495,20.95824304554423,1.0023246070482859,0.0,0.0,180.97196475376927,182.52079249828537,176.44698,181.60095259330055,180.6609
Therapy A,West,78,84,6,206.90527570645384,access_expansion,0,0.65,163.82513311403468,49.14753993421041,0.6,25.237261756217045,25.174404219618626,1.002351782775641,0.0,0.0,207.0663401767904,208.93812499277087,203.85577,207.8066099579629,208.90977
Therapy B,East,78,84,6,315.0927399035869,access_expansion,0,0.72,143.7907902099964,43.13723706299892,0.4046755373782051,26.659751368810234,26.593350888696452,1.0023590976728123,0.0,0.0,305.84367637835226,272.0005855547148,315.7508,304.4390189987569,310.4667
Therapy B,North,78,84,6,441.9461700521948,access_expansion,0,0.68,214.7985878445625,64.43957635336876,0.5444725411997668,35.468543906243454,35.380203684621335,1.0023918782227579,0.0,0.0,435.61012288496056,413.5766732859304,468.03915,432.33305719708096,447.85416
Therapy B,South,78,84,6,281.6975672035397,access_expansion,0,0.55,144.55158804179533,43.3654764125386,0.4414642225944055,20.165733058005987,20.115506994815302,1.002317906928743,0.0,0.0,277.55173057633465,263.1113058190517,271.07562,275.3869732669897,263.85376
Therapy B,West,78,84,6,327.2187591260373,access_expansion,0,0.6,163.82513311403468,49.14753993421041,0.478252907810606,24.552483644618704,24.49133166013712,1.002347977224052,0.0,0.0,322.4520003860387,305.86102587715385,313.6295,319.97266854511224,299.80963
Therapy C,East,78,84,6,961.6973220248184,access_expansion,0,0.66,143.7907902099964,100.65355314699748,0.0,66.43134507701834,66.26588692451362,1.002439698645299,0.0,0.0,957.520539769794,945.372630976318,924.81256,956.9633298746347,926.2904
Therapy C,North,78,84,6,1494.5399440209198,access_expansion,0,0.76,214.7985878445625,150.35901149119377,0.0,114.27284873330727,113.98823347508932,1.0024633175430995,0.0,0.0,1488.0855162535406,1469.3607931859071,1455.6868,1487.2566879374217,1434.1338
Therapy C,South,78,84,6,983.431704480264,access_expansion,0,0.7,144.55158804179533,101.18611162925671,0.0,70.83027814047969,70.6538637242289,1.0024431736885098,0.0,0.0,979.219767871428,967.045158699564,948.1103,978.698432637681,930.77106
Therapy C,West,78,84,6,1123.325462421922,access_expansion,0,0.72,163.82513311403468,114.67759317982429,0.0,82.56786708947348,82.36221828424397,1.0024506674857105,0.0,0.0,1118.4915513574738,1104.4899555212291,1085.555,1117.879511844293,1073.406
Therapy D,East,78,84,6,0.0,access_expansion,0,,143.7907902099964,43.13723706299892,1.1246755373782051,0.0,0.0,1.0,0.0,0.0,0.0,0.0,0.0006759034,0.0,0.0
Therapy D,North,78,84,6,0.0,access_expansion,0,,214.7985878445625,64.43957635336876,1.2244725411997668,0.0,0.0,1.0,0.0,0.0,0.0,0.0,0.0048178853,0.0,0.0
Therapy D,South,78,84,6,0.0,access_expansion,0,,144.55158804179533,43.3654764125386,0.9914642225944056,0.0,0.0,1.0,0.0,0.0,0.0,0.0,0.0019640655,0.0,0.0
Therapy D,West,78,84,6,0.0,access_expansion,0,,163.82513311403468,49.14753993421041,1.078252907810606,0.0,0.0,1.0,0.0,0.0,0.0,0.0,0.0062545626,0.0,0.0
Therapy A,East,79,85,6,155.31477050701753,overlapping_competitor_launch,0,0.55,143.85056617602206,43.155169852806615,1.22,13.600351779112005,17.70981753885024,0.7803577853602751,0.0,0.5,158.03302103078906,168.12878017133357,165.28708,145.44793456339116,163.42094
Therapy A,North,79,85,6,275.38874649392494,overlapping_competitor_launch,0,0.74,214.8878828061564,64.4663648418469,1.33,25.498381285895704,36.26075495209467,0.7111606117472414,0.0,0.65,276.83685333903054,279.1791482467478,277.34927,245.79459952398744,263.325
Therapy A,South,79,85,6,180.01310180187386,overlapping_competitor_launch,0,0.6,144.61168028277345,43.38350408483203,1.1,16.00851300730302,20.9669556982977,0.7742772025811966,0.0,0.55,180.93126719199395,182.290237960035,177.88503,165.31717268159224,173.90572
Therapy A,West,79,85,6,205.9287253414689,overlapping_competitor_launch,0,0.65,163.8932376538099,49.16797129614297,1.2,18.536325178645903,25.18486959315993,0.7460921319138143,0.0,0.6,207.01509449524136,208.66181718608567,203.55151,186.77239750834573,199.6731
Therapy B,East,79,85,6,314.8984562949728,overlapping_competitor_launch,0,0.72,143.85056617602206,43.155169852806615,0.9046755373782052,21.233282821757406,26.60440613943198,0.8054251451545592,0.0,0.5,307.64050805116915,275.9566177525589,315.702,282.9771886558211,285.41754
Therapy B,North,79,85,6,440.3405231393352,overlapping_competitor_launch,0,0.68,214.8878828061564,64.4663648418469,1.194472541199767,25.51034206543247,35.394911760502566,0.7284079225108251,0.0,0.6500000000000001,436.8231313448256,416.0984495736367,520.93774,387.7838194989512,460.90237
Therapy B,South,79,85,6,280.6909623489909,overlapping_competitor_launch,0,0.55,144.61168028277345,43.38350408483203,0.9914642225944056,15.580887757611448,20.12386930968229,0.7849361077996951,0.0,0.55,278.34592050590874,264.7645124589432,269.9441,253.28584064442967,242.35114
Therapy B,West,79,85,6,326.0072480831764,overlapping_competitor_launch,0,0.6,163.8932376538099,49.16797129614297,1.078252907810606,18.367526093230722,24.501513070275426,0.7594657634572091,0.0,0.6000000000000001,323.36489723456555,307.76012026244246,313.649,291.0212390232097,281.2901
Therapy C,East,79,85,6,962.3207172230182,overlapping_competitor_launch,0,0.66,143.85056617602206,100.69539632321543,0.0,66.45896157332218,66.2934346374073,1.002459778384129,0.0,0.0,958.2772567289176,946.6766544609792,927.96423,957.8293100422525,930.1688
Therapy C,North,79,85,6,1495.5041807436985,overlapping_competitor_launch,0,0.76,214.8878828061564,150.42151796430943,0.0,114.32035365287517,114.03562007586933,1.0024751774869214,0.0,0.0,1489.2541287521417,1471.3682546650905,1459.0303,1488.590275416666,1460.3627
Therapy C,South,79,85,6,984.0617794303608,overlapping_competitor_launch,0,0.7,144.61168028277345,101.2281761979414,0.0,70.85972333855896,70.68323558421652,1.0024620506162156,0.0,0.0,979.9816578027256,968.347998885021,962.2658,979.5682096568754,937.3396
Therapy C,West,79,85,6,1124.048024917239,overlapping_competitor_launch,0,0.72,163.8932376538099,114.72526635766692,0.0,82.60219177752019,82.39645748102956,1.0024669428738917,0.0,0.0,1119.3664120655123,1105.9898777249473,1095.2709,1118.8783683518893,1112.2595
Therapy D,East,79,85,6,2.4373806294612947,overlapping_competitor_launch,0,0.5,143.85056617602206,43.155169852806615,1.1246755373782051,13.083861253554034,0.0,4.0,0.5,0.0,0.0,0.0,0.0,160.54801640126792,0.36217338
Therapy D,North,79,85,6,4.482502934406644,overlapping_competitor_launch,0,0.65,214.8878828061564,64.4663648418469,1.2244725411997668,23.944902857794258,0.0,4.0,0.65,0.0,0.0,0.0,0.002898173,293.8205000985983,4.5338836
Therapy D,South,79,85,6,2.9984402348558774,overlapping_competitor_launch,0,0.55,144.61168028277345,43.38350408483203,0.9914642225944056,15.580887757611448,0.0,4.0,0.55,0.0,0.0,0.0,0.0,191.18825664524894,0.21536243
Therapy D,West,79,85,6,3.473846091084721,overlapping_competitor_launch,0,0.6,163.8932376538099,49.16797129614297,1.078252907810606,18.367526093230722,0.0,4.0,0.6,0.0,0.0,0.0,0.002293681,225.382234137167,2.3888373
Therapy A,East,82,88,6,152.51918690187665,overlapping_competitor_launch,0,0.55,144.03004321396338,43.20901296418901,1.22,13.617320435664166,17.731913424037543,0.7803431558095199,0.0,0.5,156.8216128807403,164.52676702946445,164.95802,144.35766107254895,160.46033
Therapy A,North,82,88,6,270.96366128273587,overlapping_competitor_launch,0,0.74,215.1559904801182,64.54679714403545,1.33,25.53019467438034,36.305996156667725,0.7111509517924662,0.0,0.65,276.69545868698674,278.23324714644025,276.6095,245.5612537876606,267.3027
Therapy A,South,82,88,6,177.09514376693286,overlapping_competitor_launch,0,0.6,144.79210693467223,43.43763208040167,1.1,16.028486237668215,20.993115394456094,0.774264397392316,0.0,0.55,180.86118244940107,181.7318911593161,178.8545,165.18205365325576,173.36736
Therapy A,West,82,88,6,202.5328357085631,overlapping_competitor_launch,0,0.65,164.09772119262848,49.22931635778854,1.2,18.559452266886282,25.216291824685864,0.7460800481503891,0.0,0.6,206.922969442079,207.9910025253442,202.81555,186.60805145862443,202.33911
Therapy B,East,82,88,6,313.15125569520904,overlapping_competitor_launch,0,0.72,144.03004321396338,43.20901296418901,0.9046755373782052,21.259774804430283,26.637599474272598,0.8054163613287598,0.0,0.5,312.3907134746611,286.3587448495367,316.7783,286.66621423634246,291.84784
Therapy B,North,82,88,6,434.0329243549321,overlapping_competitor_launch,0,0.68,215.1559904801182,64.54679714403545,1.194472541199767,25.54217037693994,35.439072684507536,0.728398623278485,0.0,0.6500000000000001,440.068663651753,422.7840255222397,466.03793,391.13618310446225,415.0094
Therapy B,South,82,88,6,276.7238685832965,overlapping_competitor_launch,0,0.55,144.79210693467223,43.43763208040167,0.9914642225944056,15.600327455748,20.148977118095093,0.784923420317323,0.0,0.55,280.46981562237386,269.1473075072239,271.9279,255.55072880244674,236.03647
Therapy B,West,82,88,6,321.25735088660883,overlapping_competitor_launch,0,0.6,164.09772119262848,49.22931635778854,1.078252907810606,18.390442577087242,24.532082703109218,0.7594540093952435,0.0,0.6000000000000001,325.806763696353,312.7949415763608,311.219,293.58809729620816,278.9192
Therapy C,East,82,88,6,964.0953969073274,overlapping_competitor_launch,0,0.66,144.03004321396338,100.82103024977437,0.0,66.54187996485109,66.37614650709241,1.0024598239339977,0.0,0.0,960.3947052471,950.2063257584988,933.0135,960.2189569192418,936.6007
Therapy C,North,82,88,6,1498.2504744330686,overlapping_competitor_launch,0,0.76,215.1559904801182,150.6091933360827,0.0,114.46298693542286,114.17789810685034,1.0024752042992489,0.0,0.0,1492.5258878844943,1476.8045770225908,1461.3525,1492.2792763559592,1473.2977
Therapy C,South,82,88,6,985.8575708847565,overlapping_competitor_launch,0,0.7,144.79210693467223,101.35447485427056,0.0,70.94813239798938,70.7714244463948,1.002462093416114,0.0,0.0,982.1163565041708,971.8786247065505,968.8149,981.9719855291621,947.07855
Therapy C,West,82,88,6,1126.106605101319,overlapping_competitor_launch,0,0.72,164.09772119262848,114.86840483483994,0.0,82.70525148108474,82.49926049751167,1.0024669797354577,0.0,0.0,1121.8165622602337,1110.0529667165792,1098.0695,1121.639424363429,1122.2731
Therapy D,East,82,88,6,11.247352502676524,overlapping_competitor_launch,0,0.5,144.03004321396338,43.20901296418901,1.1246755373782051,13.100185503955311,0.0,4.0,0.5,0.0,0.0,0.0,0.0,161.29776259723783,0.2944909
Therapy D,North,82,88,6,20.58637188961261,overlapping_competitor_launch,0,0.65,215.1559904801182,64.54679714403545,1.2244725411997668,23.974778028625725,0.0,4.0,0.65,0.0,0.0,0.0,0.0025742669,295.19261796828505,8.127384
Therapy D,South,82,88,6,13.772578249450325,overlapping_competitor_launch,0,0.55,144.79210693467223,43.43763208040167,0.9914642225944056,15.600327455748,0.0,4.0,0.55,0.0,0.0,0.0,0.0,192.08109027438366,0.2192489
Therapy D,West,82,88,6,15.94872859639773,overlapping_competitor_launch,0,0.6,164.09772119262848,49.22931635778854,1.078252907810606,18.390442577087242,0.0,4.0,0.6,0.0,0.0,0.0,0.0040567783,226.43475086375938,4.0738497
Therapy A,East,84,90,6,150.42925212349903,overlapping_competitor_launch,0,0.55,144.1498189591693,43.24494568775079,1.22,13.62864463349466,17.746659327717758,0.7803334118237039,0.0,0.5,156.19055246402917,162.60066930107251,163.29672,143.77373788989132,158.16896
Therapy A,North,84,90,6,267.3710383548842,overlapping_competitor_launch,0,0.74,215.3349147414752,64.60047442244253,1.33,25.551425648308694,36.33618831413758,0.7111445181525087,0.0,0.65,276.66193974468894,277.76020930816685,275.2204,245.47200352446615,267.18094
Therapy A,South,84,90,6,174.72337326047216,overlapping_competitor_launch,0,0.6,144.91251641397972,43.47375492419391,1.1,16.041815567027555,21.01057332187495,0.7742558686597566,0.0,0.55,180.8513703254281,181.4552084449916,176.23557,165.13382094068464,171.54797
Therapy A,West,84,90,6,199.77592379556867,overlapping_competitor_launch,0,0.65,164.234185269177,49.2702555807531,1.2,18.57488635394392,25.237261756217045,0.7460720000365724,0.0,0.6,206.90527570645384,207.65707871294288,203.79434,186.54723254809767,199.83574
Therapy B,East,84,90,6,310.9175469142652,overlapping_competitor_launch,0,0.72,144.1498189591693,43.24494568775079,0.9046755373782052,21.277454486483343,26.659751368810234,0.8054105110866582,0.0,0.5,315.0927399035869,292.2276469114948,318.62335,288.72162406409416,297.29315
Therapy B,North,84,90,6,428.3992313308276,overlapping_competitor_launch,0,0.68,215.3349147414752,64.60047442244253,1.194472541199767,25.56341130989258,35.468543906243454,0.72839242987557,0.0,0.6500000000000001,441.9461700521948,426.59768887682463,470.92264,393.06928458501653,431.6395
Therapy B,South,84,90,6,273.17095358229494,overlapping_competitor_launch,0,0.55,144.91251641397972,43.47375492419391,0.9914642225944056,15.613300727190346,20.165733058005987,0.7849149699498041,0.0,0.55,281.6975672035397,271.6470742409087,271.81247,256.85586019829475,245.69505
Therapy B,West,84,90,6,317.022263913096,overlapping_competitor_launch,0,0.6,164.234185269177,49.2702555807531,1.078252907810606,18.40573611526292,24.552483644618704,0.759446180854898,0.0,0.6000000000000001,327.2187591260373,315.66682648050687,314.50522,295.0676726207735,290.74188
Therapy C,East,84,90,6,965.2104844290354,overlapping_competitor_launch,0,0.66,144.1498189591693,100.9048732714185,0.0,66.59721635913621,66.43134507701834,1.0024598542699752,0.0,0.0,961.6973220248184,952.2851570036364,933.9265,961.6717562450153,926.6438
Therapy C,North,84,90,6,1499.9770364479728,overlapping_competitor_launch,0,0.76,215.3349147414752,150.7344403190326,0.0,114.55817464246476,114.27284873330727,1.0024752221558921,0.0,0.0,1494.5399440209198,1480.008417421842,1465.4019,1494.523551981996,1475.083
Therapy C,South,84,90,6,986.987496019157,overlapping_competitor_launch,0,0.7,144.91251641397972,101.4387614897858,0.0,71.00713304285006,70.83027814047969,1.0024621219205707,0.0,0.0,983.431704480264,973.961298541298,994.1301,983.4358173088135,940.3606
Therapy C,West,84,90,6,1127.4012694085136,overlapping_competitor_launch,0,0.72,164.234185269177,114.96392968842387,0.0,82.7740293756652,82.56786708947348,1.0024670042849242,0.0,0.0,1123.325462421922,1112.448459770245,1105.8433,1123.3198804080744,1120.9781
Therapy D,East,84,90,6,18.638443658701053,overlapping_competitor_launch,0,0.5,144.1498189591693,43.24494568775079,1.1246755373782051,13.111079651079473,0.0,4.0,0.5,0.0,0.0,0.0,0.0,161.7228840354071,0.32555512
Therapy D,North,84,90,6,33.9752896618155,overlapping_competitor_launch,0,0.65,215.3349147414752,64.60047442244253,1.2244725411997668,23.994715514170032,0.0,4.0,0.65,0.0,0.0,0.0,0.002806617,295.97063688353165,8.742803
Therapy D,South,84,90,6,22.732559900668548,overlapping_competitor_launch,0,0.55,144.91251641397972,43.47375492419391,0.9914642225944056,15.613300727190346,0.0,4.0,0.55,0.0,0.0,0.0,0.0,192.58734521572742,0.20557866
Therapy D,West,84,90,6,26.313732165270167,overlapping_competitor_launch,0,0.6,164.234185269177,49.2702555807531,1.078252907810606,18.40573611526292,0.0,4.0,0.6,0.0,0.0,0.0,0.0033571506,227.03154938959545,4.1737976
Therapy A,East,85,91,6,149.29722850469528,overlapping_competitor_launch,0,0.55,144.20974417877562,43.262923253632685,1.22,13.63431026338234,13.600351779112005,1.002325867539638,0.0,0.0,155.31477050701753,161.75833661259284,149.94763,151.14956008293638,159.15442
Therapy A,North,85,91,6,265.3537415974552,overlapping_competitor_launch,0,0.74,215.4244326621216,64.62732979863648,1.33,25.562047755254685,25.498381285895704,1.0024026550403993,0.0,0.0,275.38874649392494,277.56410417201414,269.51718,263.9265636263568,265.36105
Therapy A,South,85,91,6,173.39115287470435,overlapping_competitor_launch,0,0.6,144.97275869824003,43.491827609472,1.1,16.048484387895165,16.00851300730302,1.002350080843339,0.0,0.0,180.01310180187386,181.34138752362296,177.51367,174.1277868835442,170.68663
Therapy A,West,85,91,6,198.2284615687343,overlapping_competitor_launch,0,0.65,164.30245985800536,49.29073795740161,1.2,18.58260820994041,18.536325178645903,1.0023690756000057,0.0,0.0,205.9287253414689,207.519182278076,202.15207,198.3617263759091,200.94817
Therapy B,East,85,91,6,309.4629441619959,overlapping_competitor_launch,0,0.72,144.20974417877562,43.262923253632685,0.9046755373782052,21.286299840171417,21.233282821757406,1.0023845789593486,0.0,0.0,314.8984562949728,294.88389386958164,315.39575,302.87602883755414,304.64578
Therapy B,North,85,91,6,425.12325202601335,overlapping_competitor_launch,0,0.68,215.4244326621216,64.62732979863648,1.194472541199767,25.574038399456015,25.51034206543247,1.002402697553518,0.0,0.0,440.3405231393352,428.3357182576434,432.3638,421.04561739646067,418.55438
Therapy B,South,85,91,6,271.1025163597974,overlapping_competitor_launch,0,0.55,144.97275869824003,43.491827609472,0.9914642225944056,15.619791408077852,15.580887757611448,1.0023462947843997,0.0,0.0,280.6909623489909,272.7861546230054,272.15533,270.499338401468,248.95569
Therapy B,West,85,91,6,314.56168469975853,overlapping_competitor_launch,0,0.6,164.30245985800536,49.29073795740161,1.078252907810606,18.4133876529942,18.367526093230722,1.002367961687141,0.0,0.0,326.0072480831764,316.97556528388475,311.8206,313.0480045379052,297.41693
Therapy C,East,85,91,6,965.7506493026737,overlapping_competitor_launch,0,0.66,144.20974417877562,100.94682092514292,0.0,66.62490181059432,66.45896157332218,1.00245986942879,0.0,0.0,962.3207172230182,953.254008371566,942.50775,961.8595863774622,942.6653
Therapy C,North,85,91,6,1500.81367322065,overlapping_competitor_launch,0,0.76,215.4244326621216,150.79710286348512,0.0,114.6057981762487,114.32035365287517,1.0024752310787455,0.0,0.0,1495.5041807436985,1481.5021852692405,1458.8179,1494.8046095641957,1463.5046
Therapy C,South,85,91,6,987.53527460357,overlapping_competitor_launch,0,0.7,144.97275869824003,101.48093108876802,0.0,71.03665176213761,70.85972333855896,1.0024621361641635,0.0,0.0,984.0617794303608,974.9328898998072,998.25415,983.6177483987032,949.2238
Therapy C,West,85,91,6,1128.0287470696949,overlapping_competitor_launch,0,0.72,164.30245985800536,115.01172190060376,0.0,82.80843976843471,82.60219177752019,1.0024670165521903,0.0,0.0,1124.048024917239,1113.5656167678162,1117.0485,1123.5302528286325,1089.0377
Therapy D,East,85,91,6,22.847693777424084,overlapping_competitor_launch,0,0.5,144.20974417877562,43.262923253632685,1.1246755373782051,13.11653012152085,13.083861253554034,1.002319595981434,0.0,0.0,2.4373806294612947,0.0,0.36151904,2.438293507522583,2.471994
Therapy D,North,85,91,6,41.55259041534925,overlapping_competitor_launch,0,0.65,215.4244326621216,64.62732979863648,1.2244725411997668,24.004690473604324,23.944902857794258,1.0023967868766979,0.0,0.0,4.482502934406644,0.0,6.323723,4.484181777070371,17.120558
Therapy D,South,85,91,6,27.804227602121763,overlapping_competitor_launch,0,0.55,144.97275869824003,43.491827609472,0.9914642225944056,15.619791408077852,15.580887757611448,1.0023462947843997,0.0,0.0,2.9984402348558774,0.0,0.37343043,2.999563247927943,2.4137495
Therapy D,West,85,91,6,32.17698060228699,overlapping_competitor_launch,0,0.6,164.30245985800536,49.29073795740161,1.078252907810606,18.4133876529942,18.367526093230722,1.002367961687141,0.0,0.0,3.473846091084721,0.0,0.3866643,3.475147159061759,3.9628444
Therapy A,East,88,94,6,145.52871709638202,overlapping_competitor_launch,0,0.55,144.3896693498439,43.31690080495317,1.22,13.651321288680991,13.617320435664166,1.0023260660643294,0.0,0.0,152.51918690187665,159.64134897183095,151.05421,148.9984830217546,156.76028
Therapy A,North,88,94,6,258.4101940445102,overlapping_competitor_launch,0,0.74,215.69320976951985,64.70796293085596,1.33,25.593940578041458,25.53019467438034,1.0024027680325571,0.0,0.0,270.96366128273587,277.11408738756364,265.2196,261.1718545158189,268.96307
Therapy A,South,88,94,6,168.80519974679976,overlapping_competitor_launch,0,0.6,145.15363585434042,43.54609075630213,1.1,16.068507489075483,16.028486237668215,1.0023502530318131,0.0,0.0,177.09514376693286,181.0838693971137,167.36575,172.19775576253775,168.84784
Therapy A,West,88,94,6,192.9065272136965,overlapping_competitor_launch,0,0.65,164.50745396825243,49.35223619047573,1.2,18.605793043809353,18.559452266886282,1.0023692267191717,0.0,0.0,202.5328357085631,207.20497910652605,196.01247,196.16304584099288,199.19017
Therapy B,East,88,94,6,303.78752112330534,overlapping_competitor_launch,0,0.72,144.3896693498439,43.31690080495317,0.9046755373782052,21.312857970219866,21.259774804430283,1.0023847126152876,0.0,0.0,313.15125569520904,301.88252113409635,295.28275,303.1920240097513,287.30737
Therapy B,North,88,94,6,413.5293378190303,overlapping_competitor_launch,0,0.68,215.69320976951985,64.70796293085596,1.194472541199767,25.60594618252665,25.54217037693994,1.0024028104966924,0.0,0.0,434.0329243549321,432.9587893217228,417.7521,417.81553805702066,416.93503
Therapy B,South,88,94,6,263.7737155119644,overlapping_competitor_launch,0,0.55,145.15363585434042,43.54609075630213,0.9914642225944056,15.639279644862087,15.600327455748,1.0023464711294352,0.0,0.0,276.7238685832965,275.81527553771707,263.30585,268.36824011090647,248.02193
Therapy B,West,88,94,6,305.86291635792134,overlapping_competitor_launch,0,0.6,164.50745396825243,49.35223619047573,1.078252907810606,18.43636135662482,18.390442577087242,1.002368114051808,0.0,0.0,321.25735088660883,320.45627856913165,304.3099,310.51760652951594,295.75427
Therapy C,East,88,94,6,967.3118196584978,overlapping_competitor_launch,0,0.66,144.3896693498439,101.07276854489072,0.0,66.70802723962788,66.54187996485109,1.0024599148685713,0.0,0.0,964.0953969073274,955.9180415716808,922.9845,963.8063676702404,924.46783
Therapy C,North,88,94,6,1503.232629801998,overlapping_competitor_launch,0,0.76,215.69320976951985,150.9852468386639,0.0,114.74878759738456,114.46298693542286,1.0024752578254497,0.0,0.0,1498.2504744330686,1485.611769185629,1415.9863,1497.8147292183428,1477.7898
Therapy C,South,88,94,6,989.11995230821,overlapping_competitor_launch,0,0.7,145.15363585434042,101.60754509803829,0.0,71.12528156862679,70.94813239798938,1.0024621788604253,0.0,0.0,985.8575708847565,977.6079382750572,937.7249,985.5837095269325,930.39746
Therapy C,West,88,94,6,1129.8434050844544,overlapping_competitor_launch,0,0.72,164.50745396825243,115.1552177777767,0.0,82.91175679999922,82.70525148108474,1.002467053324141,0.0,0.0,1126.106605101319,1116.6400962316357,1099.3679,1125.7854381841382,1083.6759
Therapy D,East,88,94,6,37.56955925550524,overlapping_competitor_launch,0,0.5,144.3896693498439,43.31690080495317,1.1246755373782051,13.132895131661991,13.100185503955311,1.0023198012322252,0.0,0.0,11.247352502676524,0.0,14.004551,10.569182183969568,30.08975
Therapy D,North,88,94,6,67.80622469458915,overlapping_competitor_launch,0,0.65,215.69320976951985,64.70796293085596,1.2244725411997668,24.03464023923562,23.974778028625725,1.002396906612795,0.0,0.0,20.58637188961261,0.0,23.91919,19.348059156901964,49.101948
Therapy D,South,88,94,6,45.381031786343485,overlapping_competitor_launch,0,0.55,145.15363585434042,43.54609075630213,0.9914642225944056,15.639279644862087,15.600327455748,1.0023464711294352,0.0,0.0,13.772578249450325,0.0,14.574111,12.944071716444764,26.764027
Therapy D,West,88,94,6,52.477741086095634,overlapping_competitor_launch,0,0.6,164.50745396825243,49.35223619047573,1.078252907810606,18.43636135662482,18.390442577087242,1.002368114051808,0.0,0.0,15.94872859639773,0.0,23.150797,14.989540628067584,33.667877
Therapy A,East,91,97,6,141.27201770154724,overlapping_competitor_launch,0,0.55,144.56981900690215,43.37094570207064,1.22,13.668353538007564,13.63431026338234,1.002326264375466,0.0,0.0,149.29722850469528,158.03302103078906,157.86597,146.53477347346305,159.18466
Therapy A,North,91,97,6,250.33621120679348,overlapping_competitor_launch,0,0.74,215.9623222201872,64.78869666605615,1.33,25.625873192325187,25.562047755254685,1.0024028808945227,0.0,0.0,265.3537415974552,276.83685333903054,279.54254,257.4372985834716,262.91092
Therapy A,South,91,97,6,163.47391600262077,overlapping_competitor_launch,0,0.6,145.33473868418733,43.600421605256194,1.1,16.088555572339537,16.048484387895165,1.0023504250309092,0.0,0.0,173.39115287470435,180.93126719199395,172.49435,169.59578935030206,169.56229
Therapy A,West,91,97,6,186.7274287461248,overlapping_competitor_launch,0,0.65,164.712703842079,49.4138111526237,1.2,18.629006804539138,18.58260820994041,1.0023693776692717,0.0,0.0,198.2284615687343,207.01509449524136,195.77428,193.197523320244,198.88037
Therapy B,East,91,97,6,296.44639237415663,overlapping_competitor_launch,0,0.72,144.56981900690215,43.37094570207064,0.9046755373782052,21.339449235866187,21.286299840171417,1.0023848461196312,0.0,0.0,309.4629441619959,307.64050805116915,303.4317,301.68147737473595,289.28513
Therapy B,North,91,97,6,399.7879091194986,overlapping_competitor_launch,0,0.68,215.9623222201872,64.78869666605615,1.194472541199767,25.637893775759647,25.574038399456015,1.002402923309727,0.0,0.0,425.12325202601335,436.8231313448256,448.58826,412.2849938990541,405.3268
Therapy B,South,91,97,6,255.07811943284105,overlapping_competitor_launch,0,0.55,145.33473868418733,43.600421605256194,0.9914642225944056,15.658792196399505,15.619791408077852,1.0023466472811864,0.0,0.0,271.1025163597974,278.34592050590874,276.80972,264.7370777148582,252.65062
Therapy B,West,91,97,6,295.5679230198408,overlapping_competitor_launch,0,0.6,164.712703842079,49.4138111526237,1.078252907810606,18.45936372369688,18.4133876529942,1.0023682662461846,0.0,0.0,314.56168469975853,323.36489723456555,314.20688,306.2416860570454,295.79108
Therapy C,East,91,97,6,968.799015460703,overlapping_competitor_launch,0,0.66,144.56981900690215,101.1988733048315,0.0,66.79125638118879,66.62490181059432,1.0024599602534048,0.0,0.0,965.7506493026737,958.2772567289176,922.91095,965.5984514697882,938.8482
Therapy C,North,91,97,6,1505.538170309978,overlapping_competitor_launch,0,0.76,215.9623222201872,151.17362555413104,0.0,114.89195542113958,114.6057981762487,1.0024752845394018,0.0,0.0,1500.81367322065,1489.2541287521417,1515.7694,1500.5877017748164,1486.1133
Therapy C,South,91,97,6,990.6314891279968,overlapping_competitor_launch,0,0.7,145.33473868418733,101.73431707893111,0.0,71.21402195525178,71.03665176213761,1.0024622215049617,0.0,0.0,987.53527460357,979.9816578027256,976.12067,987.3967299778213,939.06696
Therapy C,West,91,97,6,1131.5735521342467,overlapping_competitor_launch,0,0.72,164.712703842079,115.2988926894553,0.0,83.01520273640782,82.80843976843471,1.0024670900513648,0.0,0.0,1128.0287470696949,1119.3664120655123,1145.4047,1127.863910736796,1114.3909
Therapy D,East,91,97,6,55.071281803369146,overlapping_competitor_launch,0,0.5,144.56981900690215,43.37094570207064,1.1246755373782051,13.1492805598218,13.11653012152085,1.0023200062635096,0.0,0.0,22.847693777424084,0.0,80.47904,21.207571397308833,64.78902
Therapy D,North,91,97,6,98.58791116753493,overlapping_competitor_launch,0,0.65,215.9623222201872,64.78869666605615,1.2244725411997668,24.06462737208324,24.004690473604324,1.0023970262116297,0.0,0.0,41.55259041534925,0.0,123.51304,38.58239695046374,93.87483
Therapy D,South,91,97,6,65.99810564382173,overlapping_competitor_launch,0,0.55,145.33473868418733,43.600421605256194,0.9914642225944056,15.658792196399505,15.619791408077852,1.0023466472811864,0.0,0.0,27.804227602121763,0.0,105.71835,25.816534257276594,68.649796
Therapy D,West,91,97,6,76.25586268616689,overlapping_competitor_launch,0,0.6,164.712703842079,49.4138111526237,1.078252907810606,18.45936372369688,18.4133876529942,1.0023682662461846,0.0,0.0,32.17698060228699,0.0,112.317444,29.87766392476518,75.90154
Therapy A,East,94,100,6,136.75438990437772,overlapping_competitor_launch,0,0.55,144.7501934300332,43.42505802900995,1.22,13.685407037842488,13.651321288680991,1.0023263897376158,0.0,0.0,145.52871709638202,156.8216128807403,165.33957,143.63368831676988,155.04921
Therapy A,North,94,100,6,241.6527084824983,overlapping_competitor_launch,0,0.74,216.2317704325188,64.86953112975561,1.33,25.657845647752236,25.593940578041458,1.0024029522356226,0.0,0.0,258.4101940445102,276.69545868698674,292.17813,252.57488821890115,260.4469
Therapy A,South,94,100,6,157.7427848101721,overlapping_competitor_launch,0,0.6,145.5160674693456,43.65482024080367,1.1,16.108628668856557,16.068507489075483,1.002350533757791,0.0,0.0,168.80519974679976,180.86118244940107,173.11012,166.22297990645387,166.21643
Therapy A,West,94,100,6,180.09207796631077,overlapping_competitor_launch,0,0.65,164.91820979859165,49.47546293957749,1.2,18.652249528220718,18.605793043809353,1.0023694730888433,0.0,0.0,192.9065272136965,206.922969442079,199.10437,189.3537260274095,193.01913
Therapy B,East,94,100,6,288.0981315294961,overlapping_competitor_launch,0,0.72,144.7501934300332,43.42505802900995,0.9046755373782052,21.366073678452434,21.312857970219866,1.002384930510212,0.0,0.0,303.78752112330534,312.3907134746611,305.94507,298.3012157800663,288.68088
Therapy B,North,94,100,6,384.9415607589832,overlapping_competitor_launch,0,0.68,216.2317704325188,64.86953112975561,1.194472541199767,25.669881228824636,25.60594618252665,1.0024029946198942,0.0,0.0,413.5293378190303,440.068663651753,451.7667,404.35714455185985,401.36792
Therapy B,South,94,100,6,245.6789818471273,overlapping_competitor_launch,0,0.55,145.5160674693456,43.65482024080367,0.9914642225944056,15.678329093026738,15.639279644862087,1.0023467586334558,0.0,0.0,263.7737155119644,280.46981562237386,281.7623,259.5414241268526,255.85359
Therapy B,West,94,100,6,284.46001677405764,overlapping_competitor_launch,0,0.6,164.91820979859165,49.47546293957749,1.078252907810606,18.48239478997268,18.43636135662482,1.0023683624523838,0.0,0.0,305.86291635792134,325.806763696353,316.47812,300.1494844550765,294.3781
Therapy C,East,94,100,6,970.2281693890164,overlapping_competitor_launch,0,0.66,144.7501934300332,101.32513540102325,0.0,66.87458936467534,66.70802723962788,1.0024599889402455,0.0,0.0,967.3118196584978,960.3947052471,939.5602,967.2682811653407,937.4537
Therapy C,North,94,100,6,1507.7547226529075,overlapping_competitor_launch,0,0.76,216.2317704325188,151.3622393027631,0.0,115.03530187009996,114.74878759738456,1.0024753014245427,0.0,0.0,1503.232629801998,1492.5258878844943,1540.8912,1503.1732558178614,1475.6702
Therapy C,South,94,100,6,992.0856434743152,overlapping_competitor_launch,0,0.7,145.5160674693456,101.8612472285419,0.0,71.30287305997932,71.12528156862679,1.0024622484596661,0.0,0.0,989.11995230821,982.1163565041708,1020.4592,989.0888809459178,945.2963
Therapy C,West,94,100,6,1133.237393208638,overlapping_competitor_launch,0,0.72,164.91820979859165,115.44274685901416,0.0,83.1187777384902,82.91175679999922,1.0024671132657696,0.0,0.0,1129.8434050844544,1121.8165622602337,1224.727,1129.8027266162223,1154.8677
Therapy D,East,94,100,6,74.36078840022199,overlapping_competitor_launch,0,0.5,144.7501934300332,43.42505802900995,1.1246755373782051,13.165686431475088,13.132895131661991,1.0023201358744542,0.0,0.0,37.56955925550524,0.0,109.325165,34.65171638795582,74.859406
Therapy D,North,94,100,6,132.0891480220297,overlapping_competitor_launch,0,0.65,216.2317704325188,64.86953112975561,1.2244725411997668,24.094651918768847,24.03464023923562,1.002397101811528,0.0,0.0,67.80622469458915,0.0,184.45958,62.57248670700079,123.740105
Therapy D,South,94,100,6,88.44732874877113,overlapping_competitor_launch,0,0.55,145.5160674693456,43.65482024080367,0.9914642225944056,15.678329093026738,15.639279644862087,1.0023467586334558,0.0,0.0,45.381031786343485,0.0,131.14159,41.8776133895084,91.05266
Therapy D,West,94,100,6,102.11227218453688,overlapping_competitor_launch,0,0.6,164.91820979859165,49.47546293957749,1.078252907810606,18.48239478997268,18.43636135662482,1.0023683624523838,0.0,0.0,52.477741086095634,0.0,147.66524,48.42898744217821,103.84064
Therapy A,East,97,103,6,132.27736307319554,persistence_change,0,0.55,144.93079289966946,43.47923786990084,1.22,13.70248181469925,13.668353538007564,1.002326389737616,0.0,0.0,141.27201770154724,155.31477050701753,148.53917,140.32358941407472,148.96582
Therapy A,North,97,103,6,232.9996765827448,persistence_change,0,0.74,216.50155482543207,64.95046644762964,1.33,25.689857994030948,25.625873192325187,1.0024029522356224,0.0,0.0,250.33621120679348,275.38874649392494,250.45549,246.73457279883766,245.16322
Therapy A,South,97,103,6,152.0344541962374,persistence_change,0,0.6,145.6976224917312,43.70928674751936,1.1,16.128726809834642,16.088555572339537,1.0023505337577905,0.0,0.0,163.47391600262077,180.01310180187386,164.45786,162.1774752756264,162.54831
Therapy A,West,97,103,6,173.48883651686305,persistence_change,0,0.65,165.12397215729536,49.53719164718861,1.2,18.67552125099011,18.629006804539138,1.0023694730888428,0.0,0.0,186.7274287461248,205.9287253414689,179.72105,184.74842518533723,182.27628
Therapy B,East,97,103,6,279.5237574915151,persistence_change,0,0.72,144.93079289966946,43.47923786990084,0.9046755373782052,21.392731339372272,21.339449235866187,1.0023849305102124,0.0,0.0,296.44639237415663,314.8984562949728,270.15826,293.3151506156536,282.55988
Therapy B,North,97,103,6,370.1679551317198,persistence_change,0,0.68,216.50155482543207,64.95046644762964,1.194472541199767,25.701908591453286,25.637893775759647,1.0024029946198938,0.0,0.0,399.7879091194986,440.3405231393352,367.3044,394.45771732497735,393.9832
Therapy B,South,97,103,6,236.32620934469327,persistence_change,0,0.55,145.6976224917312,43.70928674751936,0.9914642225944056,15.69789036511824,15.658792196399505,1.0023467586334556,0.0,0.0,255.07811943284105,280.6909623489909,244.26456,253.0496704417161,249.65833
Therapy B,West,97,103,6,273.41994353254904,persistence_change,0,0.6,165.12397215729536,49.53719164718861,1.078252907810606,18.505454591259163,18.45936372369688,1.0023683624523834,0.0,0.0,295.5679230198408,326.0072480831764,272.0617,292.56241926746594,284.7686
Therapy C,East,97,103,6,971.6118918808304,persistence_change,0,0.66,144.93079289966946,101.4515550297686,0.0,66.95802631964727,66.79125638118879,1.0024599889402452,0.0,0.0,968.799015460703,962.3207172230182,920.7802,968.8416758699493,941.75586
Therapy C,North,97,103,6,1509.9016226647402,persistence_change,0,0.76,216.50155482543207,151.5510883778025,0.0,115.1788271671299,114.89195542113958,1.0024753014245424,0.0,0.0,1505.538170309978,1495.5041807436985,1468.1089,1505.6109688641297,1462.3368
Therapy C,South,97,103,6,993.4948892871524,persistence_change,0,0.7,145.6976224917312,101.98833574421184,0.0,71.39183502094828,71.21402195525178,1.0024622484596661,0.0,0.0,990.6314891279968,984.0617794303608,993.40674,990.6856890590252,951.44434
Therapy C,West,97,103,6,1134.8493385644474,persistence_change,0,0.72,165.12397215729536,115.58678051010672,0.0,83.22248196727683,83.01520273640782,1.0024671132657688,0.0,0.0,1131.5735521342467,1124.048024917239,1210.358,1131.631378794417,1183.731
Therapy D,East,97,103,6,94.15113314008072,persistence_change,0,0.5,144.93079289966946,43.47923786990084,1.1246755373782051,13.182112772128452,13.1492805598218,1.0023201358744547,0.0,0.0,55.071281803369146,2.4373806294612947,96.94358,50.609102720741674,97.96489
Therapy D,North,97,103,6,166.109185940724,persistence_change,0,0.65,216.50155482543207,64.95046644762964,1.2244725411997668,24.124713925972333,24.06462737208324,1.0023971018115279,0.0,0.0,98.58791116753493,4.482502934406644,164.08438,90.66298879818629,161.81789
Therapy D,South,97,103,6,111.25617681388526,persistence_change,0,0.55,145.6976224917312,43.70928674751936,0.9914642225944056,15.69789036511824,15.658792196399505,1.0023467586334556,0.0,0.0,65.99810564382173,2.9984402348558774,107.73833,60.69167019923877,108.053154
Therapy D,West,97,103,6,128.3526427126971,persistence_change,0,0.6,165.12397215729536,49.53719164718861,1.078252907810606,18.505454591259163,18.45936372369688,1.0023683624523834,0.0,0.0,76.25586268616689,3.473846091084721,126.36863,70.12965592681589,126.436424
Therapy A,East,100,106,6,117.58579450412508,persistence_change,0,0.55,145.11161769659307,43.53348530897792,1.22,13.719577895124393,13.685407037842488,1.002326389737616,0.0,0.0,136.75438990437772,152.51918690187665,140.96631,136.77995772857668,146.76845
Therapy A,North,100,106,6,206.41098224021752,persistence_change,0,0.74,216.77167581836744,65.03150274551022,1.33,25.721910280931656,25.657845647752236,1.0024029522356226,0.0,0.0,241.6527084824983,270.96366128273587,237.90686,240.34006145375852,234.00565
Therapy A,South,100,106,6,134.6307981782967,persistence_change,0,0.6,145.87940403361208,43.76382121008362,1.1,16.148850026520854,16.108628668856557,1.00235053375779,0.0,0.0,157.7427848101721,177.09514376693286,153.52364,157.7377834599783,156.5748
Therapy A,West,100,106,6,153.55216354775246,persistence_change,0,0.65,165.32999123809367,49.5989973714281,1.2,18.698822009028394,18.652249528220718,1.0023694730888426,0.0,0.0,180.09207796631077,202.5328357085631,172.43811,179.70586348379757,177.18481
Therapy B,East,100,106,6,271.1619350241993,persistence_change,0,0.72,145.11161769659307,43.53348530897792,0.9046755373782052,21.41942226007096,21.366073678452434,1.0023849305102124,0.0,0.0,288.0981315294961,313.15125569520904,278.55197,287.2753570459352,276.89572
Therapy B,North,100,106,6,356.07151419543175,persistence_change,0,0.68,216.77167581836744,65.03150274551022,1.194472541199767,25.73397591343928,25.669881228824636,1.0024029946198942,0.0,0.0,384.9415607589832,434.0329243549321,386.31488,383.4479890101197,385.2115
Therapy B,South,100,106,6,227.4101655976676,persistence_change,0,0.55,145.87940403361208,43.76382121008362,0.9914642225944056,15.717476043086393,15.678329093026738,1.0023467586334556,0.0,0.0,245.6789818471273,276.7238685832965,239.0197,245.80858384189256,232.71368
Therapy B,West,100,106,6,262.90731500237354,persistence_change,0,0.6,165.32999123809367,49.5989973714281,1.078252907810606,18.52854316340794,18.48239478997268,1.0023683624523834,0.0,0.0,284.46001677405764,321.25735088660883,276.40903,284.12646097818447,276.95535
Therapy C,East,100,106,6,972.9601534458444,persistence_change,0,0.66,145.11161769659307,101.57813238761514,0.0,67.04156737582599,66.87458936467534,1.0024599889402452,0.0,0.0,970.2281693890164,964.0953969073274,923.1925,970.3391518584898,951.53925
Therapy C,North,100,106,6,1511.9941595297823,persistence_change,0,0.76,216.77167581836744,151.7401730728572,0.0,115.32253153537148,115.03530187009996,1.0024753014245429,0.0,0.0,1507.7547226529075,1498.2504744330686,1463.7231,1507.9322920497082,1478.8711
Therapy C,South,100,106,6,994.8690902234424,persistence_change,0,0.7,145.87940403361208,102.11558282352844,0.0,71.48090797646991,71.30287305997932,1.002462248459666,0.0,0.0,992.0856434743152,985.8575708847565,933.21704,992.2074409585043,951.53925
Therapy C,West,100,106,6,1136.4207827474454,persistence_change,0,0.72,165.32999123809367,115.73099386666556,0.0,83.3263155839992,83.1187777384902,1.0024671132657688,0.0,0.0,1133.237393208638,1126.106605101319,1138.1127,1133.373305166263,1145.9393
Therapy D,East,100,106,6,113.13432884547063,persistence_change,0,0.5,145.11161769659307,43.53348530897792,1.1246755373782051,13.198559607320297,13.165686431475088,1.0023201358744547,0.0,0.0,74.36078840022199,11.247352502676524,99.021324,68.21376802011002,113.183334
Therapy D,North,100,106,6,198.4300871226729,persistence_change,0,0.65,216.77167581836744,65.03150274551022,1.2244725411997668,24.15481344043179,24.094651918768847,1.0023971018115283,0.0,0.0,132.0891480220297,20.58637188961261,161.46951,121.27232424825885,180.7186
Therapy D,South,100,106,6,132.9446695086329,persistence_change,0,0.55,145.87940403361208,43.76382121008362,0.9914642225944056,15.717476043086393,15.678329093026738,1.0023467586334556,0.0,0.0,88.44732874877113,13.772578249450325,122.03877,81.20222714281752,125.7868
Therapy D,West,100,106,6,153.2796408698611,persistence_change,0,0.6,165.32999123809367,49.5989973714281,1.078252907810606,18.52854316340794,18.48239478997268,1.0023683624523834,0.0,0.0,102.11227218453688,15.94872859639773,133.3534,93.7559792793445,152.4279
Therapy A,East,102,108,6,110.0246876394972,persistence_change,0,0.55,145.2322928818516,43.56968786455548,1.22,13.730987130514661,13.696787856662132,1.0023263897376158,0.0,0.0,133.7471323591862,150.42925212349903,137.51277,134.40845925534992,142.6682
Therapy A,North,102,108,6,192.689794579792,persistence_change,0,0.74,216.95194368770424,65.08558310631128,1.33,25.743300686039298,25.67918277655023,1.0024029522356228,0.0,0.0,235.84335378665216,267.3710383548842,236.9641,236.0336376678724,230.38219
Therapy A,South,102,108,6,125.64785381691652,persistence_change,0,0.6,146.00071771191432,43.80021531357429,1.1,16.162279450708912,16.122024644862684,1.0023505337577907,0.0,0.0,153.9101278799271,174.72337326047216,147.3441,154.73260203984987,154.58417
Therapy A,West,102,108,6,143.2596753198778,persistence_change,0,0.65,165.46748007350286,49.64024402205086,1.2,18.714371996313176,18.667760785713636,1.0023694730888428,0.0,0.0,175.65802392273184,199.77592379556867,163.42526,176.30224657012363,171.63257
Therapy B,East,102,108,6,265.77707326501513,persistence_change,0,0.72,145.2322928818516,43.56968786455548,0.9046755373782052,21.437234705348562,21.383841758915754,1.0023849305102122,0.0,0.0,282.3615833492012,310.9175469142652,269.72263,282.9927109117054,269.3404
Therapy B,North,102,108,6,347.121439858815,persistence_change,0,0.68,216.95194368770424,65.08558310631128,1.194472541199767,25.755376352357175,25.691228366442036,1.0024029946198942,0.0,0.0,375.01814181792855,428.3992313308276,382.8371,375.98412267667163,381.49545
Therapy B,South,102,108,6,221.75766878217465,persistence_change,0,0.55,146.00071771191432,43.80021531357429,0.9914642225944056,15.730546735587815,15.691367230826291,1.0023467586334558,0.0,0.0,239.3964377087865,273.17095358229494,232.52242,240.87842045457285,229.55739
Therapy B,West,102,108,6,256.2504508931693,persistence_change,0,0.6,165.46748007350286,49.64024402205086,1.078252907810606,18.543951546377592,18.497764795839228,1.0023683624523836,0.0,0.0,277.0430053528135,317.022263913096,264.00702,278.39912359908124,265.47577
Therapy C,East,102,108,6,973.8432556070028,persistence_change,0,0.66,145.2322928818516,101.66260501729612,0.0,67.09731931141543,66.93020244093186,1.0024599889402455,0.0,0.0,971.155035706122,965.2104844290354,928.714,971.3034789107803,952.5436
Therapy C,North,102,108,6,1513.3650577152864,persistence_change,0,0.76,216.95194368770424,151.86636058139297,0.0,115.41843404185866,115.13096551567706,1.0024753014245429,0.0,0.0,1509.192711396343,1499.9770364479728,1468.006,1509.4277308974858,1485.0677
Therapy C,South,102,108,6,995.769674355518,persistence_change,0,0.7,146.00071771191432,102.20050239834002,0.0,71.54035167883801,71.36216870806427,1.0024622484596664,0.0,0.0,993.02947436759,986.987496019157,962.78955,993.1883404588824,968.5874
Therapy C,West,102,108,6,1137.4504393550949,persistence_change,0,0.72,165.46748007350286,115.827236051452,0.0,83.39560995704544,83.18789952254352,1.002467113265769,0.0,0.0,1134.317031641819,1127.4012694085136,1142.4276,1134.4957618787962,1132.6674
Therapy D,East,102,108,6,124.815950803828,persistence_change,0,0.5,145.2322928818516,43.56968786455548,1.1246755373782051,13.209535562595562,13.176635049334866,1.0023201358744547,0.0,0.0,87.57658626544335,18.638443658701053,115.59608,80.30570129715957,131.81479
Therapy D,North,102,108,6,218.140801288171,persistence_change,0,0.65,216.95194368770424,65.08558310631128,1.2244725411997668,24.174900643876143,24.114689091740875,1.0023971018115285,0.0,0.0,154.8406896227202,33.9752896618155,179.84476,142.1158384985769,187.49893
Therapy D,South,102,108,6,146.18710421210787,persistence_change,0,0.55,146.00071771191432,43.80021531357429,0.9914642225944056,15.730546735587815,15.691367230826291,1.0023467586334558,0.0,0.0,103.69977206304829,22.732559900668548,129.66519,95.17481332998831,137.884
Therapy D,West,102,108,6,168.48805665467205,persistence_change,0,0.6,165.46748007350286,49.64024402205086,1.078252907810606,18.543951546377592,18.497764795839228,1.0023683624523836,0.0,0.0,119.66239895593556,26.313732165270167,150.38748,109.83570166598572,159.8074
Therapy A,East,103,109,6,106.79512025205725,persistence_change,0,0.55,145.2926681019366,43.58780043058098,1.22,13.736695305697596,13.70248181469925,1.0023263897376156,0.0,0.0,132.27736307319554,149.29722850469528,142.68861,133.24666233931117,141.23871
Therapy A,North,103,109,6,186.8208618159898,persistence_change,0,0.74,217.04213383128808,65.11264014938641,1.33,25.754002558286807,25.689857994030948,1.0024029522356228,0.0,0.0,232.9996765827448,265.3537415974552,237.79422,233.92381299888729,228.74965
Therapy A,South,103,109,6,121.80522144670432,persistence_change,0,0.6,146.0614123776082,43.81842371328246,1.1,16.168998350201228,16.128726809834642,1.0023505337577905,0.0,0.0,152.0344541962374,173.39115287470435,150.92477,153.25334306400634,153.60516
Therapy A,West,103,109,6,138.85639726428832,persistence_change,0,0.65,165.5362673612893,49.66088020838679,1.2,18.722151838561825,18.67552125099011,1.0023694730888428,0.0,0.0,173.48883651686305,198.2284615687343,163.70335,174.63052228957517,172.25536
Therapy B,East,103,109,6,263.2073377801251,persistence_change,0,0.72,145.2926681019366,43.58780043058098,0.9046755373782052,21.44614648204551,21.392731339372272,1.002384930510212,0.0,0.0,279.5237574915151,309.4629441619959,269.52893,280.84451507777146,269.8768
Therapy B,North,103,109,6,342.87449832633354,persistence_change,0,0.68,217.04213383128808,65.11264014938641,1.194472541199767,25.76608324463843,25.701908591453286,1.0024029946198942,0.0,0.0,370.1679551317198,425.12325202601335,371.44034,372.31591792976826,368.71082
Therapy B,South,103,109,6,219.0777401433572,persistence_change,0,0.55,146.0614123776082,43.81842371328246,0.9914642225944056,15.737086157381498,15.69789036511824,1.0023467586334556,0.0,0.0,236.32620934469327,271.1025163597974,233.01723,238.44678664677798,224.62337
Therapy B,West,103,109,6,253.09564152172652,persistence_change,0,0.6,165.5362673612893,49.66088020838679,1.078252907810606,18.551660542315357,18.505454591259163,1.0023683624523836,0.0,0.0,273.41994353254904,314.56168469975853,262.7251,275.5796588348952,265.3463
Therapy C,East,103,109,6,974.280829657933,persistence_change,0,0.66,145.2926681019366,101.70486767135564,0.0,67.12521266309473,66.95802631964727,1.002459988940246,0.0,0.0,971.6118918808304,965.7506493026737,950.3563,971.7769892921813,955.88776
Therapy C,North,103,109,6,1514.044410889667,persistence_change,0,0.76,217.04213383128808,151.92949368190162,0.0,115.46641519824523,115.1788271671299,1.0024753014245429,0.0,0.0,1509.9016226647402,1500.81367322065,1498.4238,1510.1621844726894,1469.0354
Therapy C,South,103,109,6,996.2160382550306,persistence_change,0,0.7,146.0614123776082,102.24298866432574,0.0,71.570092065028,71.39183502094828,1.002462248459666,0.0,0.0,993.4948892871524,987.53527460357,985.95856,993.670236664195,965.6127
Therapy C,West,103,109,6,1137.9607269109438,persistence_change,0,0.72,165.5362673612893,115.8753871529025,0.0,83.4302787500898,83.22248196727683,1.0024671132657692,0.0,0.0,1134.8493385644474,1128.0287470696949,1156.5632,1135.0471060619293,1141.9589
Therapy D,East,103,109,6,130.32561554234314,persistence_change,0,0.5,145.2926681019366,43.58780043058098,1.1246755373782051,13.215026962620904,13.182112772128452,1.0023201358744542,0.0,0.0,94.15113314008072,22.847693777424084,144.9575,86.33444863117758,134.33252
Therapy D,North,103,109,6,227.3983534670528,persistence_change,0,0.65,217.04213383128808,65.11264014938641,1.2244725411997668,24.184950508943647,24.124713925972333,1.0023971018115285,0.0,0.0,166.109185940724,41.55259041534925,219.09456,152.4630140783541,197.59486
Therapy D,South,103,109,6,152.41085005619402,persistence_change,0,0.55,146.0614123776082,43.81842371328246,0.9914642225944056,15.737086157381498,15.69789036511824,1.0023467586334556,0.0,0.0,111.25617681388526,27.804227602121763,169.23468,102.11296839823099,149.78598
Therapy D,West,103,109,6,175.63310300156297,persistence_change,0,0.6,165.5362673612893,49.66088020838679,1.078252907810606,18.551660542315357,18.505454591259163,1.0023683624523836,0.0,0.0,128.3526427126971,32.17698060228699,183.21701,117.81614242068898,167.76869
Therapy A,East,106,112,6,98.9232161361674,persistence_change,0,0.55,145.47394439718337,43.64218331915501,1.22,13.753834073031701,13.719577895124393,1.002326389737616,0.0,0.0,117.58579450412508,145.52871709638202,135.65253,120.87193782783369,129.74721
Therapy A,North,106,112,6,172.49350841705774,persistence_change,0,0.74,217.3129292846813,65.1938787854044,1.33,25.786134875991,25.721910280931656,1.002402952235623,0.0,0.0,206.41098224021752,258.4101940445102,195.10754,211.98955198410056,194.72665
Therapy A,South,106,112,6,112.42349560518966,persistence_change,0,0.6,146.24364780669228,43.87309434200768,1.1,16.189171812200833,16.148850026520854,1.0023505337577907,0.0,0.0,134.6307981782967,168.80519974679976,140.94688,138.61291144539172,143.78595
Therapy A,West,106,112,6,128.1046187631234,persistence_change,0,0.65,165.74280084758456,49.72284025427537,1.2,18.745510775861817,18.698822009028394,1.0023694730888433,0.0,0.0,153.55216354775246,192.9065272136965,147.6863,157.99100701206626,154.76573
Therapy B,East,106,112,6,256.13269362917777,persistence_change,0,0.72,145.47394439718337,43.64218331915501,0.9046755373782052,21.4729040468447,21.41942226007096,1.0023849305102126,0.0,0.0,271.1619350241993,303.78752112330534,262.59738,274.4003336045608,266.99597
Therapy B,North,106,112,6,331.2395043641224,persistence_change,0,0.68,217.3129292846813,65.1938787854044,1.194472541199767,25.798230634968757,25.73397591343928,1.0024029946198945,0.0,0.0,356.07151419543175,413.5293378190303,377.5252,361.5725999251122,370.27893
Therapy B,South,106,112,6,211.7439505296146,persistence_change,0,0.55,146.24364780669228,43.87309434200768,0.9914642225944056,15.756720738491868,15.717476043086393,1.002346758633456,0.0,0.0,227.4101655976676,263.7737155119644,225.87071,231.2942790645693,226.43135
Therapy B,West,106,112,6,244.46474406059792,persistence_change,0,0.6,165.74280084758456,49.72284025427537,1.078252907810606,18.57480676392254,18.52854316340794,1.0023683624523838,0.0,0.0,262.90731500237354,305.86291635792134,254.63223,267.3100683504038,258.03705
Therapy C,East,106,112,6,975.5801356918856,persistence_change,0,0.66,145.47394439718337,101.83176107802836,0.0,67.20896231149872,67.04156737582599,1.002459988940246,0.0,0.0,972.9601534458444,967.3118196584978,939.827,973.1680906584797,943.41974
Therapy C,North,106,112,6,1516.061908765154,persistence_change,0,0.76,217.3129292846813,152.1190504992769,0.0,115.61047837945046,115.32253153537148,1.0024753014245429,0.0,0.0,1511.9941595297823,1503.232629801998,1486.8318,1512.3204284293304,1483.0941
Therapy C,South,106,112,6,997.541883179174,persistence_change,0,0.7,146.24364780669228,102.3705534646846,0.0,71.65938742527922,71.48090797646991,1.0024622484596666,0.0,0.0,994.8690902234424,989.11995230821,993.6045,995.0868374498716,953.1308
Therapy C,West,106,112,6,1139.4762750704638,persistence_change,0,0.72,165.74280084758456,116.01996059330918,0.0,83.53437162718261,83.3263155839992,1.0024671132657694,0.0,0.0,1136.4207827474454,1129.8434050844544,1158.7256,1136.6675241443047,1125.0983
Therapy D,East,106,112,6,145.4726686265165,persistence_change,0,0.5,145.47394439718337,43.64218331915501,1.1246755373782051,13.231514863632464,13.198559607320297,1.0023201358744547,0.0,0.0,113.13432884547063,37.56955925550524,177.41768,103.81574370946079,146.11166
Therapy D,North,106,112,6,252.74192902282,persistence_change,0,0.65,217.3129292846813,65.1938787854044,1.2244725411997668,24.215125178362694,24.15481344043179,1.0023971018115285,0.0,0.0,198.4300871226729,67.80622469458915,264.52054,182.2744947672624,231.48592
Therapy D,South,106,112,6,169.4629473807546,persistence_change,0,0.55,146.24364780669228,43.87309434200768,0.9914642225944056,15.756720738491868,15.717476043086393,1.002346758633456,0.0,0.0,132.9446695086329,45.381031786343485,196.6854,122.11557021164985,157.87013
Therapy D,West,106,112,6,195.201418919716,persistence_change,0,0.6,165.74280084758456,49.72284025427537,1.078252907810606,18.57480676392254,18.52854316340794,1.0023683624523838,0.0,0.0,153.2796408698611,52.477741086095634,213.11183,140.80946661773436,180.80891
Therapy A,East,108,114,6,94.91969498604416,persistence_change,0,0.55,145.59492089423492,43.67847626827047,1.22,13.76527179594544,13.730987130514661,1.0023263897376158,0.0,0.0,110.0246876394972,142.73382346583543,136.72385,114.4122942784933,122.592384
Therapy A,North,108,114,6,165.19369875636772,persistence_change,0,0.74,217.49364726175835,65.2480941785275,1.33,25.80757869043298,25.743300686039298,1.0024029522356226,0.0,0.0,192.689794579792,253.1257898973384,180.34785,200.58480372595858,178.06519
Therapy A,South,108,114,6,107.642882414991,persistence_change,0,0.6,146.36526439102977,43.90957931730893,1.1,16.202634768086995,16.162279450708912,1.0023505337577905,0.0,0.0,125.64785381691652,165.31564035929114,142.46994,130.9389273300473,136.40707
Therapy A,West,108,114,6,122.62512399380223,persistence_change,0,0.65,165.8806329765004,49.76418989295012,1.2,18.7610995896422,18.714371996313176,1.002369473088843,0.0,0.0,143.2596753198778,188.8612183668621,144.79459,149.29381382840396,144.67902
Therapy B,East,108,114,6,252.0020908650166,persistence_change,0,0.72,145.59492089423492,43.67847626827047,0.9046755373782052,21.49076096771033,21.437234705348562,1.0023849305102122,0.0,0.0,265.77707326501513,299.0429506988247,253.09818,270.1595645226481,262.74875
Therapy B,North,108,114,6,324.4722285827949,persistence_change,0,0.68,217.49364726175835,65.2480941785275,1.194472541199767,25.819684508274243,25.755376352357175,1.0024029946198942,0.0,0.0,347.121439858815,404.5495318798602,347.91718,354.68533403931684,344.18036
Therapy B,South,108,114,6,207.4847820881816,persistence_change,0,0.55,146.36526439102977,43.90957931730893,0.9914642225944056,15.76982406698042,15.730546735587815,1.0023467586334553,0.0,0.0,221.75766878217465,258.0919796336955,216.5723,226.6827427471361,217.90494
Therapy B,West,108,114,6,239.45280275257625,persistence_change,0,0.6,165.8806329765004,49.76418989295012,1.078252907810606,18.59025361981842,18.543951546377592,1.0023683624523836,0.0,0.0,256.2504508931693,299.1336776613496,244.16751,261.9992989736939,249.847
Therapy C,East,108,114,6,976.4369328737898,persistence_change,0,0.66,145.59492089423492,101.91644462596444,0.0,67.26485345313654,67.09731931141543,1.0024599889402457,0.0,0.0,973.8432556070028,968.3104436782228,939.4673,974.0746641366183,926.46643
Therapy C,North,108,114,6,1517.3924924458,persistence_change,0,0.76,217.49364726175835,152.24555308323082,0.0,115.70662034325542,115.41843404185866,1.0024753014245429,0.0,0.0,1513.3650577152864,1504.7806346070147,1491.9146,1513.7273297911786,1491.3088
Therapy C,South,108,114,6,998.4164956029376,persistence_change,0,0.7,146.36526439102977,102.45568507372084,0.0,71.71897955160459,71.54035167883801,1.002462248459666,0.0,0.0,995.769674355518,990.1347226662808,985.21716,996.010655498239,928.56506
Therapy C,West,108,114,6,1140.4759054461583,persistence_change,0,0.72,165.8806329765004,116.11644308355028,0.0,83.6038390201562,83.39560995704544,1.0024671132657692,0.0,0.0,1137.4504393550949,1131.005016280681,1152.1614,1137.7240159419823,1130.0885
Therapy D,East,108,114,6,154.4245955113037,persistence_change,0,0.5,145.59492089423492,43.67847626827047,1.1246755373782051,13.242518224581538,13.209535562595562,1.0023201358744545,0.0,0.0,124.815950803828,48.97927046181677,181.38504,114.64589034717002,149.27715
Therapy D,North,108,114,6,267.65964540203146,persistence_change,0,0.65,217.49364726175835,65.2480941785275,1.2244725411997668,24.235262537199578,24.174900643876143,1.0023971018115283,0.0,0.0,218.140801288171,87.92018057455265,286.20172,200.5855464002825,252.81493
Therapy D,South,108,114,6,179.5099792447919,persistence_change,0,0.55,146.36526439102977,43.90957931730893,0.9914642225944056,15.76982406698042,15.730546735587815,1.0023467586334553,0.0,0.0,146.18710421210787,58.85198174110164,194.07138,134.41552981266622,172.25098
Therapy D,West,108,114,6,206.7259716583233,persistence_change,0,0.6,165.8806329765004,49.76418989295012,1.078252907810606,18.59025361981842,18.543951546377592,1.0023683624523836,0.0,0.0,168.48805665467205,68.01786943335009,215.69398,154.93835065572776,193.07344
Therapy A,East,109,115,6,94.27154957581944,epidemiology_change,0,0.55,163.13410048786793,48.94023014636038,1.22,15.423513530625472,13.736695305697596,1.1134818164956806,0.0,0.0,106.79512025205725,141.27201770154724,113.48363,114.12411005421774,117.60394
Therapy A,North,109,115,6,163.9045489467788,epidemiology_change,0,0.74,243.69415011150647,73.10824503345194,1.33,28.916504158081242,25.754002558286807,1.1176459227362663,0.0,0.0,186.8208618159898,250.33621120679348,165.15059,200.10195520562766,175.51337
Therapy A,South,109,115,6,106.7913144412068,epidemiology_change,0,0.6,163.99724387669264,49.19917316300779,1.1,18.154494897149874,16.168998350201228,1.1147916843535552,0.0,0.0,121.80522144670432,163.47391600262077,120.93426,130.506311531108,136.19868
Therapy A,West,109,115,6,121.63891348267286,epidemiology_change,0,0.65,185.86354306025163,55.759062918075486,1.2,21.02116672011446,18.722151838561825,1.115821300600194,0.0,0.0,138.85639726428832,186.7274287461248,125.944984,148.83729830809585,144.88367
Therapy B,East,109,115,6,251.35395576977527,epidemiology_change,0,0.72,163.13410048786793,48.94023014636038,0.9046755373782052,24.079658395597423,21.44614648204551,1.1166630083063678,0.0,0.0,263.2073377801251,296.44639237415663,244.33498,273.4390155765326,266.5996
Therapy B,North,109,115,6,322.8843227850486,epidemiology_change,0,0.68,243.69415011150647,73.10824503345194,1.194472541199767,28.930068310539827,25.76608324463843,1.1176482363947158,0.0,0.0,342.87449832633354,399.7879091194986,327.45905,358.59972470949606,339.93286
Therapy B,South,109,115,6,206.5171201047092,epidemiology_change,0,0.55,163.99724387669264,49.19917316300779,0.9914642225944056,17.669545394977092,15.737086157381498,1.1145866762386043,0.0,0.0,219.0777401433572,255.07811943284105,207.8164,229.06533362369208,220.80228
Therapy B,West,109,115,6,238.283786187649,epidemiology_change,0,0.6,185.86354306025163,55.759062918075486,1.078252907810606,20.829739687921315,18.551660542315357,1.1157608706329045,0.0,0.0,253.09564152172652,295.5679230198408,235.671,264.78259145371175,252.64095
Therapy C,East,109,115,6,984.2996109115338,epidemiology_change,0,0.66,163.13410048786793,114.19387034150752,0.0,75.36795442539497,67.12521266309473,1.1207679365331535,0.0,0.0,974.280829657933,968.799015460703,913.62823,992.0887454939189,990.06714
Therapy C,North,109,115,6,1529.513887102008,epidemiology_change,0,0.76,243.69415011150647,170.5859050780545,0.0,129.64528785932143,115.46641519824523,1.1216090061683774,0.0,0.0,1514.044410889667,1505.538170309978,1471.245,1541.7208773545221,1475.5132
Therapy C,South,109,115,6,1006.4281472337882,epidemiology_change,0,0.7,163.99724387669264,114.79807071368484,0.0,80.35864949957939,71.570092065028,1.1208919675488491,0.0,0.0,996.2160382550306,990.6314891279968,973.4188,1014.4293921577248,1005.09204
Therapy C,West,109,115,6,1149.613259621461,epidemiology_change,0,0.72,185.86354306025163,130.10448014217613,0.0,93.67522570236682,83.4302787500898,1.121159100965731,0.0,0.0,1137.9607269109438,1131.5735521342467,1160.3243,1158.7637845341808,1160.0791
Therapy D,East,109,115,6,159.6767264281446,epidemiology_change,0,0.5,163.13410048786793,48.94023014636038,1.1246755373782051,14.837786136307782,13.215026962620904,1.1131430217292908,0.0,0.0,130.32561554234314,55.071281803369146,150.456,120.85650944547066,149.96397
Therapy D,North,109,115,6,276.3991781889464,epidemiology_change,0,0.65,243.69415011150647,73.10824503345194,1.2244725411997668,27.154777995074465,24.184950508943647,1.1173266517550284,0.0,0.0,227.3983534670528,98.58791116753493,261.1491,211.13790732383455,275.41238
Therapy D,South,109,115,6,185.40931446609608,epidemiology_change,0,0.55,163.99724387669264,49.19917316300779,0.9914642225944056,17.669545394977092,15.737086157381498,1.1145866762386043,0.0,0.0,152.41085005619402,65.99810564382173,171.57356,141.50363506811428,179.87408
Therapy D,West,109,115,6,213.4899758783887,epidemiology_change,0,0.6,185.86354306025163,55.759062918075486,1.078252907810606,20.829739687921315,18.551660542315357,1.1157608706329045,0.0,0.0,175.63310300156297,76.25586268616689,193.67264,163.0849748607327,201.53894
Therapy A,East,112,118,6,92.67204352205796,epidemiology_change,0,0.55,163.33763687928518,49.00129106378555,1.22,15.442756878752016,13.753834073031701,1.1134818164956806,0.0,0.0,98.9232161361674,136.75438990437772,108.731995,106.35557113505445,113.61154
Therapy A,North,112,118,6,160.72220884750274,epidemiology_change,0,0.74,243.9981983011544,73.19945949034633,1.33,28.952582212216683,25.786134875991,1.1176459227362663,0.0,0.0,172.49350841705774,241.6527084824983,149.14563,185.9523737541275,170.79907
Therapy A,South,112,118,6,104.68930070410968,epidemiology_change,0,0.6,164.20185718023373,49.26055715407012,1.1,18.17714558985187,16.189171812200833,1.1147916843535546,0.0,0.0,112.42349560518966,157.7427848101721,111.034004,121.23680046517424,130.85362
Therapy A,West,112,118,6,119.20479080374206,epidemiology_change,0,0.65,186.09543813759828,55.82863144127949,1.2,21.04739405336237,18.745510775861817,1.1158213006001942,0.0,0.0,128.1046187631234,180.09207796631077,116.08457,138.20706916636328,138.92082
Therapy B,East,112,118,6,249.93284842806577,epidemiology_change,0,0.72,163.33763687928518,49.00129106378555,0.9046755373782052,24.109701695935875,21.4729040468447,1.1166630083063678,0.0,0.0,256.13269362917777,288.0981315294961,236.98952,266.28741052046325,263.568
Therapy B,North,112,118,6,319.09328079084366,epidemiology_change,0,0.68,243.9981983011544,73.19945949034633,1.194472541199767,28.966163288167262,25.798230634968757,1.1176482363947156,0.0,0.0,331.2395043641224,384.9415607589832,312.5987,346.6092567099412,337.8462
Therapy B,South,112,118,6,204.21960538680963,epidemiology_change,0,0.55,164.20185718023373,49.26055715407012,0.9914642225944056,17.691591034098042,15.756720738491868,1.1145866762386039,0.0,0.0,211.7439505296146,245.6789818471273,187.07022,221.50376310447885,197.21881
Therapy B,West,112,118,6,235.4950120466522,epidemiology_change,0,0.6,186.09543813759828,55.82863144127949,1.078252907810606,20.855728184731984,18.57480676392254,1.1157608706329047,0.0,0.0,244.46474406059792,284.46001677405764,220.13232,255.87602575826418,240.54971
Therapy C,East,112,118,6,1005.4898718609472,epidemiology_change,0,0.66,163.33763687928518,114.33634581549964,0.0,75.46198823822976,67.20896231149872,1.120767936533154,0.0,0.0,975.5801356918856,970.2281693890164,905.8146,993.4414858974262,996.3315
Therapy C,North,112,118,6,1562.2427278328817,epidemiology_change,0,0.76,243.9981983011544,170.7987388108081,0.0,129.80704149621414,115.61047837945046,1.1216090061683772,0.0,0.0,1516.061908765154,1507.7547226529075,1470.1033,1543.8207857351513,1495.9207
Therapy C,South,112,118,6,1028.0372130548003,epidemiology_change,0,0.7,164.20185718023373,114.9413000261636,0.0,80.45891001831451,71.65938742527922,1.120891967548848,0.0,0.0,997.541883179174,992.0856434743152,919.5512,1015.8088523097268,1006.4295
Therapy C,West,112,118,6,1174.2677247243191,epidemiology_change,0,0.72,186.09543813759828,130.26680669631878,0.0,93.79210082134952,83.53437162718261,1.121159100965731,0.0,0.0,1139.4762750704638,1133.237393208638,1149.288,1160.3409716071665,1172.4907
Therapy D,East,112,118,6,174.0592685834941,epidemiology_change,0,0.5,163.33763687928518,49.00129106378555,1.1246755373782051,14.856298693999726,13.231514863632464,1.1131430217292906,0.0,0.0,145.4726686265165,74.36078840022199,167.20053,136.4813841276387,169.33691
Therapy D,North,112,118,6,300.3433531430651,epidemiology_change,0,0.65,243.9981983011544,73.19945949034633,1.2244725411997668,27.188658008550032,24.215125178362694,1.1173266517550284,0.0,0.0,252.74192902282,132.0891480220297,290.9399,237.45381135155915,306.0335
Therapy D,South,112,118,6,201.5721346353606,epidemiology_change,0,0.55,164.20185718023373,49.26055715407012,0.9914642225944056,17.691591034098042,15.756720738491868,1.1145866762386039,0.0,0.0,169.4629473807546,88.44732874877113,184.48984,159.1986622850783,195.60068
Therapy D,West,112,118,6,232.02163374898367,epidemiology_change,0,0.6,186.09543813759828,55.82863144127949,1.078252907810606,20.855728184731984,18.57480676392254,1.1157608706329047,0.0,0.0,195.201418919716,102.11227218453688,212.40375,183.40459170580107,230.08327
Therapy A,East,114,120,6,91.85217069067777,epidemiology_change,0,0.55,163.47346886781216,49.042040660343645,1.22,15.455599114107299,13.76527179594544,1.1134818164956803,0.0,0.0,94.91969498604416,133.7471323591862,104.5392,102.19233911292045,108.03459
Therapy A,North,114,120,6,159.08904372242878,epidemiology_change,0,0.74,244.20110781487995,73.26033234446398,1.33,28.976659252205835,25.80757869043298,1.1176459227362663,0.0,0.0,165.19369875636772,235.84335378665216,139.64789,178.35037674440844,153.41898
Therapy A,South,114,120,6,103.61054050386235,epidemiology_change,0,0.6,164.33840785653075,49.301522356959225,1.1,18.192261749717954,16.202634768086995,1.1147916843535552,0.0,0.0,107.642882414991,153.9101278799271,108.93147,116.25585573449393,119.28668
Therapy A,West,114,120,6,117.95560726394842,epidemiology_change,0,0.65,186.2501955707349,55.87505867122046,1.2,21.064897119050116,18.7610995896422,1.1158213006001945,0.0,0.0,122.62512399380223,175.65802392273184,110.4951,132.4939921253272,127.632416
Therapy B,East,114,120,6,249.36362890620492,epidemiology_change,0,0.72,163.47346886781216,49.042040660343645,0.9046755373782052,24.129751384340338,21.49076096771033,1.1166630083063676,0.0,0.0,252.0020908650166,282.3615833492012,236.1398,261.9687647743167,251.08638
Therapy B,North,114,120,6,317.274075816526,epidemiology_change,0,0.68,244.20110781487995,73.26033234446398,1.194472541199767,28.99025162221324,25.819684508274243,1.1176482363947156,0.0,0.0,324.4722285827949,375.01814181792855,290.9161,339.4137981673998,309.8566
Therapy B,South,114,120,6,203.12872191241053,epidemiology_change,0,0.55,164.33840785653075,49.301522356959225,0.9914642225944056,17.706303405577646,15.76982406698042,1.1145866762386045,0.0,0.0,207.4847820881816,239.3964377087865,187.08575,216.97127261064088,193.41104
Therapy B,West,114,120,6,234.15900703537545,epidemiology_change,0,0.6,186.2501955707349,55.87505867122046,1.078252907810606,20.873071860602625,18.59025361981842,1.1157608706329047,0.0,0.0,239.45280275257625,277.0430053528135,220.9143,250.53819772412066,232.64671
Therapy C,East,114,120,6,1017.7831386038584,epidemiology_change,0,0.66,163.47346886781216,114.4314282074685,0.0,75.52474261692922,67.26485345313654,1.1207679365331538,0.0,0.0,976.4369328737898,971.155035706122,941.7536,994.330167637135,1022.5065
Therapy C,North,114,120,6,1581.2700552724143,epidemiology_change,0,0.76,244.20110781487995,170.94077547041596,0.0,129.91498935751613,115.70662034325542,1.1216090061683774,0.0,0.0,1517.3924924458,1509.192711396343,1474.6699,1545.2005775370953,1497.794
Therapy C,South,114,120,6,1040.5847987718405,epidemiology_change,0,0.7,164.33840785653075,115.03688549957153,0.0,80.52581984970006,71.71897955160459,1.1208919675488487,0.0,0.0,998.4164956029376,993.02947436759,997.2302,1016.7155104876807,1045.6656
Therapy C,West,114,120,6,1188.5896543316971,epidemiology_change,0,0.72,186.2501955707349,130.3751368995144,0.0,93.87009856765036,83.6038390201562,1.1211591009657311,0.0,0.0,1140.4759054461583,1134.317031641819,1158.4403,1161.3774227266956,1168.5747
Therapy D,East,114,120,6,182.55554979740893,epidemiology_change,0,0.5,163.47346886781216,49.042040660343645,1.1246755373782051,14.86865322925756,13.242518224581538,1.1131430217292904,0.0,0.0,154.4245955113037,87.57658626544335,175.72864,145.97583156483748,177.39557
Therapy D,North,114,120,6,314.50208065636286,epidemiology_change,0,0.65,244.20110781487995,73.26033234446398,1.2244725411997668,27.211268164746986,24.235262537199578,1.1173266517550284,0.0,0.0,267.65964540203146,154.8406896227202,288.7237,253.3868861791607,301.67883
Therapy D,South,114,120,6,211.12986643103,epidemiology_change,0,0.55,164.33840785653075,49.301522356959225,0.9914642225944056,17.706303405577646,15.76982406698042,1.1145866762386045,0.0,0.0,179.5099792447919,103.69977206304829,196.24258,169.92070293375605,201.89195
Therapy D,West,114,120,6,242.98033825717232,epidemiology_change,0,0.6,186.2501955707349,55.87505867122046,1.078252907810606,20.873071860602625,18.59025361981842,1.1157608706329047,0.0,0.0,206.7259716583233,119.66239895593556,219.62561,195.71215712382235,227.64867
Therapy A,East,115,121,6,91.5047066774768,epidemiology_change,0,0.55,163.54142721553987,49.06242816466196,1.22,15.462024236093217,15.423513530625472,1.0023263897376162,0.0,0.0,94.27154957581944,132.27736307319554,104.84274,101.15976041088615,103.23007
Therapy A,North,115,121,6,158.39600845411098,epidemiology_change,0,0.74,244.30262584049785,73.29078775214934,1.33,28.988705279607625,28.916504158081242,1.0024029522356226,0.0,0.0,163.9045489467788,232.9996765827448,142.21895,176.37532695784822,157.23137
Therapy A,South,115,121,6,103.15273525305868,epidemiology_change,0,0.6,164.40672577223586,49.32201773167076,1.1,18.199824542986512,18.154494897149874,1.002350533757791,0.0,0.0,106.7913144412068,152.0344541962374,111.98223,114.95543614107608,116.46282
Therapy A,West,115,121,6,117.42544102284036,epidemiology_change,0,0.65,186.32762254186727,55.89828676256018,1.2,21.073654109485194,21.02116672011446,1.0023694730888433,0.0,0.0,121.63891348267286,173.48883651686305,114.04581,130.99354775823497,120.99009
Therapy B,East,115,121,6,249.1753582268255,epidemiology_change,0,0.72,163.54142721553987,49.06242816466196,0.9046755373782052,24.139782480190433,24.079658395597423,1.0023849305102124,0.0,0.0,251.35395576977527,279.5237574915151,233.51668,260.7871940252982,242.91469
Therapy B,North,115,121,6,316.54696195751774,epidemiology_change,0,0.68,244.30262584049785,73.29078775214934,1.194472541199767,29.00230330016502,28.930068310539827,1.002402994619894,0.0,0.0,322.8843227850486,370.1679551317198,296.6623,337.0477346307109,306.427
Therapy B,South,115,121,6,202.6968062422411,epidemiology_change,0,0.55,164.40672577223586,49.32201773167076,0.9914642225944056,17.713664178748623,17.669545394977092,1.002346758633456,0.0,0.0,206.5171201047092,236.32620934469327,188.68896,215.50469366463068,186.40652
Therapy B,West,115,121,6,233.6258583385745,epidemiology_change,0,0.6,186.32762254186727,55.89828676256018,1.078252907810606,20.881749106430167,20.829739687921315,1.0023683624523836,0.0,0.0,238.283786187649,273.41994353254904,215.18414,248.78834495512973,226.98967
Therapy C,East,115,121,6,1023.4289486516408,epidemiology_change,0,0.66,163.54142721553987,114.4789990508779,0.0,75.55613937357941,75.36795442539497,1.0024599889402457,0.0,0.0,984.2996109115338,971.6118918808304,974.9105,1000.3530083712672,1008.3086
Therapy C,North,115,121,6,1590.0182749523242,epidemiology_change,0,0.76,244.30262584049785,171.01183808834847,0.0,129.96899694714483,129.64528785932143,1.0024753014245427,0.0,0.0,1529.513887102008,1509.9016226647402,1487.3882,1554.4765695326275,1493.7693
Therapy C,South,115,121,6,1046.350161131619,epidemiology_change,0,0.7,164.40672577223586,115.08470804056508,0.0,80.55929562839555,80.35864949957939,1.0024622484596661,0.0,0.0,1006.4281472337882,993.4948892871524,1043.2698,1022.8495712612836,1025.1047
Therapy C,West,115,121,6,1195.171743474609,epidemiology_change,0,0.72,186.32762254186727,130.42933577930708,0.0,93.90912176110109,93.67522570236682,1.0024671132657692,0.0,0.0,1149.613259621461,1134.8493385644474,1160.5481,1168.3722093713993,1147.7949
Therapy D,East,115,121,6,186.49583641830287,epidemiology_change,0,0.5,163.54142721553987,49.06242816466196,1.1246755373782051,14.874834349126093,14.837786136307782,1.0023201358744547,0.0,0.0,159.6767264281446,94.15113314008072,189.5023,151.31980507028263,181.29079
Therapy D,North,115,121,6,321.07356665814274,epidemiology_change,0,0.65,244.30262584049785,73.29078775214934,1.2244725411997668,27.22258029286697,27.154777995074465,1.0023971018115283,0.0,0.0,276.3991781889464,166.109185940724,306.9662,262.32469707597556,297.0995
Therapy D,South,115,121,6,215.56601633963515,epidemiology_change,0,0.55,164.40672577223586,49.32201773167076,0.9914642225944056,17.713664178748623,17.669545394977092,1.002346758633456,0.0,0.0,185.40931446609608,111.25617681388526,206.42488,175.94800941745223,200.98071
Therapy D,West,115,121,6,248.0668627991442,epidemiology_change,0,0.6,186.32762254186727,55.89828676256018,1.078252907810606,20.881749106430167,20.829739687921315,1.0023683624523836,0.0,0.0,213.4899758783887,128.3526427126971,228.69368,202.62674816419977,230.23108
Therapy A,East,118,124,6,90.67170815156275,epidemiology_change,0,0.55,163.7454718134696,49.12364154404088,1.22,15.481315632604483,15.442756878752016,1.002326389737616,0.0,0.0,92.67204352205796,117.58579450412508,110.221,98.40760703135544,101.02919
Therapy A,North,118,124,6,156.73037597029125,epidemiology_change,0,0.74,244.6074332028373,73.38222996085119,1.33,29.02487341641547,28.952582212216683,1.0024029522356226,0.0,0.0,160.72220884750274,206.41098224021752,143.20787,171.12356177731363,149.32687
Therapy A,South,118,124,6,102.05225554451428,epidemiology_change,0,0.6,164.61184997121282,49.383554991363845,1.1,18.222531791813257,18.17714558985187,1.002350533757791,0.0,0.0,104.68930070410968,134.6307981782967,114.75637,111.4988497524999,111.08685
Therapy A,West,118,124,6,116.15076986566406,epidemiology_change,0,0.65,186.5600966340412,55.96802899021236,1.2,21.099946929310065,21.04739405336237,1.0023694730888433,0.0,0.0,119.20479080374206,153.55216354775246,117.88864,127.00725418917762,119.99148
Therapy B,East,118,124,6,248.93195537394365,epidemiology_change,0,0.72,163.7454718134696,49.12364154404088,0.9046755373782052,24.169900795128395,24.109701695935875,1.0023849305102122,0.0,0.0,249.93284842806577,271.1619350241993,214.84393,257.7675403346702,225.62204
Therapy B,North,118,124,6,314.98431518614086,epidemiology_change,0,0.68,244.6074332028373,73.38222996085119,1.194472541199767,29.038488402720837,28.966163288167262,1.0024029946198942,0.0,0.0,319.09328079084366,356.07151419543175,275.05594,330.92088985181726,299.76804
Therapy B,South,118,124,6,201.78551151739669,epidemiology_change,0,0.55,164.61184997121282,49.383554991363845,0.9914642225944056,17.735764863246448,17.691591034098042,1.002346758633456,0.0,0.0,204.21960538680963,227.4101655976676,177.67624,211.71236098240092,177.89705
Therapy B,West,118,124,6,232.4836159773116,epidemiology_change,0,0.6,186.5600966340412,55.96802899021236,1.078252907810606,20.907802493471213,20.855728184731984,1.0023683624523836,0.0,0.0,235.4950120466522,262.90731500237354,206.59457,244.25825655018502,207.04724
Therapy C,East,118,124,6,1038.5538322897323,epidemiology_change,0,0.66,163.7454718134696,114.62183026942871,0.0,75.65040797782295,75.46198823822976,1.0024599889402452,0.0,0.0,1005.4898718609472,972.9601534458444,1034.0815,1016.688216014514,1029.6617
Therapy C,North,118,124,6,1613.4842617476193,epidemiology_change,0,0.76,244.6074332028373,171.22520324198612,0.0,130.13115446390947,129.80704149621414,1.002475301424543,0.0,0.0,1562.2427278328817,1511.9941595297823,1493.2705,1579.6854596973803,1489.6453
Therapy C,South,118,124,6,1061.8037851554925,epidemiology_change,0,0.7,164.61184997121282,115.22829497984895,0.0,80.65980648589426,80.45891001831451,1.0024622484596664,0.0,0.0,1028.0372130548003,994.8690902234424,1059.481,1039.5007801628162,1043.3644
Therapy C,West,118,124,6,1212.8190007133908,epidemiology_change,0,0.72,186.5600966340412,130.59206764382884,0.0,94.02628870355676,93.79210082134952,1.0024671132657694,0.0,0.0,1174.2677247243191,1136.4207827474454,1188.5624,1187.3674150920508,1166.4312
Therapy D,East,118,124,6,197.1749635259515,epidemiology_change,0,0.5,163.7454718134696,49.12364154404088,1.1246755373782051,14.893393130504702,14.856298693999726,1.0023201358744545,0.0,0.0,174.0592685834941,113.13432884547063,198.8635,166.15116272302512,192.57141
Therapy D,North,118,124,6,338.9054214455876,epidemiology_change,0,0.65,244.6074332028373,73.38222996085119,1.2244725411997668,27.25654490076505,27.188658008550032,1.0023971018115285,0.0,0.0,300.3433531430651,198.4300871226729,336.73993,287.1247831411046,320.16147
Therapy D,South,118,124,6,227.60409587767668,epidemiology_change,0,0.55,164.61184997121282,49.383554991363845,0.9914642225944056,17.735764863246448,17.691591034098042,1.002346758633456,0.0,0.0,201.5721346353606,132.9446695086329,222.96066,192.6730838155854,215.97366
Therapy D,West,118,124,6,261.87046204388395,epidemiology_change,0,0.6,186.5600966340412,55.96802899021236,1.078252907810606,20.907802493471213,20.855728184731984,1.0023683624523836,0.0,0.0,232.02163374898367,153.2796408698611,257.54715,221.81250791495222,253.48242
Therapy A,East,121,127,6,90.09203300666364,epidemiology_change,0,0.55,163.94977099030723,49.18493129709217,1.22,15.500631098278596,15.462024236093217,1.0023263897376156,0.0,0.0,91.5047066774768,106.79512025205725,93.59462,96.15912535136644,95.60661
Therapy A,North,121,127,6,155.56425944162842,epidemiology_change,0,0.74,244.912620862064,73.47378625861917,1.33,29.06108667887164,28.988705279607625,1.0024029522356226,0.0,0.0,158.39600845411098,186.8208618159898,143.77048,166.84552348607525,150.80899
Therapy A,South,121,127,6,101.28143284378804,epidemiology_change,0,0.6,164.81723009607606,49.44516902882282,1.1,18.24526737163562,18.199824542986512,1.0023505337577903,0.0,0.0,103.15273525305868,121.80522144670432,98.48426,108.68312676353119,105.484985
Therapy A,West,121,127,6,115.2574450817607,epidemiology_change,0,0.65,186.79286077555287,56.03785823266586,1.2,21.126272553715033,21.073654109485194,1.0023694730888428,0.0,0.0,117.42544102284036,138.85639726428832,108.65442,123.76224998027755,116.159134
Therapy B,East,121,127,6,249.0704360919566,epidemiology_change,0,0.72,163.94977099030723,49.18493129709217,0.9046755373782052,24.200056687575405,24.139782480190433,1.002384930510212,0.0,0.0,249.1753582268255,263.2073377801251,214.96407,255.59374536329136,229.23055
Therapy B,North,121,127,6,314.1752992546028,epidemiology_change,0,0.68,244.912620862064,73.47378625861917,1.194472541199767,29.074718652092514,29.00230330016502,1.002402994619894,0.0,0.0,316.54696195751774,342.87449832633354,267.67,326.2811096545369,290.74786
Therapy B,South,121,127,6,201.34159271659263,epidemiology_change,0,0.55,164.81723009607606,49.44516902882282,0.9914642225944056,17.757893121951973,17.713664178748623,1.0023467586334551,0.0,0.0,202.6968062422411,219.0777401433572,176.70914,208.85060827042201,178.41072
Therapy B,West,121,127,6,231.89817980301405,epidemiology_change,0,0.6,186.79286077555287,56.03785823266586,1.078252907810606,20.93388838636092,20.881749106430167,1.0023683624523838,0.0,0.0,233.6258583385745,253.09564152172652,205.34387,240.8283103719507,214.99713
Therapy C,East,121,127,6,1051.2750786563288,epidemiology_change,0,0.66,163.94977099030723,114.76483969321504,0.0,75.74479419752193,75.55613937357941,1.0024599889402452,0.0,0.0,1023.4289486516408,974.280829657933,1062.4718,1031.1870777709503,1055.3818
Therapy C,North,121,127,6,1633.254460588812,epidemiology_change,0,0.76,244.912620862064,171.43883460344475,0.0,130.29351429861802,129.96899694714483,1.0024753014245429,0.0,0.0,1590.0182749523242,1514.044410889667,1489.4193,1602.1275088576604,1501.6289
Therapy C,South,121,127,6,1074.8109972354762,epidemiology_change,0,0.7,164.81723009607606,115.37206106725324,0.0,80.76044274707726,80.55929562839555,1.0024622484596661,0.0,0.0,1046.350161131619,996.2160382550306,1062.5154,1054.298279115402,1058.1438
Therapy C,West,121,127,6,1227.677559553234,epidemiology_change,0,0.72,186.79286077555287,130.755002542887,0.0,94.14360183087865,93.90912176110109,1.0024671132657694,0.0,0.0,1195.171743474609,1137.9607269109438,1238.5791,1204.2583737807963,1206.1389
Therapy D,East,121,127,6,144.41228376126716,limited_supply,1,0.5,163.94977099030723,49.18493129709217,1.1246755373782051,14.911975066989319,14.874834349126093,1.0023201358744542,0.0,0.0,186.49583641830287,130.32561554234314,206.81662,179.2961195478945,201.69458
Therapy D,North,121,127,6,354.1798732847252,epidemiology_change,0,0.65,244.912620862064,73.47378625861917,1.2244725411997668,27.290551885049826,27.22258029286697,1.002397101811528,0.0,0.0,321.07356665814274,227.3983534670528,345.72177,309.11306372323287,342.37653
Therapy D,South,121,127,6,237.91638357837945,epidemiology_change,0,0.55,164.81723009607606,49.44516902882282,0.9914642225944056,17.757893121951973,17.713664178748623,1.0023467586334551,0.0,0.0,215.56601633963515,152.41085005619402,238.2176,207.50111346387777,229.67549
Therapy D,West,121,127,6,273.69625589302865,epidemiology_change,0,0.6,186.79286077555287,56.03785823266586,1.078252907810606,20.93388838636092,20.881749106430167,1.0023683624523838,0.0,0.0,248.0668627991442,175.63310300156297,269.11426,238.82197991015846,262.72134
Therapy A,East,123,129,6,89.81391501976171,epidemiology_change,0,0.55,164.08611203109638,49.22583360932891,1.22,15.513521461980007,15.474882494231194,1.0023263897376158,0.0,0.0,90.91758230962505,101.27315899615336,87.393814,94.8487181445125,94.9482
Therapy A,North,123,129,6,155.000170591984,epidemiology_change,0,0.74,245.1162908118848,73.53488724356544,1.33,29.085253951447434,29.01281235963023,1.002402952235623,0.0,0.0,157.222853344152,176.773982325714,139.63736,164.36525581463212,150.56827
Therapy A,South,123,129,6,100.9083020690649,epidemiology_change,0,0.6,164.95429251803338,49.48628775541001,1.1,18.260440181746294,18.21495956272689,1.0023505337577907,0.0,0.0,102.37767618374858,115.22656005591824,97.546074,107.05248616332855,104.878075
Therapy A,West,123,129,6,114.82466777383,epidemiology_change,0,0.65,186.9481981871045,56.08445945613136,1.2,21.14384121496153,21.091179013101474,1.0023694730888435,0.0,0.0,116.52775468533144,131.317220119445,109.068794,121.8843763694968,115.9404
Therapy B,East,123,129,6,249.3195441437128,epidemiology_change,0,0.72,164.08611203109638,49.22583360932891,0.9046755373782052,24.220181515417554,24.159857183850534,1.002384930510212,0.0,0.0,248.9645613846974,258.37748168157,218.78465,254.41377171617955,225.12312
Therapy B,North,123,129,6,313.95788677350026,epidemiology_change,0,0.68,245.1162908118848,73.53488724356544,1.194472541199767,29.098897261051434,29.026421688335628,1.0024029946198945,0.0,0.0,315.4108433595658,334.9238574345916,284.18094,323.7288681888234,292.3749
Therapy B,South,123,129,6,201.2446455546797,epidemiology_change,0,0.55,164.95429251803338,49.48628775541001,0.9914642225944056,17.772660630414133,17.728394906310672,1.0023467586334553,0.0,0.0,202.0306903888629,214.064890102772,181.35486,207.28156215771287,179.62595
Therapy B,West,123,129,6,231.74562353850305,epidemiology_change,0,0.6,186.9481981871045,56.08445945613136,1.078252907810606,20.951297060451285,20.89911442136456,1.0023683624523838,0.0,0.0,232.79464114156548,247.19593375426297,209.5152,238.9444926072228,212.67775
Therapy C,East,123,129,6,1058.6062806451764,epidemiology_change,0,0.66,164.08611203109638,114.86027842176746,0.0,75.80778375836653,75.61897204859919,1.0024599889402455,0.0,0.0,1033.798843367699,975.1490818716348,1071.2748,1039.33293982312,1053.202
Therapy C,North,123,129,6,1644.661658244136,epidemiology_change,0,0.76,245.1162908118848,171.58140356831936,0.0,130.4018667119227,130.07707949100603,1.002475301424543,0.0,0.0,1606.102309946598,1515.3925483296089,1509.398,1614.7544539912185,1515.1375
Therapy C,South,123,129,6,1082.3108882537504,epidemiology_change,0,0.7,164.95429251803338,115.46800476262337,0.0,80.82760333383635,80.6262889407062,1.0024622484596661,0.0,0.0,1056.94412267305,997.1019567986236,1085.6841,1062.6176627198515,1058.0903
Therapy C,West,123,129,6,1236.2469689228965,epidemiology_change,0,0.72,186.9481981871045,130.86373873097318,0.0,94.22189188630068,93.98721682230894,1.0024671132657694,0.0,0.0,1207.268815422579,1138.9734300637654,1240.0316,1213.7572199633819,1205.8839
Therapy D,East,123,129,6,148.1396148371914,limited_supply,1,0.5,164.08611203109638,49.22583360932891,1.1246755373782051,14.924375902858586,14.887204298681226,1.0023201358744545,0.0,0.0,193.79785034524667,140.6550871155444,213.83691,187.05228666861785,213.30867
Therapy D,North,123,129,6,363.1073729711404,epidemiology_change,0,0.65,245.1162908118848,73.53488724356544,1.2244725411997668,27.313246776450065,27.245218658920646,1.0023971018115285,0.0,0.0,333.262530242401,244.6966720204482,351.01764,322.08361828555866,359.28906
Therapy D,South,123,129,6,243.94395393379747,epidemiology_change,0,0.55,164.95429251803338,49.48628775541001,0.9914642225944056,17.772660630414133,17.728394906310672,1.0023467586334553,0.0,0.0,223.7945587073233,164.0475594396964,237.46275,216.2509419879019,238.09444
Therapy D,West,123,129,6,280.6091299779264,epidemiology_change,0,0.6,186.9481981871045,56.08445945613136,1.078252907810606,20.951297060451285,20.89911442136456,1.0023683624523838,0.0,0.0,257.502091121925,188.9881450534776,275.90115,248.85749097385343,270.6095
Therapy A,East,124,130,6,89.70134582153754,epidemiology_change,0,0.55,164.15432506368157,49.24629751910447,1.22,15.519970663145775,15.481315632604483,1.0023263897376158,0.0,0.0,90.67170815156275,98.9232161361674,80.64456,94.25179096865115,95.171036
Therapy A,North,124,130,6,154.77024413711126,epidemiology_change,0,0.74,245.21818929266013,73.56545678779804,1.33,29.09734512327776,29.02487341641547,1.0024029522356226,0.0,0.0,156.73037597029125,172.49350841705774,140.87643,163.23845674334555,151.97287
Therapy A,South,124,130,6,100.75611961926784,epidemiology_change,0,0.6,165.02286646613487,49.50685993984046,1.1,18.268031317801128,18.222531791813257,1.0023505337577903,0.0,0.0,102.05225554451428,112.42349560518966,96.69203,106.31191704350385,106.25872
Therapy A,West,124,130,6,114.64803430785186,epidemiology_change,0,0.65,187.02591532828623,56.10777459848587,1.2,21.152631023629176,21.099946929310065,1.0023694730888428,0.0,0.0,116.15076986566406,128.1046187631234,105.93699,121.0318706433581,115.33229
Therapy B,East,124,130,6,249.48055570505497,epidemiology_change,0,0.72,164.15432506368157,49.24629751910447,0.9046755373782052,24.230250204415547,24.169900795128395,1.002384930510212,0.0,0.0,248.93195537394365,256.13269362917777,213.90515,253.91902574094138,229.25426
Therapy B,North,124,130,6,313.92713435381074,epidemiology_change,0,0.68,245.21818929266013,73.56545678779804,1.194472541199767,29.110994104608093,29.038488402720837,1.0024029946198942,0.0,0.0,314.98431518614086,331.2395043641224,285.99707,322.62760614073557,300.0253
Therapy B,South,124,130,6,201.24419710372183,epidemiology_change,0,0.55,165.02286646613487,49.50685993984046,0.9914642225944056,17.78004898926853,17.735764863246448,1.0023467586334553,0.0,0.0,201.78551151739669,211.7439505296146,179.6224,206.60650861341097,185.11569
Therapy B,West,124,130,6,231.72687696667816,epidemiology_change,0,0.6,187.02591532828623,56.10777459848587,1.078252907810606,20.96000682565564,20.907802493471213,1.0023683624523836,0.0,0.0,232.4836159773116,244.46474406059792,206.61913,238.13231517515385,217.64267
Therapy C,East,124,130,6,1061.965261610521,epidemiology_change,0,0.66,164.15432506368157,114.9080275445771,0.0,75.83929817942088,75.65040797782295,1.0024599889402452,0.0,0.0,1038.5538322897323,975.5801356918856,1064.404,1043.0876242888705,1047.2025
Therapy C,North,124,130,6,1649.891471246044,epidemiology_change,0,0.76,245.21818929266013,171.6527325048621,0.0,130.45607670369517,130.13115446390947,1.0024753014245424,0.0,0.0,1613.4842617476193,1516.061908765154,1514.0498,1620.5802154217902,1512.3652
Therapy C,South,124,130,6,1085.7480970555712,epidemiology_change,0,0.7,165.02286646613487,115.5160065262944,0.0,80.86120456840608,80.65980648589426,1.002462248459666,0.0,0.0,1061.8037851554925,997.541883179174,1080.9077,1066.4539250904277,1057.4784
Therapy C,West,124,130,6,1240.17483121751,epidemiology_change,0,0.72,187.02591532828623,130.91814072980034,0.0,94.26106132545624,94.02628870355676,1.002467113265769,0.0,0.0,1212.8190007133908,1139.4762750704638,1239.3352,1218.1381911186998,1231.9736
Therapy D,East,124,130,6,149.85864176076782,limited_supply,1,0.5,164.15432506368157,49.24629751910447,1.1246755373782051,14.930580187469722,14.893393130504702,1.0023201358744545,0.0,0.0,197.1749635259515,145.4726686265165,214.7044,190.65819059754656,215.085
Therapy D,North,124,130,6,367.2298221906391,epidemiology_change,0,0.65,245.21818929266013,73.56545678779804,1.2244725411997668,27.32460129859278,27.25654490076505,1.0023971018115283,0.0,0.0,338.9054214455876,252.74192902282,354.10114,328.1148871801237,353.47165
Therapy D,South,124,130,6,246.72738455593745,epidemiology_change,0,0.55,165.02286646613487,49.50685993984046,0.9914642225944056,17.78004898926853,17.735764863246448,1.0023467586334553,0.0,0.0,227.60409587767668,169.4629473807546,251.35,220.32005875302045,248.8245
Therapy D,West,124,130,6,283.80157949941656,epidemiology_change,0,0.6,187.02591532828623,56.10777459848587,1.078252907810606,20.96000682565564,20.907802493471213,1.0023683624523836,0.0,0.0,261.87046204388395,195.201418919716,276.45386,253.52435818339265,277.50076
Therapy A,East,125,131,6,89.60416055158858,epidemiology_change,0,0.55,164.22256645343705,49.2667699360311,1.22,15.526422545340203,15.48775144532889,1.002326389737616,0.0,0.0,90.45384194173572,96.81303400570042,87.49756,93.69060605434004,93.315506
Therapy A,North,125,131,6,154.57057061340006,epidemiology_change,0,0.74,245.3201301341467,73.59603904024401,1.33,29.10944132158771,29.036939487161053,1.0024029522356228,0.0,0.0,156.2931202074777,168.6471062705968,146.71518,162.18112199955425,155.83905
Therapy A,South,125,131,6,100.62389389320693,epidemiology_change,0,0.6,165.0914689214446,49.52744067643338,1.1,18.275625609603917,18.230107168787658,1.0023505337577907,0.0,0.0,101.76327792243252,109.90455949510796,94.35349,105.61715485250261,103.39929
Therapy A,West,125,131,6,114.49447340981176,epidemiology_change,0,0.65,187.1036647776372,56.13109943329116,1.2,21.16142448635077,21.108718490471563,1.002369473088843,0.0,0.0,115.8159412522188,125.21750623776616,103.43375,120.23231460288866,113.41061
Therapy B,East,125,131,6,249.66179451794403,epidemiology_change,0,0.72,164.22256645343705,49.2667699360311,0.9046755373782052,24.240323079117026,24.179948581684556,1.0023849305102124,0.0,0.0,248.94159556617808,254.0070372225998,218.918,253.48291448230648,234.67413
Therapy B,North,125,131,6,313.9411114496812,epidemiology_change,0,0.68,245.3201301341467,73.59603904024401,1.194472541199767,29.1230959770022,29.05056013341834,1.0024029946198942,0.0,0.0,314.6412103914133,327.7553760823472,284.00354,321.63406481686053,301.62427
Therapy B,South,125,131,6,201.27122978415184,epidemiology_change,0,0.55,165.0914689214446,49.52744067643338,0.9914642225944056,17.78744041957338,17.74313788398272,1.0023467586334556,0.0,0.0,201.592067379121,209.55045925721947,182.17474,205.99887864170083,186.20789
Therapy B,West,125,131,6,231.74112450071607,epidemiology_change,0,0.6,187.1036647776372,56.13109943329116,1.078252907810606,20.968720211638683,20.916494177338407,1.0023683624523836,0.0,0.0,232.23422732500825,241.8835934768318,209.4305,237.40006075535828,217.52907
Therapy C,East,125,131,6,1065.135581119784,epidemiology_change,0,0.66,164.22256645343705,114.95579651740591,0.0,75.8708257014879,75.68185697542914,1.0024599889402455,0.0,0.0,1043.0420701259486,976.0093680644424,1056.167,1046.6442086419506,1050.7578
Therapy C,North,125,131,6,1654.829429860361,epidemiology_change,0,0.76,245.3201301341467,171.72409109390267,0.0,130.51030923136602,130.18525191658182,1.0024753014245427,0.0,0.0,1620.4560036364765,1516.7284781252297,1516.5029,1626.1018185199625,1534.363
Therapy C,South,125,131,6,1088.9927855238964,epidemiology_change,0,0.7,165.0914689214446,115.56402824501122,0.0,80.89481977150784,80.69333796482341,1.002462248459666,0.0,0.0,1066.3919329715636,997.980012017375,1079.0099,1070.0886989256135,1066.6906
Therapy C,West,125,131,6,1243.882971406329,epidemiology_change,0,0.72,187.1036647776372,130.97256534434604,0.0,94.30024704792915,94.06537682756557,1.0024671132657694,0.0,0.0,1218.0596739742862,1139.977041559784,1212.1852,1222.2895405181596,1209.9283
Therapy D,East,125,131,6,216.4108707445539,epidemiology_change,0,0.5,164.22256645343705,49.2667699360311,1.1246755373782051,14.93678705129407,14.899584535117436,1.0023201358744547,0.0,0.0,140.26586200298772,150.0611649805596,138.19037,142.57642392009546,146.38521
Therapy D,North,125,131,6,371.13959836761046,epidemiology_change,0,0.65,245.3201301341467,73.59603904024401,1.2244725411997668,27.335960540978906,27.26787585109632,1.0023971018115283,0.0,0.0,344.2642402410255,260.39307911693885,379.6447,333.85496957633984,368.351
Therapy D,South,125,131,6,249.36726732314852,epidemiology_change,0,0.55,165.0914689214446,49.52744067643338,0.9914642225944056,17.78744041957338,17.74313788398272,1.0023467586334556,0.0,0.0,231.2219352065632,174.61503624999486,251.71185,224.1930450199086,250.39676
Therapy D,West,125,131,6,286.8295195093929,epidemiology_change,0,0.6,187.1036647776372,56.13109943329116,1.078252907810606,20.968720211638683,20.916494177338407,1.0023683624523836,0.0,0.0,266.0191433473083,201.1116136724371,277.4888,257.96620141276026,272.20587
Therapy A,East,127,133,6,89.45001106407375,epidemiology_change,0,0.55,164.35913435161757,49.30774030548527,1.22,15.539334357273683,15.500631098278596,1.0023263897376162,0.0,0.0,90.09203300666364,94.27154957581944,95.59671,92.6666562927854,92.97984
Therapy A,North,127,133,6,154.25028677103165,epidemiology_change,0,0.74,245.5241389697003,73.65724169091008,1.33,29.133648806005663,29.06108667887164,1.0024029522356228,0.0,0.0,155.56425944162842,163.9045489467788,147.98735,160.25758038735512,154.44283
Therapy A,South,127,133,6,100.41159401512392,epidemiology_change,0,0.6,165.228759401097,49.5686278203291,1.1,18.290823665701435,18.24526737163562,1.0023505337577905,0.0,0.0,101.28143284378804,106.7913144412068,104.089096,104.35364246038918,104.63224
Therapy A,West,127,133,6,114.24764038519704,epidemiology_change,0,0.65,187.2592606545766,56.17777819637298,1.2,21.179022380032617,21.126272553715033,1.002369473088843,0.0,0.0,115.2574450817607,121.63891348267286,116.88809,118.7788261951153,116.14958
Therapy B,East,127,133,6,250.0742149938745,epidemiology_change,0,0.72,164.35913435161757,49.30774030548527,0.9046755373782052,24.26048139259138,24.200056687575405,1.0023849305102124,0.0,0.0,249.0704360919566,251.35395576977527,234.13107,252.7721201643998,241.30568
Therapy B,North,127,133,6,314.0840206760808,epidemiology_change,0,0.68,245.5241389697003,73.65724169091008,1.194472541199767,29.14731481666584,29.074718652092514,1.0024029946198942,0.0,0.0,314.1752992546028,322.8843227850486,309.74945,319.94401458861546,308.95786
Therapy B,South,127,133,6,201.3956965398924,epidemiology_change,0,0.55,165.228759401097,49.5686278203291,0.9914642225944056,17.802232499642358,17.757893121951973,1.0023467586334558,0.0,0.0,201.34159271659263,206.5171201047092,192.86302,204.96946783864396,186.93298
Therapy B,West,127,133,6,231.85436131663528,epidemiology_change,0,0.6,187.2592606545766,56.17777819637298,1.078252907810606,20.986157851962314,20.93388838636092,1.0023683624523836,0.0,0.0,231.89817980301405,238.283786187649,222.88922,236.15592398453728,222.76605
Therapy C,East,127,133,6,1070.9542753643966,epidemiology_change,0,0.66,164.35913435161757,115.05139404613227,0.0,75.9339200704473,75.74479419752193,1.002459988940246,0.0,0.0,1051.2750786563288,984.2996109115338,1072.9865,1053.203587413568,1058.3792
Therapy C,North,127,133,6,1663.897073380287,epidemiology_change,0,0.76,245.5241389697003,171.8668972787902,0.0,130.61884193188055,130.29351429861802,1.0024753014245429,0.0,0.0,1633.254460588812,1529.513887102008,1532.6713,1636.2933409217305,1543.7488
Therapy C,South,127,133,6,1094.9493044973062,epidemiology_change,0,0.7,165.228759401097,115.66013158076788,0.0,80.96209210653751,80.76044274707726,1.0024622484596661,0.0,0.0,1074.8109972354762,1006.4281472337882,1073.6115,1076.7945844088865,1067.6313
Therapy C,West,127,133,6,1250.6909793799773,epidemiology_change,0,0.72,187.2592606545766,131.0814824582036,0.0,94.37866736990658,94.14360183087865,1.002467113265769,0.0,0.0,1227.677559553234,1149.613259621461,1216.1915,1229.9496645844945,1230.9987
Therapy D,East,127,133,6,220.70491596297825,epidemiology_change,0,0.5,164.35913435161757,49.30774030548527,1.1246755373782051,14.949208520871723,14.911975066989319,1.0023201358744547,0.0,0.0,144.41228376126716,159.6767264281446,153.30077,146.64610213813722,145.65857
Therapy D,North,127,133,6,378.36330289009305,epidemiology_change,0,0.65,245.5241389697003,73.65724169091008,1.2244725411997668,27.358693194331302,27.290551885049826,1.0023971018115285,0.0,0.0,354.1798732847252,276.3991781889464,382.1864,344.4992610041923,374.84644
Therapy D,South,127,133,6,254.244830713348,epidemiology_change,0,0.55,165.228759401097,49.5686278203291,0.9914642225944056,17.802232499642358,17.757893121951973,1.0023467586334558,0.0,0.0,237.91638357837945,185.40931446609608,256.9489,231.3759885462397,249.7908
Therapy D,West,127,133,6,292.4244536551538,epidemiology_change,0,0.6,187.2592606545766,56.17777819637298,1.078252907810606,20.986157851962314,20.93388838636092,1.0023683624523836,0.0,0.0,273.69625589302865,213.4899758783887,289.21967,266.2039868165026,282.0441
Therapy A,East,130,136,6,89.30051631738883,epidemiology_change,0,0.55,164.56419917253692,49.36925975176107,1.22,15.5587222107675,15.519970663145775,1.0023263897376158,0.0,0.0,89.70134582153754,92.67204352205796,101.59785,91.41789769698184,94.24629
Therapy A,North,130,136,6,153.93043176371302,epidemiology_change,0,0.74,245.8304703688515,73.74914111065544,1.33,29.169997783497546,29.09734512327776,1.0024029522356228,0.0,0.0,154.77024413711126,160.72220884750274,148.9446,157.91636044695176,150.63898
Therapy A,South,130,136,6,100.19905061831123,epidemiology_change,0,0.6,165.43490922106884,49.63047276632065,1.1,18.31364445077232,18.268031317801128,1.002350533757791,0.0,0.0,100.75611961926784,104.68930070410968,107.86621,102.81616044897147,106.30174
Therapy A,West,130,136,6,113.99980811933398,epidemiology_change,0,0.65,187.49289711721133,56.2478691351634,1.2,21.205446663956604,21.152631023629176,1.0023694730888428,0.0,0.0,114.64803430785186,119.20479080374206,115.983955,117.01074475364236,116.52804
Therapy B,East,130,136,6,250.7833828192024,epidemiology_change,0,0.72,164.56419917253692,49.36925975176107,0.9046755373782052,24.29075029910403,24.230250204415547,1.0023849305102122,0.0,0.0,249.48055570505497,249.93284842806577,244.23088,252.05714627404612,253.0221
Therapy B,North,130,136,6,314.5235621262315,epidemiology_change,0,0.68,245.8304703688515,73.74914111065544,1.194472541199767,29.18368084473444,29.110994104608093,1.0024029946198945,0.0,0.0,313.92713435381074,319.09328079084366,309.17712,318.0577435268318,306.14655
Therapy B,South,130,136,6,201.71948847830612,epidemiology_change,0,0.55,165.43490922106884,49.63047276632065,0.9914642225944056,17.824443687562674,17.78004898926853,1.0023467586334558,0.0,0.0,201.24419710372183,204.21960538680963,199.30342,203.83097638326583,197.65198
Therapy B,West,130,136,6,232.1900140096984,epidemiology_change,0,0.6,187.49289711721133,56.2478691351634,1.078252907810606,21.01234150593856,20.96000682565564,1.0023683624523834,0.0,0.0,231.72687696667816,235.4950120466522,226.92216,234.77096722363302,229.55562
Therapy C,East,130,136,6,1078.5289134371544,epidemiology_change,0,0.66,164.56419917253692,115.19493942077584,0.0,76.02866001771206,75.83929817942088,1.0024599889402457,0.0,0.0,1061.965261610521,1005.4898718609472,1076.6353,1061.8015868829343,1069.9866
Therapy C,North,130,136,6,1675.7098934442763,epidemiology_change,0,0.76,245.8304703688515,172.08132925819604,0.0,130.78181023622898,130.45607670369517,1.002475301424543,0.0,0.0,1649.891471246044,1562.2427278328817,1551.2181,1649.6677906371199,1552.7992
Therapy C,South,130,136,6,1102.7058540371945,epidemiology_change,0,0.7,165.43490922106884,115.80443645474816,0.0,81.06310551832371,80.86120456840608,1.0024622484596661,0.0,0.0,1085.7480970555712,1028.0372130548003,1099.496,1085.5890346271713,1090.9042
Therapy C,West,130,136,6,1259.5576352482517,epidemiology_change,0,0.72,187.49289711721133,131.24502798204793,0.0,94.4964201470745,94.26106132545624,1.0024671132657692,0.0,0.0,1240.17483121751,1174.2677247243191,1242.9584,1239.9978377936602,1238.9692
Therapy D,East,130,136,6,226.335757650053,epidemiology_change,0,0.5,164.56419917253692,49.36925975176107,1.1246755373782051,14.967860096157223,14.930580187469722,1.0023201358744545,0.0,0.0,149.85864176076782,174.0592685834941,191.8162,151.8559990249512,170.45854
Therapy D,North,130,136,6,387.8564795103084,epidemiology_change,0,0.65,245.8304703688515,73.74914111065544,1.2244725411997668,27.392827625268872,27.32460129859278,1.0023971018115283,0.0,0.0,367.2298221906391,300.3433531430651,399.4048,358.5268586427562,381.73392
Therapy D,South,130,136,6,260.6549813613519,epidemiology_change,0,0.55,165.43490922106884,49.63047276632065,0.9914642225944056,17.824443687562674,17.78004898926853,1.0023467586334558,0.0,0.0,246.72738455593745,201.5721346353606,266.13553,240.84429318981185,258.30658
Therapy D,West,130,136,6,299.77825352984263,epidemiology_change,0,0.6,187.49289711721133,56.2478691351634,1.078252907810606,21.01234150593856,20.96000682565564,1.0023683624523834,0.0,0.0,283.80157949941656,232.02163374898367,308.3305,277.0625401409557,288.52026
Therapy A,East,133,139,6,89.22493774015798,epidemiology_change,0,0.55,164.76951984525877,49.43085595357763,1.22,15.578134253769989,15.539334357273683,1.0023263897376156,0.0,0.0,89.45001106407375,91.5047066774768,87.23758,90.55426129063797,92.52056
Therapy A,North,133,139,6,153.75570545520586,epidemiology_change,0,0.74,246.1371839663743,73.84115518991229,1.33,29.206392112266002,29.133648806005663,1.0024029522356228,0.0,0.0,154.25028677103165,158.39600845411098,150.16696,156.29002094778843,153.04008
Therapy A,South,133,139,6,100.08221915591388,epidemiology_change,0,0.6,165.6413162465564,49.692394873966926,1.1,18.336493708493794,18.290823665701435,1.0023505337577905,0.0,0.0,100.41159401512392,103.15273525305868,101.60147,101.74773671911471,103.83019
Therapy A,West,133,139,6,113.86259499982268,epidemiology_change,0,0.65,187.72682507943065,56.31804752382919,1.2,21.23190391648361,21.179022380032617,1.002369473088843,0.0,0.0,114.24764038519704,117.42544102284036,112.872,115.78153690845062,114.05809
Therapy B,East,133,139,6,251.55710484425973,epidemiology_change,0,0.72,164.76951984525877,49.43085595357763,0.9046755373782052,24.32105697101328,24.26048139259138,1.0023849305102122,0.0,0.0,250.0742149938745,249.1753582268255,247.25768,251.69099708225448,253.06036
Therapy B,North,133,139,6,315.1518839427736,epidemiology_change,0,0.68,246.1371839663743,73.84115518991229,1.194472541199767,29.220092245352983,29.14731481666584,1.0024029946198945,0.0,0.0,314.0840206760808,316.54696195751774,313.23666,316.81965252924243,318.15137
Therapy B,South,133,139,6,202.156936661782,epidemiology_change,0,0.55,165.6413162465564,49.692394873966926,0.9914642225944056,17.846682587561734,17.802232499642358,1.0023467586334558,0.0,0.0,201.3956965398924,202.6968062422411,200.29997,203.09707041365573,201.30583
Therapy B,West,133,139,6,232.6643480152062,epidemiology_change,0,0.6,187.72682507943065,56.31804752382919,1.078252907810606,21.038557828292724,20.986157851962314,1.0023683624523838,0.0,0.0,231.85436131663528,233.6258583385745,229.86905,233.86633529500455,236.79486
Therapy C,East,133,139,6,1084.9349803590262,epidemiology_change,0,0.66,164.76951984525877,115.33866389168114,0.0,76.12351816850955,75.9339200704473,1.0024599889402455,0.0,0.0,1070.9542753643966,1023.4289486516408,1083.8606,1069.1208512895278,1072.3378
Therapy C,North,133,139,6,1685.7074917239947,epidemiology_change,0,0.76,246.1371839663743,172.296028776462,0.0,130.94498187011112,130.61884193188055,1.002475301424543,0.0,0.0,1663.897073380287,1590.0182749523242,1561.8042,1661.0663280765825,1558.8828
Therapy C,South,133,139,6,1109.2678157795008,epidemiology_change,0,0.7,165.6413162465564,115.94892137258948,0.0,81.16424496081264,80.96209210653751,1.0024622484596661,0.0,0.0,1094.9493044973062,1046.350161131619,1098.7279,1093.0793056332705,1091.6897
Therapy C,West,133,139,6,1267.0597995733772,epidemiology_change,0,0.72,187.72682507943065,131.40877755560146,0.0,94.61431984003305,94.37866736990658,1.0024671132657696,0.0,0.0,1250.6909793799773,1195.171743474609,1250.5413,1248.5578563462777,1245.6692
Therapy D,East,133,139,6,231.12485768244937,epidemiology_change,0,0.5,164.76951984525877,49.43085595357763,1.1246755373782051,14.986534942324264,14.949208520871723,1.0023201358744545,0.0,0.0,220.70491596297825,186.49583641830287,260.07516,213.6420156395365,244.22316
Therapy D,North,133,139,6,395.9521185316641,epidemiology_change,0,0.65,246.1371839663743,73.84115518991229,1.2244725411997668,27.427004644475083,27.358693194331302,1.0023971018115285,0.0,0.0,378.36330289009305,321.07356665814274,380.31958,370.48531654458554,398.88922
Therapy D,South,133,139,6,266.12159773852625,epidemiology_change,0,0.55,165.6413162465564,49.692394873966926,0.9914642225944056,17.846682587561734,17.802232499642358,1.0023467586334558,0.0,0.0,254.244830713348,215.56601633963515,271.4459,248.91821341611958,264.0529
Therapy D,West,133,139,6,306.0505645362454,epidemiology_change,0,0.6,187.72682507943065,56.31804752382919,1.078252907810606,21.038557828292724,20.986157851962314,1.0023683624523838,0.0,0.0,292.4244536551538,248.0668627991442,302.1377,286.3220509453075,298.70535
Therapy A,East,136,142,6,89.2027244051753,epidemiology_change,0,0.55,164.975096689,49.4925290067,1.22,15.597570516461506,15.5587222107675,1.0023263897376165,0.0,0.0,89.30051631738883,90.67170815156275,87.04055,89.9702237409947,92.74353
Therapy A,North,136,142,6,153.68569276793303,epidemiology_change,0,0.74,246.44428023912343,73.93328407173702,1.33,29.24283184889414,29.169997783497546,1.0024029522356226,0.0,0.0,153.93043176371302,156.73037597029125,150.99289,155.183610266003,157.29498
Therapy A,South,136,142,6,100.03443944177135,epidemiology_change,0,0.6,165.84798079846558,49.75439423953967,1.1,18.359371474390137,18.31364445077232,1.0023505337577907,0.0,0.0,100.19905061831123,102.05225554451428,100.296326,101.02048924377533,105.82854
Therapy A,West,136,142,6,113.80517862048916,epidemiology_change,0,0.65,187.9610449049277,56.3883134714783,1.2,21.25839417874732,21.205446663956604,1.0023694730888433,0.0,0.0,113.99980811933398,116.15076986566406,114.447075,114.9443218068956,117.218414
Therapy B,East,136,142,6,252.3583569952616,epidemiology_change,0,0.72,164.975096689,49.4925290067,0.9046755373782052,24.35140145543763,24.29075029910403,1.0023849305102126,0.0,0.0,250.7833828192024,248.93195537394365,248.51996,251.59989688872992,254.85466
Therapy B,North,136,142,6,315.89856041965106,epidemiology_change,0,0.68,246.44428023912343,73.93328407173702,1.194472541199767,29.256549075131126,29.18368084473444,1.002402994619894,0.0,0.0,314.5235621262315,314.98431518614086,319.21326,316.0982982497997,322.01337
Therapy B,South,136,142,6,202.6641746785681,epidemiology_change,0,0.55,165.84798079846558,49.75439423953967,0.9914642225944056,17.868949234214874,17.824443687562674,1.0023467586334558,0.0,0.0,201.71948847830612,201.78551151739669,204.41116,202.6849041398372,205.24689
Therapy B,West,136,142,6,233.2252573268776,epidemiology_change,0,0.6,187.9610449049277,56.3883134714783,1.078252907810606,21.064806859783918,21.01234150593856,1.002368362452384,0.0,0.0,232.1900140096984,232.4836159773116,234.33005,233.34406463431196,240.97142
Therapy C,East,136,142,6,1090.3807741490614,epidemiology_change,0,0.66,164.975096689,115.4825676823,0.0,76.21849467031801,76.02866001771206,1.0024599889402457,0.0,0.0,1078.5289134371544,1038.5538322897323,1086.3501,1075.371515610718,1071.6742
Therapy C,North,136,142,6,1694.2109291175475,epidemiology_change,0,0.76,246.44428023912343,172.5109961673864,0.0,131.10835708721365,130.78181023622898,1.0024753014245427,0.0,0.0,1675.7098934442763,1613.4842617476193,1578.3145,1670.8095972798455,1574.999
Therapy C,South,136,142,6,1114.8474169521676,epidemiology_change,0,0.7,165.84798079846558,116.0935865589259,0.0,81.26551059124813,81.06310551832371,1.0024622484596664,0.0,0.0,1102.7058540371945,1061.8037851554925,1099.1013,1099.4785606050323,1097.0642
Therapy C,West,136,142,6,1273.4395108121887,epidemiology_change,0,0.72,187.9610449049277,131.57273143344935,0.0,94.73236663208353,94.4964201470745,1.0024671132657694,0.0,0.0,1259.5576352482517,1212.8190007133908,1255.7189,1255.8723492988472,1275.8618
Therapy D,East,136,142,6,235.200988311192,epidemiology_change,0,0.5,164.975096689,49.4925290067,1.1246755373782051,15.005233088407074,14.967860096157223,1.002320135874455,0.0,0.0,226.335757650053,197.1749635259515,262.98416,219.72926657028455,265.83813
Therapy D,North,136,142,6,402.8609295669854,epidemiology_change,0,0.65,246.44428023912343,73.93328407173702,1.2244725411997668,27.461224305085736,27.392827625268872,1.002397101811528,0.0,0.0,387.8564795103084,338.9054214455876,394.36063,380.6588518056523,406.3447
Therapy D,South,136,142,6,270.78684302588545,epidemiology_change,0,0.55,165.84798079846558,49.75439423953967,0.9914642225944056,17.868949234214874,17.824443687562674,1.0023467586334558,0.0,0.0,260.6549813613519,227.60409587767668,270.7288,255.7886787724375,267.9366
Therapy D,West,136,142,6,311.4042299456148,epidemiology_change,0,0.6,187.9610449049277,56.3883134714783,1.078252907810606,21.064806859783918,21.01234150593856,1.002368362452384,0.0,0.0,299.77825352984263,261.87046204388395,301.38928,294.2017379160163,307.09766
Therapy A,East,37,49,12,188.15815137648087,b_launch_growth,0,0.55,141.71420679432185,42.51426203829654,0.5,19.290846399877058,19.194872039678668,1.0046385489593888,0.0,0.0,201.9426610583358,200.58561902943484,158.4368,202.53672604945493,186.80139
Therapy A,North,37,49,12,295.57414604018,b_launch_growth,0,0.74,211.6965311371968,63.50895934115904,0.68,35.811431993292764,35.63326566496793,1.0047985768495298,0.0,0.0,321.63475275516925,327.2499629812145,240.24779,323.1321402943328,256.68362
Therapy A,South,37,49,12,192.1039780117863,b_launch_growth,0,0.6,142.46401741228118,42.73920522368435,0.55,20.707144930875067,20.604124309328423,1.0046615977878433,0.0,0.0,207.4494884998248,208.5438385461053,166.78438,208.23080949147405,189.76138
Therapy A,West,37,49,12,220.3699033129534,b_launch_growth,0,0.65,161.45921973391867,48.4377659201756,0.6,24.87279280001017,24.749047562199177,1.0047150427566205,0.0,0.0,238.80987304452412,241.31306076143744,186.76208,239.80200053482997,216.47708
Therapy B,East,37,49,12,203.65180547657053,b_launch_growth,0,0.5,141.71420679432185,42.51426203829654,0.4046755373782051,18.246346697745814,18.155568853478425,1.0046194328050997,0.0,0.0,127.67139152876868,35.41001415475134,185.12074,120.6365314601482,170.07144
Therapy B,North,37,49,12,335.0830992142808,b_launch_growth,0,0.68,211.6965311371968,63.50895934115904,0.5444725411997668,34.95631784540697,34.78240581632535,1.00479385271258,0.0,0.0,214.9170657038136,62.713954167186245,323.10773,203.44052044543326,273.35785
Therapy B,South,37,49,12,211.7457617302677,b_launch_growth,0,0.55,142.46401741228118,42.73920522368435,0.4414642225944055,19.874505596413908,19.775627459118315,1.004648417378607,0.0,0.0,133.80660139808657,37.7709571855217,191.08444,126.5117667462126,172.16335
Therapy B,West,37,49,12,246.82045667750387,b_launch_growth,0,0.6,161.45921973391867,48.4377659201756,0.478252907810606,24.197904048278932,24.077516465949188,1.0047075600278632,0.0,0.0,156.92007395933092,44.88927426807784,245.93326,148.43563184361324,212.7916
Therapy C,East,37,49,12,906.0757105770144,b_launch_growth,0,0.66,141.71420679432185,99.19994475602527,0.0,65.47196353897668,65.14623237709124,1.0048877788286146,0.0,0.0,837.4464037698295,692.7236680785543,804.0502,828.6077519267261,820.8613
Therapy C,North,37,49,12,1408.9802826036985,b_launch_growth,0,0.76,211.6965311371968,148.18757179603776,0.0,112.6225545649887,112.06224334824748,1.0049341425462492,0.0,0.0,1303.5995800686574,1080.4557150370724,1047.5859,1290.0060660911274,1068.7585
Therapy C,South,37,49,12,927.9779351944832,b_launch_growth,0,0.7,142.46401741228118,99.7248121885968,0.0,69.80736853201776,69.46006819106248,1.0048946014384053,0.0,0.0,860.0407644323057,717.0654100266681,807.8804,851.3431578763032,836.1437
Therapy C,West,37,49,12,1059.4352682717144,b_launch_growth,0,0.72,161.45921973391867,113.02145381374308,0.0,81.37544674589502,80.97059377700997,1.0049093128116942,0.0,0.0,980.937608658194,815.2830091085025,844.2449,970.8507560441171,976.08344
Therapy D,East,37,49,12,0.0,b_launch_growth,0,,141.71420679432185,42.51426203829654,0.9046755373782052,0.0,0.0,1.0,0.0,0.0,0.0,0.0,0.0,0.0,0.0
Therapy D,North,37,49,12,0.0,b_launch_growth,0,,211.6965311371968,63.50895934115904,1.2244725411997668,0.0,0.0,1.0,0.0,0.0,0.0,0.0,0.0051152227,0.0,0.0
Therapy D,South,37,49,12,0.0,b_launch_growth,0,,142.46401741228118,42.73920522368435,0.9914642225944056,0.0,0.0,1.0,0.0,0.0,0.0,0.0,0.0,0.0,0.0
Therapy D,West,37,49,12,0.0,b_launch_growth,0,,161.45921973391867,48.4377659201756,1.078252907810606,0.0,0.0,1.0,0.0,0.0,0.0,0.0,0.0,0.0,0.0
Therapy A,East,40,52,12,185.6705347952308,b_launch_growth,0,0.55,141.8910183755744,42.56730551267231,0.5,19.31491487637506,19.2188207725125,1.0046385489593888,0.0,0.0,198.2882114587252,205.2181874662504,157.8203,199.3124853382047,181.61443
Therapy A,North,40,52,12,291.0340443384713,b_launch_growth,0,0.74,211.9606570795617,63.58819712386851,0.68,35.85611259420698,35.67772397433531,1.0047985768495298,0.0,0.0,314.45554746007264,332.4209896629864,243.10458,316.71265116126295,295.95856
Therapy A,South,40,52,12,189.3852249560457,b_launch_growth,0,0.6,142.64176450454565,42.79252935136369,0.55,20.732980470735708,20.62983131416489,1.0046615977878428,0.0,0.0,203.29748181215285,212.5437057662301,159.56802,204.54075066074853,187.41707
Therapy A,West,40,52,12,217.12742024955656,b_launch_growth,0,0.65,161.66066643848507,48.49819993154552,0.6,24.903825664848625,24.779926034675253,1.0047150427566203,0.0,0.0,233.77968933733155,245.60886702667625,182.77335,235.31902203352098,218.3466
Therapy B,East,40,52,12,216.62840153073725,b_launch_growth,0,0.5,141.8910183755744,42.56730551267231,0.4046755373782051,18.269111990546648,18.17822088611607,1.0046194328050997,0.0,0.0,150.20187817241296,56.08022551096805,198.76678,141.5717870376034,175.97943
Therapy B,North,40,52,12,355.3789351052429,b_launch_growth,0,0.68,211.9606570795617,63.58819712386851,0.5444725411997668,34.99993155198462,34.82580253928819,1.00479385271258,0.0,0.0,250.84154980478,97.87601203910074,287.59924,236.87406895684651,269.45822
Therapy B,South,40,52,12,225.00313355607364,b_launch_growth,0,0.55,142.64176450454565,42.79252935136369,0.4414642225944055,19.89930228293253,19.80030077903735,1.0046484173786068,0.0,0.0,156.98540221567174,59.514784673771686,213.29405,148.0610894790725,186.03871
Therapy B,West,40,52,12,262.0689210007854,b_launch_growth,0,0.6,161.66066643848507,48.49819993154552,0.478252907810606,24.22809487935054,24.107557093881137,1.0047075600278632,0.0,0.0,183.7134890566857,70.46360618970546,234.51607,173.35599829997196,207.117
Therapy C,East,40,52,12,916.3436172781512,b_launch_growth,0,0.66,141.8910183755744,99.32371286290208,0.0,65.55365048951538,65.22751292489093,1.0048877788286148,0.0,0.0,859.9027837696823,738.6276068703398,698.4297,850.037229547501,841.4375
Therapy C,North,40,52,12,1424.7455407806233,b_launch_growth,0,0.76,211.9606570795617,148.3724599556932,0.0,112.76306956632682,112.20205926997697,1.004934142546249,0.0,0.0,1338.0936667000706,1151.4447483629856,895.05414,1322.931239612124,1276.7108
Therapy C,South,40,52,12,938.1635844638618,b_launch_growth,0,0.7,142.64176450454565,99.84923515318197,0.0,69.89446460722738,69.54673095246505,1.0048946014384055,0.0,0.0,882.252867560436,762.393184969776,677.9911,872.540769498039,832.0509
Therapy C,West,40,52,12,1071.1913923651457,b_launch_growth,0,0.72,161.66066643848507,113.16246650693954,0.0,81.47697588499646,81.0716177960164,1.004909312811694,0.0,0.0,1006.6166616561768,867.8793245515267,793.5814,995.3588594605286,1072.5927
Therapy D,East,40,52,12,0.0,b_launch_growth,0,,141.8910183755744,42.56730551267231,0.9046755373782052,0.0,0.0,1.0,0.0,0.0,0.0,0.0,0.0,0.0,0.0
Therapy D,North,40,52,12,0.0,b_launch_growth,0,,211.9606570795617,63.58819712386851,1.2244725411997668,0.0,0.0,1.0,0.0,0.0,0.0,0.0,0.014502539,0.0,0.0
Therapy D,South,40,52,12,0.0,b_launch_growth,0,,142.64176450454565,42.79252935136369,0.9914642225944056,0.0,0.0,1.0,0.0,0.0,0.0,0.0,0.0,0.0,0.0
Therapy D,West,40,52,12,0.0,b_launch_growth,0,,161.66066643848507,48.49819993154552,1.078252907810606,0.0,0.0,1.0,0.0,0.0,0.0,0.0,0.007982836,0.0,0.0
Therapy A,East,43,55,12,183.6543385274821,b_launch_growth,0,0.55,142.06805055810585,42.62041516743175,0.5,19.33901338222216,19.24279938529569,1.0046385489593885,0.0,0.0,194.56968099043127,206.3582197258453,193.09158,195.98780203122004,182.05086
Therapy A,North,43,55,12,287.36433770741945,b_launch_growth,0,0.74,212.2251125621088,63.66753376863262,0.68,35.900848941456566,35.72223775269312,1.0047985768495293,0.0,0.0,307.41614546454247,332.1564723432687,299.89243,310.3510085441847,304.33594
Therapy A,South,43,55,12,187.1849923771925,b_launch_growth,0,0.6,142.81973336529165,42.84592000958749,0.55,20.758848244645137,20.655570392681728,1.004661597787843,0.0,0.0,199.15504149952875,213.04517796047003,197.55983,200.81583189727996,188.60394
Therapy A,West,43,55,12,214.50466400271017,b_launch_growth,0,0.65,161.8623644806638,48.55870934419914,0.6,24.93489724824626,24.810843033080857,1.0047150427566203,0.0,0.0,228.8004929527705,245.8582082721736,227.90874,230.83153622224975,223.63853
Therapy B,East,43,55,12,227.5220357142381,b_launch_growth,0,0.5,142.06805055810585,42.62041516743175,0.4046755373782051,18.291905686762412,18.200901180858132,1.0046194328050992,0.0,0.0,170.52297363965246,79.28604737872249,202.93668,160.57379175774122,179.18051
Therapy B,North,43,55,12,372.3803883349249,b_launch_growth,0,0.68,212.2251125621088,63.66753376863262,0.5444725411997668,35.043599673772995,34.86925340673932,1.0047938527125797,0.0,0.0,283.009793859101,136.45671119388706,350.3648,267.0064518881735,320.12012
Therapy B,South,43,55,12,236.12333898499045,b_launch_growth,0,0.55,142.81973336529165,42.84592000958749,0.4414642225944055,19.924129907361007,19.825004882946274,1.004648417378607,0.0,0.0,177.83769681144076,83.7359590890932,207.23871,167.57151059381306,183.09724
Therapy B,West,43,55,12,274.85277828950484,b_launch_growth,0,0.6,161.8623644806638,48.55870934419914,0.478252907810606,24.258323378406892,24.13763520239492,1.004707560027863,0.0,0.0,207.7713691548924,98.7784246369148,236.53851,195.87617296828714,214.70966
Therapy C,East,43,55,12,924.8098666544626,b_launch_growth,0,0.66,142.06805055810585,99.4476353906741,0.0,65.6354393578449,65.3088948834278,1.0048877788286144,0.0,0.0,878.3941657465018,777.5969112632242,575.62714,867.8545132379127,755.5412
Therapy C,North,43,55,12,1437.7482362516675,b_launch_growth,0,0.76,212.2251125621088,148.55757879347613,0.0,112.90375988304186,112.34204963486756,1.004934142546249,0.0,0.0,1366.4853255432354,1211.5364529565911,884.82214,1350.2953359460694,1219.4886
Therapy C,South,43,55,12,946.5704636190576,b_launch_growth,0,0.7,142.81973336529165,99.97381335570414,0.0,69.9816693489929,69.63350183979392,1.0048946014384057,0.0,0.0,900.5537711300595,800.8868218761454,583.0388,890.1752747068039,764.4492
Therapy C,West,43,55,12,1080.8906818606229,b_launch_growth,0,0.72,161.8623644806638,113.30365513646464,0.0,81.57863169825454,81.17276785895976,1.004909312811694,0.0,0.0,1027.7640741811183,912.4838483701856,628.90173,1015.7380796806447,876.35046
Therapy D,East,43,55,12,0.0,b_launch_growth,0,,142.06805055810585,42.62041516743175,0.9046755373782052,0.0,0.0,1.0,0.0,0.0,0.0,0.0,0.0,0.0,0.0
Therapy D,North,43,55,12,0.0,b_launch_growth,0,,212.2251125621088,63.66753376863262,1.2244725411997668,0.0,0.0,1.0,0.0,0.0,0.0,0.0,0.0058410494,0.0,0.0
Therapy D,South,43,55,12,0.0,b_launch_growth,0,,142.81973336529165,42.84592000958749,0.9914642225944056,0.0,0.0,1.0,0.0,0.0,0.0,0.0,0.0,0.0,0.0
Therapy D,West,43,55,12,0.0,b_launch_growth,0,,161.8623644806638,48.55870934419914,1.078252907810606,0.0,0.0,1.0,0.0,0.0,0.0,0.0,0.010497707,0.0,0.0
Therapy A,East,46,58,12,182.05767429765424,b_launch_growth,0,0.55,142.24530361715242,42.67359108514572,0.5,19.363141954884874,19.266807915308334,1.004638548959389,0.0,0.0,191.1389482978075,204.9244836669108,195.01404,192.88430800188073,192.8168
Therapy A,North,46,58,12,284.4586348609684,b_launch_growth,0,0.74,212.48989799599312,63.74696939879793,0.68,35.94564110459418,35.76680706924793,1.0047985768495302,0.0,0.0,301.0472796206165,328.0021522580517,288.52124,304.5337704271093,291.3874
Therapy A,South,46,58,12,185.4429670395171,b_launch_growth,0,0.6,142.9979242712114,42.89937728136341,0.55,20.78474829282057,20.681341584896096,1.0046615977878428,0.0,0.0,195.372074851098,210.9962572468892,199.91083,197.37627538732136,199.3017
Therapy A,West,46,58,12,212.4278897087061,b_launch_growth,0,0.65,162.0643141740396,48.61929425221188,0.6,24.966007598510803,24.841798605483387,1.0047150427566205,0.0,0.0,224.2724596997316,243.18160686348543,225.6644,226.70605294710478,226.81601
Therapy B,East,46,58,12,236.60972714172368,b_launch_growth,0,0.5,142.24530361715242,42.67359108514572,0.4046755373782051,18.314727821831013,18.22360977296619,1.0046194328050995,0.0,0.0,188.34009369730848,103.64240359970869,202.04236,177.36535288570002,186.16272
Therapy B,North,46,58,12,386.5409251696525,b_launch_growth,0,0.68,212.48989799599312,63.74696939879793,0.5444725411997668,35.08732227866394,34.912758486232775,1.0047938527125801,0.0,0.0,311.0658159426852,176.2198084742356,344.67004,293.4974388980694,321.17673
Therapy B,South,46,58,12,245.39425764804983,b_launch_growth,0,0.55,142.9979242712114,42.89937728136341,0.4414642225944055,19.948988508299394,19.849739809253133,1.0046484173786068,0.0,0.0,196.08588538323383,108.9997963461487,206.55865,184.78060573035543,191.54332
Therapy B,West,46,58,12,285.5069401123293,b_launch_growth,0,0.6,162.0643141740396,48.61929425221188,0.478252907810606,24.288589592444968,24.167750838253696,1.0047075600278634,0.0,0.0,228.7958741672159,128.1680206319187,239.90627,215.71342947416008,221.01645
Therapy C,East,46,58,12,931.818544112018,b_launch_growth,0,0.66,142.24530361715242,99.57171253200669,0.0,65.71733027112441,65.3903783792283,1.0048877788286144,0.0,0.0,893.5910166424525,810.2765460605549,648.9865,882.6567488740423,784.1037
Therapy C,North,46,58,12,1448.5165640540358,b_launch_growth,0,0.76,212.48989799599312,148.74292859719515,0.0,113.04462573386832,112.48221466056549,1.0049341425462495,0.0,0.0,1389.8144524088143,1261.8337176158257,1007.725,1373.024994210459,1227.3097
Therapy C,South,46,58,12,953.5379934567388,b_launch_growth,0,0.7,142.9979242712114,100.09854698984796,0.0,70.06898289289357,69.7203809879538,1.0048946014384055,0.0,0.0,915.6041257305484,833.1801423807351,659.35803,904.8350672166707,794.59406
Therapy C,West,46,58,12,1088.9259693617564,b_launch_growth,0,0.72,162.0643141740396,113.44501992182772,0.0,81.68041434371595,81.27404412310045,1.0049093128116942,0.0,0.0,1045.1481978535244,949.8666481052936,702.68726,1032.6728819049679,908.1638
Therapy D,East,46,58,12,0.0,b_launch_growth,0,,142.24530361715242,42.67359108514572,0.9046755373782052,0.0,0.0,1.0,0.0,0.0,0.0,0.0,0.0,0.0,0.0
Therapy D,North,46,58,12,0.0,b_launch_growth,0,,212.48989799599312,63.74696939879793,1.2244725411997668,0.0,0.0,1.0,0.0,0.0,0.0,0.0,0.0033614207,0.0,0.0
Therapy D,South,46,58,12,0.0,b_launch_growth,0,,142.9979242712114,42.89937728136341,0.9914642225944056,0.0,0.0,1.0,0.0,0.0,0.0,0.0,0.0,0.0,0.0
Therapy D,West,46,58,12,0.0,b_launch_growth,0,,162.0643141740396,48.61929425221188,1.078252907810606,0.0,0.0,1.0,0.0,0.0,0.0,0.0,0.01064949,0.0,0.0
Therapy A,East,49,61,12,178.82310615774355,access_expansion,0,0.55,142.4227778282934,42.726833348488015,,23.49975834166841,19.290846399877058,1.1999729974964433,0.0,-0.5,188.15815137648087,201.9426610583358,191.6933,196.5660826556132,193.39667
Therapy A,North,49,61,12,282.1989977291983,access_expansion,0,0.74,212.7550137928828,63.82650413786484,0.68,35.990489153259226,35.811431993292764,1.004766216516556,0.0,0.0,295.57414604018,321.63475275516925,270.77805,299.47657832114123,294.22433
Therapy A,South,49,61,12,184.09004334296537,access_expansion,0,0.6,143.1763374993426,42.95290124980278,0.55,20.810680655529445,20.707144930875067,1.0046090236738945,0.0,0.0,192.1039780117863,207.4494884998248,195.48447,194.3699340835436,194.64922
Therapy A,West,49,61,12,210.8138784815756,access_expansion,0,0.65,162.26651583258823,48.67995474977648,0.6,24.997156764010224,24.87279280001017,1.0046701843795072,0.0,0.0,220.3699033129534,238.80987304452412,222.78217,223.10887489930585,221.53143
Therapy B,East,49,61,12,247.712432475624,access_expansion,0,,142.4227778282934,42.726833348488015,0.4046755373782051,0.0,18.246346697745814,0.08781500808015433,-0.5,0.0,203.65180547657053,127.67139152876868,198.69069,0.0,0.0
Therapy B,North,49,61,12,398.2943496564088,access_expansion,0,0.68,212.7550137928828,63.82650413786484,0.5444725411997668,35.131099434634,34.95631784540697,1.0047607712449416,0.0,0.0,335.0830992142808,214.9170657038136,370.85385,316.3887426443714,356.31158
Therapy B,South,49,61,12,253.0943613359196,access_expansion,0,0.55,143.1763374993426,42.95290124980278,0.4414642225944055,19.97387812439598,19.874505596413908,1.0045939739139935,0.0,0.0,211.7457617302677,133.80660139808657,202.89954,199.68661446964063,203.40741
Therapy B,West,49,61,12,294.3538798709172,access_expansion,0,0.6,162.26651583258823,48.67995474977648,0.478252907810606,24.318893568520327,24.197904048278932,1.0046616082480515,0.0,0.0,246.82045667750387,156.92007395933092,240.775,232.87950550627014,230.52533
Therapy C,East,49,61,12,937.6524778564054,access_expansion,0,0.66,142.4227778282934,99.69594447980536,0.0,65.79932335667154,65.47196353897668,1.0048693593871583,0.0,0.0,906.0757105770144,837.4464037698295,648.04004,894.9640915340867,834.8007
Therapy C,North,49,61,12,1457.4843545274389,access_expansion,0,0.76,212.7550137928828,148.92850965501796,0.0,113.18566733781365,112.6225545649887,1.0049232134705872,0.0,0.0,1408.9802826036985,1303.5995800686574,836.5521,1391.9237425359604,1126.071
Therapy C,South,49,61,12,959.3452422930897,access_expansion,0,0.7,143.1763374993426,100.22343624953982,0.0,70.15640537467786,69.80736853201776,1.0048772737095921,0.0,0.0,927.9779351944832,860.0407644323057,663.35645,917.0328162523035,832.4888
Therapy C,West,49,61,12,1095.6200924473494,access_expansion,0,0.72,162.26651583258823,113.58656108281176,0.0,81.78232397962446,81.37544674589502,1.0048943514569935,0.0,0.0,1059.4352682717144,980.937608658194,709.098,1046.7584308457563,965.9478
Therapy D,East,49,61,12,0.0,access_expansion,0,,142.4227778282934,42.726833348488015,,0.0,0.0,1.0,0.0,-0.9046755373782052,0.0,0.0,0.0,0.0,0.0
Therapy D,North,49,61,12,0.0,access_expansion,0,,212.7550137928828,63.82650413786484,1.2244725411997668,0.0,0.0,1.0,0.0,0.0,0.0,0.0,0.0019474234,0.0,0.0
Therapy D,South,49,61,12,0.0,access_expansion,0,,143.1763374993426,42.95290124980278,0.9914642225944056,0.0,0.0,1.0,0.0,0.0,0.0,0.0,0.0,0.0,0.0
Therapy D,West,49,61,12,0.0,access_expansion,0,,162.26651583258823,48.67995474977648,1.078252907810606,0.0,0.0,1.0,0.0,0.0,0.0,0.0,0.006614958,0.0,0.0
Therapy A,East,52,64,12,172.79618803407774,access_expansion,0,0.55,142.60047346745222,42.78014204023567,,23.52907812212962,19.31491487637506,1.1999729974964435,0.0,-0.5,185.6705347952308,198.2882114587252,190.89621,194.10008596883924,198.00742
Therapy A,North,52,64,12,280.47259735679023,access_expansion,0,0.74,213.02046036495955,63.90613810948786,0.68,36.035393157178014,35.85611259420698,1.004766216516556,0.0,0.0,291.0340443384713,314.45554746007264,282.5619,294.945860592627,300.40088
Therapy A,South,52,64,12,183.0591570642349,access_expansion,0,0.6,143.35497332706836,43.00649199812051,0.55,20.836645373089386,20.732980470735708,1.0046090236738945,0.0,0.0,189.3852249560457,203.29748181215285,194.45778,191.69697909631833,193.03549
Therapy A,West,52,64,12,209.5823937284548,access_expansion,0,0.65,162.46896977067746,48.74069093120324,0.6,25.028344793172863,24.903825664848625,1.004670184379507,0.0,0.0,217.12742024955656,233.77968933733155,219.89879,219.89975554075298,220.73396
Therapy B,East,52,64,12,263.24880197020883,access_expansion,0,,142.60047346745222,42.78014204023567,0.4046755373782051,0.0,18.269111990546648,0.08781500808015433,-0.5,0.0,216.62840153073725,150.20187817241296,219.96042,0.0,0.0
Therapy B,North,52,64,12,408.0327273822296,access_expansion,0,0.68,213.02046036495955,63.90613810948786,0.5444725411997668,35.17493120974456,34.99993155198462,1.004760771244942,0.0,0.0,355.3789351052429,250.84154980478,326.56204,338.6354961183981,333.13922
Therapy B,South,52,64,12,259.47702512498057,access_expansion,0,0.55,143.35497332706836,43.00649199812051,0.4414642225944055,19.998798794347195,19.89930228293253,1.0045939739139933,0.0,0.0,225.00313355607364,156.98540221567174,229.31279,214.1544066433127,213.99423
Therapy B,West,52,64,12,301.68620186019035,access_expansion,0,0.6,162.46896977067746,48.74069093120324,0.478252907810606,24.349235353747286,24.22809487935054,1.0046616082480513,0.0,0.0,262.0689210007854,183.7134890566857,282.00037,249.54987317130522,244.7976
Therapy C,East,52,64,12,942.5426354161438,access_expansion,0,0.66,142.60047346745222,99.82033142721654,0.0,65.88141874196292,65.55365048951538,1.004869359387158,0.0,0.0,916.3436172781512,859.9027837696823,750.11926,907.4099203002932,871.21265
Therapy C,North,52,64,12,1465.0057191894848,access_expansion,0,0.76,213.02046036495955,149.11432225547168,0.0,113.32688491415847,112.76306956632682,1.0049232134705872,0.0,0.0,1424.7455407806233,1338.0936667000706,933.54095,1411.0466296424563,1202.3074
Therapy C,South,52,64,12,964.22016551608,access_expansion,0,0.7,143.35497332706836,100.34848132894786,0.0,70.24393693026349,69.89446460722738,1.0048772737095917,0.0,0.0,938.1635844638618,882.252867560436,750.49,929.3669770222924,871.8546
Therapy C,West,52,64,12,1101.2366730312542,access_expansion,0,0.72,162.46896977067746,113.7282788394742,0.0,81.88436076442142,81.47697588499646,1.0048943514569935,0.0,0.0,1071.1913923651457,1006.6166616561768,783.0143,1061.0055646550202,993.2659
Therapy D,East,52,64,12,0.0,access_expansion,0,,142.60047346745222,42.78014204023567,,0.0,0.0,1.0,0.0,-0.9046755373782052,0.0,0.0,0.0,0.0,0.0
Therapy D,North,52,64,12,0.0,access_expansion,0,,213.02046036495955,63.90613810948786,1.2244725411997668,0.0,0.0,1.0,0.0,0.0,0.0,0.0,0.0064699603,0.0,0.0
Therapy D,South,52,64,12,0.0,access_expansion,0,,143.35497332706836,43.00649199812051,0.9914642225944056,0.0,0.0,1.0,0.0,0.0,0.0,0.0,0.0,0.0,0.0
Therapy D,West,52,64,12,0.0,access_expansion,0,,162.46896977067746,48.74069093120324,1.078252907810606,0.0,0.0,1.0,0.0,0.0,0.0,0.0,0.0045873257,0.0,0.0
Therapy A,East,54,66,12,169.5530979124557,access_expansion,0,0.55,142.7190603788711,42.815718113661326,,23.54864496251373,19.330977208033666,1.199972997496443,0.0,-0.5,184.27687982820825,195.7899530348876,191.28036,192.60740815835743,208.05632
Therapy A,North,54,66,12,279.5677745230639,access_expansion,0,0.74,213.1976087141161,63.95928261423484,0.68,36.06536028051474,35.885930627377846,1.0047662165165563,0.0,0.0,288.4969651152386,309.7067982795052,291.7074,292.2616654899592,297.428
Therapy A,South,54,66,12,182.52079249828537,access_expansion,0,0.6,143.47418768246305,43.042256304738906,0.55,20.853973179646,20.750222069299504,1.0046090236738945,0.0,0.0,187.864185080478,200.50842562274696,193.78017,190.1062939256948,192.84656
Therapy A,West,54,66,12,208.93812499277087,access_expansion,0,0.65,162.60407937345806,48.78122381203742,0.6,25.049158427481217,24.924535748737533,1.004670184379507,0.0,0.0,215.31424537478443,230.4243112838581,217.64767,217.99373953552168,221.80612
Therapy B,East,54,66,12,272.0005855547148,access_expansion,0,,142.7190603788711,42.815718113661326,0.4046755373782051,0.0,18.28430462990222,0.08781500808015431,-0.5,0.0,224.1052377962272,164.02026335354907,226.46822,0.0,0.0
Therapy B,North,54,66,12,413.5766732859304,access_expansion,0,0.68,213.1976087141161,63.95928261423484,0.5444725411997668,35.2041827707675,35.029037582853235,1.0047607712449418,0.0,0.0,367.05119915048704,272.73721463857794,365.26636,351.70882959913325,344.59113
Therapy B,South,54,66,12,263.1113058190517,access_expansion,0,0.55,143.47418768246305,43.042256304738906,0.4414642225944055,20.015429845587363,19.915850592624242,1.0045939739139933,0.0,0.0,232.6363241001586,171.16991861404307,230.26239,222.67080599644808,215.25157
Therapy B,West,54,66,12,305.86102587715385,access_expansion,0,0.6,162.60407937345806,48.78122381203742,0.478252907810606,24.36948423894241,24.248243023823296,1.0046616082480513,0.0,0.0,270.84465542762166,200.08273366833856,309.33957,259.35631042367027,258.94724
Therapy C,East,54,66,12,945.372630976318,access_expansion,0,0.66,142.7190603788711,99.90334226520976,0.0,65.93620589503844,65.60816506969,1.0048693593871585,0.0,0.0,922.1653736863868,872.6277624318872,856.7298,914.4826359615383,895.55164
Therapy C,North,54,66,12,1469.3607931859071,access_expansion,0,0.76,213.1976087141161,149.23832609988128,0.0,113.42112783590977,112.85684361782067,1.004923213470587,0.0,0.0,1433.6862627169671,1357.6324233754906,1032.114,1421.9124228875053,1193.81
Therapy C,South,54,66,12,967.045158699564,access_expansion,0,0.7,143.47418768246305,100.43193137772413,0.0,70.30235196440688,69.95258901931032,1.0048772737095921,0.0,0.0,943.9435258543474,894.8455186357037,853.5912,936.3812068560393,893.4345
Therapy C,West,54,66,12,1104.4899555212291,access_expansion,0,0.72,162.60407937345806,113.82285556142064,0.0,81.95245600422285,81.54473234251033,1.0048943514569935,0.0,0.0,1077.8603256633742,1021.1689521750984,852.1165,1069.1043325639478,1009.8021
Therapy D,East,54,66,12,0.0,access_expansion,0,,142.7190603788711,42.815718113661326,,0.0,0.0,1.0,0.0,-0.9046755373782052,0.0,0.0,0.0017553676,0.0,0.0
Therapy D,North,54,66,12,0.0,access_expansion,0,,213.1976087141161,63.95928261423484,1.2244725411997668,0.0,0.0,1.0,0.0,0.0,0.0,0.0,0.008193606,0.0,0.0
Therapy D,South,54,66,12,0.0,access_expansion,0,,143.47418768246305,43.042256304738906,0.9914642225944056,0.0,0.0,1.0,0.0,0.0,0.0,0.0,0.0019399289,0.0,0.0
Therapy D,West,54,66,12,0.0,access_expansion,0,,162.60407937345806,48.78122381203742,1.078252907810606,0.0,0.0,1.0,0.0,0.0,0.0,0.0,0.009504382,0.0,0.0
Therapy A,East,55,67,12,168.12878017133357,access_expansion,0,0.55,142.77839081089638,42.83351724326892,0.72,17.621708993880837,19.33901338222216,0.9177586824439795,0.0,0.21999999999999997,183.6543385274821,194.56968099043127,191.5998,182.88878107602093,11.255695
Therapy A,North,55,67,12,279.1791482467478,access_expansion,0,0.74,213.2862381249193,63.9858714374758,0.68,36.080353186163855,35.900848941456566,1.0047940514081521,0.0,0.0,287.36433770741945,307.41614546454247,289.60825,291.0238249944388,316.05072
Therapy A,South,55,67,12,182.290237960035,access_expansion,0,0.6,143.53383203211803,43.06014960963541,0.55,20.862642485868356,20.758848244645137,1.0046542165592987,0.0,0.0,187.1849923771925,199.15504149952875,194.18079,189.37124453335866,192.75406
Therapy A,West,55,67,12,208.66181718608567,access_expansion,0,0.65,162.67167630306716,48.80150289092015,0.6,25.0595717344875,24.93489724824626,1.0047087544368891,0.0,0.0,214.50466400271017,228.8004929527705,213.37827,217.1137518887491,220.29382
Therapy B,East,55,67,12,275.9566177525589,access_expansion,0,0.72,142.77839081089638,42.83351724326892,0.4046755373782051,26.472045909882567,18.291905686762412,1.4124264953953645,0.21999999999999997,0.0,227.5220357142381,170.52297363965246,223.91763,229.16163177269573,251.57416
Therapy B,North,55,67,12,416.0984495736367,access_expansion,0,0.68,213.2862381249193,63.9858714374758,0.5444725411997668,35.21881767214187,35.043599673772995,1.0047892257945084,0.0,0.0,372.3803883349249,283.009793859101,348.58832,357.7478110261088,364.88898
Therapy B,South,55,67,12,264.7645124589432,access_expansion,0,0.55,143.53383203211803,43.06014960963541,0.4414642225944055,20.023750556897802,19.924129907361007,1.004640770813456,0.0,0.0,236.12333898499045,177.83769681144076,228.11185,226.60835180867005,216.19188
Therapy B,West,55,67,12,307.76012026244246,access_expansion,0,0.6,162.67167630306716,48.80150289092015,0.478252907810606,24.379614995298933,24.258323378406892,1.0047011170495361,0.0,0.0,274.85277828950484,207.7713691548924,311.03726,263.8887054769132,251.71957
Therapy C,East,55,67,12,946.6766544609792,access_expansion,0,0.66,142.77839081089638,99.94487356762748,0.0,65.96361655463414,65.6354393578449,1.0048852095756318,0.0,0.0,924.8098666544626,878.3941657465018,895.73846,917.696849041091,890.56537
Therapy C,North,55,67,12,1471.3682546650905,access_expansion,0,0.76,213.2862381249193,149.30036668744353,0.0,113.46827868245708,112.90375988304186,1.004932620136771,0.0,0.0,1437.7482362516675,1366.4853255432354,1113.0577,1426.8504014806333,1215.8184
Therapy C,South,55,67,12,968.347998885021,access_expansion,0,0.7,143.53383203211803,100.4736824224826,0.0,70.3315776957378,69.9816693489929,1.0048921849405021,0.0,0.0,946.5704636190576,900.5537711300595,898.3523,939.5703330466379,892.21643
Therapy C,West,55,67,12,1105.9898777249473,access_expansion,0,0.72,162.67167630306716,113.870173412147,0.0,81.98652485674583,81.57863169825454,1.004907227211896,0.0,0.0,1080.8906818606229,1027.7640741811183,974.72345,1072.785683718815,1069.5531
Therapy D,East,55,67,12,0.0,access_expansion,0,,142.77839081089638,42.83351724326892,1.1246755373782051,0.0,0.0,1.0,0.0,0.21999999999999997,0.0,0.0,0.0,0.0,0.0
Therapy D,North,55,67,12,0.0,access_expansion,0,,213.2862381249193,63.9858714374758,1.2244725411997668,0.0,0.0,1.0,0.0,0.0,0.0,0.0,0.010447133,0.0,0.0
Therapy D,South,55,67,12,0.0,access_expansion,0,,143.53383203211803,43.06014960963541,0.9914642225944056,0.0,0.0,1.0,0.0,0.0,0.0,0.0,0.0,0.0,0.0
Therapy D,West,55,67,12,0.0,access_expansion,0,,162.67167630306716,48.80150289092015,1.078252907810606,0.0,0.0,1.0,0.0,0.0,0.0,0.0,0.007679973,0.0,0.0
Therapy A,East,58,70,12,164.52676702946445,access_expansion,0,0.55,142.95653013523813,42.88695904057143,0.72,17.64369494929109,19.363141954884874,0.9177586824439788,0.0,0.21999999999999997,182.05767429765424,191.1389482978075,188.70859,181.1447267278969,12.660486
Therapy A,North,58,70,12,278.23324714644025,access_expansion,0,0.74,213.55234748597303,64.0657042457919,0.68,36.12536931011714,35.94564110459418,1.0047940514081517,0.0,0.0,284.4586348609684,301.0472796206165,291.79297,287.72456681091944,313.84198
Therapy A,South,58,70,12,181.7318911593161,access_expansion,0,0.6,143.71291389256746,43.11387416777024,0.55,20.88867203428468,20.78474829282057,1.0046542165592993,0.0,0.0,185.4429670395171,195.372074851098,190.8308,187.40839443198593,191.64001
Therapy A,West,58,70,12,207.9910025253442,access_expansion,0,0.65,162.87463574490977,48.86239072347293,0.6,25.090837636503352,24.966007598510803,1.0047087544368887,0.0,0.0,212.4278897087061,224.2724596997316,196.40912,214.76575079663456,216.54625
Therapy B,East,58,70,12,286.3587448495367,access_expansion,0,0.72,142.95653013523813,42.88695904057143,0.4046755373782051,26.50507410375383,18.314727821831013,1.4124264953953636,0.21999999999999997,0.0,236.60972714172368,188.34009369730848,231.4213,240.71698645203884,253.5936
Therapy B,North,58,70,12,422.7840255222397,access_expansion,0,0.68,213.55234748597303,64.0657042457919,0.5444725411997668,35.262758890057256,35.08732227866394,1.0047892257945081,0.0,0.0,386.5409251696525,311.0658159426852,380.7282,374.0076259984597,385.3537
Therapy B,South,58,70,12,269.1473075072239,access_expansion,0,0.55,143.71291389256746,43.11387416777024,0.4414642225944055,20.048733450840903,19.948988508299394,1.004640770813457,0.0,0.0,245.39425764804983,196.08588538323383,231.52084,237.22100275566572,221.55373
Therapy B,West,58,70,12,312.7949415763608,access_expansion,0,0.6,162.87463574490977,48.86239072347293,0.478252907810606,24.410032540407183,24.288589592444968,1.0047011170495355,0.0,0.0,285.5069401123293,228.7958741672159,328.61835,276.09974870742633,263.48703
Therapy C,East,58,70,12,950.2063257584988,access_expansion,0,0.66,142.95653013523813,100.06957109466668,0.0,66.04591692248002,65.71733027112441,1.0048852095756313,0.0,0.0,931.818544112018,893.5910166424525,876.5517,926.2113127594223,918.8334
Therapy C,North,58,70,12,1476.8045770225908,access_expansion,0,0.76,213.55234748597303,149.4866432401811,0.0,113.60984886253765,113.04462573386832,1.0049326201367708,0.0,0.0,1448.5165640540358,1389.8144524088143,1166.9244,1439.9321417534366,1294.1488
Therapy C,South,58,70,12,971.8786247065505,access_expansion,0,0.7,143.71291389256746,100.5990397247972,0.0,70.41932780735803,70.06898289289357,1.0048921849405028,0.0,0.0,953.5379934567388,915.6041257305484,919.69165,948.0239505564859,916.8941
Therapy C,West,58,70,12,1110.0529667165792,access_expansion,0,0.72,162.87463574490977,114.01224502143684,0.0,82.08881641543452,81.68041434371595,1.0049072272118957,0.0,0.0,1088.9259693617564,1045.1481978535244,1004.99945,1082.5411014472286,1090.174
Therapy D,East,58,70,12,0.0,access_expansion,0,,142.95653013523813,42.88695904057143,1.1246755373782051,0.0,0.0,1.0,0.0,0.21999999999999997,0.0,0.0,0.0,0.0,0.0
Therapy D,North,58,70,12,0.0,access_expansion,0,,213.55234748597303,64.0657042457919,1.2244725411997668,0.0,0.0,1.0,0.0,0.0,0.0,0.0,0.009509782,0.0,0.0
Therapy D,South,58,70,12,0.0,access_expansion,0,,143.71291389256746,43.11387416777024,0.9914642225944056,0.0,0.0,1.0,0.0,0.0,0.0,0.0,0.0,0.0,0.0
Therapy D,West,58,70,12,0.0,access_expansion,0,,162.87463574490977,48.86239072347293,1.078252907810606,0.0,0.0,1.0,0.0,0.0,0.0,0.0,0.005557049,0.0,0.0
Therapy A,East,60,72,12,162.60066930107251,access_expansion,0,0.55,143.07541314427507,42.92262394328253,0.72,17.658367490266432,19.379244392302933,0.9177586824439792,0.0,0.21999999999999997,181.1958592705368,189.0973201408933,188.72531,180.15847488646347,11.564789
Therapy A,North,60,72,12,277.76020930816685,access_expansion,0,0.74,213.72993815379365,64.11898144613808,0.68,36.15541125784834,35.97553358989885,1.004794051408152,0.0,0.0,282.88760480582704,297.29394177801674,288.0598,285.85879066962144,306.96442
Therapy A,South,60,72,12,181.4552084449916,access_expansion,0,0.6,143.8324259122342,43.14972777367026,0.55,20.90604310634324,20.80203294163507,1.0046542165592989,0.0,0.0,184.50203864060504,193.1322212501459,191.00467,186.29667099003518,190.18008
Therapy A,West,60,72,12,207.65707871294288,access_expansion,0,0.65,163.01008270053208,48.90302481015962,0.6,25.11170324001697,24.986769393051713,1.0047087544368887,0.0,0.0,211.3055611823866,221.5970655426304,195.21164,213.4367171722055,214.6573
Therapy B,East,60,72,12,292.2276469114948,access_expansion,0,0.72,143.07541314427507,42.92262394328253,0.4046755373782051,26.527115789860943,18.3299583954263,1.4124264953953645,0.21999999999999997,0.0,241.7989233547796,198.81816312833084,236.7792,247.4463341947201,255.15997
Therapy B,North,60,72,12,426.59768887682463,access_expansion,0,0.68,213.72993815379365,64.11898144613808,0.5444725411997668,35.29208348879945,35.11650098388006,1.004789225794508,0.0,0.0,394.6188077218437,327.5098082593974,371.38333,383.4176764088421,380.77045
Therapy B,South,60,72,12,271.6470742409087,access_expansion,0,0.55,143.8324259122342,43.14972777367026,0.4414642225944055,20.065406027866658,19.965578137180756,1.0046407708134564,0.0,0.0,250.68594251212664,206.804272592509,237.12244,243.369845321718,224.05688
Therapy B,West,60,72,12,315.66682648050687,access_expansion,0,0.6,163.01008270053208,48.90302481015962,0.478252907810606,24.430331984695233,24.30878804447287,1.004701117049536,0.0,0.0,291.58692078729814,241.13438284817448,339.1977,283.17159011311776,265.61658
Therapy C,East,60,72,12,952.2851570036364,access_expansion,0,0.66,143.07541314427507,100.15278920099254,0.0,66.10084087265508,65.77198096781602,1.0048852095756313,0.0,0.0,935.8231339216696,902.1831869956446,888.73193,931.0667488923463,891.57434
Therapy C,North,60,72,12,1480.008417421842,access_expansion,0,0.76,213.72993815379365,149.61095670765553,0.0,113.70432709781821,113.13863392817734,1.0049326201367705,0.0,0.0,1454.671803534898,1403.0044796689897,1277.4348,1447.393522013264,1305.8176
Therapy C,South,60,72,12,973.961298541298,access_expansion,0,0.7,143.8324259122342,100.68269813856396,0.0,70.47788869699477,70.12725243482066,1.004892184940503,0.0,0.0,957.5233860821018,924.1188745622007,934.8346,952.8492107999928,904.98254
Therapy C,West,60,72,12,1112.448459770245,access_expansion,0,0.72,163.01008270053208,114.10705789037245,0.0,82.15708168106816,81.74833998116235,1.0049072272118957,0.0,0.0,1093.5203570708863,1054.9800961349438,1024.6929,1088.107211136273,1054.7565
Therapy D,East,60,72,12,0.0,access_expansion,0,,143.07541314427507,42.92262394328253,1.1246755373782051,0.0,0.0,1.0,0.0,0.21999999999999997,0.0,0.0,0.0,0.0,0.0
Therapy D,North,60,72,12,0.0,access_expansion,0,,213.72993815379365,64.11898144613808,1.2244725411997668,0.0,0.0,1.0,0.0,0.0,0.0,0.0,0.005758579,0.0,0.0
Therapy D,South,60,72,12,0.0,access_expansion,0,,143.8324259122342,43.14972777367026,0.9914642225944056,0.0,0.0,1.0,0.0,0.0,0.0,0.0,0.0,0.0,0.0
Therapy D,West,60,72,12,0.0,access_expansion,0,,163.01008270053208,48.90302481015962,1.078252907810606,0.0,0.0,1.0,0.0,0.0,0.0,0.0,0.0030695007,0.0,0.0
Therapy A,East,61,73,12,161.75833661259284,access_expansion,0,0.55,143.1348917174349,42.94046751523047,0.72,17.665708335765817,17.577819239567972,1.0045957626086846,0.0,0.0,178.82310615774355,188.15815137648087,186.24333,177.78861376277192,60.223465
Therapy A,North,61,73,12,277.56410417201414,access_expansion,0,0.74,213.8187888618472,64.14563665855414,0.68,36.17044159902551,35.990489153259226,1.0047940514081517,0.0,0.0,282.1989977291983,295.57414604018,286.0863,285.02071326795493,314.18402
Therapy A,South,61,73,12,181.34138752362296,access_expansion,0,0.6,143.89221918683927,43.16766575605178,0.55,20.91473405880709,20.810680655529445,1.0046542165592989,0.0,0.0,184.09004334296537,192.1039780117863,187.20515,185.79710658831368,190.07626
Therapy A,West,61,73,12,207.519182278076,access_expansion,0,0.65,163.07784841175118,48.92335452352536,0.6,25.122142547830276,24.997156764010224,1.004708754436889,0.0,0.0,210.8138784815756,220.3699033129534,194.6328,212.83958096301615,214.24194
Therapy B,East,61,73,12,294.88389386958164,access_expansion,0,0.72,143.1348917174349,42.94046751523047,0.4046755373782051,26.538143505682633,26.40611294097773,1.0047234349169747,0.0,0.0,247.712432475624,203.65180547657053,258.7869,253.1394151693039,260.38058
Therapy B,North,61,73,12,428.3357182576434,access_expansion,0,0.68,213.8187888618472,64.14563665855414,0.5444725411997668,35.30675493180716,35.131099434634,1.004789225794508,0.0,0.0,398.2943496564088,335.0830992142808,384.98267,387.72990069583216,402.32205
Therapy B,South,61,73,12,272.7861546230054,access_expansion,0,0.55,143.89221918683927,43.16766575605178,0.4414642225944055,20.073747515017953,19.97387812439598,1.0046407708134562,0.0,0.0,253.0943613359196,211.7457617302677,260.17142,246.1892076929223,225.5033
Therapy B,West,61,73,12,316.97556528388475,access_expansion,0,0.6,163.07784841175118,48.92335452352536,0.478252907810606,24.44048803636293,24.318893568520327,1.004701117049536,0.0,0.0,294.3538798709172,246.82045667750387,326.35202,286.4134616117939,262.33356
Therapy C,East,61,73,12,953.254008371566,access_expansion,0,0.66,143.1348917174349,100.19442420220442,0.0,66.12831997345492,65.79932335667154,1.004885209575632,0.0,0.0,937.6524778564054,906.0757105770144,931.2355,933.2804277797752,894.9606
Therapy C,North,61,73,12,1481.5021852692405,access_expansion,0,0.76,213.8187888618472,149.673152203293,0.0,113.75159567450268,113.18566733781365,1.0049326201367703,0.0,0.0,1457.4843545274389,1408.9802826036985,1307.9755,1450.7958540809304,1354.6763
Therapy C,South,61,73,12,974.9328898998072,access_expansion,0,0.7,143.89221918683927,100.72455343078748,0.0,70.50718740155123,70.15640537467786,1.0048921849405028,0.0,0.0,959.3452422930897,927.9779351944832,943.4544,955.0504839512615,907.8695
Therapy C,West,61,73,12,1113.5656167678162,access_expansion,0,0.72,163.07784841175118,114.15449388822582,0.0,82.19123559952259,81.78232397962446,1.0049072272118957,0.0,0.0,1095.6200924473494,1059.4352682717144,1007.0941,1090.6458394088756,1071.1832
Therapy D,East,61,73,12,0.0,access_expansion,0,,143.1348917174349,42.94046751523047,1.1246755373782051,0.0,0.0,1.0,0.0,0.0,0.0,0.0,0.0,0.0,0.0
Therapy D,North,61,73,12,0.0,access_expansion,0,,213.8187888618472,64.14563665855414,1.2244725411997668,0.0,0.0,1.0,0.0,0.0,0.0,0.0,0.0044664186,0.0,0.0
Therapy D,South,61,73,12,0.0,access_expansion,0,,143.89221918683927,43.16766575605178,0.9914642225944056,0.0,0.0,1.0,0.0,0.0,0.0,0.0,0.0,0.0,0.0
Therapy D,West,61,73,12,0.0,access_expansion,0,,163.07784841175118,48.92335452352536,1.078252907810606,0.0,0.0,1.0,0.0,0.0,0.0,0.0,0.0015776906,0.0,0.0
Therapy A,East,64,76,12,159.64134897183095,access_expansion,0,0.55,143.3134758347895,42.99404275043685,0.72,17.68774918752972,17.599750435352956,1.0045957626086843,0.0,0.0,172.79618803407774,185.6705347952308,190.32352,171.6129465633674,169.41547
Therapy A,North,64,76,12,277.11408738756364,access_expansion,0,0.74,214.08556266678428,64.22566880003528,0.68,36.21557012296389,36.035393157178014,1.0047940514081517,0.0,0.0,280.47259735679023,291.0340443384713,284.3409,282.85791546147385,296.339
Therapy A,South,64,76,12,181.0838693971137,access_expansion,0,0.6,144.07174819370368,43.22152445811111,0.55,20.940828599954834,20.836645373089386,1.004654216559299,0.0,0.0,183.0591570642349,189.3852249560457,188.1712,184.50811733041002,189.04195
Therapy A,West,64,76,12,207.20497910652605,access_expansion,0,0.65,163.28131461953086,48.98439438585925,0.6,25.153486517138724,25.028344793172863,1.0047087544368887,0.0,0.0,209.5823937284548,217.12742024955656,194.7739,211.2986106221797,216.06131
Therapy B,East,64,76,12,301.88252113409635,access_expansion,0,0.72,143.3134758347895,42.99404275043685,0.4046755373782051,26.5712541670827,26.4390588727191,1.0047234349169742,0.0,0.0,263.24880197020883,216.62840153073725,315.36588,268.2380265520706,292.38135
Therapy B,North,64,76,12,432.9587893217228,access_expansion,0,0.68,214.08556266678428,64.22566880003528,0.5444725411997668,35.35080586579326,35.17493120974456,1.0047892257945077,0.0,0.0,408.0327273822296,355.3789351052429,438.79636,399.23960920159595,440.38086
Therapy B,South,64,76,12,275.81527553771707,access_expansion,0,0.55,144.07174819370368,43.22152445811111,0.4414642225944055,20.09879278831893,19.998798794347195,1.0046407708134564,0.0,0.0,259.47702512498057,225.00313355607364,292.25784,253.71889586626253,242.22423
Therapy B,West,64,76,12,320.45627856913165,access_expansion,0,0.6,163.28131461953086,48.98439438585925,0.478252907810606,24.47098153051602,24.349235353747286,1.004701117049536,0.0,0.0,301.68620186019035,262.0689210007854,302.50146,295.069592539918,273.5886
Therapy C,East,64,76,12,955.9180415716808,access_expansion,0,0.66,143.3134758347895,100.31943308435264,0.0,66.21082583567275,65.88141874196292,1.0048852095756318,0.0,0.0,942.5426354161438,916.3436172781512,922.7946,939.177334748898,891.65436
Therapy C,North,64,76,12,1485.611769185629,access_expansion,0,0.76,214.08556266678428,149.859893866749,0.0,113.89351933872923,113.32688491415847,1.0049326201367705,0.0,0.0,1465.0057191894848,1424.7455407806233,1326.5623,1459.8615812734993,1371.5104
Therapy C,South,64,76,12,977.6079382750572,access_expansion,0,0.7,144.07174819370368,100.85022373559258,0.0,70.5951566149148,70.24393693026349,1.0048921849405028,0.0,0.0,964.22016551608,938.1635844638618,960.11584,960.9194120794584,899.03784
Therapy C,West,64,76,12,1116.6400962316357,access_expansion,0,0.72,163.28131461953086,114.2969202336716,0.0,82.29378256824354,81.88436076442142,1.004907227211896,0.0,0.0,1101.2366730312542,1071.1913923651457,1017.8543,1097.4119929092722,1056.3822
Therapy D,East,64,76,12,0.0,access_expansion,0,,143.3134758347895,42.99404275043685,1.1246755373782051,0.0,0.0,1.0,0.0,0.0,0.0,0.0,0.0,0.0,0.0
Therapy D,North,64,76,12,0.0,access_expansion,0,,214.08556266678428,64.22566880003528,1.2244725411997668,0.0,0.0,1.0,0.0,0.0,0.0,0.0,0.0036773975,0.0,0.0
Therapy D,South,64,76,12,0.0,access_expansion,0,,144.07174819370368,43.22152445811111,0.9914642225944056,0.0,0.0,1.0,0.0,0.0,0.0,0.0,0.0,0.0,0.0
Therapy D,West,64,76,12,0.0,access_expansion,0,,163.28131461953086,48.98439438585925,1.078252907810606,0.0,0.0,1.0,0.0,0.0,0.0,0.0,0.005733388,0.0,0.0
Therapy A,East,67,79,12,158.03302103078906,access_expansion,0,0.55,143.4922827649509,43.04768482948526,0.72,17.70981753885024,17.621708993880837,1.004595762608684,0.0,0.0,168.12878017133357,183.6543385274821,187.61554,166.90083413247888,180.87949
Therapy A,North,67,79,12,276.83685333903054,access_expansion,0,0.74,214.3526693155439,64.30580079466317,0.68,36.26075495209467,36.080353186163855,1.004794051408152,0.0,0.0,279.1791482467478,287.36433770741945,285.30392,281.1677599484872,286.2772
Therapy A,South,67,79,12,180.93126719199395,access_expansion,0,0.6,144.25150119227862,43.27545035768359,0.55,20.9669556982977,20.862642485868356,1.004654216559299,0.0,0.0,182.290237960035,187.1849923771925,184.29465,183.50237106315288,187.8082
Therapy A,West,67,79,12,207.01509449524136,access_expansion,0,0.65,163.48503468458247,49.04551040537474,0.6,25.18486959315993,25.0595717344875,1.0047087544368887,0.0,0.0,208.66181718608567,214.50466400271017,195.99538,210.0952529983305,210.45334
Therapy B,East,67,79,12,307.64050805116915,access_expansion,0,0.72,143.4922827649509,43.04768482948526,0.4046755373782051,26.60440613943198,26.472045909882567,1.0047234349169742,0.0,0.0,275.9566177525589,227.5220357142381,312.0247,280.41954879513963,303.71823
Therapy B,North,67,79,12,436.8231313448256,access_expansion,0,0.68,214.3526693155439,64.30580079466317,0.5444725411997668,35.394911760502566,35.21881767214187,1.004789225794508,0.0,0.0,416.0984495736367,372.3803883349249,440.22134,408.8526937715427,417.0937
Therapy B,South,67,79,12,278.34592050590874,access_expansion,0,0.55,144.25150119227862,43.27545035768359,0.4414642225944055,20.12386930968229,20.023750556897802,1.0046407708134564,0.0,0.0,264.7645124589432,236.12333898499045,288.01102,260.01224232326,251.08517
Therapy B,West,67,79,12,323.36489723456555,access_expansion,0,0.6,163.48503468458247,49.04551040537474,0.478252907810606,24.501513070275426,24.379614995298933,1.0047011170495357,0.0,0.0,307.76012026244246,274.85277828950484,295.33432,302.30258554390423,273.55234
Therapy C,East,67,79,12,958.2772567289176,access_expansion,0,0.66,143.4922827649509,100.4445979354656,0.0,66.2934346374073,65.96361655463414,1.0048852095756313,0.0,0.0,946.6766544609792,924.8098666544626,900.7725,944.1277604467332,900.6427
Therapy C,North,67,79,12,1489.2541287521417,access_expansion,0,0.76,214.3526693155439,150.0468685208807,0.0,114.03562007586933,113.46827868245708,1.0049326201367705,0.0,0.0,1471.3682546650905,1437.7482362516675,1332.2756,1467.4760112460187,1381.1041
Therapy C,South,67,79,12,979.9816578027256,access_expansion,0,0.7,144.25150119227862,100.97605083459504,0.0,70.68323558421652,70.3315776957378,1.0048921849405033,0.0,0.0,968.347998885021,946.5704636190576,967.17694,965.8534867200955,905.901
Therapy C,West,67,79,12,1119.3664120655123,access_expansion,0,0.72,163.48503468458247,114.43952427920772,0.0,82.39645748102956,81.98652485674583,1.0049072272118957,0.0,0.0,1105.9898777249473,1080.8906818606229,1031.6255,1103.0973741249982,1074.8331
Therapy D,East,67,79,12,0.0,access_expansion,0,,143.4922827649509,43.04768482948526,1.1246755373782051,0.0,0.0,1.0,0.0,0.0,0.0,0.0,0.0,0.0,0.0
Therapy D,North,67,79,12,0.0,access_expansion,0,,214.3526693155439,64.30580079466317,1.2244725411997668,0.0,0.0,1.0,0.0,0.0,0.0,0.0,0.0054989518,0.0,0.0
Therapy D,South,67,79,12,0.0,access_expansion,0,,144.25150119227862,43.27545035768359,0.9914642225944056,0.0,0.0,1.0,0.0,0.0,0.0,0.0,0.00043588146,0.0,0.0
Therapy D,West,67,79,12,0.0,access_expansion,0,,163.48503468458247,49.04551040537474,1.078252907810606,0.0,0.0,1.0,0.0,0.0,0.0,0.0,0.0043710684,0.0,0.0
Therapy A,East,70,82,12,156.8216128807403,access_expansion,0,0.55,143.6713127859143,43.10139383577429,0.72,17.731913424037543,17.64369494929109,1.0045957626086843,0.0,0.0,164.52676702946445,182.05767429765424,184.99742,163.98068676961435,174.2225
Therapy A,North,70,82,12,276.69545868698674,access_expansion,0,0.74,214.6201092234029,64.38603276702086,0.68,36.305996156667725,36.12536931011714,1.0047940514081521,0.0,0.0,278.23324714644025,284.4586348609684,281.41693,280.44442926286524,277.81488
Therapy A,South,70,82,12,180.86118244940107,access_expansion,0,0.6,144.43147846203024,43.32944353860907,0.55,20.993115394456094,20.88867203428468,1.0046542165592984,0.0,0.0,181.7318911593161,185.4429670395171,184.07997,183.09675656512607,187.12737
Therapy A,West,70,82,12,206.922969442079,access_expansion,0,0.65,163.6890089236343,49.10670267709029,0.6,25.216291824685864,25.090837636503352,1.0047087544368887,0.0,0.0,207.9910025253442,212.4278897087061,196.296,209.5944590598954,209.1412
Therapy B,East,70,82,12,312.3907134746611,access_expansion,0,0.72,143.6713127859143,43.10139383577429,0.4046755373782051,26.637599474272598,26.50507410375383,1.0047234349169742,0.0,0.0,286.3587448495367,236.60972714172368,312.94864,290.2454819193941,307.12277
Therapy B,North,70,82,12,440.068663651753,access_expansion,0,0.68,214.6201092234029,64.38603276702086,0.5444725411997668,35.439072684507536,35.262758890057256,1.004789225794508,0.0,0.0,422.7840255222397,386.5409251696525,433.6682,417.72166942295206,424.20355
Therapy B,South,70,82,12,280.46981562237386,access_expansion,0,0.55,144.43147846203024,43.32944353860907,0.4414642225944055,20.148977118095093,20.048733450840903,1.0046407708134557,0.0,0.0,269.1473075072239,245.39425764804983,288.79913,265.78829652747106,256.75195
Therapy B,West,70,82,12,325.806763696353,access_expansion,0,0.6,163.6890089236343,49.10670267709029,0.478252907810606,24.532082703109218,24.410032540407183,1.004701117049536,0.0,0.0,312.7949415763608,285.5069401123293,297.23157,308.95499262900273,277.0785
Therapy C,East,70,82,12,960.3947052471,access_expansion,0,0.66,143.6713127859143,100.56991895014,0.0,66.37614650709241,66.04591692248002,1.0048852095756315,0.0,0.0,950.2063257584988,931.818544112018,906.76935,950.2871982508517,908.41095
Therapy C,North,70,82,12,1492.5258878844943,access_expansion,0,0.76,214.6201092234029,150.234076456382,0.0,114.17789810685034,113.60984886253765,1.0049326201367708,0.0,0.0,1476.8045770225908,1448.5165640540358,1353.0844,1477.0152525222495,1387.5632
Therapy C,South,70,82,12,982.1163565041708,access_expansion,0,0.7,144.43147846203024,101.10203492342116,0.0,70.7714244463948,70.41932780735803,1.0048921849405028,0.0,0.0,971.8786247065505,953.5379934567388,969.2497,972.0536188443758,908.41095
Therapy C,West,70,82,12,1121.8165622602337,access_expansion,0,0.72,163.6890089236343,114.582306246544,0.0,82.49926049751167,82.08881641543452,1.0049072272118955,0.0,0.0,1110.0529667165792,1088.9259693617564,1033.7272,1110.2255651218177,1067.2411
Therapy D,East,70,82,12,0.0,access_expansion,0,,143.6713127859143,43.10139383577429,1.1246755373782051,0.0,0.0,1.0,0.0,0.0,0.0,0.0,0.0,0.0,0.0
Therapy D,North,70,82,12,0.0,access_expansion,0,,214.6201092234029,64.38603276702086,1.2244725411997668,0.0,0.0,1.0,0.0,0.0,0.0,0.0,0.0039760596,0.0,0.0
Therapy D,South,70,82,12,0.0,access_expansion,0,,144.43147846203024,43.32944353860907,0.9914642225944056,0.0,0.0,1.0,0.0,0.0,0.0,0.0,0.0,0.0,0.0
Therapy D,West,70,82,12,0.0,access_expansion,0,,163.6890089236343,49.10670267709029,1.078252907810606,0.0,0.0,1.0,0.0,0.0,0.0,0.0,0.005557733,0.0,0.0
Therapy A,East,73,85,12,155.31477050701753,overlapping_competitor_launch,0,0.55,143.85056617602206,43.155169852806615,,23.73534341904364,17.665708335765817,1.310298768763119,0.0,-0.72,161.75833661259284,178.82310615774355,176.1074,188.9817639514105,164.58539
Therapy A,North,73,85,12,275.38874649392494,overlapping_competitor_launch,0,0.74,214.8878828061564,64.4663648418469,,47.705109982966704,36.17044159902551,1.303022790687118,0.0,-0.68,277.56410417201414,282.1989977291983,282.92572,325.73243766629787,295.20944
Therapy A,South,73,85,12,180.01310180187386,overlapping_competitor_launch,0,0.6,144.61168028277345,43.38350408483203,,26.030102450899218,20.91473405880709,1.2242634250084992,0.0,-0.55,181.34138752362296,184.09004334296537,179.88013,205.26667942443237,190.48233
Therapy A,West,73,85,12,205.9287253414689,overlapping_competitor_launch,0,0.65,163.8932376538099,49.16797129614297,,31.959181342492933,25.122142547830276,1.2530638512667902,0.0,-0.6,207.519182278076,210.8138784815756,196.11969,238.09724674221158,206.59814
Therapy B,East,73,85,12,314.8984562949728,overlapping_competitor_launch,0,0.72,143.85056617602206,43.155169852806615,,31.071722294020763,26.538143505682633,1.1594474947420372,0.0,-0.4046755373782051,294.88389386958164,247.712432475624,308.51788,323.9490353728472,304.1975
Therapy B,North,73,85,12,440.3405231393352,overlapping_competitor_launch,0,0.68,214.8878828061564,64.4663648418469,,43.83712809245589,35.30675493180716,1.2293008577828843,0.0,-0.5444725411997668,428.3357182576434,398.2943496564088,455.7364,477.1151580631788,485.85754
Therapy B,South,73,85,12,280.6909623489909,overlapping_competitor_launch,0,0.55,144.61168028277345,43.38350408483203,,23.86092724665762,20.073747515017953,1.1723901480718057,0.0,-0.4414642225944055,272.7861546230054,253.0943613359196,272.52747,295.7179739642847,249.09554
Therapy B,West,73,85,12,326.0072480831764,overlapping_competitor_launch,0,0.6,163.8932376538099,49.16797129614297,,29.50078277768578,24.44048803636293,1.1921480423186777,0.0,-0.478252907810606,316.97556528388475,294.3538798709172,287.61688,346.92834375080145,272.7759
Therapy C,East,73,85,12,962.3207172230182,overlapping_competitor_launch,0,0.66,143.85056617602206,100.69539632321543,0.0,66.45896157332218,66.12831997345492,1.00486071612597,0.0,0.0,953.254008371566,937.6524778564054,909.67633,953.8619960926776,912.30426
Therapy C,North,73,85,12,1495.5041807436985,overlapping_competitor_launch,0,0.76,214.8878828061564,150.42151796430943,0.0,114.32035365287517,113.75159567450268,1.0049180732802117,0.0,0.0,1481.5021852692405,1457.4843545274389,1340.4464,1482.5270447358255,1370.3413
Therapy C,South,73,85,12,984.0617794303608,overlapping_competitor_launch,0,0.7,144.61168028277345,101.2281761979414,0.0,70.85972333855896,70.50718740155123,1.00486913999296,0.0,0.0,974.9328898998072,959.3452422930897,998.7536,975.629000122579,915.1677
Therapy C,West,73,85,12,1124.048024917239,overlapping_competitor_launch,0,0.72,163.8932376538099,114.72526635766692,0.0,82.60219177752019,82.19123559952259,1.004887323424484,0.0,0.0,1113.5656167678162,1095.6200924473494,1064.2172,1114.3421172736785,1069.7302
Therapy D,East,73,85,12,2.4373806294612947,overlapping_competitor_launch,0,,143.85056617602206,43.155169852806615,1.1246755373782051,0.0,0.0,1.0,0.0,0.0,0.0,0.0,0.0,0.0,0.0
Therapy D,North,73,85,12,4.482502934406644,overlapping_competitor_launch,0,,214.8878828061564,64.4663648418469,1.2244725411997668,0.0,0.0,1.0,0.0,0.0,0.0,0.0,0.0025942554,0.0,0.0
Therapy D,South,73,85,12,2.9984402348558774,overlapping_competitor_launch,0,,144.61168028277345,43.38350408483203,0.9914642225944056,0.0,0.0,1.0,0.0,0.0,0.0,0.0,0.0,0.0,0.0
Therapy D,West,73,85,12,3.473846091084721,overlapping_competitor_launch,0,,163.8932376538099,49.16797129614297,1.078252907810606,0.0,0.0,1.0,0.0,0.0,0.0,0.0,0.004009664,0.0,0.0
Therapy A,East,76,88,12,152.51918690187665,overlapping_competitor_launch,0,0.55,144.03004321396338,43.20901296418901,,23.764957130303955,17.68774918752972,1.3102987687631182,0.0,-0.72,159.64134897183095,172.79618803407774,171.86552,186.6868541804444,158.39957
Therapy A,North,76,88,12,270.96366128273587,overlapping_competitor_launch,0,0.74,215.1559904801182,64.54679714403545,,47.764629886586235,36.21557012296389,1.3030227906871183,0.0,-0.68,277.11408738756364,280.47259735679023,277.08673,324.89632184437426,281.96664
Therapy A,South,76,88,12,177.09514376693286,overlapping_competitor_launch,0,0.6,144.79210693467223,43.43763208040167,,26.062579248241,20.940828599954834,1.2242634250084996,0.0,-0.55,181.0838693971137,183.0591570642349,178.50665,204.79941777779695,182.49812
Therapy A,West,76,88,12,202.5328357085631,overlapping_competitor_launch,0,0.65,164.09772119262848,49.22931635778854,,31.999055632562552,25.153486517138724,1.2530638512667907,0.0,-0.6,207.20497910652605,209.5823937284548,198.03893,237.52347070126265,200.95058
Therapy B,East,76,88,12,313.15125569520904,overlapping_competitor_launch,0,0.72,144.03004321396338,43.20901296418901,,31.110489334216084,26.5712541670827,1.159447494742037,0.0,-0.4046755373782051,301.88252113409635,263.24880197020883,302.92984,330.2649755711881,306.02206
Therapy B,North,76,88,12,434.0329243549321,overlapping_competitor_launch,0,0.68,215.1559904801182,64.54679714403545,,43.89182205794411,35.35080586579326,1.2293008577828846,0.0,-0.5444725411997668,432.9587893217228,408.0327273822296,680.2807,483.47938739510676,631.78125
Therapy B,South,76,88,12,276.7238685832965,overlapping_competitor_launch,0,0.55,144.79210693467223,43.43763208040167,,23.89069764422092,20.09879278831893,1.172390148071806,0.0,-0.4414642225944055,275.81527553771707,259.47702512498057,272.10312,299.7640260751367,253.26616
Therapy B,West,76,88,12,321.25735088660883,overlapping_competitor_launch,0,0.6,164.09772119262848,49.22931635778854,,29.537589814673122,24.47098153051602,1.1921480423186779,0.0,-0.478252907810606,320.45627856913165,301.68620186019035,297.05087,351.6270273487363,276.16666
Therapy C,East,76,88,12,964.0953969073274,overlapping_competitor_launch,0,0.66,144.03004321396338,100.82103024977437,0.0,66.54187996485109,66.21082583567275,1.00486071612597,0.0,0.0,955.9180415716808,942.5426354161438,907.4297,956.9574761433648,928.69006
Therapy C,North,76,88,12,1498.2504744330686,overlapping_competitor_launch,0,0.76,215.1559904801182,150.6091933360827,0.0,114.46298693542286,113.89351933872923,1.0049180732802119,0.0,0.0,1485.611769185629,1465.0057191894848,1319.2256,1487.2980982317736,1377.9812
Therapy C,South,76,88,12,985.8575708847565,overlapping_competitor_launch,0,0.7,144.79210693467223,101.35447485427056,0.0,70.94813239798938,70.5951566149148,1.0048691399929606,0.0,0.0,977.6079382750572,964.22016551608,974.14667,978.7304760094692,929.819
Therapy C,West,76,88,12,1126.106605101319,overlapping_competitor_launch,0,0.72,164.09772119262848,114.86840483483994,0.0,82.70525148108474,82.29378256824354,1.004887323424484,0.0,0.0,1116.6400962316357,1101.2366730312542,1082.3295,1117.909389641799,1092.313
Therapy D,East,76,88,12,11.247352502676524,overlapping_competitor_launch,0,,144.03004321396338,43.20901296418901,1.1246755373782051,0.0,0.0,1.0,0.0,0.0,0.0,0.0,0.0,0.0,0.0
Therapy D,North,76,88,12,20.58637188961261,overlapping_competitor_launch,0,,215.1559904801182,64.54679714403545,1.2244725411997668,0.0,0.0,1.0,0.0,0.0,0.0,0.0,0.0029314337,0.0,0.0
Therapy D,South,76,88,12,13.772578249450325,overlapping_competitor_launch,0,,144.79210693467223,43.43763208040167,0.9914642225944056,0.0,0.0,1.0,0.0,0.0,0.0,0.0,0.00040379446,0.0,0.0
Therapy D,West,76,88,12,15.94872859639773,overlapping_competitor_launch,0,,164.09772119262848,49.22931635778854,1.078252907810606,0.0,0.0,1.0,0.0,0.0,0.0,0.0,0.0067295497,0.0,0.0
Therapy A,East,77,89,12,151.5016477884913,overlapping_competitor_launch,0,0.55,144.0899186410144,43.22697559230432,,23.774836575767377,17.69510224743681,1.3102987687631193,0.0,-0.72,159.05480843478455,171.1052902881341,172.82684,186.03923218789626,163.64108
Therapy A,North,77,89,12,269.2389662938929,overlapping_competitor_launch,0,0.74,215.2454340192932,64.57363020578795,,47.78448635228308,36.23062547307433,1.3030227906871183,0.0,-0.68,277.00447826642244,279.9978705086392,280.28906,324.67839485727256,293.72067
Therapy A,South,77,89,12,175.9567158844972,overlapping_competitor_launch,0,0.6,144.8522991629245,43.45568974887736,,26.073413849326418,20.949534013264756,1.2242634250084996,0.0,-0.55,181.0225570524838,182.7764645502268,178.2467,204.67899372444896,191.895
Therapy A,West,77,89,12,201.209211743716,overlapping_competitor_launch,0,0.65,164.16593905131447,49.24978171539434,,32.01235811500632,25.16394319488059,1.2530638512667907,0.0,-0.6,207.1293088541129,209.24422927806984,198.01263,237.37477507018326,208.92398
Therapy B,East,77,89,12,312.1461736929401,overlapping_competitor_launch,0,0.72,144.0899186410144,43.22697559230432,,31.12342242645911,26.582300231883014,1.1594474947420377,0.0,-0.4046755373782051,303.9272090409244,267.7710773277978,309.44318,332.06471501298887,307.1291
Therapy B,North,77,89,12,431.3677855980014,overlapping_competitor_launch,0,0.68,215.2454340192932,64.57363020578795,,43.91006853993581,35.36550172056481,1.2293008577828846,0.0,-0.5444725411997668,434.3237295739028,410.8917050284547,430.14352,485.35679336844566,419.69867
Therapy B,South,77,89,12,275.0438752141744,overlapping_competitor_launch,0,0.55,144.8522991629245,43.45568974887736,,23.90062936188255,20.107148154842164,1.172390148071806,0.0,-0.4414642225944055,276.7093103559758,261.351158603584,283.4001,300.9574643742511,257.97034
Therapy B,West,77,89,12,319.2532068409711,overlapping_competitor_launch,0,0.6,164.16593905131447,49.24978171539434,,29.549869029236604,24.481154480803344,1.192148042318678,0.0,-0.478252907810606,321.48375636314614,303.8390901332435,304.20816,353.0130539134657,281.35095
Therapy C,East,77,89,12,964.6590447333092,overlapping_competitor_launch,0,0.66,144.0899186410144,100.86294304871008,0.0,66.56954241214865,66.23835065885437,1.0048607161259702,0.0,0.0,956.734908955738,943.9964898027348,923.0506,957.8982750492453,925.8705
Therapy C,North,77,89,12,1499.1231137553625,overlapping_competitor_launch,0,0.76,215.2454340192932,150.6718038135052,0.0,114.51057089826395,113.94086656543676,1.0049180732802119,0.0,0.0,1486.8725828908964,1467.2428063260306,1369.7954,1488.7489194812747,1387.096
Therapy C,South,77,89,12,986.4285690711408,overlapping_competitor_launch,0,0.7,144.8522991629245,101.39660941404716,0.0,70.97762658983301,70.6245040694856,1.0048691399929601,0.0,0.0,978.4292931464512,965.6710559894792,993.87537,979.6743404236912,927.5355
Therapy C,West,77,89,12,1126.760910822995,overlapping_competitor_launch,0,0.72,164.16593905131447,114.91615733592012,0.0,82.73963328186248,82.32799331528605,1.0048873234244842,0.0,0.0,1117.5836635155392,1102.9076829435498,1119.0388,1118.9945221989271,1104.0334
Therapy D,East,77,89,12,14.776201275300387,overlapping_competitor_launch,0,,144.0899186410144,43.22697559230432,1.1246755373782051,0.0,0.0,1.0,0.0,0.0,0.0,0.0,0.0,0.0,0.0
Therapy D,North,77,89,12,26.99248531220301,overlapping_competitor_launch,0,,215.2454340192932,64.57363020578795,1.2244725411997668,0.0,0.0,1.0,0.0,0.0,0.0,0.0,0.0025094168,0.0,0.0
Therapy D,South,77,89,12,18.05935600153516,overlapping_competitor_launch,0,,144.8522991629245,43.45568974887736,0.9914642225944056,0.0,0.0,1.0,0.0,0.0,0.0,0.0,0.0,0.0,0.0
Therapy D,West,77,89,12,20.90877889534692,overlapping_competitor_launch,0,,164.16593905131447,49.24978171539434,1.078252907810606,0.0,0.0,1.0,0.0,0.0,0.0,0.0,0.00737157,0.0,0.0
Therapy A,East,78,90,12,150.42925212349903,overlapping_competitor_launch,0,0.55,144.1498189591693,43.24494568775079,1.22,13.62864463349466,17.70245836412007,0.7821776340141006,0.0,0.5,158.52006958158432,169.5530979124557,171.9789,137.0479093534911,103.8078
Therapy A,North,78,90,12,267.3710383548842,overlapping_competitor_launch,0,0.74,215.3349147414752,64.60047442244253,1.33,25.551425648308694,36.24568708191731,0.7128724888310449,0.0,0.65,276.91252063054367,279.5677745230639,278.1787,228.56012818181387,165.04556
Therapy A,South,78,90,12,174.72337326047216,overlapping_competitor_launch,0,0.6,144.91251641397972,43.47375492419391,1.1,16.041815567027555,20.95824304554423,0.7761010537901704,0.0,0.55,180.97196475376927,182.52079249828537,179.29062,156.65379404628536,112.903824
Therapy A,West,78,90,12,199.77592379556867,overlapping_competitor_launch,0,0.65,164.234185269177,49.2702555807531,1.2,18.57488635394392,25.174404219618626,0.7478636835321685,0.0,0.6,207.0663401767904,208.93812499277087,199.85345,175.5379580131446,123.8989
Therapy B,East,78,90,12,310.9175469142652,overlapping_competitor_launch,0,0.72,144.1498189591693,43.24494568775079,0.9046755373782052,21.277454486483343,26.593350888696452,0.8073486462859879,0.0,0.5,305.84367637835226,272.0005855547148,313.4339,270.35447827338004,177.14105
Therapy B,North,78,90,12,428.3992313308276,overlapping_competitor_launch,0,0.68,215.3349147414752,64.60047442244253,1.194472541199767,25.56341130989258,35.380203684621335,0.7301611486337413,0.0,0.6500000000000001,435.61012288496056,413.5766732859304,429.26044,360.9651225451951,228.22833
Therapy B,South,78,90,12,273.17095358229494,overlapping_competitor_launch,0,0.55,144.91251641397972,43.47375492419391,0.9914642225944056,15.613300727190346,20.115506994815302,0.7867819953965384,0.0,0.55,277.55173057633465,263.1113058190517,280.31644,239.71416546176354,160.12047
Therapy B,West,78,90,12,317.022263913096,overlapping_competitor_launch,0,0.6,164.234185269177,49.2702555807531,1.078252907810606,18.40573611526292,24.49133166013712,0.7612680409948631,0.0,0.6000000000000001,322.4520003860387,305.86102587715385,304.13626,273.42004300573,166.21873
Therapy C,East,78,90,12,965.2104844290354,overlapping_competitor_launch,0,0.66,144.1498189591693,100.9048732714185,0.0,66.59721635913621,66.26588692451362,1.004925668117547,0.0,0.0,957.520539769794,945.372630976318,924.0659,958.8253829263774,949.8688
Therapy C,North,78,90,12,1499.9770364479728,overlapping_competitor_launch,0,0.76,215.3349147414752,150.7344403190326,0.0,114.55817464246476,113.98823347508932,1.0049565172900836,0.0,0.0,1488.0855162535406,1469.3607931859071,1369.7771,1490.1625913147404,1447.2863
Therapy C,South,78,90,12,986.987496019157,overlapping_competitor_launch,0,0.7,144.91251641397972,101.4387614897858,0.0,71.00713304285006,70.6538637242289,1.0049302200922587,0.0,0.0,979.219767871428,967.045158699564,1012.965,980.6039705955895,950.51105
Therapy C,West,78,90,12,1127.4012694085136,overlapping_competitor_launch,0,0.72,164.234185269177,114.96392968842387,0.0,82.7740293756652,82.36221828424397,1.0049400207899586,0.0,0.0,1118.4915513574738,1104.4899555212291,1082.0691,1120.0588930781005,1109.902
Therapy D,East,78,90,12,18.638443658701053,overlapping_competitor_launch,0,0.5,144.1498189591693,43.24494568775079,1.1246755373782051,13.111079651079473,0.0,4.0,0.5,0.0,0.0,0.0,0.0,160.6099650447931,0.09894547
Therapy D,North,78,90,12,33.9752896618155,overlapping_competitor_launch,0,0.65,215.3349147414752,64.60047442244253,1.2244725411997668,23.994715514170032,0.0,4.0,0.65,0.0,0.0,0.0,0.0048413696,293.9338729189484,0.89576125
Therapy D,South,78,90,12,22.732559900668548,overlapping_competitor_launch,0,0.55,144.91251641397972,43.47375492419391,0.9914642225944056,15.613300727190346,0.0,4.0,0.55,0.0,0.0,0.0,0.0019814444,191.26202805284782,0.09303767
Therapy D,West,78,90,12,26.313732165270167,overlapping_competitor_launch,0,0.6,164.234185269177,49.2702555807531,1.078252907810606,18.40573611526292,0.0,4.0,0.6,0.0,0.0,0.0,0.007998154,225.46919954472824,0.5787779
Therapy A,East,79,91,12,149.29722850469528,overlapping_competitor_launch,0,0.55,144.20974417877562,43.262923253632685,1.22,13.63431026338234,17.70981753885024,0.7821727942025485,0.0,0.5,158.03302103078906,168.12878017133357,169.19044,136.63817075409207,97.158646
Therapy A,North,79,91,12,265.3537415974552,overlapping_competitor_launch,0,0.74,215.4244326621216,64.62732979863648,1.33,25.562047755254685,36.26075495209467,0.7128692853755895,0.0,0.65,276.83685333903054,279.1791482467478,278.75293,228.4558124257586,158.15295
Therapy A,South,79,91,12,173.39115287470435,overlapping_competitor_launch,0,0.6,144.97275869824003,43.491827609472,1.1,16.048484387895165,20.9669556982977,0.7760968166024168,0.0,0.55,180.93126719199395,182.290237960035,178.79242,156.59095047466712,104.67516
Therapy A,West,79,91,12,198.2284615687343,overlapping_competitor_launch,0,0.65,164.30245985800536,49.29073795740161,1.2,18.58260820994041,25.18486959315993,0.7478596805788875,0.0,0.6,207.01509449524136,208.66181718608567,200.06467,175.46295685869967,116.80701
Therapy B,East,79,91,12,309.4629441619959,overlapping_competitor_launch,0,0.72,144.20974417877562,43.262923253632685,0.9046755373782052,21.286299840171417,26.60440613943198,0.807345745009025,0.0,0.5,307.64050805116915,275.9566177525589,313.30798,271.6552406901674,170.54742
Therapy B,North,79,91,12,425.12325202601335,overlapping_competitor_launch,0,0.68,215.4244326621216,64.62732979863648,1.194472541199767,25.574038399456015,35.394911760502566,0.7301580664442051,0.0,0.6500000000000001,436.8231313448256,416.0984495736367,467.55096,362.14947248370873,212.10223
Therapy B,South,79,91,12,271.1025163597974,overlapping_competitor_launch,0,0.55,144.97275869824003,43.491827609472,0.9914642225944056,15.619791408077852,20.12386930968229,0.7867777992955126,0.0,0.55,278.34592050590874,264.7645124589432,280.92502,240.52632757430558,151.82909
Therapy B,West,79,91,12,314.56168469975853,overlapping_competitor_launch,0,0.6,164.30245985800536,49.29073795740161,1.078252907810606,18.4133876529942,24.501513070275426,0.7612641492877712,0.0,0.6000000000000001,323.36489723456555,307.76012026244246,306.78592,274.33446562423995,156.55797
Therapy C,East,79,91,12,965.7506493026737,overlapping_competitor_launch,0,0.66,144.20974417877562,100.94682092514292,0.0,66.62490181059432,66.2934346374073,1.0049256985465675,0.0,0.0,958.2772567289176,946.6766544609792,929.8674,959.6890293212241,926.61414
Therapy C,North,79,91,12,1500.81367322065,overlapping_competitor_launch,0,0.76,215.4244326621216,150.79710286348512,0.0,114.6057981762487,114.03562007586933,1.004956535201908,0.0,0.0,1489.2541287521417,1471.3682546650905,1366.3687,1491.4951300010055,1389.3381
Therapy C,South,79,91,12,987.53527460357,overlapping_competitor_launch,0,0.7,144.97275869824003,101.48093108876802,0.0,71.03665176213761,70.68323558421652,1.004930248684239,0.0,0.0,979.9816578027256,968.347998885021,1024.2606,981.471578879005,934.7476
Therapy C,West,79,91,12,1128.0287470696949,overlapping_competitor_launch,0,0.72,164.30245985800536,115.01172190060376,0.0,82.80843976843471,82.39645748102956,1.004940045414985,0.0,0.0,1119.3664120655123,1105.9898777249473,1112.2479,1121.0559028607001,1090.5825
Therapy D,East,79,91,12,22.847693777424084,overlapping_competitor_launch,0,0.5,144.20974417877562,43.262923253632685,1.1246755373782051,13.11653012152085,0.0,4.0,0.5,0.0,0.0,0.0,0.0,160.89682961813375,0.13091728
Therapy D,North,79,91,12,41.55259041534925,overlapping_competitor_launch,0,0.65,215.4244326621216,64.62732979863648,1.2244725411997668,24.004690473604324,0.0,4.0,0.65,0.0,0.0,0.0,0.004214874,294.45886658930846,1.0299795
Therapy D,South,79,91,12,27.804227602121763,overlapping_competitor_launch,0,0.55,144.97275869824003,43.491827609472,0.9914642225944056,15.619791408077852,0.0,4.0,0.55,0.0,0.0,0.0,0.00032116185,191.60364010698368,0.07883185
Therapy D,West,79,91,12,32.17698060228699,overlapping_competitor_launch,0,0.6,164.30245985800536,49.29073795740161,1.078252907810606,18.4133876529942,0.0,4.0,0.6,0.0,0.0,0.0,0.0048042233,225.8719088393279,0.48385936
Therapy A,East,82,94,12,145.52871709638202,overlapping_competitor_launch,0,0.55,144.3896693498439,43.31690080495317,1.22,13.651321288680991,17.731913424037543,0.78215828554278,0.0,0.5,156.8216128807403,164.52676702946445,171.42937,135.59903494824596,126.76871
Therapy A,North,82,94,12,258.4101940445102,overlapping_competitor_launch,0,0.74,215.69320976951985,64.70796293085596,1.33,25.593940578041458,36.305996156667725,0.7128596825657557,0.0,0.65,276.69545868698674,278.23324714644025,278.7368,228.23045110287723,211.54672
Therapy A,South,82,94,12,168.80519974679976,overlapping_competitor_launch,0,0.6,145.15363585434042,43.54609075630213,1.1,16.068507489075483,20.993115394456094,0.7760841146397122,0.0,0.55,180.86118244940107,181.7318911593161,178.37051,156.45852356232365,136.92271
Therapy A,West,82,94,12,192.9065272136965,overlapping_competitor_launch,0,0.65,164.50745396825243,49.35223619047573,1.2,18.605793043809353,25.216291824685864,0.7478476809351079,0.0,0.6,206.922969442079,207.9910025253442,199.4498,175.30288412828585,156.77818
Therapy B,East,82,94,12,303.78752112330534,overlapping_competitor_launch,0,0.72,144.3896693498439,43.31690080495317,0.9046755373782052,21.312857970219866,26.637599474272598,0.8073370478861795,0.0,0.5,312.3907134746611,286.3587448495367,313.11832,275.017845950027,230.5283
Therapy B,North,82,94,12,413.5293378190303,overlapping_competitor_launch,0,0.68,215.69320976951985,64.70796293085596,1.194472541199767,25.60594618252665,35.439072684507536,0.7301488271362749,0.0,0.6500000000000001,440.068663651753,422.7840255222397,492.70218,365.31163651836016,326.6231
Therapy B,South,82,94,12,263.7737155119644,overlapping_competitor_launch,0,0.55,145.15363585434042,43.54609075630213,0.9914642225944056,15.639279644862087,20.148977118095093,0.7867652204619152,0.0,0.55,280.46981562237386,269.1473075072239,281.072,242.69390346429537,205.31485
Therapy B,West,82,94,12,305.86291635792134,overlapping_competitor_launch,0,0.6,164.50745396825243,49.35223619047573,1.078252907810606,18.43636135662482,24.532082703109218,0.7612524831065943,0.0,0.6000000000000001,325.806763696353,312.7949415763608,309.51602,276.77538821859105,217.38687
Therapy C,East,82,94,12,967.3118196584978,overlapping_competitor_launch,0,0.66,144.3896693498439,101.07276854489072,0.0,66.70802723962788,66.37614650709241,1.004925789760038,0.0,0.0,960.3947052471,950.2063257584988,932.68933,962.0834954656038,944.3059
Therapy C,North,82,94,12,1503.232629801998,overlapping_competitor_launch,0,0.76,215.69320976951985,150.9852468386639,0.0,114.74878759738456,114.17789810685034,1.00495658889351,0.0,0.0,1492.5258878844943,1476.8045770225908,1404.7158,1495.1915835578545,1437.0582
Therapy C,South,82,94,12,989.11995230821,overlapping_competitor_launch,0,0.7,145.15363585434042,101.60754509803829,0.0,71.12528156862679,70.7714244463948,1.0049303343909006,0.0,0.0,982.1163565041708,971.8786247065505,996.11176,983.8802017203215,948.2827
Therapy C,West,82,94,12,1129.8434050844544,overlapping_competitor_launch,0,0.72,164.50745396825243,115.1552177777767,0.0,82.91175679999922,82.49926049751167,1.004940119230156,0.0,0.0,1121.8165622602337,1110.0529667165792,1088.1321,1123.8225304934879,1097.4072
Therapy D,East,82,94,12,37.56955925550524,overlapping_competitor_launch,0,0.5,144.3896693498439,43.31690080495317,1.1246755373782051,13.132895131661991,0.0,4.0,0.5,0.0,0.0,0.0,0.0,161.6536127088715,0.18218088
Therapy D,North,82,94,12,67.80622469458915,overlapping_competitor_launch,0,0.65,215.69320976951985,64.70796293085596,1.2244725411997668,24.03464023923562,0.0,4.0,0.65,0.0,0.0,0.0,0.0043890416,295.8438627491548,1.7842628
Therapy D,South,82,94,12,45.381031786343485,overlapping_competitor_launch,0,0.55,145.15363585434042,43.54609075630213,0.9914642225944056,15.639279644862087,0.0,4.0,0.55,0.0,0.0,0.0,0.00037515297,192.50485360696945,0.14316598
Therapy D,West,82,94,12,52.477741086095634,overlapping_competitor_launch,0,0.6,164.50745396825243,49.35223619047573,1.078252907810606,18.43636135662482,0.0,4.0,0.6,0.0,0.0,0.0,0.0072103334,226.9343041748229,1.040406
Therapy A,East,84,96,12,142.73382346583543,overlapping_competitor_launch,0,0.55,144.50974416104637,43.35292324831391,1.22,13.662673761706127,17.746659327717758,0.7821486220761862,0.0,0.5,156.19055246402917,162.60066930107251,170.43286,135.0406785068197,112.06307
Therapy A,North,84,96,12,253.1257898973384,overlapping_competitor_launch,0,0.74,215.8725807837853,64.7617742351356,1.33,25.615224563223187,36.33618831413758,0.7128532869849804,0.0,0.65,276.66193974468894,277.76020930816685,278.57065,228.1427506953076,189.45671
Therapy A,South,84,96,12,165.31564035929114,overlapping_competitor_launch,0,0.6,145.2743459820043,43.58230379460129,1.1,16.081870100207876,21.01057332187495,0.7760756546596294,0.0,0.55,180.8513703254281,181.4552084449916,178.21176,156.4103260370238,122.06036
Therapy A,West,84,96,12,188.8612183668621,overlapping_competitor_launch,0,0.65,164.64425877960483,49.39327763388145,1.2,18.62126566797331,25.237261756217045,0.7478396888472539,0.0,0.6,206.90527570645384,207.65707871294288,198.63403,175.24254911744416,138.75873
Therapy B,East,84,96,12,299.0429506988247,overlapping_competitor_launch,0,0.72,144.50974416104637,43.35292324831391,0.9046755373782052,21.330581796366726,26.659751368810234,0.8073312553903575,0.0,0.5,315.0927399035869,292.2276469114948,315.75305,276.87247121680485,209.64563
Therapy B,North,84,96,12,404.5495318798602,overlapping_competitor_launch,0,0.68,215.8725807837853,64.7617742351356,1.194472541199767,25.62724015159918,35.468543906243454,0.7301426736437527,0.0,0.6500000000000001,441.9461700521948,426.59768887682463,443.96082,367.1346073074689,271.73392
Therapy B,South,84,96,12,258.0919796336955,overlapping_competitor_launch,0,0.55,145.2743459820043,43.58230379460129,0.9914642225944056,15.652285309042602,20.165733058005987,0.7867568424587987,0.0,0.55,281.6975672035397,271.6470742409087,282.29498,243.94269720940179,189.86902
Therapy B,West,84,96,12,299.1336776613496,overlapping_competitor_launch,0,0.6,164.64425877960483,49.39327763388145,1.078252907810606,18.451693080972728,24.552483644618704,0.7612447130973592,0.0,0.6000000000000001,327.2187591260373,315.66682648050687,313.5098,278.1820495987211,199.68382
Therapy C,East,84,96,12,968.3104436782228,overlapping_competitor_launch,0,0.66,144.50974416104637,101.15682091273246,0.0,66.76350180240343,66.43134507701834,1.004925850507738,0.0,0.0,961.6973220248184,952.2851570036364,948.2262,963.5392178777743,957.52856
Therapy C,North,84,96,12,1504.7806346070147,overlapping_competitor_launch,0,0.76,215.8725807837853,151.11080654864972,0.0,114.8442129769738,114.27284873330727,1.004956624651382,0.0,0.0,1494.5399440209198,1480.008417421842,1387.1237,1497.4403817764792,1421.6964
Therapy C,South,84,96,12,990.1347226662808,overlapping_competitor_launch,0,0.7,145.2743459820043,101.692042187403,0.0,71.1844295311821,70.83027814047969,1.0049303914709866,0.0,0.0,983.431704480264,973.961298541298,1033.4647,985.3469782402647,961.7033
Therapy C,West,84,96,12,1131.005016280681,overlapping_competitor_launch,0,0.72,164.64425877960483,115.2509811457234,0.0,82.98070642492084,82.56786708947348,1.0049401683903856,0.0,0.0,1123.325462421922,1112.448459770245,1102.1959,1125.506369424501,1127.8589
Therapy D,East,84,96,12,48.97927046181677,overlapping_competitor_launch,0,0.5,144.50974416104637,43.35292324831391,1.1246755373782051,13.143816480194586,0.0,4.0,0.5,0.0,0.0,0.0,0.0,162.08253135268927,0.20516233
Therapy D,North,84,96,12,87.92018057455265,overlapping_competitor_launch,0,0.65,215.8725807837853,64.7617742351356,1.2244725411997668,24.05462750634442,0.0,4.0,0.65,0.0,0.0,0.0,0.0023790926,296.6288309677169,1.5008181
Therapy D,South,84,96,12,58.85198174110164,overlapping_competitor_launch,0,0.55,145.2743459820043,43.58230379460129,0.9914642225944056,15.652285309042602,0.0,4.0,0.55,0.0,0.0,0.0,0.0,193.01563044241297,0.12751266
Therapy D,West,84,96,12,68.01786943335009,overlapping_competitor_launch,0,0.6,164.64425877960483,49.39327763388145,1.078252907810606,18.451693080972728,0.0,4.0,0.6,0.0,0.0,0.0,0.00550877,227.5364333345201,0.7415416
Therapy A,East,85,97,12,141.27201770154724,overlapping_competitor_launch,0,0.55,144.56981900690215,43.37094570207064,1.22,13.668353538007564,13.600351779112005,1.0046575424979038,0.0,0.0,155.31477050701753,161.75833661259284,165.03812,149.69026852441655,95.980515
Therapy A,North,85,97,12,250.33621120679348,overlapping_competitor_launch,0,0.74,215.9623222201872,64.78869666605615,1.33,25.625873192325187,25.498381285895704,1.004811309228815,0.0,0.0,275.38874649392494,277.56410417201414,276.11578,263.8378540339445,173.7905
Therapy A,South,85,97,12,163.47391600262077,overlapping_competitor_launch,0,0.6,145.33473868418733,43.600421605256194,1.1,16.088555572339537,16.00851300730302,1.004706029563087,0.0,0.0,180.01310180187386,181.34138752362296,178.34273,174.13823660508328,96.377686
Therapy A,West,85,97,12,186.7274287461248,overlapping_competitor_launch,0,0.65,164.712703842079,49.4138111526237,1.2,18.629006804539138,18.536325178645903,1.0047440665041008,0.0,0.0,205.9287253414689,207.519182278076,196.74405,198.34026047474555,113.81142
Therapy B,East,85,97,12,296.44639237415663,overlapping_competitor_launch,0,0.72,144.56981900690215,43.37094570207064,0.9046755373782052,21.339449235866187,21.233282821757406,1.004775111932858,0.0,0.0,314.8984562949728,294.88389386958164,302.03262,304.0937460005653,173.50043
Therapy B,North,85,97,12,399.7879091194986,overlapping_competitor_launch,0,0.68,215.9623222201872,64.78869666605615,1.194472541199767,25.637893775759647,25.51034206543247,1.0048113943612027,0.0,0.0,440.3405231393352,428.3357182576434,497.56897,421.0976186404887,264.5275
Therapy B,South,85,97,12,255.07811943284105,overlapping_competitor_launch,0,0.55,145.33473868418733,43.600421605256194,0.9914642225944056,15.658792196399505,15.580887757611448,1.0046984479918628,0.0,0.0,280.6909623489909,272.7861546230054,275.03778,270.61487029176493,150.70326
Therapy B,West,85,97,12,295.5679230198408,overlapping_competitor_launch,0,0.6,164.712703842079,49.4138111526237,1.078252907810606,18.45936372369688,18.367526093230722,1.0047418358970617,0.0,0.0,326.0072480831764,316.97556528388475,305.48553,313.14270068345627,165.28572
Therapy C,East,85,97,12,968.799015460703,overlapping_competitor_launch,0,0.66,144.56981900690215,101.1988733048315,0.0,66.79125638118879,66.45896157332218,1.0049258808632182,0.0,0.0,962.3207172230182,953.254008371566,941.4614,964.2309982551837,956.18713
Therapy C,North,85,97,12,1505.538170309978,overlapping_competitor_launch,0,0.76,215.9623222201872,151.17362555413104,0.0,114.89195542113958,114.32035365287517,1.0049566425193681,0.0,0.0,1495.5041807436985,1481.5021852692405,1405.658,1498.5094722558438,1416.5222
Therapy C,South,85,97,12,990.6314891279968,overlapping_competitor_launch,0,0.7,145.33473868418733,101.73431707893111,0.0,71.21402195525178,70.85972333855896,1.0049304199937366,0.0,0.0,984.0617794303608,974.9328898998072,964.23785,986.0446984156285,959.69293
Therapy C,West,85,97,12,1131.5735521342467,overlapping_competitor_launch,0,0.72,164.712703842079,115.2988926894553,0.0,83.01520273640782,82.60219177752019,1.0049401929555473,0.0,0.0,1124.048024917239,1113.5656167678162,1121.957,1126.307075869934,1117.072
Therapy D,East,85,97,12,55.071281803369146,overlapping_competitor_launch,0,0.5,144.56981900690215,43.37094570207064,1.1246755373782051,13.1492805598218,13.083861253554034,1.0046449837221492,0.0,0.0,2.4373806294612947,0.0,5.1909175,26.32490634594807,3.822295
Therapy D,North,85,97,12,98.58791116753493,overlapping_competitor_launch,0,0.65,215.9623222201872,64.78869666605615,1.2244725411997668,24.06462737208324,23.944902857794258,1.0047995582492948,0.0,0.0,4.482502934406644,0.0,6.412764,48.1963606450844,7.0140486
Therapy D,South,85,97,12,65.99810564382173,overlapping_competitor_launch,0,0.55,145.33473868418733,43.600421605256194,0.9914642225944056,15.658792196399505,15.580887757611448,1.0046984479918628,0.0,0.0,2.9984402348558774,0.0,5.28314,31.430721786701273,3.8159938
Therapy D,West,85,97,12,76.25586268616689,overlapping_competitor_launch,0,0.6,164.712703842079,49.4138111526237,1.078252907810606,18.45936372369688,18.367526093230722,1.0047418358970617,0.0,0.0,3.473846091084721,0.0,5.3881335,37.00030711137012,4.35912
Therapy A,East,88,100,12,136.75438990437772,overlapping_competitor_launch,0,0.55,144.7501934300332,43.42505802900995,1.22,13.685407037842488,13.617320435664166,1.0046577940762056,0.0,0.0,152.51918690187665,159.64134897183095,159.5391,146.70657069171202,152.22093
Therapy A,North,88,100,12,241.6527084824983,overlapping_competitor_launch,0,0.74,216.2317704325188,64.86953112975561,1.33,25.657845647752236,25.53019467438034,1.0048114524189389,0.0,0.0,270.96366128273587,277.11408738756364,273.96555,258.35763681262586,235.84813
Therapy A,South,88,100,12,157.7427848101721,overlapping_competitor_launch,0,0.6,145.5160674693456,43.65482024080367,1.1,16.108628668856557,16.028486237668215,1.0047062477680666,0.0,0.0,177.09514376693286,181.0838693971137,172.59225,170.64903667876723,152.78526
Therapy A,West,88,100,12,180.09207796631077,overlapping_competitor_launch,0,0.65,164.91820979859165,49.47546293957749,1.2,18.652249528220718,18.559452266886282,1.0047442580097723,0.0,0.0,202.5328357085631,207.20497910652605,195.38705,194.25081623979574,176.89761
Therapy B,East,88,100,12,288.0981315294961,overlapping_competitor_launch,0,0.72,144.7501934300332,43.42505802900995,0.9046755373782052,21.366073678452434,21.259774804430283,1.004775281308746,0.0,0.0,313.15125569520904,301.88252113409635,303.7396,301.47476502886707,258.85614
Therapy B,North,88,100,12,384.9415607589832,overlapping_competitor_launch,0,0.68,216.2317704325188,64.86953112975561,1.194472541199767,25.669881228824636,25.54217037693994,1.0048115374892534,0.0,0.0,434.0329243549321,432.9587893217228,460.60492,414.01811509860664,332.7359
Therapy B,South,88,100,12,245.6789818471273,overlapping_competitor_launch,0,0.55,145.5160674693456,43.65482024080367,0.9914642225944056,15.678329093026738,15.600327455748,1.0046986714640693,0.0,0.0,276.7238685832965,275.81527553771707,276.63333,266.32147830133795,224.94086
Therapy B,West,88,100,12,284.46001677405764,overlapping_competitor_launch,0,0.6,164.91820979859165,49.47546293957749,1.078252907810606,18.48239478997268,18.390442577087242,1.004742028981054,0.0,0.0,321.25735088660883,320.45627856913165,309.9927,307.9621701835992,259.41806
Therapy C,East,88,100,12,970.2281693890164,overlapping_competitor_launch,0,0.66,144.7501934300332,101.32513540102325,0.0,66.87458936467534,66.54187996485109,1.0049259384477112,0.0,0.0,964.0953969073274,955.9180415716808,940.6358,964.166730978517,971.75867
Therapy C,North,88,100,12,1507.7547226529075,overlapping_competitor_launch,0,0.76,216.2317704325188,151.3622393027631,0.0,115.03530187009996,114.46298693542286,1.004956676414772,0.0,0.0,1498.2504744330686,1485.611769185629,1461.1741,1498.3747845869132,1489.7363
Therapy C,South,88,100,12,992.0856434743152,overlapping_competitor_launch,0,0.7,145.5160674693456,101.8612472285419,0.0,71.30287305997932,70.94813239798938,1.0049304741014715,0.0,0.0,985.8575708847565,977.6079382750572,984.59985,985.9522613472714,977.27454
Therapy C,West,88,100,12,1133.237393208638,overlapping_competitor_launch,0,0.72,164.91820979859165,115.44274685901416,0.0,83.1187777384902,82.70525148108474,1.0049402395556166,0.0,0.0,1126.106605101319,1116.6400962316357,1127.1943,1126.2063996979791,1139.5574
Therapy D,East,88,100,12,74.36078840022199,overlapping_competitor_launch,0,0.5,144.7501934300332,43.42505802900995,1.1246755373782051,13.165686431475088,13.100185503955311,1.0046452438237312,0.0,0.0,11.247352502676524,0.0,18.945948,33.63233009827507,16.238699
Therapy D,North,88,100,12,132.0891480220297,overlapping_competitor_launch,0,0.65,216.2317704325188,64.86953112975561,1.2244725411997668,24.094651918768847,23.974778028625725,1.0047997099855612,0.0,0.0,20.58637188961261,0.0,22.784372,61.552966769227524,34.007782
Therapy D,South,88,100,12,88.44732874877113,overlapping_competitor_launch,0,0.55,145.5160674693456,43.65482024080367,0.9914642225944056,15.678329093026738,15.600327455748,1.0046986714640693,0.0,0.0,13.772578249450325,0.0,19.558907,40.37287625997648,16.468124
Therapy D,West,88,100,12,102.11227218453688,overlapping_competitor_launch,0,0.6,164.91820979859165,49.47546293957749,1.078252907810606,18.48239478997268,18.390442577087242,1.004742028981054,0.0,0.0,15.94872859639773,0.0,20.551514,47.349544868349916,17.702608
Therapy A,East,91,103,12,132.27736307319554,persistence_change,0,0.55,144.93079289966946,43.47923786990084,1.22,13.70248181469925,13.63431026338234,1.0046577940762054,0.0,0.0,149.29722850469528,158.03302103078906,154.24187,144.4341949630067,162.76016
Therapy A,North,91,103,12,232.9996765827448,persistence_change,0,0.74,216.50155482543207,64.95046644762964,1.33,25.689857994030948,25.562047755254685,1.0048114524189389,0.0,0.0,265.3537415974552,276.83685333903054,273.1626,253.7442509569785,263.48688
Therapy A,South,91,103,12,152.0344541962374,persistence_change,0,0.6,145.6976224917312,43.70928674751936,1.1,16.128726809834642,16.048484387895165,1.0047062477680666,0.0,0.0,173.39115287470435,180.93126719199395,171.71805,167.58011628868044,162.31233
Therapy A,West,91,103,12,173.48883651686305,persistence_change,0,0.65,165.12397215729536,49.53719164718861,1.2,18.67552125099011,18.58260820994041,1.0047442580097719,0.0,0.0,198.2284615687343,207.01509449524136,189.79503,190.69906151334564,192.27663
Therapy B,East,91,103,12,279.5237574915151,persistence_change,0,0.72,144.93079289966946,43.47923786990084,0.9046755373782052,21.392731339372272,21.286299840171417,1.004775281308746,0.0,0.0,309.4629441619959,307.64050805116915,296.31873,298.95790402830386,289.92004
Therapy B,North,91,103,12,370.1679551317198,persistence_change,0,0.68,216.50155482543207,64.95046644762964,1.194472541199767,25.701908591453286,25.574038399456015,1.0048115374892532,0.0,0.0,425.12325202601335,436.8231313448256,433.66345,407.24778728531635,402.18573
Therapy B,South,91,103,12,236.32620934469327,persistence_change,0,0.55,145.6976224917312,43.70928674751936,0.9914642225944056,15.69789036511824,15.619791408077852,1.0046986714640695,0.0,0.0,271.1025163597974,278.34592050590874,270.35474,262.0418496131751,241.29944
Therapy B,West,91,103,12,273.41994353254904,persistence_change,0,0.6,165.12397215729536,49.53719164718861,1.078252907810606,18.505454591259163,18.4133876529942,1.0047420289810536,0.0,0.0,314.56168469975853,323.36489723456555,302.25595,302.8647816789617,288.6734
Therapy C,East,91,103,12,971.6118918808304,persistence_change,0,0.66,144.93079289966946,101.4515550297686,0.0,66.95802631964727,66.62490181059432,1.0049259384477107,0.0,0.0,965.7506493026737,958.2772567289176,946.18567,965.9597763757251,951.62787
Therapy C,North,91,103,12,1509.9016226647402,persistence_change,0,0.76,216.50155482543207,151.5510883778025,0.0,115.1788271671299,114.6057981762487,1.0049566764147717,0.0,0.0,1500.81367322065,1489.2541287521417,1469.6299,1501.14924092494,1471.6537
Therapy C,South,91,103,12,993.4948892871524,persistence_change,0,0.7,145.6976224917312,101.98833574421184,0.0,71.39183502094828,71.03665176213761,1.0049304741014715,0.0,0.0,987.53527460357,979.9816578027256,1008.9388,987.7662480226104,960.5041
Therapy C,West,91,103,12,1134.8493385644474,persistence_change,0,0.72,165.12397215729536,115.58678051010672,0.0,83.22248196727683,82.80843976843471,1.0049402395556157,0.0,0.0,1128.0287470696949,1119.3664120655123,1127.7885,1128.2859824942616,1114.5382
Therapy D,East,91,103,12,94.15113314008072,persistence_change,0,0.5,144.93079289966946,43.47923786990084,1.1246755373782051,13.182112772128452,13.11653012152085,1.004645243823731,0.0,0.0,22.847693777424084,0.0,31.896404,22.54820715880454,35.143444
Therapy D,North,91,103,12,166.109185940724,persistence_change,0,0.65,216.50155482543207,64.95046644762964,1.2244725411997668,24.124713925972333,24.004690473604324,1.004799709985561,0.0,0.0,41.55259041534925,0.0,39.788414,41.01379888237523,61.586613
Therapy D,South,91,103,12,111.25617681388526,persistence_change,0,0.55,145.6976224917312,43.70928674751936,0.9914642225944056,15.69789036511824,15.619791408077852,1.0046986714640695,0.0,0.0,27.804227602121763,0.0,34.38699,27.443595427930962,38.812263
Therapy D,West,91,103,12,128.3526427126971,persistence_change,0,0.6,165.12397215729536,49.53719164718861,1.078252907810606,18.505454591259163,18.4133876529942,1.0047420289810536,0.0,0.0,32.17698060228699,0.0,35.655254,31.760087185167336,46.865677
Therapy A,East,94,106,12,117.58579450412508,persistence_change,0,0.55,145.11161769659307,43.53348530897792,1.22,13.719577895124393,13.651321288680991,1.0046577940762051,0.0,0.0,145.52871709638202,156.8216128807403,152.08086,141.58691610883835,159.16382
Therapy A,North,94,106,12,206.41098224021752,persistence_change,0,0.74,216.77167581836744,65.03150274551022,1.33,25.721910280931656,25.593940578041458,1.0048114524189389,0.0,0.0,258.4101940445102,276.69545868698674,274.19128,248.89016977854735,259.9252
Therapy A,South,94,106,12,134.6307981782967,persistence_change,0,0.6,145.87940403361208,43.76382121008362,1.1,16.148850026520854,16.068507489075483,1.0047062477680662,0.0,0.0,168.80519974679976,180.86118244940107,168.67307,164.26987473432354,160.17041
Therapy A,West,94,106,12,153.55216354775246,persistence_change,0,0.65,165.32999123809367,49.5989973714281,1.2,18.698822009028394,18.605793043809353,1.0047442580097719,0.0,0.0,192.9065272136965,206.922969442079,190.37927,186.8996121108215,186.86319
Therapy B,East,94,106,12,271.1619350241993,persistence_change,0,0.72,145.11161769659307,43.53348530897792,0.9046755373782052,21.41942226007096,21.312857970219866,1.0047752813087458,0.0,0.0,303.78752112330534,312.3907134746611,291.6961,295.71478822595566,290.09808
Therapy B,North,94,106,12,356.07151419543175,persistence_change,0,0.68,216.77167581836744,65.03150274551022,1.194472541199767,25.73397591343928,25.60594618252665,1.0048115374892534,0.0,0.0,413.5293378190303,440.068663651753,420.98532,399.3748507566859,396.88696
Therapy B,South,94,106,12,227.4101655976676,persistence_change,0,0.55,145.87940403361208,43.76382121008362,0.9914642225944056,15.717476043086393,15.639279644862087,1.0046986714640693,0.0,0.0,263.7737155119644,280.46981562237386,269.21228,256.95212099884293,241.14017
Therapy B,West,94,106,12,262.90731500237354,persistence_change,0,0.6,165.32999123809367,49.5989973714281,1.078252907810606,18.52854316340794,18.43636135662482,1.0047420289810538,0.0,0.0,305.86291635792134,325.806763696353,300.93674,296.86135238721306,284.44434
Therapy C,East,94,106,12,972.9601534458444,persistence_change,0,0.66,145.11161769659307,101.57813238761514,0.0,67.04156737582599,66.70802723962788,1.0049259384477107,0.0,0.0,967.3118196584978,960.3947052471,938.47406,968.6411422232269,948.8596
Therapy C,North,94,106,12,1511.9941595297823,persistence_change,0,0.76,216.77167581836744,151.7401730728572,0.0,115.32253153537148,114.74878759738456,1.0049566764147722,0.0,0.0,1503.232629801998,1492.5258878844943,1453.8022,1505.316527867275,1472.7686
Therapy C,South,94,106,12,994.8690902234424,persistence_change,0,0.7,145.87940403361208,102.11558282352844,0.0,71.48090797646991,71.12528156862679,1.0049304741014715,0.0,0.0,989.11995230821,982.1163565041708,981.57697,990.4936766920222,957.37317
Therapy C,West,94,106,12,1136.4207827474454,persistence_change,0,0.72,165.32999123809367,115.73099386666556,0.0,83.3263155839992,82.91175679999922,1.0049402395556162,0.0,0.0,1129.8434050844544,1121.8165622602337,1153.9097,1131.4097075938776,1104.0988
Therapy D,East,94,106,12,113.13432884547063,persistence_change,0,0.5,145.11161769659307,43.53348530897792,1.1246755373782051,13.198559607320297,13.132895131661991,1.0046452438237308,0.0,0.0,37.56955925550524,0.0,44.04634,36.15904129333235,49.99826
Therapy D,North,94,106,12,198.4300871226729,persistence_change,0,0.65,216.77167581836744,65.03150274551022,1.2244725411997668,24.15481344043179,24.03464023923562,1.0047997099855612,0.0,0.0,67.80622469458915,0.0,57.212593,65.29487913615174,75.787224
Therapy D,South,94,106,12,132.9446695086329,persistence_change,0,0.55,145.87940403361208,43.76382121008362,0.9914642225944056,15.717476043086393,15.639279644862087,1.0046986714640693,0.0,0.0,45.381031786343485,0.0,47.423668,43.69867977499129,57.33174
Therapy D,West,94,106,12,153.2796408698611,persistence_change,0,0.6,165.32999123809367,49.5989973714281,1.078252907810606,18.52854316340794,18.43636135662482,1.0047420289810538,0.0,0.0,52.477741086095634,0.0,49.099964,50.53529426087129,66.76157
Therapy A,East,97,109,12,106.79512025205725,persistence_change,0,0.55,145.2926681019366,43.58780043058098,1.22,13.736695305697596,13.668353538007564,1.0046577940762051,0.0,0.0,141.27201770154724,155.31477050701753,146.18744,138.17695255249927,144.90878
Therapy A,North,97,109,12,186.8208618159898,persistence_change,0,0.74,217.04213383128808,65.11264014938641,1.33,25.754002558286807,25.625873192325187,1.0048114524189389,0.0,0.0,250.33621120679348,275.38874649392494,269.6985,242.76961336424273,254.1338
Therapy A,South,97,109,12,121.80522144670432,persistence_change,0,0.6,146.0614123776082,43.81842371328246,1.1,16.168998350201228,16.088555572339537,1.0047062477680662,0.0,0.0,163.47391600262077,180.01310180187386,164.37479,160.11070896873747,155.05478
Therapy A,West,97,109,12,138.85639726428832,persistence_change,0,0.65,165.5362673612893,49.66088020838679,1.2,18.722151838561825,18.629006804539138,1.0047442580097716,0.0,0.0,186.7274287461248,205.9287253414689,180.37631,182.13210941109398,181.00365
Therapy B,East,97,109,12,263.2073377801251,persistence_change,0,0.72,145.2926681019366,43.58780043058098,0.9046755373782052,21.44614648204551,21.339449235866187,1.0047752813087456,0.0,0.0,296.44639237415663,314.8984562949728,277.99786,290.5562889634979,280.31415
Therapy B,North,97,109,12,342.87449832633354,persistence_change,0,0.68,217.04213383128808,65.11264014938641,1.194472541199767,25.76608324463843,25.637893775759647,1.004811537489253,0.0,0.0,399.7879091194986,440.3405231393352,397.17374,389.08413652787067,378.05353
Therapy B,South,97,109,12,219.0777401433572,persistence_change,0,0.55,146.0614123776082,43.81842371328246,0.9914642225944056,15.737086157381498,15.658792196399505,1.0046986714640693,0.0,0.0,255.07811943284105,280.6909623489909,255.11234,250.29709286200568,226.74411
Therapy B,West,97,109,12,253.09564152172652,persistence_change,0,0.6,165.5362673612893,49.66088020838679,1.078252907810606,18.551660542315357,18.45936372369688,1.0047420289810534,0.0,0.0,295.5679230198408,326.0072480831764,283.9303,289.044148221234,274.4834
Therapy C,East,97,109,12,974.280829657933,persistence_change,0,0.66,145.2926681019366,101.70486767135564,0.0,67.12521266309473,66.79125638118879,1.0049259384477112,0.0,0.0,968.799015460703,962.3207172230182,908.60266,970.2168630319485,911.04175
Therapy C,North,97,109,12,1514.044410889667,persistence_change,0,0.76,217.04213383128808,151.92949368190162,0.0,115.46641519824523,114.89195542113958,1.0049566764147717,0.0,0.0,1505.538170309978,1495.5041807436985,1433.5961,1507.757858343109,1472.9717
Therapy C,South,97,109,12,996.2160382550306,persistence_change,0,0.7,146.0614123776082,102.24298866432574,0.0,71.570092065028,71.21402195525178,1.0049304741014713,0.0,0.0,990.6314891279968,984.0617794303608,982.92163,992.092844593428,946.0967
Therapy C,West,97,109,12,1137.9607269109438,persistence_change,0,0.72,165.5362673612893,115.8753871529025,0.0,83.4302787500898,83.01520273640782,1.0049402395556155,0.0,0.0,1131.5735521342467,1124.048024917239,1103.2765,1133.2410666787164,1100.1416
Therapy D,East,97,109,12,130.32561554234314,persistence_change,0,0.5,145.2926681019366,43.58780043058098,1.1246755373782051,13.215026962620904,13.1492805598218,1.0046452438237308,0.0,0.0,55.071281803369146,2.4373806294612947,53.947838,52.261440618936106,88.377625
Therapy D,North,97,109,12,227.3983534670528,persistence_change,0,0.65,217.04213383128808,65.11264014938641,1.2244725411997668,24.184950508943647,24.06462737208324,1.0047997099855612,0.0,0.0,98.58791116753493,4.482502934406644,84.868774,93.63186507980713,141.9012
Therapy D,South,97,109,12,152.41085005619402,persistence_change,0,0.55,146.0614123776082,43.81842371328246,0.9914642225944056,15.737086157381498,15.658792196399505,1.0046986714640693,0.0,0.0,65.99810564382173,2.9984402348558774,58.57772,62.67757146720655,98.80712
Therapy D,West,97,109,12,175.63310300156297,persistence_change,0,0.6,165.5362673612893,49.66088020838679,1.078252907810606,18.551660542315357,18.45936372369688,1.0047420289810534,0.0,0.0,76.25586268616689,3.473846091084721,62.687534,72.4255220506111,117.4627
Therapy A,East,100,112,12,98.9232161361674,persistence_change,0,0.55,145.47394439718337,43.64218331915501,1.22,13.753834073031701,13.685407037842488,1.0046577940762056,0.0,0.0,136.75438990437772,152.51918690187665,147.49648,134.52909219596498,153.1073
Therapy A,North,100,112,12,172.49350841705774,persistence_change,0,0.74,217.3129292846813,65.1938787854044,1.33,25.786134875991,25.657845647752236,1.0048114524189393,0.0,0.0,241.6527084824983,270.96366128273587,240.71886,236.07821145296828,236.048
Therapy A,South,100,112,12,112.42349560518966,persistence_change,0,0.6,146.24364780669228,43.87309434200768,1.1,16.189171812200833,16.108628668856557,1.004706247768066,0.0,0.0,157.7427848101721,177.09514376693286,157.49045,155.5558577896199,159.18726
Therapy A,West,100,112,12,128.1046187631234,persistence_change,0,0.65,165.74280084758456,49.72284025427537,1.2,18.745510775861817,18.652249528220718,1.0047442580097716,0.0,0.0,180.09207796631077,202.5328357085631,168.34427,176.9219085341896,177.8707
Therapy B,East,100,112,12,256.13269362917777,persistence_change,0,0.72,145.47394439718337,43.64218331915501,0.9046755373782052,21.4729040468447,21.366073678452434,1.0047752813087463,0.0,0.0,288.0981315294961,313.15125569520904,269.2606,284.3496324197675,268.1605
Therapy B,North,100,112,12,331.2395043641224,persistence_change,0,0.68,217.3129292846813,65.1938787854044,1.194472541199767,25.798230634968757,25.669881228824636,1.0048115374892537,0.0,0.0,384.9415607589832,434.0329243549321,399.44946,377.673520355562,383.072
Therapy B,South,100,112,12,211.7439505296146,persistence_change,0,0.55,146.24364780669228,43.87309434200768,0.9914642225944056,15.756720738491868,15.678329093026738,1.0046986714640693,0.0,0.0,245.6789818471273,276.7238685832965,245.77388,242.89606692212394,220.70436
Therapy B,West,100,112,12,244.46474406059792,persistence_change,0,0.6,165.74280084758456,49.72284025427537,1.078252907810606,18.57480676392254,18.48239478997268,1.0047420289810536,0.0,0.0,284.46001677405764,321.25735088660883,277.72235,280.3781569360672,263.27307
Therapy C,East,100,112,12,975.5801356918856,persistence_change,0,0.66,145.47394439718337,101.83176107802836,0.0,67.20896231149872,66.87458936467534,1.0049259384477112,0.0,0.0,970.2281693890164,964.0953969073274,923.46265,971.7165381055443,935.12427
Therapy C,North,100,112,12,1516.061908765154,persistence_change,0,0.76,217.3129292846813,152.1190504992769,0.0,115.61047837945046,115.03530187009996,1.0049566764147722,0.0,0.0,1507.7547226529075,1498.2504744330686,1471.5645,1510.082603653522,1476.302
Therapy C,South,100,112,12,997.541883179174,persistence_change,0,0.7,146.24364780669228,102.3705534646846,0.0,71.65938742527922,71.30287305997932,1.0049304741014717,0.0,0.0,992.0856434743152,985.8575708847565,1007.6345,993.6168306500974,938.78143
Therapy C,West,100,112,12,1139.4762750704638,persistence_change,0,0.72,165.74280084758456,116.01996059330918,0.0,83.53437162718261,83.1187777384902,1.0049402395556157,0.0,0.0,1133.237393208638,1126.106605101319,1141.227,1134.9855546580573,1125.4678
Therapy D,East,100,112,12,145.4726686265165,persistence_change,0,0.5,145.47394439718337,43.64218331915501,1.1246755373782051,13.231514863632464,13.165686431475088,1.0046452438237312,0.0,0.0,74.36078840022199,11.247352502676524,96.557175,70.00234813533332,138.92169
Therapy D,North,100,112,12,252.74192902282,persistence_change,0,0.65,217.3129292846813,65.1938787854044,1.2244725411997668,24.215125178362694,24.094651918768847,1.004799709985562,0.0,0.0,132.0891480220297,20.58637188961261,158.22293,124.46926113741435,204.54648
Therapy D,South,100,112,12,169.4629473807546,persistence_change,0,0.55,146.24364780669228,43.87309434200768,0.9914642225944056,15.756720738491868,15.678329093026738,1.0046986714640693,0.0,0.0,88.44732874877113,13.772578249450325,108.96707,83.34066918427041,147.15247
Therapy D,West,100,112,12,195.201418919716,persistence_change,0,0.6,165.74280084758456,49.72284025427537,1.078252907810606,18.57480676392254,18.48239478997268,1.0047420289810536,0.0,0.0,102.11227218453688,15.94872859639773,116.9599,96.22698986971506,173.67984
Therapy A,East,102,114,12,94.91969498604416,persistence_change,0,0.55,145.59492089423492,43.67847626827047,1.22,13.76527179594544,13.696787856662132,1.0046577940762051,0.0,0.0,133.7471323591862,150.42925212349903,142.63388,132.08640852773397,146.15439
Therapy A,North,102,114,12,165.19369875636772,persistence_change,0,0.74,217.49364726175835,65.2480941785275,1.33,25.80757869043298,25.67918277655023,1.004811452418939,0.0,0.0,235.84335378665216,267.3710383548842,236.88763,231.5648134617082,231.78531
Therapy A,South,102,114,12,107.642882414991,persistence_change,0,0.6,146.36526439102977,43.90957931730893,1.1,16.202634768086995,16.122024644862684,1.0047062477680664,0.0,0.0,153.9101278799271,174.72337326047216,152.19514,152.47374636348616,155.19415
Therapy A,West,102,114,12,122.62512399380223,persistence_change,0,0.65,165.8806329765004,49.76418989295012,1.2,18.7610995896422,18.667760785713636,1.0047442580097719,0.0,0.0,175.65802392273184,199.77592379556867,164.67978,173.40413322511117,175.09857
Therapy B,East,102,114,12,252.0020908650166,persistence_change,0,0.72,145.59492089423492,43.67847626827047,0.9046755373782052,21.49076096771033,21.383841758915754,1.004775281308746,0.0,0.0,282.3615833492012,310.9175469142652,269.25198,279.95956017979603,268.9103
Therapy B,North,102,114,12,324.4722285827949,persistence_change,0,0.68,217.49364726175835,65.2480941785275,1.194472541199767,25.819684508274243,25.691228366442036,1.0048115374892534,0.0,0.0,375.01814181792855,428.3992313308276,375.67462,369.9379911178485,377.6754
Therapy B,South,102,114,12,207.4847820881816,persistence_change,0,0.55,146.36526439102977,43.90957931730893,0.9914642225944056,15.76982406698042,15.691367230826291,1.0046986714640693,0.0,0.0,239.3964377087865,273.17095358229494,231.50499,237.86209255412493,213.83743
Therapy B,West,102,114,12,239.45280275257625,persistence_change,0,0.6,165.8806329765004,49.76418989295012,1.078252907810606,18.59025361981842,18.497764795839228,1.0047420289810538,0.0,0.0,277.0430053528135,317.022263913096,260.8358,274.49856559373967,259.49146
Therapy C,East,102,114,12,976.4369328737898,persistence_change,0,0.66,145.59492089423492,101.91644462596444,0.0,67.26485345313654,66.93020244093186,1.0049259384477114,0.0,0.0,971.155035706122,965.2104844290354,928.8949,972.682274255686,919.5859
Therapy C,North,102,114,12,1517.3924924458,persistence_change,0,0.76,217.49364726175835,152.24555308323082,0.0,115.70662034325542,115.13096551567706,1.004956676414772,0.0,0.0,1509.192711396343,1499.9770364479728,1475.6716,1511.5802363382159,1482.7976
Therapy C,South,102,114,12,998.4164956029376,persistence_change,0,0.7,146.36526439102977,102.45568507372084,0.0,71.71897955160459,71.36216870806427,1.0049304741014717,0.0,0.0,993.02947436759,986.987496019157,1019.2418,994.5991632545172,921.2559
Therapy C,West,102,114,12,1140.4759054461583,persistence_change,0,0.72,165.8806329765004,116.11644308355028,0.0,83.6038390201562,83.18789952254352,1.004940239555616,0.0,0.0,1134.317031641819,1127.4012694085136,1150.5365,1136.1096539541081,1123.2848
Therapy D,East,102,114,12,154.4245955113037,persistence_change,0,0.5,145.59492089423492,43.67847626827047,1.1246755373782051,13.242518224581538,13.176635049334866,1.004645243823731,0.0,0.0,87.57658626544335,18.638443658701053,147.11623,82.17625959746881,147.07245
Therapy D,North,102,114,12,267.65964540203146,persistence_change,0,0.65,217.49364726175835,65.2480941785275,1.2244725411997668,24.235262537199578,24.114689091740875,1.0047997099855615,0.0,0.0,154.8406896227202,33.9752896618155,232.51395,145.448209837159,208.56094
Therapy D,South,102,114,12,179.5099792447919,persistence_change,0,0.55,146.36526439102977,43.90957931730893,0.9914642225944056,15.76982406698042,15.691367230826291,1.0046986714640693,0.0,0.0,103.69977206304829,22.732559900668548,171.05396,97.40386330667219,155.40074
Therapy D,West,102,114,12,206.7259716583233,persistence_change,0,0.6,165.8806329765004,49.76418989295012,1.078252907810606,18.59025361981842,18.497764795839228,1.0047420289810538,0.0,0.0,119.66239895593556,26.313732165270167,200.35335,112.4106004532391,181.91928
Therapy A,East,103,115,12,94.27154957581944,epidemiology_change,0,0.55,,,1.22,0.0,13.70248181469925,0.06801572772565648,0.0,0.0,132.27736307319554,149.29722850469528,140.96936,57.41915430578238,153.64948
Therapy A,North,103,115,12,163.9045489467788,epidemiology_change,0,0.74,,,1.33,0.0,25.689857994030948,0.03746741553378234,0.0,0.0,232.9996765827448,265.3537415974552,235.04695,87.1340053761188,207.46274
Therapy A,South,103,115,12,106.7913144412068,epidemiology_change,0,0.6,,,1.1,0.0,16.128726809834642,0.0583814553820684,0.0,0.0,152.0344541962374,173.39115287470435,147.81404,63.52280605582477,154.4879
Therapy A,West,103,115,12,121.63891348267286,epidemiology_change,0,0.65,,,1.2,0.0,18.67552125099011,0.050824574721225146,0.0,0.0,173.48883651686305,198.2284615687343,158.95287,70.01787056290149,164.42558
Therapy B,East,103,115,12,251.35395576977527,epidemiology_change,0,0.72,,,0.9046755373782052,0.0,21.392731339372272,0.044657348174482796,0.0,0.0,279.5237574915151,309.4629441619959,256.35196,109.22219093420101,229.28809
Therapy B,North,103,115,12,322.8843227850486,epidemiology_change,0,0.68,,,1.194472541199767,0.0,25.701908591453286,0.037450506452564175,0.0,0.0,370.1679551317198,425.12325202601335,375.6757,138.41468520307495,239.97635
Therapy B,South,103,115,12,206.5171201047092,epidemiology_change,0,0.55,,,0.9914642225944056,0.0,15.69789036511824,0.059887804874380536,0.0,0.0,236.32620934469327,271.1025163597974,229.67416,99.3723163766627,221.2039
Therapy B,West,103,115,12,238.283786187649,epidemiology_change,0,0.6,,,1.078252907810606,0.0,18.505454591259163,0.05126771054329196,0.0,0.0,273.41994353254904,314.56168469975853,254.09378,110.58853271546032,225.40894
Therapy C,East,103,115,12,984.2996109115338,epidemiology_change,0,0.66,,,0.0,0.0,66.95802631964727,0.014714965312506302,0.0,0.0,971.6118918808304,965.7506493026737,926.4806,287.64150872071116,306.5129
Therapy C,North,103,115,12,1529.513887102008,epidemiology_change,0,0.76,,,0.0,0.0,115.1788271671299,0.008607420339692728,0.0,0.0,1509.9016226647402,1500.81367322065,1481.0737,390.9181461747988,350.06888
Therapy C,South,103,115,12,1006.4281472337882,epidemiology_change,0,0.7,,,0.0,0.0,71.39183502094828,0.013813712550740377,0.0,0.0,993.4948892871524,987.53527460357,1024.6483,289.5090649799431,306.63715
Therapy C,West,103,115,12,1149.613259621461,epidemiology_change,0,0.72,,,0.0,0.0,83.22248196727683,0.01187331430565692,0.0,0.0,1134.8493385644474,1128.0287470696949,1172.8405,318.4198443243891,324.56793
Therapy D,East,103,115,12,159.6767264281446,epidemiology_change,0,0.5,,,1.1246755373782051,0.0,13.182112772128452,0.07051135582317894,0.0,0.0,94.15113314008072,22.847693777424084,163.03519,41.23910614106258,158.20981
Therapy D,North,103,115,12,276.3991781889464,epidemiology_change,0,0.65,,,1.2244725411997668,0.0,24.124713925972333,0.03980144820539682,0.0,0.0,166.109185940724,41.55259041534925,249.12082,63.06483941521588,183.03476
Therapy D,South,103,115,12,185.40931446609608,epidemiology_change,0,0.55,,,0.9914642225944056,0.0,15.69789036511824,0.059887804874380536,0.0,0.0,111.25617681388526,27.804227602121763,191.47888,46.78187845463189,162.77328
Therapy D,West,103,115,12,213.4899758783887,epidemiology_change,0,0.6,,,1.078252907810606,0.0,18.505454591259163,0.05126771054329196,0.0,0.0,128.3526427126971,32.17698060228699,218.53882,51.914027354259694,165.51154
Therapy A,East,106,118,12,92.67204352205796,epidemiology_change,0,0.55,,,1.22,0.0,13.719577895124393,0.06793673073541279,0.0,0.0,117.58579450412508,145.52871709638202,132.67348,51.02698928003343,128.52106
Therapy A,North,106,118,12,160.72220884750274,epidemiology_change,0,0.74,,,1.33,0.0,25.721910280931656,0.03742247427249184,0.0,0.0,206.41098224021752,258.4101940445102,186.84875,77.16757466890294,164.54544
Therapy A,South,106,118,12,104.68930070410968,epidemiology_change,0,0.6,,,1.1,0.0,16.148850026520854,0.05831294800837904,0.0,0.0,134.6307981782967,168.80519974679976,139.78148,56.234727593903855,129.08293
Therapy A,West,106,118,12,119.20479080374206,epidemiology_change,0,0.65,,,1.2,0.0,18.698822009028394,0.050764456856439356,0.0,0.0,153.55216354775246,192.9065272136965,143.1609,61.9533509682092,134.2326
Therapy B,East,106,118,12,249.93284842806577,epidemiology_change,0,0.72,,,0.9046755373782052,0.0,21.41942226007096,0.04460418240933007,0.0,0.0,271.1619350241993,303.78752112330534,238.51642,105.92331056636021,219.48752
Therapy B,North,106,118,12,319.09328079084366,epidemiology_change,0,0.68,,,1.194472541199767,0.0,25.73397591343928,0.03740558468511584,0.0,0.0,356.07151419543175,413.5293378190303,353.86755,133.10374318479924,231.6455
Therapy B,South,106,118,12,204.21960538680963,epidemiology_change,0,0.55,,,0.9914642225944056,0.0,15.717476043086393,0.05981764217413404,0.0,0.0,227.4101655976676,263.7737155119644,222.92883,95.59520806327993,208.29091
Therapy B,West,106,118,12,235.4950120466522,epidemiology_change,0,0.6,,,1.078252907810606,0.0,18.52854316340794,0.05120709679326071,0.0,0.0,262.90731500237354,305.86291635792134,239.38931,106.30510825817409,217.45166
Therapy C,East,106,118,12,1005.4898718609472,epidemiology_change,0,0.66,,,0.0,0.0,67.04156737582599,0.014696898360329115,0.0,0.0,972.9601534458444,967.3118196584978,933.48035,287.9522013264478,284.43683
Therapy C,North,106,118,12,1562.2427278328817,epidemiology_change,0,0.76,,,0.0,0.0,115.32253153537148,0.008596786768657274,0.0,0.0,1511.9941595297823,1503.232629801998,1482.1631,391.33895233197217,316.5364
Therapy C,South,106,118,12,1028.0372130548003,epidemiology_change,0,0.7,,,0.0,0.0,71.48090797646991,0.013796736656839875,0.0,0.0,994.8690902234424,989.11995230821,946.93616,289.820403876413,284.43683
Therapy C,West,106,118,12,1174.2677247243191,epidemiology_change,0,0.72,,,0.0,0.0,83.3263155839992,0.011858694324239498,0.0,0.0,1136.4207827474454,1129.8434050844544,1103.1158,318.7625642666972,294.42517
Therapy D,East,106,118,12,174.0592685834941,epidemiology_change,0,0.5,,,1.1246755373782051,0.0,13.198559607320297,0.07042967932355855,0.0,0.0,113.13432884547063,37.56955925550524,161.2156,49.53957292512448,141.10548
Therapy D,North,106,118,12,300.3433531430651,epidemiology_change,0,0.65,,,1.2244725411997668,0.0,24.15481344043179,0.03975382295591514,0.0,0.0,198.4300871226729,67.80622469458915,249.53082,75.31321261744752,176.21158
Therapy D,South,106,118,12,201.5721346353606,epidemiology_change,0,0.55,,,0.9914642225944056,0.0,15.717476043086393,0.05981764217413404,0.0,0.0,132.9446695086329,45.381031786343485,188.9356,55.885247298338435,141.11816
Therapy D,West,106,118,12,232.02163374898367,epidemiology_change,0,0.6,,,1.078252907810606,0.0,18.52854316340794,0.05120709679326071,0.0,0.0,153.2796408698611,52.477741086095634,198.24594,61.977768919428975,146.31572
Therapy A,East,108,120,12,91.85217069067777,epidemiology_change,0,0.55,,,1.22,0.0,13.730987130514661,0.06788411334149762,0.0,0.0,110.0246876394972,142.73382346583543,120.73848,47.736558666267925,142.25768
Therapy A,North,108,120,12,159.08904372242878,epidemiology_change,0,0.74,,,1.33,0.0,25.743300686039298,0.03739254221981755,0.0,0.0,192.689794579792,253.1257898973384,166.5149,72.02344451591341,174.89867
Therapy A,South,108,120,12,103.61054050386235,epidemiology_change,0,0.6,,,1.1,0.0,16.162279450708912,0.05826731832866721,0.0,0.0,125.64785381691652,165.31564035929114,131.30457,52.47231901073666,142.67271
Therapy A,West,108,120,12,117.95560726394842,epidemiology_change,0,0.65,,,1.2,0.0,18.714371996313176,0.05072441567943488,0.0,0.0,143.2596753198778,188.8612183668621,134.23524,57.78926241980421,143.17693
Therapy B,East,108,120,12,249.36362890620492,epidemiology_change,0,0.72,,,0.9046755373782052,0.0,21.437234705348562,0.04456877209389895,0.0,0.0,265.77707326501513,299.0429506988247,232.46318,103.799224214894,243.82079
Therapy B,North,108,120,12,317.274075816526,epidemiology_change,0,0.68,,,1.194472541199767,0.0,25.755376352357175,0.03737566561689942,0.0,0.0,347.121439858815,404.5495318798602,361.34912,129.73214482369167,258.42358
Therapy B,South,108,120,12,203.12872191241053,epidemiology_change,0,0.55,,,0.9914642225944056,0.0,15.730546735587815,0.05977090980971255,0.0,0.0,221.75766878217465,258.0919796336955,209.7822,93.20088575902305,236.50691
Therapy B,West,108,120,12,234.15900703537545,epidemiology_change,0,0.6,,,1.078252907810606,0.0,18.543951546377592,0.051166725297441026,0.0,0.0,256.2504508931693,299.1336776613496,227.05023,103.59301417929689,238.70425
Therapy C,East,108,120,12,1017.7831386038584,epidemiology_change,0,0.66,,,0.0,0.0,67.09731931141543,0.01468486586714091,0.0,0.0,973.8432556070028,968.3104436782228,913.08545,288.15455069733866,310.59402
Therapy C,North,108,120,12,1581.2700552724143,epidemiology_change,0,0.76,,,0.0,0.0,115.41843404185866,0.008589704957210183,0.0,0.0,1513.3650577152864,1504.7806346070147,1482.48,391.6130806521485,340.0704
Therapy C,South,108,120,12,1040.5847987718405,epidemiology_change,0,0.7,,,0.0,0.0,71.54035167883801,0.013785430823762152,0.0,0.0,995.769674355518,990.1347226662808,971.6548,290.0233117862182,310.61288
Therapy C,West,108,120,12,1188.5896543316971,epidemiology_change,0,0.72,,,0.0,0.0,83.39560995704544,0.011848957552519222,0.0,0.0,1137.4504393550949,1131.005016280681,1148.1422,318.9858690643899,325.56174
Therapy D,East,108,120,12,182.55554979740893,epidemiology_change,0,0.5,,,1.1246755373782051,0.0,13.209535562595562,0.07037527691139657,0.0,0.0,124.815950803828,48.97927046181677,174.5644,54.64419648598341,167.73192
Therapy D,North,108,120,12,314.50208065636286,epidemiology_change,0,0.65,,,1.2244725411997668,0.0,24.174900643876143,0.03972210314336444,0.0,0.0,218.140801288171,87.92018057455265,304.4555,82.77780163706926,238.3971
Therapy D,South,108,120,12,211.12986643103,epidemiology_change,0,0.55,,,0.9914642225944056,0.0,15.730546735587815,0.05977090980971255,0.0,0.0,146.18710421210787,58.85198174110164,194.39348,61.43989370892165,168.21309
Therapy D,West,108,120,12,242.98033825717232,epidemiology_change,0,0.6,,,1.078252907810606,0.0,18.543951546377592,0.051166725297441026,0.0,0.0,168.48805665467205,68.01786943335009,219.46156,68.11377533671643,189.62234
Therapy A,East,109,121,12,91.5047066774768,epidemiology_change,0,0.55,163.54142721553987,49.06242816466196,1.22,15.462024236093217,13.736695305697596,1.1160506697546722,0.0,0.0,106.79512025205725,141.27201770154724,116.536385,113.68358278938364,115.64401
Therapy A,North,109,121,12,158.39600845411098,epidemiology_change,0,0.74,244.30262584049785,73.29078775214934,1.33,28.988705279607625,25.754002558286807,1.120319223200005,0.0,0.0,186.8208618159898,250.33621120679348,162.65486,198.65939800085715,175.81628
Therapy A,South,109,121,12,103.15273525305868,epidemiology_change,0,0.6,164.40672577223586,49.32201773167076,1.1,18.199824542986512,16.168998350201228,1.1173933147763222,0.0,0.0,121.80522144670432,163.47391600262077,124.09643,130.48934310040784,130.84866
Therapy A,West,109,121,12,117.42544102284036,epidemiology_change,0,0.65,186.32762254186727,55.89828676256018,1.2,21.073654109485194,18.722151838561825,1.1184487455750753,0.0,0.0,138.85639726428832,186.7274287461248,128.81908,148.37084689589878,145.284
Therapy B,East,109,121,12,249.1753582268255,epidemiology_change,0,0.72,163.54142721553987,49.06242816466196,0.9046755373782052,24.139782480190433,21.44614648204551,1.1193115894143113,0.0,0.0,263.2073377801251,296.44639237415663,233.19182,275.7464352857619,253.08351
Therapy B,North,109,121,12,316.54696195751774,epidemiology_change,0,0.68,244.30262584049785,73.29078775214934,1.194472541199767,29.00230330016502,25.76608324463843,1.1203215950922574,0.0,0.0,342.87449832633354,399.7879091194986,361.9881,358.73699795113174,360.21158
Therapy B,South,109,121,12,202.6968062422411,epidemiology_change,0,0.55,164.40672577223586,49.32201773167076,0.9914642225944056,17.713664178748623,15.737086157381498,1.1171831719699357,0.0,0.0,219.0777401433572,255.07811943284105,208.38315,230.29165654431534,210.79684
Therapy B,West,109,121,12,233.6258583385745,epidemiology_change,0,0.6,186.32762254186727,55.89828676256018,1.078252907810606,20.881749106430167,18.551660542315357,1.1183867992862748,0.0,0.0,253.09564152172652,295.5679230198408,226.15,265.64734547673504,242.28825
Therapy C,East,109,121,12,1023.4289486516408,epidemiology_change,0,0.66,163.54142721553987,114.4789990508779,0.0,75.55613937357941,67.12521266309473,1.123520019780814,0.0,0.0,974.280829657933,968.799015460703,932.1819,1016.9652125001799,995.22546
Therapy C,North,109,121,12,1590.0182749523242,epidemiology_change,0,0.76,244.30262584049785,171.01183808834847,0.0,129.96899694714483,115.46641519824523,1.1243823829606194,0.0,0.0,1514.044410889667,1505.538170309978,1481.5896,1580.633392066893,1472.985
Therapy C,South,109,121,12,1046.350161131619,epidemiology_change,0,0.7,164.40672577223586,115.08470804056508,0.0,80.55929562839555,71.570092065028,1.1236471890628887,0.0,0.0,996.2160382550306,990.6314891279968,973.15027,1039.8906139570545,999.5949
Therapy C,West,109,121,12,1195.171743474609,epidemiology_change,0,0.72,186.32762254186727,130.42933577930708,0.0,93.90912176110109,83.4302787500898,1.1239210837402935,0.0,0.0,1137.9607269109438,1131.5735521342467,1144.1737,1187.9083847718284,1149.1674
Therapy D,East,109,121,12,186.49583641830287,epidemiology_change,0,0.5,163.54142721553987,49.06242816466196,1.1246755373782051,14.874834349126093,13.215026962620904,1.1157034088781674,0.0,0.0,130.32561554234314,55.071281803369146,159.2192,126.11623102464176,148.15475
Therapy D,North,109,121,12,321.07356665814274,epidemiology_change,0,0.65,244.30262584049785,73.29078775214934,1.2244725411997668,27.22258029286697,24.184950508943647,1.1199919184434448,0.0,0.0,227.3983534670528,98.58791116753493,300.97302,220.54148482991891,286.3479
Therapy D,South,109,121,12,215.56601633963515,epidemiology_change,0,0.55,164.40672577223586,49.32201773167076,0.9914642225944056,17.713664178748623,15.737086157381498,1.1171831719699357,0.0,0.0,152.41085005619402,65.99810564382173,184.15721,147.72119197245814,168.43626
Therapy D,West,109,121,12,248.0668627991442,epidemiology_change,0,0.6,186.32762254186727,55.89828676256018,1.078252907810606,20.881749106430167,18.551660542315357,1.1183867992862748,0.0,0.0,175.63310300156297,76.25586268616689,196.72614,170.29402968341176,204.30463
Therapy A,East,112,124,12,90.67170815156275,epidemiology_change,0,0.55,163.7454718134696,49.12364154404088,1.22,15.481315632604483,13.753834073031701,1.1160506697546717,0.0,0.0,98.9232161361674,136.75438990437772,110.61431,107.50072526016922,109.567
Therapy A,North,112,124,12,156.73037597029125,epidemiology_change,0,0.74,244.6074332028373,73.38222996085119,1.33,29.02487341641547,25.786134875991,1.1203192232000052,0.0,0.0,172.49350841705774,241.6527084824983,137.12166,187.71792249672927,158.3194
Therapy A,South,112,124,12,102.05225554451428,epidemiology_change,0,0.6,164.61184997121282,49.383554991363845,1.1,18.222531791813257,16.189171812200833,1.1173933147763213,0.0,0.0,112.42349560518966,157.7427848101721,116.65919,122.76772698955304,124.51653
Therapy A,West,112,124,12,116.15076986566406,epidemiology_change,0,0.65,186.5600966340412,55.96802899021236,1.2,21.099946929310065,18.745510775861817,1.1184487455750751,0.0,0.0,128.1046187631234,180.09207796631077,119.154655,139.76847176027627,140.03505
Therapy B,East,112,124,12,248.93195537394365,epidemiology_change,0,0.72,163.7454718134696,49.12364154404088,0.9046755373782052,24.169900795128395,21.4729040468447,1.1193115894143109,0.0,0.0,256.13269362917777,288.0981315294961,206.9103,270.8982299488936,224.74799
Therapy B,North,112,124,12,314.98431518614086,epidemiology_change,0,0.68,244.6074332028373,73.38222996085119,1.194472541199767,29.038488402720837,25.798230634968757,1.1203215950922574,0.0,0.0,331.2395043641224,384.9415607589832,262.9732,351.35505289621506,266.79095
Therapy B,South,112,124,12,201.78551151739669,epidemiology_change,0,0.55,164.61184997121282,49.383554991363845,0.9914642225944056,17.735764863246448,15.756720738491868,1.1171831719699352,0.0,0.0,211.7439505296146,245.6789818471273,171.2811,224.97342275299997,170.96848
Therapy B,West,112,124,12,232.4836159773116,epidemiology_change,0,0.6,186.5600966340412,55.96802899021236,1.078252907810606,20.907802493471213,18.57480676392254,1.1183867992862748,0.0,0.0,244.46474406059792,284.46001677405764,199.39102,259.67146711576356,211.90866
Therapy C,East,112,124,12,1038.5538322897323,epidemiology_change,0,0.66,163.7454718134696,114.62183026942871,0.0,75.65040797782295,67.20896231149872,1.123520019780814,0.0,0.0,975.5801356918856,970.2281693890164,917.4217,1018.3512024123661,1018.68054
Therapy C,North,112,124,12,1613.4842617476193,epidemiology_change,0,0.76,244.6074332028373,171.22520324198612,0.0,130.13115446390947,115.61047837945046,1.1243823829606199,0.0,0.0,1516.061908765154,1507.7547226529075,1496.2075,1582.7852659250143,1499.2612
Therapy C,South,112,124,12,1061.8037851554925,epidemiology_change,0,0.7,164.61184997121282,115.22829497984895,0.0,80.65980648589426,71.65938742527922,1.123647189062888,0.0,0.0,997.541883179174,992.0856434743152,972.42035,1041.3040333105055,1021.981
Therapy C,West,112,124,12,1212.8190007133908,epidemiology_change,0,0.72,186.5600966340412,130.59206764382884,0.0,94.02628870355676,83.53437162718261,1.1239210837402935,0.0,0.0,1139.4762750704638,1133.237393208638,1149.2853,1189.5244716595448,1176.8427
Therapy D,East,112,124,12,197.1749635259515,epidemiology_change,0,0.5,163.7454718134696,49.12364154404088,1.1246755373782051,14.893393130504702,13.231514863632464,1.115703408878167,0.0,0.0,145.4726686265165,74.36078840022199,161.6084,140.86536279828525,163.5859
Therapy D,North,112,124,12,338.9054214455876,epidemiology_change,0,0.65,244.6074332028373,73.38222996085119,1.2244725411997668,27.25654490076505,24.215125178362694,1.119991918443445,0.0,0.0,252.74192902282,132.0891480220297,300.85898,245.29461032721076,298.9092
Therapy D,South,112,124,12,227.60409587767668,epidemiology_change,0,0.55,164.61184997121282,49.383554991363845,0.9914642225944056,17.735764863246448,15.756720738491868,1.1171831719699352,0.0,0.0,169.4629473807546,88.44732874877113,199.5827,164.36220720735685,191.60732
Therapy D,West,112,124,12,261.87046204388395,epidemiology_change,0,0.6,186.5600966340412,55.96802899021236,1.078252907810606,20.907802493471213,18.57480676392254,1.1183867992862748,0.0,0.0,195.201418919716,102.11227218453688,214.07236,189.3992659619409,225.77759
Therapy A,East,114,126,12,90.2614081996307,epidemiology_change,0,0.55,163.8816429585508,49.16449288756524,1.22,15.494189933516186,13.76527179594544,1.1160506697546717,0.0,0.0,94.91969498604416,133.7471323591862,105.53116,104.49136192317212,103.58081
Therapy A,North,114,126,12,155.90598140816817,epidemiology_change,0,0.74,244.8108493578352,73.44325480735056,1.33,29.049010573951364,25.80757869043298,1.1203192232000052,0.0,0.0,165.19369875636772,235.84335378665216,129.29834,182.49053354520976,158.09149
Therapy A,South,114,126,12,101.50737166261764,epidemiology_change,0,0.6,164.74874159854312,49.424622479562935,1.1,18.23768569495872,16.202634768086995,1.1173933147763215,0.0,0.0,107.642882414991,153.9101278799271,112.3855,118.89222718296858,117.29296
Therapy A,West,114,126,12,115.5193642329735,epidemiology_change,0,0.65,186.7152404783489,56.01457214350467,1.2,21.117493698101264,18.7610995896422,1.1184487455750753,0.0,0.0,122.62512399380223,175.65802392273184,115.48949,135.5227451641663,129.55452
Therapy B,East,114,126,12,248.98911666887813,epidemiology_change,0,0.72,163.8816429585508,49.16449288756524,0.9046755373782052,24.19000054525474,21.49076096771033,1.1193115894143106,0.0,0.0,252.0020908650166,282.3615833492012,198.61966,268.20975505713534,210.75928
Therapy B,North,114,126,12,314.3739173787004,epidemiology_change,0,0.68,244.8108493578352,73.44325480735056,1.194472541199767,29.06263688251349,25.819684508274243,1.1203215950922574,0.0,0.0,324.4722285827949,375.01814181792855,249.7835,347.51879568219255,261.3627
Therapy B,South,114,126,12,201.44558596551707,epidemiology_change,0,0.55,164.74874159854312,49.424622479562935,0.9914642225944056,17.75051396979316,15.76982406698042,1.1171831719699352,0.0,0.0,207.4847820881816,239.3964377087865,156.35413,222.02666334755804,159.24838
Therapy B,West,114,126,12,232.0408426944019,epidemiology_change,0,0.6,186.7152404783489,56.01457214350467,1.078252907810606,20.92518947446762,18.59025361981842,1.118386799286275,0.0,0.0,239.45280275257625,277.0430053528135,184.2487,256.429173866596,197.21219
Therapy C,East,114,126,12,1047.2778799714738,epidemiology_change,0,0.66,163.8816429585508,114.71715007098555,0.0,75.71331904685047,67.26485345313654,1.123520019780814,0.0,0.0,976.4369328737898,971.155035706122,871.9375,1019.2618013999128,960.1007
Therapy C,North,114,126,12,1627.039111851559,epidemiology_change,0,0.76,244.8108493578352,171.36759455048465,0.0,130.23937185836834,115.70662034325542,1.1243823829606197,0.0,0.0,1517.3924924458,1509.192711396343,1500.7557,1584.1993172458954,1505.4241
Therapy C,South,114,126,12,1070.7230176935343,epidemiology_change,0,0.7,164.74874159854312,115.32411911898018,0.0,80.72688338328612,71.71897955160459,1.1236471890628885,0.0,0.0,998.4164956029376,993.02947436759,938.0643,1042.233084862352,968.96106
Therapy C,West,114,126,12,1223.0072418124307,epidemiology_change,0,0.72,186.7152404783489,130.70066833484424,0.0,94.10448120108785,83.6038390201562,1.1239210837402935,0.0,0.0,1140.4759054461583,1134.317031641819,1148.846,1190.5865708741144,1191.2007
Therapy D,East,114,126,12,142.39403375175044,limited_supply,1,0.5,163.8816429585508,49.16449288756524,1.1246755373782051,14.905778513588977,13.242518224581538,1.1157034088781668,0.0,0.0,154.4245955113037,87.57658626544335,174.9469,149.6549713806421,167.35788
Therapy D,North,114,126,12,349.35159260945863,epidemiology_change,0,0.65,244.8108493578352,73.44325480735056,1.2244725411997668,27.279211511871846,24.235262537199578,1.119991918443445,0.0,0.0,267.65964540203146,154.8406896227202,310.4309,259.9891271538595,292.19156
Therapy D,South,114,126,12,234.65657822266817,epidemiology_change,0,0.55,164.74874159854312,49.424622479562935,0.9914642225944056,17.75051396979316,15.76982406698042,1.1171831719699352,0.0,0.0,179.5099792447919,103.69977206304829,194.76222,174.2500480361663,192.16505
Therapy D,West,114,126,12,269.9578810979475,epidemiology_change,0,0.6,186.7152404783489,56.01457214350467,1.078252907810606,20.92518947446762,18.59025361981842,1.118386799286275,0.0,0.0,206.7259716583233,119.66239895593556,214.96541,200.74659730664175,224.94
Therapy A,East,115,127,12,90.09203300666364,epidemiology_change,0,0.55,163.94977099030723,49.18493129709217,1.22,15.500631098278596,15.423513530625472,1.0046577940762054,0.0,0.0,94.27154957581944,132.27736307319554,104.543175,101.7972352337946,102.941315
Therapy A,North,115,127,12,155.56425944162842,epidemiology_change,0,0.74,244.912620862064,73.47378625861917,1.33,29.06108667887164,28.916504158081242,1.0048114524189389,0.0,0.0,163.9045489467788,232.9996765827448,126.23478,177.53241031260822,155.16243
Therapy A,South,115,127,12,101.28143284378804,epidemiology_change,0,0.6,164.81723009607606,49.44516902882282,1.1,18.24526737163562,18.154494897149874,1.0047062477680664,0.0,0.0,106.7913144412068,152.0344541962374,111.24715,115.71077448131838,126.56854
Therapy A,West,115,127,12,115.2574450817607,epidemiology_change,0,0.65,186.79286077555287,56.03785823266586,1.2,21.126272553715033,21.02116672011446,1.004744258009772,0.0,0.0,121.63891348267286,173.48883651686305,113.880745,131.8604735035301,131.43098
Therapy B,East,115,127,12,249.0704360919566,epidemiology_change,0,0.72,163.94977099030723,49.18493129709217,0.9046755373782052,24.200056687575405,24.079658395597423,1.0047752813087458,0.0,0.0,251.35395576977527,279.5237574915151,194.11008,261.8116308054621,213.41885
Therapy B,North,115,127,12,314.1752992546028,epidemiology_change,0,0.68,244.912620862064,73.47378625861917,1.194472541199767,29.074718652092514,28.930068310539827,1.0048115374892532,0.0,0.0,322.8843227850486,370.1679551317198,254.90797,338.57896123292056,269.35843
Therapy B,South,115,127,12,201.34159271659263,epidemiology_change,0,0.55,164.81723009607606,49.44516902882282,0.9914642225944056,17.757893121951973,17.669545394977092,1.0046986714640693,0.0,0.0,206.5171201047092,236.32620934469327,156.36665,216.4729186970397,158.67639
Therapy B,West,115,127,12,231.89817980301405,epidemiology_change,0,0.6,186.79286077555287,56.03785823266586,1.078252907810606,20.93388838636092,20.829739687921315,1.0047420289810538,0.0,0.0,238.283786187649,273.41994353254904,179.57764,249.92117245160833,203.18433
Therapy C,East,115,127,12,1051.2750786563288,epidemiology_change,0,0.66,163.94977099030723,114.76483969321504,0.0,75.74479419752193,75.36795442539497,1.004925938447711,0.0,0.0,984.2996109115338,971.6118918808304,985.0916,1002.5207551030633,1017.0462
Therapy C,North,115,127,12,1633.254460588812,epidemiology_change,0,0.76,244.912620862064,171.43883460344475,0.0,130.29351429861802,129.64528785932143,1.004956676414772,0.0,0.0,1529.513887102008,1509.9016226647402,1502.7485,1557.8559964710093,1512.4209
Therapy C,South,115,127,12,1074.8109972354762,epidemiology_change,0,0.7,164.81723009607606,115.37206106725324,0.0,80.76044274707726,80.35864949957939,1.0049304741014715,0.0,0.0,1006.4281472337882,993.4948892871524,1074.6859,1025.0676009646113,1025.6132
Therapy C,West,115,127,12,1227.677559553234,epidemiology_change,0,0.72,186.79286077555287,130.755002542887,0.0,94.14360183087865,93.67522570236682,1.0049402395556164,0.0,0.0,1149.613259621461,1134.8493385644474,1162.8706,1170.9081485015506,1216.7024
Therapy D,East,115,127,12,144.41228376126716,limited_supply,1,0.5,163.94977099030723,49.18493129709217,1.1246755373782051,14.911975066989319,14.837786136307782,1.0046452438237308,0.0,0.0,159.6767264281446,94.15113314008072,184.48523,150.64036213129373,176.40561
Therapy D,North,115,127,12,354.1798732847252,epidemiology_change,0,0.65,244.912620862064,73.47378625861917,1.2244725411997668,27.290551885049826,27.154777995074465,1.0047997099855612,0.0,0.0,276.3991781889464,166.109185940724,311.36597,261.17228696622885,305.1004
Therapy D,South,115,127,12,237.91638357837945,epidemiology_change,0,0.55,164.81723009607606,49.44516902882282,0.9914642225944056,17.757893121951973,17.669545394977092,1.0046986714640693,0.0,0.0,185.40931446609608,111.25617681388526,201.85172,175.17045212478104,194.7373
Therapy D,West,115,127,12,273.69625589302865,epidemiology_change,0,0.6,186.79286077555287,56.03785823266586,1.078252907810606,20.93388838636092,20.829739687921315,1.0047420289810538,0.0,0.0,213.4899758783887,128.3526427126971,245.88203,201.73456741586062,251.26688
Therapy A,East,118,130,12,89.70134582153754,epidemiology_change,0,0.55,164.15432506368157,49.24629751910447,1.22,15.519970663145775,15.442756878752016,1.0046577940762054,0.0,0.0,92.67204352205796,117.58579450412508,105.95479,100.46299085992206,111.16513
Therapy A,North,118,130,12,154.77024413711126,epidemiology_change,0,0.74,245.21818929266013,73.56545678779804,1.33,29.09734512327776,28.952582212216683,1.0048114524189389,0.0,0.0,160.72220884750274,206.41098224021752,126.13999,174.87164226881356,154.3316
Therapy A,South,118,130,12,100.75611961926784,epidemiology_change,0,0.6,165.02286646613487,49.50685993984046,1.1,18.268031317801128,18.17714558985187,1.0047062477680664,0.0,0.0,104.68930070410968,134.6307981782967,110.94568,113.95294572987652,120.07383
Therapy A,West,118,130,12,114.64803430785186,epidemiology_change,0,0.65,187.02591532828623,56.10777459848587,1.2,21.152631023629176,21.04739405336237,1.0047442580097719,0.0,0.0,119.20479080374206,153.55216354775246,113.324715,129.8243845969619,123.55187
Therapy B,East,118,130,12,249.48055570505497,epidemiology_change,0,0.72,164.15432506368157,49.24629751910447,0.9046755373782052,24.230250204415547,24.109701695935875,1.0047752813087458,0.0,0.0,249.93284842806577,271.1619350241993,194.84897,260.6620208255934,211.2518
Therapy B,North,118,130,12,313.92713435381074,epidemiology_change,0,0.68,245.21818929266013,73.56545678779804,1.194472541199767,29.110994104608093,28.966163288167262,1.0048115374892534,0.0,0.0,319.09328079084366,356.07151419543175,245.48035,335.43230444744216,264.72205
Therapy B,South,118,130,12,201.24419710372183,epidemiology_change,0,0.55,165.02286646613487,49.50685993984046,0.9914642225944056,17.78004898926853,17.691591034098042,1.0046986714640693,0.0,0.0,204.21960538680963,227.4101655976676,158.66931,214.56855545625058,153.99889
Therapy B,West,118,130,12,231.72687696667816,epidemiology_change,0,0.6,187.02591532828623,56.10777459848587,1.078252907810606,20.96000682565564,20.855728184731984,1.0047420289810538,0.0,0.0,235.4950120466522,262.90731500237354,179.89633,247.60672438862986,192.01884
Therapy C,East,118,130,12,1061.965261610521,epidemiology_change,0,0.66,164.15432506368157,114.9080275445771,0.0,75.83929817942088,75.46198823822976,1.0049259384477107,0.0,0.0,1005.4898718609472,972.9601534458444,1061.4641,1020.7602790670592,1010.8703
Therapy C,North,118,130,12,1649.891471246044,epidemiology_change,0,0.76,245.21818929266013,171.6527325048621,0.0,130.45607670369517,129.80704149621414,1.004956676414772,0.0,0.0,1562.2427278328817,1511.9941595297823,1469.3809,1586.0295230889674,1493.133
Therapy C,South,118,130,12,1085.7480970555712,epidemiology_change,0,0.7,165.02286646613487,115.5160065262944,0.0,80.86120456840608,80.45891001831451,1.0049304741014717,0.0,0.0,1028.0372130548003,994.8690902234424,1069.7756,1043.6682006021013,1006.08655
Therapy C,West,118,130,12,1240.17483121751,epidemiology_change,0,0.72,187.02591532828623,130.91814072980034,0.0,94.26106132545624,93.79210082134952,1.004940239555616,0.0,0.0,1174.2677247243191,1136.4207827474454,1158.5597,1192.1304936741576,1168.1324
Therapy D,East,118,130,12,149.85864176076782,limited_supply,1,0.5,164.15432506368157,49.24629751910447,1.1246755373782051,14.930580187469722,14.856298693999726,1.004645243823731,0.0,0.0,174.0592685834941,113.13432884547063,199.16754,162.89810827336987,200.02228
Therapy D,North,118,130,12,367.2298221906391,epidemiology_change,0,0.65,245.21818929266013,73.56545678779804,1.2244725411997668,27.32460129859278,27.188658008550032,1.0047997099855615,0.0,0.0,300.3433531430651,198.4300871226729,334.86957,281.58159225601065,322.94766
Therapy D,South,118,130,12,246.72738455593745,epidemiology_change,0,0.55,165.02286646613487,49.50685993984046,0.9914642225944056,17.78004898926853,17.691591034098042,1.0046986714640693,0.0,0.0,201.5721346353606,132.9446695086329,220.73459,188.9466529993186,214.17668
Therapy D,West,118,130,12,283.80157949941656,epidemiology_change,0,0.6,187.02591532828623,56.10777459848587,1.078252907810606,20.96000682565564,20.855728184731984,1.0047420289810538,0.0,0.0,232.02163374898367,153.2796408698611,259.4593,217.53013730374215,264.29843
Therapy A,East,121,133,12,89.45001106407375,epidemiology_change,0,0.55,164.35913435161757,49.30774030548527,1.22,15.539334357273683,15.462024236093217,1.0046577940762054,0.0,0.0,91.5047066774768,106.79512025205725,100.10846,97.7838570319565,94.44461
Therapy A,North,121,133,12,154.25028677103165,epidemiology_change,0,0.74,245.5241389697003,73.65724169091008,1.33,29.133648806005663,28.988705279607625,1.004811452418939,0.0,0.0,158.39600845411098,186.8208618159898,138.16508,169.7790955952442,156.76028
Therapy A,South,121,133,12,100.41159401512392,epidemiology_change,0,0.6,165.228759401097,49.5686278203291,1.1,18.290823665701435,18.199824542986512,1.0047062477680662,0.0,0.0,103.15273525305868,121.80522144670432,106.776474,110.6012727947471,109.26216
Therapy A,West,121,133,12,114.24764038519704,epidemiology_change,0,0.65,187.2592606545766,56.17777819637298,1.2,21.179022380032617,21.073654109485194,1.004744258009772,0.0,0.0,117.42544102284036,138.85639726428832,111.066864,125.95876384619453,114.21489
Therapy B,East,121,133,12,250.0742149938745,epidemiology_change,0,0.72,164.35913435161757,49.30774030548527,0.9046755373782052,24.26048139259138,24.139782480190433,1.0047752813087458,0.0,0.0,249.1753582268255,263.2073377801251,190.03326,257.9476447714138,201.87183
Therapy B,North,121,133,12,314.0840206760808,epidemiology_change,0,0.68,245.5241389697003,73.65724169091008,1.194472541199767,29.14731481666584,29.00230330016502,1.0048115374892534,0.0,0.0,316.54696195751774,342.87449832633354,250.59114,329.7315255666015,267.3896
Therapy B,South,121,133,12,201.3956965398924,epidemiology_change,0,0.55,165.228759401097,49.5686278203291,0.9914642225944056,17.802232499642358,17.713664178748623,1.004698671464069,0.0,0.0,202.6968062422411,219.0777401433572,159.65764,211.03719975066483,157.32828
Therapy B,West,121,133,12,231.85436131663528,epidemiology_change,0,0.6,187.2592606545766,56.17777819637298,1.078252907810606,20.986157851962314,20.881749106430167,1.0047420289810538,0.0,0.0,233.6258583385745,253.09564152172652,189.09325,243.38087189664333,196.81392
Therapy C,East,121,133,12,1070.9542753643966,epidemiology_change,0,0.66,164.35913435161757,115.05139404613227,0.0,75.9339200704473,75.55613937357941,1.004925938447711,0.0,0.0,1023.4289486516408,974.280829657933,1069.9493,1035.625759194163,1027.3431
Therapy C,North,121,133,12,1663.897073380287,epidemiology_change,0,0.76,245.5241389697003,171.8668972787902,0.0,130.61884193188055,129.96899694714483,1.0049566764147722,0.0,0.0,1590.0182749523242,1514.044410889667,1504.8271,1609.0396009732046,1495.1306
Therapy C,South,121,133,12,1094.9493044973062,epidemiology_change,0,0.7,165.228759401097,115.66013158076788,0.0,80.96209210653751,80.55929562839555,1.0049304741014715,0.0,0.0,1046.350161131619,996.2160382550306,1077.5844,1058.840363481592,1039.0587
Therapy C,West,121,133,12,1250.6909793799773,epidemiology_change,0,0.72,187.2592606545766,131.0814824582036,0.0,94.37866736990658,93.90912176110109,1.0049402395556162,0.0,0.0,1195.171743474609,1137.9607269109438,1199.2485,1209.4491026232033,1203.0117
Therapy D,East,121,133,12,220.70491596297825,epidemiology_change,0,0.5,164.35913435161757,49.30774030548527,1.1246755373782051,14.949208520871723,14.874834349126093,1.004645243823731,0.0,0.0,186.49583641830287,130.32561554234314,203.30421,177.6198315741775,196.01613
Therapy D,North,121,133,12,378.36330289009305,epidemiology_change,0,0.65,245.5241389697003,73.65724169091008,1.2244725411997668,27.358693194331302,27.22258029286697,1.0047997099855615,0.0,0.0,321.07356665814274,227.3983534670528,336.36908,306.34124293351533,333.91797
Therapy D,South,121,133,12,254.244830713348,epidemiology_change,0,0.55,165.228759401097,49.5686278203291,0.9914642225944056,17.802232499642358,17.713664178748623,1.004698671464069,0.0,0.0,215.56601633963515,152.41085005619402,250.32867,205.63113669085567,244.01979
Therapy D,West,121,133,12,292.4244536551538,epidemiology_change,0,0.6,187.2592606545766,56.17777819637298,1.078252907810606,20.986157851962314,20.881749106430167,1.0047420289810538,0.0,0.0,248.0668627991442,175.63310300156297,260.30484,236.67985210818833,272.04193
Therapy A,East,123,135,12,89.34092735391295,epidemiology_change,0,0.55,164.49581582000468,49.3487447460014,1.22,15.552256906702342,15.474882494231194,1.004657794076205,0.0,0.0,90.91758230962505,101.27315899615336,104.73514,96.16309953764522,101.5838
Therapy A,North,123,135,12,154.01854852911475,epidemiology_change,0,0.74,245.72831745951328,73.71849523785399,1.33,29.157876421428387,29.01281235963023,1.0048114524189393,0.0,0.0,157.222853344152,176.773982325714,136.51549,166.7322854235819,152.33327
Therapy A,South,123,135,12,100.25769616823357,epidemiology_change,0,0.6,165.3661640518566,49.60984921555698,1.1,18.306034360540522,18.21495956272689,1.0047062477680664,0.0,0.0,102.37767618374858,115.22656005591824,107.02566,108.59945069435194,113.48144
Therapy A,West,123,135,12,114.06831533191948,epidemiology_change,0,0.65,187.4149859254375,56.22449577763125,1.2,21.196634908166985,21.091179013101474,1.0047442580097723,0.0,0.0,116.52775468533144,131.317220119445,111.54116,123.65517330617686,120.25328
Therapy B,East,123,135,12,250.53762097921324,epidemiology_change,0,0.72,164.49581582000468,49.3487447460014,0.9046755373782052,24.280656469769777,24.159857183850534,1.0047752813087458,0.0,0.0,248.9645613846974,258.37748168157,196.66693,256.3760214985897,206.22974
Therapy B,North,123,135,12,314.3519672805145,epidemiology_change,0,0.68,245.72831745951328,73.71849523785399,1.194472541199767,29.17155379677731,29.026421688335628,1.004811537489254,0.0,0.0,315.4108433595658,334.9238574345916,254.85796,326.5643781574496,266.79517
Therapy B,South,123,135,12,201.59636785826365,epidemiology_change,0,0.55,165.3661640518566,49.60984921555698,0.9914642225944056,17.817036880842224,17.728394906310672,1.0046986714640693,0.0,0.0,202.0306903888629,214.064890102772,161.4589,209.0793090489302,159.919
Therapy B,West,123,135,12,232.05968235580764,epidemiology_change,0,0.6,187.4149859254375,56.22449577763125,1.078252907810606,21.00360999347138,20.89911442136456,1.0047420289810538,0.0,0.0,232.79464114156548,247.19593375426297,192.97102,241.04089762704274,199.91774
Therapy C,East,123,135,12,1076.145204785159,epidemiology_change,0,0.66,164.49581582000468,115.14707107400326,0.0,75.99706690884216,75.61897204859919,1.0049259384477107,0.0,0.0,1033.798843367699,975.1490818716348,1095.0352,1043.4488023106705,1019.20483
Therapy C,North,123,135,12,1671.991409401011,epidemiology_change,0,0.76,245.72831745951328,172.00982222165928,0.0,130.72746488846104,130.07707949100603,1.004956676414772,0.0,0.0,1606.102309946598,1515.3925483296089,1511.6835,1621.1628368042977,1501.4569
Therapy C,South,123,135,12,1100.2646037999705,epidemiology_change,0,0.7,165.3661640518566,115.7563148362996,0.0,81.02942038540971,80.6262889407062,1.0049304741014715,0.0,0.0,1056.94412267305,997.1019567986236,1098.8633,1066.8289602130003,1020.3545
Therapy C,West,123,135,12,1256.766843269938,epidemiology_change,0,0.72,187.4149859254375,131.19049014780623,0.0,94.45715290642048,93.98721682230894,1.0049402395556162,0.0,0.0,1207.268815422579,1138.9734300637654,1217.1257,1218.5698607751242,1211.593
Therapy D,East,123,135,12,224.55925407100503,epidemiology_change,0,0.5,164.49581582000468,49.3487447460014,1.1246755373782051,14.961640320174626,14.887204298681226,1.0046452438237305,0.0,0.0,193.79785034524667,140.6550871155444,225.29732,185.94037485509594,213.4567
Therapy D,North,123,135,12,384.8586771706415,epidemiology_change,0,0.65,245.72831745951328,73.71849523785399,1.2244725411997668,27.381444752215252,27.245218658920646,1.0047997099855617,0.0,0.0,333.262530242401,244.6966720204482,366.3725,320.26168118774325,344.67828
Therapy D,South,123,135,12,258.63073012088,epidemiology_change,0,0.55,165.3661640518566,49.60984921555698,0.9914642225944056,17.817036880842224,17.728394906310672,1.0046986714640693,0.0,0.0,223.7945587073233,164.0475594396964,259.9083,215.01991323980525,249.07216
Therapy D,West,123,135,12,297.4558904838154,epidemiology_change,0,0.6,187.4149859254375,56.22449577763125,1.078252907810606,21.00360999347138,20.89911442136456,1.0047420289810538,0.0,0.0,257.502091121925,188.9881450534776,293.27634,247.44889519905456,282.26703
Therapy A,East,124,136,12,89.30051631738883,epidemiology_change,0,0.55,164.56419917253692,49.36925975176107,1.22,15.5587222107675,15.481315632604483,1.0046577940762051,0.0,0.0,90.67170815156275,98.9232161361674,103.34161,95.42031123455868,102.158554
Therapy A,North,124,136,12,153.93043176371302,epidemiology_change,0,0.74,245.8304703688515,73.74914111065544,1.33,29.169997783497546,29.02487341641547,1.004811452418939,0.0,0.0,156.73037597029125,172.49350841705774,137.13669,165.33955672519917,150.54492
Therapy A,South,124,136,12,100.19905061831123,epidemiology_change,0,0.6,165.43490922106884,49.63047276632065,1.1,18.31364445077232,18.222531791813257,1.0047062477680664,0.0,0.0,102.05225554451428,112.42349560518966,109.01323,107.68469036171491,113.39926
Therapy A,West,124,136,12,113.99980811933398,epidemiology_change,0,0.65,187.49289711721133,56.2478691351634,1.2,21.205446663956604,21.099946929310065,1.0047442580097716,0.0,0.0,116.15076986566406,128.1046187631234,112.9544,122.60294205128574,120.43387
Therapy B,East,124,136,12,250.7833828192024,epidemiology_change,0,0.72,164.56419917253692,49.36925975176107,0.9046755373782052,24.29075029910403,24.169900795128395,1.0047752813087458,0.0,0.0,248.93195537394365,256.13269362917777,198.47485,255.70104481463838,212.66248
Therapy B,North,124,136,12,314.5235621262315,epidemiology_change,0,0.68,245.8304703688515,73.74914111065544,1.194472541199767,29.18368084473444,29.038488402720837,1.0048115374892537,0.0,0.0,314.98431518614086,331.2395043641224,262.78348,325.18091082062597,264.4913
Therapy B,South,124,136,12,201.71948847830612,epidemiology_change,0,0.55,165.43490922106884,49.63047276632065,0.9914642225944056,17.824443687562674,17.735764863246448,1.004698671464069,0.0,0.0,201.78551151739669,211.7439505296146,168.5925,208.22589313752934,166.09001
Therapy B,West,124,136,12,232.1900140096984,epidemiology_change,0,0.6,187.49289711721133,56.2478691351634,1.078252907810606,21.01234150593856,20.907802493471213,1.0047420289810536,0.0,0.0,232.4836159773116,244.46474406059792,199.32634,240.01949787261742,206.41795
Therapy C,East,124,136,12,1078.5289134371544,epidemiology_change,0,0.66,164.56419917253692,115.19493942077584,0.0,76.02866001771206,75.65040797782295,1.004925938447711,0.0,0.0,1038.5538322897323,975.5801356918856,1090.1256,1047.0616929509788,1039.8665
Therapy C,North,124,136,12,1675.7098934442763,epidemiology_change,0,0.76,245.8304703688515,172.08132925819604,0.0,130.78181023622898,130.13115446390947,1.004956676414772,0.0,0.0,1613.4842617476193,1516.061908765154,1508.2258,1626.7672372447394,1528.6616
Therapy C,South,124,136,12,1102.7058540371945,epidemiology_change,0,0.7,165.43490922106884,115.80443645474816,0.0,81.06310551832371,80.65980648589426,1.0049304741014715,0.0,0.0,1061.8037851554925,997.541883179174,1090.0194,1070.5198975457072,1044.7871
Therapy C,West,124,136,12,1259.5576352482517,epidemiology_change,0,0.72,187.49289711721133,131.24502798204793,0.0,94.4964201470745,94.02628870355676,1.004940239555616,0.0,0.0,1212.8190007133908,1139.4762750704638,1230.6786,1222.7847086576658,1226.7036
Therapy D,East,124,136,12,226.335757650053,epidemiology_change,0,0.5,164.56419917253692,49.36925975176107,1.1246755373782051,14.967860096157223,14.893393130504702,1.0046452438237308,0.0,0.0,197.1749635259515,145.4726686265165,235.16539,189.80901085229803,216.56856
Therapy D,North,124,136,12,387.8564795103084,epidemiology_change,0,0.65,245.8304703688515,73.74914111065544,1.2244725411997668,27.392827625268872,27.25654490076505,1.0047997099855615,0.0,0.0,338.9054214455876,252.74192902282,395.9582,326.7337853119209,370.0722
Therapy D,South,124,136,12,260.6549813613519,epidemiology_change,0,0.55,165.43490922106884,49.63047276632065,0.9914642225944056,17.824443687562674,17.735764863246448,1.004698671464069,0.0,0.0,227.60409587767668,169.4629473807546,269.5729,219.38570890801535,256.15875
Therapy D,West,124,136,12,299.77825352984263,epidemiology_change,0,0.6,187.49289711721133,56.2478691351634,1.078252907810606,21.01234150593856,20.907802493471213,1.0047420289810536,0.0,0.0,261.87046204388395,195.201418919716,295.65894,252.45624175187166,287.00195
Therapy A,East,125,137,12,89.2682579476728,epidemiology_change,0,0.55,164.6326109530439,49.38978328591316,1.22,15.565190202555533,15.48775144532889,1.0046577940762051,0.0,0.0,90.45384194173572,96.81303400570042,100.92085,94.71934756653533,101.389694
Therapy A,North,125,137,12,153.85832148567263,epidemiology_change,0,0.74,245.9326657446705,73.77979972340114,1.33,29.18212418459685,29.036939487161053,1.0048114524189389,0.0,0.0,156.2931202074777,168.6471062705968,135.29922,164.02764883122927,147.71777
Therapy A,South,125,137,12,100.15096122962365,epidemiology_change,0,0.6,165.5036829686684,49.65110489060052,1.1,18.32125770463159,18.230107168787658,1.0047062477680664,0.0,0.0,101.76327792243252,109.90455949510796,105.23694,106.82320173332934,111.3782
Therapy A,West,125,137,12,113.94350109522377,epidemiology_change,0,0.65,187.57084069782425,56.27125220934728,1.2,21.21426208292393,21.108718490471563,1.0047442580097725,0.0,0.0,115.8159412522188,125.21750623776616,109.90785,121.61225877165919,120.62545
Therapy B,East,125,137,12,251.0362029752588,epidemiology_change,0,0.72,164.6326109530439,49.38978328591316,0.9046755373782052,24.300848324592973,24.179948581684556,1.0047752813087458,0.0,0.0,248.94159556617808,254.0070372225998,201.04208,255.09498986573217,213.14676
Therapy B,North,125,137,12,314.715940025017,epidemiology_change,0,0.68,245.9326657446705,73.77979972340114,1.194472541199767,29.195812934085424,29.05056013341834,1.0048115374892534,0.0,0.0,314.6412103914133,327.7553760823472,265.34784,323.9217017621563,269.12302
Therapy B,South,125,137,12,201.85511628675425,epidemiology_change,0,0.55,165.5036829686684,49.65110489060052,0.9914642225944056,17.83185357340263,17.74313788398272,1.0046986714640693,0.0,0.0,201.592067379121,209.55045925721947,171.70166,207.45041614104676,167.4614
Therapy B,West,125,137,12,232.3356119735357,epidemiology_change,0,0.6,187.57084069782425,56.27125220934728,1.078252907810606,21.021076648225105,20.916494177338407,1.0047420289810542,0.0,0.0,232.23422732500825,241.8835934768318,198.37244,239.09036514640184,205.05107
Therapy C,East,125,137,12,1080.7830901544576,epidemiology_change,0,0.66,164.6326109530439,115.2428276671307,0.0,76.06026626030626,75.68185697542914,1.0049259384477107,0.0,0.0,1043.0420701259486,976.0093680644424,1091.3604,1050.488231892799,1044.497
Therapy C,North,125,137,12,1679.227152403419,epidemiology_change,0,0.76,245.9326657446705,172.15286602126932,0.0,130.83617817616468,130.18525191658182,1.0049566764147717,0.0,0.0,1620.4560036364765,1516.7284781252297,1505.0677,1632.0857563047432,1522.8127
Therapy C,South,125,137,12,1105.0146844579417,epidemiology_change,0,0.7,165.5036829686684,115.85257807806788,0.0,81.09680465464751,80.69333796482341,1.0049304741014715,0.0,0.0,1066.3919329715636,997.980012017375,1101.097,1074.0213696112771,1043.3157
Therapy C,West,125,137,12,1262.1971714898068,epidemiology_change,0,0.72,187.57084069782425,131.29958848847696,0.0,94.5357037117034,94.06537682756557,1.0049402395556164,0.0,0.0,1218.0596739742862,1139.977041559784,1235.7257,1226.783668982465,1240.3169
Therapy D,East,125,137,12,228.01889812274536,epidemiology_change,0,0.5,164.6326109530439,49.38978328591316,1.1246755373782051,14.974082457793022,14.899584535117436,1.004645243823731,0.0,0.0,140.26586200298772,150.0611649805596,153.43672,141.81290274468282,154.56354
Therapy D,North,125,137,12,390.6992650716159,epidemiology_change,0,0.65,245.9326657446705,73.77979972340114,1.2244725411997668,27.40421523035179,27.26787585109632,1.0047997099855612,0.0,0.0,344.2642402410255,260.39307911693885,387.13818,332.89154146454916,372.17578
Therapy D,South,125,137,12,262.57457412021085,epidemiology_change,0,0.55,165.5036829686684,49.65110489060052,0.9914642225944056,17.83185357340263,17.74313788398272,1.0046986714640693,0.0,0.0,231.2219352065632,174.61503624999486,272.19025,223.5398834819694,254.25171
Therapy D,West,125,137,12,301.9806558046153,epidemiology_change,0,0.6,187.57084069782425,56.27125220934728,1.078252907810606,21.021076648225105,20.916494177338407,1.0047420289810542,0.0,0.0,266.0191433473083,201.1116136724371,296.09552,257.22071674473654,286.84845
Therapy A,East,127,139,12,89.22493774015798,epidemiology_change,0,0.55,164.76951984525877,49.43085595357763,1.22,15.578134253769989,15.500631098278596,1.0046577940762054,0.0,0.0,90.09203300666364,94.27154957581944,100.739975,93.43353466484888,94.58507
Therapy A,North,127,139,12,153.75570545520586,epidemiology_change,0,0.74,246.1371839663743,73.84115518991229,1.33,29.206392112266002,29.06108667887164,1.0048114524189393,0.0,0.0,155.56425944162842,163.9045489467788,138.6283,161.62805261011783,151.49976
Therapy A,South,127,139,12,100.08221915591388,epidemiology_change,0,0.6,165.6413162465564,49.692394873966926,1.1,18.336493708493794,18.24526737163562,1.0047062477680664,0.0,0.0,101.28143284378804,106.7913144412068,106.91625,105.24798597131623,108.29632
Therapy A,West,127,139,12,113.86259499982268,epidemiology_change,0,0.65,187.72682507943065,56.31804752382919,1.2,21.23190391648361,21.126272553715033,1.0047442580097723,0.0,0.0,115.2574450817607,121.63891348267286,111.6674,119.80156281728436,117.56413
Therapy B,East,127,139,12,251.55710484425973,epidemiology_change,0,0.72,164.76951984525877,49.43085595357763,0.9046755373782052,24.32105697101328,24.200056687575405,1.004775281308746,0.0,0.0,249.0704360919566,251.35395576977527,207.05142,254.0744036683246,226.32368
Therapy B,North,127,139,12,315.1518839427736,epidemiology_change,0,0.68,246.1371839663743,73.84115518991229,1.194472541199767,29.220092245352983,29.074718652092514,1.004811537489254,0.0,0.0,314.1752992546028,322.8843227850486,270.15244,321.7484044665895,281.9545
Therapy B,South,127,139,12,202.156936661782,epidemiology_change,0,0.55,165.6413162465564,49.692394873966926,0.9914642225944056,17.846682587561734,17.757893121951973,1.0046986714640695,0.0,0.0,201.34159271659263,206.5171201047092,173.22034,206.11587663791934,171.2337
Therapy B,West,127,139,12,232.6643480152062,epidemiology_change,0,0.6,187.72682507943065,56.31804752382919,1.078252907810606,21.038557828292724,20.93388838636092,1.0047420289810538,0.0,0.0,231.89817980301405,238.283786187649,207.91791,237.4883469135624,210.96982
Therapy C,East,127,139,12,1084.9349803590262,epidemiology_change,0,0.66,164.76951984525877,115.33866389168114,0.0,76.12351816850955,75.74479419752193,1.0049259384477114,0.0,0.0,1051.2750786563288,984.2996109115338,1100.8964,1056.8191965040685,1055.6378
Therapy C,North,127,139,12,1685.7074917239947,epidemiology_change,0,0.76,246.1371839663743,172.296028776462,0.0,130.94498187011112,130.29351429861802,1.0049566764147722,0.0,0.0,1633.254460588812,1529.513887102008,1538.4478,1641.9204226026939,1562.3967
Therapy C,South,127,139,12,1109.2678157795008,epidemiology_change,0,0.7,165.6413162465564,115.94892137258948,0.0,81.16424496081264,80.76044274707726,1.0049304741014715,0.0,0.0,1074.8109972354762,1006.4281472337882,1111.6821,1080.4930783274708,1063.9703
Therapy C,West,127,139,12,1267.0597995733772,epidemiology_change,0,0.72,187.72682507943065,131.40877755560146,0.0,94.61431984003305,94.14360183087865,1.0049402395556164,0.0,0.0,1227.677559553234,1149.613259621461,1249.2207,1234.1760610721735,1239.0237
Therapy D,East,127,139,12,231.12485768244937,epidemiology_change,0,0.5,164.76951984525877,49.43085595357763,1.1246755373782051,14.986534942324264,14.911975066989319,1.004645243823731,0.0,0.0,144.41228376126716,159.6767264281446,164.51033,146.0750874933769,160.30058
Therapy D,North,127,139,12,395.9521185316641,epidemiology_change,0,0.65,246.1371839663743,73.84115518991229,1.2244725411997668,27.427004644475083,27.290551885049826,1.004799709985562,0.0,0.0,354.1798732847252,276.3991781889464,405.81244,344.3018016844825,395.68683
Therapy D,South,127,139,12,266.12159773852625,epidemiology_change,0,0.55,165.6413162465564,49.692394873966926,0.9914642225944056,17.846682587561734,17.757893121951973,1.0046986714640695,0.0,0.0,237.91638357837945,185.40931446609608,270.19666,231.23877475616925,257.8353
Therapy D,West,127,139,12,306.0505645362454,epidemiology_change,0,0.6,187.72682507943065,56.31804752382919,1.078252907810606,21.038557828292724,20.93388838636092,1.0047420289810538,0.0,0.0,273.69625589302865,213.4899758783887,298.39166,266.0503124210216,287.67123
Therapy A,East,130,142,12,89.2027244051753,epidemiology_change,0,0.55,164.975096689,49.4925290067,1.22,15.597570516461506,15.519970663145775,1.0046577940762056,0.0,0.0,89.70134582153754,92.67204352205796,98.795364,91.85768260352232,94.33017
Therapy A,North,130,142,12,153.68569276793303,epidemiology_change,0,0.74,246.44428023912343,73.93328407173702,1.33,29.24283184889414,29.09734512327776,1.004811452418939,0.0,0.0,154.77024413711126,160.72220884750274,133.29204,158.69306605578723,143.01971
Therapy A,South,130,142,12,100.03443944177135,epidemiology_change,0,0.6,165.84798079846558,49.75439423953967,1.1,18.359371474390137,18.268031317801128,1.0047062477680668,0.0,0.0,100.75611961926784,104.68930070410968,107.44106,103.32181357506461,108.2489
Therapy A,West,130,142,12,113.80517862048916,epidemiology_change,0,0.65,187.9610449049277,56.3883134714783,1.2,21.25839417874732,21.152631023629176,1.004744258009772,0.0,0.0,114.64803430785186,119.20479080374206,112.631226,117.58817902357583,116.13517
Therapy B,East,130,142,12,252.3583569952616,epidemiology_change,0,0.72,164.975096689,49.4925290067,0.9046755373782052,24.35140145543763,24.230250204415547,1.0047752813087463,0.0,0.0,249.48055570505497,249.93284842806577,225.51314,252.96577956400662,233.64262
Therapy B,North,130,142,12,315.89856041965106,epidemiology_change,0,0.68,246.44428023912343,73.93328407173702,1.194472541199767,29.256549075131126,29.110994104608093,1.0048115374892534,0.0,0.0,313.92713435381074,319.09328079084366,283.78088,319.24990995168366,287.9548
Therapy B,South,130,142,12,202.6641746785681,epidemiology_change,0,0.55,165.84798079846558,49.75439423953967,0.9914642225944056,17.868949234214874,17.78004898926853,1.0046986714640695,0.0,0.0,201.24419710372183,204.21960538680963,186.31683,204.59124704944972,176.71185
Therapy B,West,130,142,12,233.2252573268776,epidemiology_change,0,0.6,187.9610449049277,56.3883134714783,1.078252907810606,21.064806859783918,20.96000682565564,1.0047420289810538,0.0,0.0,231.72687696667816,235.4950120466522,223.08575,235.65053372433562,215.6442
Therapy C,East,130,142,12,1090.3807741490614,epidemiology_change,0,0.66,164.975096689,115.4825676823,0.0,76.21849467031801,75.83929817942088,1.0049259384477114,0.0,0.0,1061.965261610521,1005.4898718609472,1094.6207,1065.1420111562988,1065.3331
Therapy C,North,130,142,12,1694.2109291175475,epidemiology_change,0,0.76,246.44428023912343,172.5109961673864,0.0,131.10835708721365,130.45607670369517,1.0049566764147722,0.0,0.0,1649.891471246044,1562.2427278328817,1564.5139,1654.8646640404882,1601.3601
Therapy C,South,130,142,12,1114.8474169521676,epidemiology_change,0,0.7,165.84798079846558,116.0935865589259,0.0,81.26551059124813,80.86120456840608,1.004930474101472,0.0,0.0,1085.7480970555712,1028.0372130548003,1111.1724,1089.0053231356242,1082.2024
Therapy C,West,130,142,12,1273.4395108121887,epidemiology_change,0,0.72,187.9610449049277,131.57273143344935,0.0,94.73236663208353,94.26106132545624,1.0049402395556164,0.0,0.0,1240.17483121751,1174.2677247243191,1261.7401,1243.9015487140455,1263.2705
Therapy D,East,130,142,12,235.200988311192,epidemiology_change,0,0.5,164.975096689,49.4925290067,1.1246755373782051,15.005233088407074,14.930580187469722,1.0046452438237312,0.0,0.0,149.85864176076782,174.0592685834941,204.91042,151.48459788612396,189.14574
Therapy D,North,130,142,12,402.8609295669854,epidemiology_change,0,0.65,246.44428023912343,73.93328407173702,1.2244725411997668,27.461224305085736,27.32460129859278,1.0047997099855612,0.0,0.0,367.2298221906391,300.3433531430651,408.33466,359.31042868915415,394.6239
Therapy D,South,130,142,12,270.78684302588545,epidemiology_change,0,0.55,165.84798079846558,49.75439423953967,0.9914642225944056,17.868949234214874,17.78004898926853,1.0046986714640695,0.0,0.0,246.72738455593745,201.5721346353606,269.80215,241.36853066127182,260.35257
Therapy D,West,130,142,12,311.4042299456148,epidemiology_change,0,0.6,187.9610449049277,56.3883134714783,1.078252907810606,21.064806859783918,20.96000682565564,1.0047420289810538,0.0,0.0,283.80157949941656,232.02163374898367,307.64404,277.66721655657943,290.04202
